beta_und,beta_det,detection_time,death_rate,objective
0.4026872071831979,0.040268720718319787,2,0.044842921960421125,0.0021999999999999997
