beta_und,detection_time,death_rate,objective,peak_infected,death_fraction,satisfies_constraint
0.5003179319212556,2,0.04341182201413672,0.0004444444444444444,0.004222222222222222,0.0004444444444444444,true
