time,event,customer_id,queue_length,busy_servers,system_size
0.14518451436852475,arrival,1,0,1,1
0.14518451436852475,service_start,1,0,1,1
0.953382066227811,departure,1,0,0,0
1.1000661868600816,arrival,2,0,1,1
1.1000661868600816,service_start,2,0,1,1
1.1668865652358247,arrival,3,0,2,2
1.1668865652358247,service_start,3,0,2,2
1.2354529452088474,departure,2,0,1,1
2.260933551976625,departure,3,0,0,0
3.2459128344266497,arrival,4,0,1,1
3.2459128344266497,service_start,4,0,1,1
4.662535470124265,departure,4,0,0,0
5.090964448049499,arrival,5,0,1,1
5.090964448049499,service_start,5,0,1,1
6.233076117915141,arrival,6,0,2,2
6.233076117915141,service_start,6,0,2,2
6.565156906612177,departure,5,0,1,1
7.00042418448044,arrival,7,0,2,2
7.00042418448044,service_start,7,0,2,2
9.074576189206887,arrival,8,1,2,3
11.53961579300244,departure,6,1,1,2
11.53961579300244,service_start,8,0,2,2
12.07251491874033,arrival,9,1,2,3
12.589468762893906,arrival,10,2,2,4
13.088900542984039,departure,7,2,1,3
13.088900542984039,service_start,9,1,2,3
14.084051791984876,arrival,11,2,2,4
14.67747086403558,departure,9,2,1,3
14.67747086403558,service_start,10,1,2,3
15.965902484445337,departure,10,1,1,2
15.965902484445337,service_start,11,0,2,2
16.71739540360808,arrival,12,1,2,3
17.598808397432826,departure,11,1,1,2
17.598808397432826,service_start,12,0,2,2
17.764608590828,arrival,13,1,2,3
19.207656980560817,departure,12,1,1,2
19.207656980560817,service_start,13,0,2,2
19.307252509987514,departure,8,0,1,1
19.34885807784739,arrival,14,0,2,2
19.34885807784739,service_start,14,0,2,2
20.066189386408723,departure,13,0,1,1
20.104195165880917,departure,14,0,0,0
21.846809836465457,arrival,15,0,1,1
21.846809836465457,service_start,15,0,1,1
22.40076522527965,departure,15,0,0,0
22.46027498777888,arrival,16,0,1,1
22.46027498777888,service_start,16,0,1,1
23.006576846012432,arrival,17,0,2,2
23.006576846012432,service_start,17,0,2,2
23.58973028284597,departure,16,0,1,1
23.958308829178918,arrival,18,0,2,2
23.958308829178918,service_start,18,0,2,2
24.15412890667174,departure,17,0,1,1
24.751230404420415,arrival,19,0,2,2
24.751230404420415,service_start,19,0,2,2
25.2583448452439,arrival,20,1,2,3
27.813500310783358,departure,18,1,1,2
27.813500310783358,service_start,20,0,2,2
27.862054218245664,arrival,21,1,2,3
28.266776353198757,arrival,22,2,2,4
29.597506792167422,departure,20,2,1,3
29.597506792167422,service_start,21,1,2,3
29.637207834900448,departure,19,1,1,2
29.637207834900448,service_start,22,0,2,2
29.944329728919207,arrival,23,1,2,3
31.904830245787654,arrival,24,2,2,4
32.14786364815122,departure,22,2,1,3
32.14786364815122,service_start,23,1,2,3
32.48492197034061,departure,21,1,1,2
32.48492197034061,service_start,24,0,2,2
33.5002078437942,arrival,25,1,2,3
34.06828620823623,departure,24,1,1,2
34.06828620823623,service_start,25,0,2,2
35.341783905664116,arrival,26,1,2,3
35.64677270657071,arrival,27,2,2,4
35.76659914400032,departure,23,2,1,3
35.76659914400032,service_start,26,1,2,3
38.74220131025656,departure,26,1,1,2
38.74220131025656,service_start,27,0,2,2
41.27389371407564,departure,27,0,1,1
43.24037918332416,arrival,28,0,2,2
43.24037918332416,service_start,28,0,2,2
43.422559653604495,departure,28,0,1,1
44.13662465966471,arrival,29,0,2,2
44.13662465966471,service_start,29,0,2,2
44.51576453542256,arrival,30,1,2,3
46.93893238590455,departure,25,1,1,2
46.93893238590455,service_start,30,0,2,2
47.32023809770424,departure,30,0,1,1
47.53028135464897,arrival,31,0,2,2
47.53028135464897,service_start,31,0,2,2
48.01450268934312,departure,31,0,1,1
48.32900949875172,arrival,32,0,2,2
48.32900949875172,service_start,32,0,2,2
48.6531068449221,arrival,33,1,2,3
49.042173131133424,arrival,34,2,2,4
49.19501638535387,departure,32,2,1,3
49.19501638535387,service_start,33,1,2,3
50.10831477609577,departure,29,1,1,2
50.10831477609577,service_start,34,0,2,2
50.23858764406882,arrival,35,1,2,3
50.71357534371217,departure,34,1,1,2
50.71357534371217,service_start,35,0,2,2
50.796701077419364,departure,35,0,1,1
51.25217434960348,arrival,36,0,2,2
51.25217434960348,service_start,36,0,2,2
52.11135442046897,arrival,37,1,2,3
52.469979767676676,arrival,38,2,2,4
52.676698584223,departure,33,2,1,3
52.676698584223,service_start,37,1,2,3
53.0313148899089,departure,37,1,1,2
53.0313148899089,service_start,38,0,2,2
53.770975556707654,departure,38,0,1,1
54.93018003146598,arrival,39,0,2,2
54.93018003146598,service_start,39,0,2,2
54.931480194671096,arrival,40,1,2,3
54.95487285257846,departure,39,1,1,2
54.95487285257846,service_start,40,0,2,2
55.34111370302839,departure,36,0,1,1
55.81623456341551,arrival,41,0,2,2
55.81623456341551,service_start,41,0,2,2
55.91557984243843,departure,41,0,1,1
57.02659366715851,arrival,42,0,2,2
57.02659366715851,service_start,42,0,2,2
57.08167379292564,departure,40,0,1,1
57.1448864264991,arrival,43,0,2,2
57.1448864264991,service_start,43,0,2,2
58.01970583388794,departure,42,0,1,1
59.11143872924298,arrival,44,0,2,2
59.11143872924298,service_start,44,0,2,2
59.1543351831471,departure,44,0,1,1
59.78139344373495,arrival,45,0,2,2
59.78139344373495,service_start,45,0,2,2
60.259573192602375,arrival,46,1,2,3
61.02928436344711,departure,45,1,1,2
61.02928436344711,service_start,46,0,2,2
61.457870029086294,departure,46,0,1,1
61.70037797606597,departure,43,0,0,0
62.52512936434472,arrival,47,0,1,1
62.52512936434472,service_start,47,0,1,1
63.0842191035656,arrival,48,0,2,2
63.0842191035656,service_start,48,0,2,2
63.9840495166401,arrival,49,1,2,3
64.91217323996551,arrival,50,2,2,4
65.60123384382474,departure,47,2,1,3
65.60123384382474,service_start,49,1,2,3
65.8425517254135,arrival,51,2,2,4
66.58913544298343,departure,48,2,1,3
66.58913544298343,service_start,50,1,2,3
66.77738847070545,arrival,52,2,2,4
67.16427921428432,arrival,53,3,2,5
67.92432217422822,departure,50,3,1,4
67.92432217422822,service_start,51,2,2,4
68.75574773179792,arrival,54,3,2,5
69.34210051436042,departure,51,3,1,4
69.34210051436042,service_start,52,2,2,4
70.41394905445405,arrival,55,3,2,5
70.86736413453188,departure,49,3,1,4
70.86736413453188,service_start,53,2,2,4
71.27277527275659,arrival,56,3,2,5
72.52130754255876,arrival,57,4,2,6
72.91150983804137,arrival,58,5,2,7
73.90221253576968,departure,53,5,1,6
73.90221253576968,service_start,54,4,2,6
73.96165277735011,departure,54,4,1,5
73.96165277735011,service_start,55,3,2,5
74.27609207859435,arrival,59,4,2,6
74.28305005161708,arrival,60,5,2,7
76.55256584183117,departure,55,5,1,6
76.55256584183117,service_start,56,4,2,6
77.00440136261044,departure,52,4,1,5
77.00440136261044,service_start,57,3,2,5
77.21731886902457,arrival,61,4,2,6
77.2641411532262,departure,57,4,1,5
77.2641411532262,service_start,58,3,2,5
77.63923518016686,arrival,62,4,2,6
77.70708934914124,arrival,63,5,2,7
78.43237143146678,arrival,64,6,2,8
79.30745821403178,departure,56,6,1,7
79.30745821403178,service_start,59,5,2,7
79.3192596757603,departure,59,5,1,6
79.3192596757603,service_start,60,4,2,6
79.80787331792183,departure,58,4,1,5
79.80787331792183,service_start,61,3,2,5
79.89708181544252,departure,61,3,1,4
79.89708181544252,service_start,62,2,2,4
80.76700001143797,arrival,65,3,2,5
81.46668204674863,departure,60,3,1,4
81.46668204674863,service_start,63,2,2,4
81.9312350784116,arrival,66,3,2,5
81.98573521878195,departure,62,3,1,4
81.98573521878195,service_start,64,2,2,4
82.22319670095425,arrival,67,3,2,5
82.49450011641711,arrival,68,4,2,6
82.98510090101301,departure,63,4,1,5
82.98510090101301,service_start,65,3,2,5
83.46107303251068,arrival,69,4,2,6
84.7246111345384,departure,64,4,1,5
84.7246111345384,service_start,66,3,2,5
85.73804713448628,arrival,70,4,2,6
86.02114012654837,arrival,71,5,2,7
86.03439732801296,departure,66,5,1,6
86.03439732801296,service_start,67,4,2,6
87.52794239912622,departure,67,4,1,5
87.52794239912622,service_start,68,3,2,5
88.54463765718594,arrival,72,4,2,6
88.69394097408455,arrival,73,5,2,7
88.9169348907868,departure,65,5,1,6
88.9169348907868,service_start,69,4,2,6
90.40583615322772,arrival,74,5,2,7
90.43849594598684,arrival,75,6,2,8
92.19082876219807,arrival,76,7,2,9
92.3237682546298,departure,69,7,1,8
92.3237682546298,service_start,70,6,2,8
92.36748409893052,departure,68,6,1,7
92.36748409893052,service_start,71,5,2,7
92.98779532736438,departure,71,5,1,6
92.98779532736438,service_start,72,4,2,6
93.15507107376102,departure,70,4,1,5
93.15507107376102,service_start,73,3,2,5
93.6935196677743,departure,72,3,1,4
93.6935196677743,service_start,74,2,2,4
94.22345105093174,arrival,77,3,2,5
94.5413861169621,departure,74,3,1,4
94.5413861169621,service_start,75,2,2,4
97.39829184403615,arrival,78,3,2,5
98.18839974200827,arrival,79,4,2,6
98.25446070094918,arrival,80,5,2,7
98.68031945222988,arrival,81,6,2,8
99.24478091963127,arrival,82,7,2,9
99.35513529101272,departure,73,7,1,8
99.35513529101272,service_start,76,6,2,8
99.44449276920469,departure,75,6,1,7
99.44449276920469,service_start,77,5,2,7
100.60630653842475,arrival,83,6,2,8
101.17127457327102,arrival,84,7,2,9
101.50481155674068,departure,76,7,1,8
101.50481155674068,service_start,78,6,2,8
101.71371111950829,arrival,85,7,2,9
102.10814293042657,departure,77,7,1,8
102.10814293042657,service_start,79,6,2,8
102.4016617167386,departure,78,6,1,7
102.4016617167386,service_start,80,5,2,7
102.50408601858229,arrival,86,6,2,8
102.99173604263913,arrival,87,7,2,9
103.10994942644611,arrival,88,8,2,10
103.42293907464911,arrival,89,9,2,11
104.16917741630448,arrival,90,10,2,12
104.78641344096997,arrival,91,11,2,13
106.03972597960114,departure,80,11,1,12
106.03972597960114,service_start,81,10,2,12
106.67376962505607,arrival,92,11,2,13
108.23738775921534,arrival,93,12,2,14
108.56690428749762,departure,79,12,1,13
108.56690428749762,service_start,82,11,2,13
108.95244500024583,arrival,94,12,2,14
109.8895004511248,arrival,95,13,2,15
110.27761547237631,departure,82,13,1,14
110.27761547237631,service_start,83,12,2,14
110.8812324112186,arrival,96,13,2,15
111.2776222228154,arrival,97,14,2,16
111.33105135501536,departure,83,14,1,15
111.33105135501536,service_start,84,13,2,15
111.38401355061342,arrival,98,14,2,16
111.71184353585497,departure,84,14,1,15
111.71184353585497,service_start,85,13,2,15
112.46589284996006,arrival,99,14,2,16
112.87095135020928,departure,85,14,1,15
112.87095135020928,service_start,86,13,2,15
113.15128216293245,departure,86,13,1,14
113.15128216293245,service_start,87,12,2,14
113.84849861922393,departure,81,12,1,13
113.84849861922393,service_start,88,11,2,13
114.1404565315843,departure,88,11,1,12
114.1404565315843,service_start,89,10,2,12
114.41099714627727,arrival,100,11,2,13
114.66347334952846,arrival,101,12,2,14
114.77939653783352,arrival,102,13,2,15
114.81275776238077,departure,87,13,1,14
114.81275776238077,service_start,90,12,2,14
115.23268485748252,departure,90,12,1,13
115.23268485748252,service_start,91,11,2,13
115.27710354059427,departure,91,11,1,12
115.27710354059427,service_start,92,10,2,12
115.45620241952203,arrival,103,11,2,13
115.67900209064233,arrival,104,12,2,14
116.95251293007551,arrival,105,13,2,15
117.62687064293912,departure,89,13,1,14
117.62687064293912,service_start,93,12,2,14
118.26572959348545,arrival,106,13,2,15
118.44124558949751,departure,93,13,1,14
118.44124558949751,service_start,94,12,2,14
118.4621007877896,departure,94,12,1,13
118.4621007877896,service_start,95,11,2,13
118.70254514477803,arrival,107,12,2,14
118.7547632694556,departure,92,12,1,13
118.7547632694556,service_start,96,11,2,13
118.92210062992893,departure,96,11,1,12
118.92210062992893,service_start,97,10,2,12
118.97498932294562,arrival,108,11,2,13
119.35927977339536,arrival,109,12,2,14
119.5834613940717,departure,97,12,1,13
119.5834613940717,service_start,98,11,2,13
120.19398647882608,departure,98,11,1,12
120.19398647882608,service_start,99,10,2,12
120.53028503671638,departure,99,10,1,11
120.53028503671638,service_start,100,9,2,11
121.20604733738334,departure,100,9,1,10
121.20604733738334,service_start,101,8,2,10
121.31045320248028,departure,101,8,1,9
121.31045320248028,service_start,102,7,2,9
122.25020975565276,departure,102,7,1,8
122.25020975565276,service_start,103,6,2,8
122.63318875644141,arrival,110,7,2,9
123.16103772177503,arrival,111,8,2,10
123.5383398856955,arrival,112,9,2,11
124.72741190961878,departure,103,9,1,10
124.72741190961878,service_start,104,8,2,10
127.38921394152142,departure,104,8,1,9
127.38921394152142,service_start,105,7,2,9
128.26838191560878,arrival,113,8,2,10
129.04302244846338,arrival,114,9,2,11
129.76531244424385,arrival,115,10,2,12
129.8293111461212,arrival,116,11,2,13
129.94168529248586,arrival,117,12,2,14
130.31885781833287,arrival,118,13,2,15
130.77274742886544,arrival,119,14,2,16
131.10957605000078,departure,95,14,1,15
131.10957605000078,service_start,106,13,2,15
131.23103005540602,departure,106,13,1,14
131.23103005540602,service_start,107,12,2,14
131.24863404692894,arrival,120,13,2,15
131.40220875243745,arrival,121,14,2,16
131.56483377976934,departure,105,14,1,15
131.56483377976934,service_start,108,13,2,15
132.69459800267694,departure,108,13,1,14
132.69459800267694,service_start,109,12,2,14
132.84182353953972,departure,109,12,1,13
132.84182353953972,service_start,110,11,2,13
133.12266545035953,departure,107,11,1,12
133.12266545035953,service_start,111,10,2,12
133.26910922851846,arrival,122,11,2,13
133.27825918533443,arrival,123,12,2,14
133.9361871997911,arrival,124,13,2,15
133.98659326059305,departure,110,13,1,14
133.98659326059305,service_start,112,12,2,14
135.24028482736554,arrival,125,13,2,15
135.26402788337145,arrival,126,14,2,16
135.5726923390747,departure,112,14,1,15
135.5726923390747,service_start,113,13,2,15
136.16839046139344,departure,113,13,1,14
136.16839046139344,service_start,114,12,2,14
136.53248396309226,arrival,127,13,2,15
137.47215668149522,departure,114,13,1,14
137.47215668149522,service_start,115,12,2,14
137.78864521605294,arrival,128,13,2,15
138.53583953254596,departure,111,13,1,14
138.53583953254596,service_start,116,12,2,14
140.052761136961,arrival,129,13,2,15
140.20359671689212,departure,115,13,1,14
140.20359671689212,service_start,117,12,2,14
140.55810251174125,departure,117,12,1,13
140.55810251174125,service_start,118,11,2,13
140.7763853187973,departure,118,11,1,12
140.7763853187973,service_start,119,10,2,12
140.78752510803994,arrival,130,11,2,13
140.80338131695402,departure,116,11,1,12
140.80338131695402,service_start,120,10,2,12
141.09496296366686,departure,119,10,1,11
141.09496296366686,service_start,121,9,2,11
141.67904059818443,arrival,131,10,2,12
142.2595279570502,departure,120,10,1,11
142.2595279570502,service_start,122,9,2,11
142.56049429298136,departure,122,9,1,10
142.56049429298136,service_start,123,8,2,10
143.18094501377055,arrival,132,9,2,11
143.70712139675032,arrival,133,10,2,12
144.0918787736619,departure,123,10,1,11
144.0918787736619,service_start,124,9,2,11
144.9308740062162,departure,121,9,1,10
144.9308740062162,service_start,125,8,2,10
145.20800271068416,arrival,134,9,2,11
145.39362618411582,departure,124,9,1,10
145.39362618411582,service_start,126,8,2,10
145.67360489613256,departure,126,8,1,9
145.67360489613256,service_start,127,7,2,9
145.70984041943296,arrival,135,8,2,10
147.99011849868023,departure,127,8,1,9
147.99011849868023,service_start,128,7,2,9
148.41976684027205,departure,125,7,1,8
148.41976684027205,service_start,129,6,2,8
148.81342678477466,arrival,136,7,2,9
149.27888654517832,departure,128,7,1,8
149.27888654517832,service_start,130,6,2,8
149.87584462754177,departure,130,6,1,7
149.87584462754177,service_start,131,5,2,7
149.9626568992265,arrival,137,6,2,8
150.1394719136427,arrival,138,7,2,9
150.1764606985691,departure,129,7,1,8
150.1764606985691,service_start,132,6,2,8
150.45441498673847,arrival,139,7,2,9
150.91402566065537,arrival,140,8,2,10
151.79197333894044,arrival,141,9,2,11
151.98035144427345,departure,132,9,1,10
151.98035144427345,service_start,133,8,2,10
152.91507214781439,arrival,142,9,2,11
153.28845710533554,arrival,143,10,2,12
153.43509105096896,departure,133,10,1,11
153.43509105096896,service_start,134,9,2,11
154.29078448631466,departure,134,9,1,10
154.29078448631466,service_start,135,8,2,10
154.76166647435724,arrival,144,9,2,11
154.79115916794035,departure,131,9,1,10
154.79115916794035,service_start,136,8,2,10
155.9329227302342,arrival,145,9,2,11
157.40410899383028,departure,136,9,1,10
157.40410899383028,service_start,137,8,2,10
159.41924610216415,departure,137,8,1,9
159.41924610216415,service_start,138,7,2,9
159.43049449448088,departure,138,7,1,8
159.43049449448088,service_start,139,6,2,8
159.4729691409937,arrival,146,7,2,9
160.2327553036155,departure,139,7,1,8
160.2327553036155,service_start,140,6,2,8
160.81560798471014,departure,135,6,1,7
160.81560798471014,service_start,141,5,2,7
160.8329480818834,departure,140,5,1,6
160.8329480818834,service_start,142,4,2,6
163.00205698463094,departure,141,4,1,5
163.00205698463094,service_start,143,3,2,5
164.31289491674767,arrival,147,4,2,6
164.77750234848014,departure,142,4,1,5
164.77750234848014,service_start,144,3,2,5
165.86730356906241,departure,143,3,1,4
165.86730356906241,service_start,145,2,2,4
165.88664528001905,arrival,148,3,2,5
166.48270245928666,arrival,149,4,2,6
167.00300721797535,departure,144,4,1,5
167.00300721797535,service_start,146,3,2,5
167.42251993437208,arrival,150,4,2,6
167.5019635572316,departure,145,4,1,5
167.5019635572316,service_start,147,3,2,5
168.04816275852954,departure,146,3,1,4
168.04816275852954,service_start,148,2,2,4
168.21415277443984,departure,147,2,1,3
168.21415277443984,service_start,149,1,2,3
168.39008210179364,departure,149,1,1,2
168.39008210179364,service_start,150,0,2,2
169.56108006934,departure,148,0,1,1
171.42136378259409,departure,150,0,0,0
173.2964182127889,arrival,151,0,1,1
173.2964182127889,service_start,151,0,1,1
173.33528793850437,departure,151,0,0,0
175.8209345631091,arrival,152,0,1,1
175.8209345631091,service_start,152,0,1,1
176.0062717686276,arrival,153,0,2,2
176.0062717686276,service_start,153,0,2,2
176.32393799292527,departure,153,0,1,1
176.32888939781677,departure,152,0,0,0
179.035791698919,arrival,154,0,1,1
179.035791698919,service_start,154,0,1,1
179.37848236577986,arrival,155,0,2,2
179.37848236577986,service_start,155,0,2,2
179.7885468012863,arrival,156,1,2,3
180.03490730163452,arrival,157,2,2,4
180.1388924651002,departure,154,2,1,3
180.1388924651002,service_start,156,1,2,3
180.35378970539443,departure,155,1,1,2
180.35378970539443,service_start,157,0,2,2
181.037078466283,departure,157,0,1,1
183.22297378850794,departure,156,0,0,0
184.52430914917133,arrival,158,0,1,1
184.52430914917133,service_start,158,0,1,1
184.64815154292774,arrival,159,0,2,2
184.64815154292774,service_start,159,0,2,2
185.54652848334177,arrival,160,1,2,3
186.3189746107916,arrival,161,2,2,4
186.98820514926607,departure,158,2,1,3
186.98820514926607,service_start,160,1,2,3
187.4296813742286,arrival,162,2,2,4
188.18008931030974,departure,160,2,1,3
188.18008931030974,service_start,161,1,2,3
188.2892531219788,departure,161,1,1,2
188.2892531219788,service_start,162,0,2,2
189.26882418967853,arrival,163,1,2,3
189.56271280161576,departure,162,1,1,2
189.56271280161576,service_start,163,0,2,2
190.87731449760045,departure,163,0,1,1
191.1594503137858,arrival,164,0,2,2
191.1594503137858,service_start,164,0,2,2
191.27688026898443,arrival,165,1,2,3
191.36175768098556,arrival,166,2,2,4
192.53592031242397,departure,159,2,1,3
192.53592031242397,service_start,165,1,2,3
193.11321440187902,departure,164,1,1,2
193.11321440187902,service_start,166,0,2,2
193.44758697200797,arrival,167,1,2,3
193.88962005593345,arrival,168,2,2,4
194.4681857391212,departure,165,2,1,3
194.4681857391212,service_start,167,1,2,3
194.80068158283623,arrival,169,2,2,4
194.90654490981686,arrival,170,3,2,5
196.26728806615074,arrival,171,4,2,6
196.34190520798285,arrival,172,5,2,7
196.77026897192948,departure,167,5,1,6
196.77026897192948,service_start,168,4,2,6
197.00145629225653,arrival,173,5,2,7
197.00681717073974,arrival,174,6,2,8
198.0489635291409,arrival,175,7,2,9
198.960349198502,arrival,176,8,2,10
199.30500790132976,departure,166,8,1,9
199.30500790132976,service_start,169,7,2,9
199.4601684699403,arrival,177,8,2,10
200.12883937423416,departure,168,8,1,9
200.12883937423416,service_start,170,7,2,9
201.06926352808216,arrival,178,8,2,10
201.16240299736708,departure,170,8,1,9
201.16240299736708,service_start,171,7,2,9
201.39897711051287,departure,171,7,1,8
201.39897711051287,service_start,172,6,2,8
201.82545909984418,departure,172,6,1,7
201.82545909984418,service_start,173,5,2,7
202.31010975463334,departure,173,5,1,6
202.31010975463334,service_start,174,4,2,6
203.0354660380243,arrival,179,5,2,7
203.0957600423382,departure,174,5,1,6
203.0957600423382,service_start,175,4,2,6
203.17736681533904,departure,175,4,1,5
203.17736681533904,service_start,176,3,2,5
203.60066558047993,arrival,180,4,2,6
203.65621008563875,departure,169,4,1,5
203.65621008563875,service_start,177,3,2,5
203.89919778903572,departure,177,3,1,4
203.89919778903572,service_start,178,2,2,4
204.2607691150884,arrival,181,3,2,5
204.5028862469071,arrival,182,4,2,6
204.5089772756056,departure,178,4,1,5
204.5089772756056,service_start,179,3,2,5
204.57452303280658,departure,176,3,1,4
204.57452303280658,service_start,180,2,2,4
204.6991786637007,departure,179,2,1,3
204.6991786637007,service_start,181,1,2,3
205.33250706864618,departure,181,1,1,2
205.33250706864618,service_start,182,0,2,2
205.37131668455402,departure,180,0,1,1
205.404876082523,departure,182,0,0,0
205.72556212755157,arrival,183,0,1,1
205.72556212755157,service_start,183,0,1,1
205.86833889708385,arrival,184,0,2,2
205.86833889708385,service_start,184,0,2,2
206.34636052680258,departure,184,0,1,1
207.46461641817703,arrival,185,0,2,2
207.46461641817703,service_start,185,0,2,2
207.61221885091433,departure,183,0,1,1
207.8030066905166,arrival,186,0,2,2
207.8030066905166,service_start,186,0,2,2
207.8599665555702,arrival,187,1,2,3
208.73420029541543,arrival,188,2,2,4
208.76576834343967,departure,186,2,1,3
208.76576834343967,service_start,187,1,2,3
209.37518601048583,arrival,189,2,2,4
209.87867155011037,arrival,190,3,2,5
209.88253939544873,departure,187,3,1,4
209.88253939544873,service_start,188,2,2,4
212.41194117807308,arrival,191,3,2,5
214.330313063343,arrival,192,4,2,6
214.36651180913023,arrival,193,5,2,7
214.40484478129326,departure,188,5,1,6
214.40484478129326,service_start,189,4,2,6
215.13130274532796,departure,189,4,1,5
215.13130274532796,service_start,190,3,2,5
215.39153767726935,departure,190,3,1,4
215.39153767726935,service_start,191,2,2,4
216.26471830910657,arrival,194,3,2,5
217.46086257959476,arrival,195,4,2,6
217.72347533649645,departure,191,4,1,5
217.72347533649645,service_start,192,3,2,5
218.13027374221983,departure,185,3,1,4
218.13027374221983,service_start,193,2,2,4
218.1682671997105,departure,193,2,1,3
218.1682671997105,service_start,194,1,2,3
219.361144799352,departure,194,1,1,2
219.361144799352,service_start,195,0,2,2
220.86278722250978,departure,192,0,1,1
221.07050248437747,departure,195,0,0,0
222.0523710641546,arrival,196,0,1,1
222.0523710641546,service_start,196,0,1,1
223.204542253605,arrival,197,0,2,2
223.204542253605,service_start,197,0,2,2
223.97346878034713,departure,196,0,1,1
224.96596330732214,arrival,198,0,2,2
224.96596330732214,service_start,198,0,2,2
225.0392567929498,departure,197,0,1,1
227.37086302953816,departure,198,0,0,0
228.21302839544734,arrival,199,0,1,1
228.21302839544734,service_start,199,0,1,1
228.29651260495345,departure,199,0,0,0
231.45913540470283,arrival,200,0,1,1
231.45913540470283,service_start,200,0,1,1
232.25660365117508,arrival,201,0,2,2
232.25660365117508,service_start,201,0,2,2
232.92790482875043,departure,200,0,1,1
233.2268194734963,departure,201,0,0,0
233.915180158089,arrival,202,0,1,1
233.915180158089,service_start,202,0,1,1
235.0143613605953,departure,202,0,0,0
235.09024013103252,arrival,203,0,1,1
235.09024013103252,service_start,203,0,1,1
235.61386011042623,arrival,204,0,2,2
235.61386011042623,service_start,204,0,2,2
235.81344313880237,departure,203,0,1,1
235.96354257965228,arrival,205,0,2,2
235.96354257965228,service_start,205,0,2,2
236.84576458540465,departure,205,0,1,1
237.41352822317404,departure,204,0,0,0
239.48445166417207,arrival,206,0,1,1
239.48445166417207,service_start,206,0,1,1
239.64620925404643,departure,206,0,0,0
240.1537954218728,arrival,207,0,1,1
240.1537954218728,service_start,207,0,1,1
240.16340689590055,arrival,208,0,2,2
240.16340689590055,service_start,208,0,2,2
240.62205041893404,departure,207,0,1,1
241.07405747936906,departure,208,0,0,0
241.7364924789003,arrival,209,0,1,1
241.7364924789003,service_start,209,0,1,1
244.65915731841096,arrival,210,0,2,2
244.65915731841096,service_start,210,0,2,2
246.56579019870514,departure,209,0,1,1
247.0762648911535,arrival,211,0,2,2
247.0762648911535,service_start,211,0,2,2
247.1921417375466,arrival,212,1,2,3
247.2160470912002,departure,211,1,1,2
247.2160470912002,service_start,212,0,2,2
247.95990050967396,departure,210,0,1,1
248.51240448319376,arrival,213,0,2,2
248.51240448319376,service_start,213,0,2,2
248.56847552801682,arrival,214,1,2,3
250.23312701697682,departure,213,1,1,2
250.23312701697682,service_start,214,0,2,2
250.3527148764937,departure,212,0,1,1
251.34617729406506,departure,214,0,0,0
251.77677047479568,arrival,215,0,1,1
251.77677047479568,service_start,215,0,1,1
252.0314116930936,arrival,216,0,2,2
252.0314116930936,service_start,216,0,2,2
252.40027506827084,departure,215,0,1,1
254.44619405400738,arrival,217,0,2,2
254.44619405400738,service_start,217,0,2,2
254.575116942768,arrival,218,1,2,3
254.60336481448576,departure,217,1,1,2
254.60336481448576,service_start,218,0,2,2
255.061688397581,departure,218,0,1,1
255.7572957556469,departure,216,0,0,0
257.49901511083897,arrival,219,0,1,1
257.49901511083897,service_start,219,0,1,1
258.4915937377179,arrival,220,0,2,2
258.4915937377179,service_start,220,0,2,2
258.8941482216904,departure,219,0,1,1
259.4692414799265,arrival,221,0,2,2
259.4692414799265,service_start,221,0,2,2
259.7022395371021,departure,220,0,1,1
259.7897233523643,departure,221,0,0,0
260.6486327120341,arrival,222,0,1,1
260.6486327120341,service_start,222,0,1,1
261.29923039147525,departure,222,0,0,0
261.576039349247,arrival,223,0,1,1
261.576039349247,service_start,223,0,1,1
262.6997145312929,departure,223,0,0,0
267.88554679059706,arrival,224,0,1,1
267.88554679059706,service_start,224,0,1,1
268.10625101494225,arrival,225,0,2,2
268.10625101494225,service_start,225,0,2,2
268.70180471073024,departure,225,0,1,1
271.039397187355,arrival,226,0,2,2
271.039397187355,service_start,226,0,2,2
271.22905057726086,arrival,227,1,2,3
271.3994183804017,departure,226,1,1,2
271.3994183804017,service_start,227,0,2,2
271.4243074824959,departure,227,0,1,1
271.4881221340981,arrival,228,0,2,2
271.4881221340981,service_start,228,0,2,2
271.90472571698365,arrival,229,1,2,3
271.9530599632192,arrival,230,2,2,4
272.53590455172895,departure,224,2,1,3
272.53590455172895,service_start,229,1,2,3
273.0456821680497,departure,229,1,1,2
273.0456821680497,service_start,230,0,2,2
273.5238038760767,arrival,231,1,2,3
274.1805569333737,departure,228,1,1,2
274.1805569333737,service_start,231,0,2,2
274.23148724231595,departure,231,0,1,1
274.61721315835376,departure,230,0,0,0
275.72550358946444,arrival,232,0,1,1
275.72550358946444,service_start,232,0,1,1
276.186700500692,departure,232,0,0,0
279.9919311078227,arrival,233,0,1,1
279.9919311078227,service_start,233,0,1,1
281.28006804499256,arrival,234,0,2,2
281.28006804499256,service_start,234,0,2,2
281.6805578584935,arrival,235,1,2,3
282.5322338399633,departure,234,1,1,2
282.5322338399633,service_start,235,0,2,2
283.35499706946325,arrival,236,1,2,3
283.72357967617666,arrival,237,2,2,4
284.2202999341994,departure,233,2,1,3
284.2202999341994,service_start,236,1,2,3
285.56631524792806,departure,236,1,1,2
285.56631524792806,service_start,237,0,2,2
286.46862658383156,departure,235,0,1,1
286.91574349504685,departure,237,0,0,0
287.51113348417147,arrival,238,0,1,1
287.51113348417147,service_start,238,0,1,1
287.51565674052745,arrival,239,0,2,2
287.51565674052745,service_start,239,0,2,2
287.8552989910246,departure,238,0,1,1
288.02019903222345,arrival,240,0,2,2
288.02019903222345,service_start,240,0,2,2
288.28521126445577,departure,240,0,1,1
288.3608778579224,departure,239,0,0,0
289.53499564937397,arrival,241,0,1,1
289.53499564937397,service_start,241,0,1,1
290.5094889290965,arrival,242,0,2,2
290.5094889290965,service_start,242,0,2,2
290.60058560904776,arrival,243,1,2,3
292.0262056488471,departure,242,1,1,2
292.0262056488471,service_start,243,0,2,2
292.3670088256251,departure,241,0,1,1
292.99276357510035,arrival,244,0,2,2
292.99276357510035,service_start,244,0,2,2
293.8862118891086,departure,243,0,1,1
294.1271959406368,arrival,245,0,2,2
294.1271959406368,service_start,245,0,2,2
294.6437488414499,arrival,246,1,2,3
295.4243901297876,departure,244,1,1,2
295.4243901297876,service_start,246,0,2,2
295.6679603894569,arrival,247,1,2,3
295.72924094328187,arrival,248,2,2,4
296.76265321771024,departure,245,2,1,3
296.76265321771024,service_start,247,1,2,3
297.05346041846735,arrival,249,2,2,4
297.0647017435473,arrival,250,3,2,5
297.17323875414104,departure,246,3,1,4
297.17323875414104,service_start,248,2,2,4
298.47515505355784,departure,247,2,1,3
298.47515505355784,service_start,249,1,2,3
298.5398764469973,departure,248,1,1,2
298.5398764469973,service_start,250,0,2,2
299.2901198576485,arrival,251,1,2,3
299.6821820355567,departure,250,1,1,2
299.6821820355567,service_start,251,0,2,2
299.6834613100377,departure,249,0,1,1
301.7342173927317,arrival,252,0,2,2
301.7342173927317,service_start,252,0,2,2
301.79908013689493,departure,251,0,1,1
301.94772285985476,departure,252,0,0,0
302.5594327438529,arrival,253,0,1,1
302.5594327438529,service_start,253,0,1,1
302.92214253148876,departure,253,0,0,0
306.86010450138514,arrival,254,0,1,1
306.86010450138514,service_start,254,0,1,1
307.22691484948507,arrival,255,0,2,2
307.22691484948507,service_start,255,0,2,2
308.4262150627813,departure,255,0,1,1
310.00826688361525,departure,254,0,0,0
310.80033828235645,arrival,256,0,1,1
310.80033828235645,service_start,256,0,1,1
311.65656759479685,arrival,257,0,2,2
311.65656759479685,service_start,257,0,2,2
312.2363162925946,arrival,258,1,2,3
312.49646661609177,arrival,259,2,2,4
313.7037880756235,arrival,260,3,2,5
313.7586332352177,arrival,261,4,2,6
315.43581535003824,arrival,262,5,2,7
316.18486179585494,arrival,263,6,2,8
316.2774307060162,arrival,264,7,2,9
316.2805845415045,arrival,265,8,2,10
316.7392768593191,arrival,266,9,2,11
316.8402641642468,departure,256,9,1,10
316.8402641642468,service_start,258,8,2,10
317.1765349698937,arrival,267,9,2,11
317.25437860014944,arrival,268,10,2,12
317.39899067556587,departure,257,10,1,11
317.39899067556587,service_start,259,9,2,11
317.70826570191144,arrival,269,10,2,12
317.8331376718733,arrival,270,11,2,13
317.9974497755153,departure,258,11,1,12
317.9974497755153,service_start,260,10,2,12
318.2314636025057,arrival,271,11,2,13
318.25705936927676,arrival,272,12,2,14
318.27039613447994,departure,260,12,1,13
318.27039613447994,service_start,261,11,2,13
318.4322968985093,arrival,273,12,2,14
320.00474106609397,departure,261,12,1,13
320.00474106609397,service_start,262,11,2,13
320.33609799892844,departure,262,11,1,12
320.33609799892844,service_start,263,10,2,12
321.3853059338947,departure,263,10,1,11
321.3853059338947,service_start,264,9,2,11
321.90019300920613,arrival,274,10,2,12
322.24168119619264,departure,259,10,1,11
322.24168119619264,service_start,265,9,2,11
322.4337244389384,arrival,275,10,2,12
322.8846059490521,arrival,276,11,2,13
322.89933300597835,departure,265,11,1,12
322.89933300597835,service_start,266,10,2,12
323.680248925128,arrival,277,11,2,13
324.98351315693395,departure,264,11,1,12
324.98351315693395,service_start,267,10,2,12
325.0861218368406,arrival,278,11,2,13
325.10310941682553,arrival,279,12,2,14
326.48885705183767,departure,267,12,1,13
326.48885705183767,service_start,268,11,2,13
326.8270305166067,arrival,280,12,2,14
327.3848170343949,departure,268,12,1,13
327.3848170343949,service_start,269,11,2,13
328.4406769304448,departure,269,11,1,12
328.4406769304448,service_start,270,10,2,12
328.82189208448057,departure,270,10,1,11
328.82189208448057,service_start,271,9,2,11
329.8932791200896,departure,266,9,1,10
329.8932791200896,service_start,272,8,2,10
330.9915061754309,arrival,281,9,2,11
331.70493466853753,departure,272,9,1,10
331.70493466853753,service_start,273,8,2,10
331.86909799650516,arrival,282,9,2,11
332.6998694754984,departure,273,9,1,10
332.6998694754984,service_start,274,8,2,10
333.50718020188697,arrival,283,9,2,11
333.75425400212555,arrival,284,10,2,12
334.25344612131227,arrival,285,11,2,13
334.64478733996356,departure,274,11,1,12
334.64478733996356,service_start,275,10,2,12
334.7002355468336,arrival,286,11,2,13
334.7155418102075,departure,275,11,1,12
334.7155418102075,service_start,276,10,2,12
334.8811811635913,departure,271,10,1,11
334.8811811635913,service_start,277,9,2,11
334.9737796245586,departure,276,9,1,10
334.9737796245586,service_start,278,8,2,10
336.62533162642455,departure,278,8,1,9
336.62533162642455,service_start,279,7,2,9
336.70195616854005,departure,279,7,1,8
336.70195616854005,service_start,280,6,2,8
338.1360282775415,departure,280,6,1,7
338.1360282775415,service_start,281,5,2,7
338.1560371638446,departure,281,5,1,6
338.1560371638446,service_start,282,4,2,6
338.8502960786025,departure,282,4,1,5
338.8502960786025,service_start,283,3,2,5
339.4002256403284,arrival,287,4,2,6
339.96339187339163,arrival,288,5,2,7
340.3806101425644,departure,277,5,1,6
340.3806101425644,service_start,284,4,2,6
340.4266570093566,departure,284,4,1,5
340.4266570093566,service_start,285,3,2,5
340.71635934026034,arrival,289,4,2,6
341.0524203036229,departure,285,4,1,5
341.0524203036229,service_start,286,3,2,5
341.91597680707514,departure,283,3,1,4
341.91597680707514,service_start,287,2,2,4
342.18011905675183,arrival,290,3,2,5
343.2570837095864,arrival,291,4,2,6
344.1296168067361,arrival,292,5,2,7
344.7204463142216,arrival,293,6,2,8
345.11480036530645,arrival,294,7,2,9
345.248384798877,departure,286,7,1,8
345.248384798877,service_start,288,6,2,8
345.38529285645717,arrival,295,7,2,9
346.40276151915344,departure,287,7,1,8
346.40276151915344,service_start,289,6,2,8
347.3101775002851,arrival,296,7,2,9
347.4692287361462,arrival,297,8,2,10
348.402909485164,arrival,298,9,2,11
349.5105425600638,arrival,299,10,2,12
349.89770927629644,arrival,300,11,2,13
349.96564202853114,arrival,301,12,2,14
350.5686024656213,departure,289,12,1,13
350.5686024656213,service_start,290,11,2,13
350.9439914839913,departure,288,11,1,12
350.9439914839913,service_start,291,10,2,12
351.5789962081153,departure,291,10,1,11
351.5789962081153,service_start,292,9,2,11
352.0903612254122,arrival,302,10,2,12
352.39313897595116,arrival,303,11,2,13
352.5989966177075,arrival,304,12,2,14
353.0911081324745,arrival,305,13,2,15
353.1895549198016,departure,290,13,1,14
353.1895549198016,service_start,293,12,2,14
353.6565832730928,arrival,306,13,2,15
353.68443993613096,departure,293,13,1,14
353.68443993613096,service_start,294,12,2,14
354.5814050875272,departure,292,12,1,13
354.5814050875272,service_start,295,11,2,13
354.59557580518657,arrival,307,12,2,14
354.8602250842355,arrival,308,13,2,15
354.8932146718498,arrival,309,14,2,16
355.1798706635742,arrival,310,15,2,17
355.4056643774864,departure,295,15,1,16
355.4056643774864,service_start,296,14,2,16
355.84156170414394,arrival,311,15,2,17
356.0245022712265,arrival,312,16,2,18
356.0324040982072,arrival,313,17,2,19
356.1796860221902,departure,294,17,1,18
356.1796860221902,service_start,297,16,2,18
356.4184134181754,arrival,314,17,2,19
356.4542698056731,arrival,315,18,2,20
357.19141906536134,departure,297,18,1,19
357.19141906536134,service_start,298,17,2,19
357.5436034539796,arrival,316,18,2,20
357.7361861802089,departure,296,18,1,19
357.7361861802089,service_start,299,17,2,19
358.003736249292,arrival,317,18,2,20
358.6067135999644,departure,299,18,1,19
358.6067135999644,service_start,300,17,2,19
358.62092546448014,arrival,318,18,2,20
358.832273748748,arrival,319,19,2,21
358.86084976914515,departure,300,19,1,20
358.86084976914515,service_start,301,18,2,20
359.28235026700963,arrival,320,19,2,21
359.3712028397647,departure,298,19,1,20
359.3712028397647,service_start,302,18,2,20
360.2338729123143,departure,302,18,1,19
360.2338729123143,service_start,303,17,2,19
361.3320586837481,arrival,321,18,2,20
361.47727926888257,arrival,322,19,2,21
361.87699793879165,arrival,323,20,2,22
362.6091420978296,departure,301,20,1,21
362.6091420978296,service_start,304,19,2,21
363.0144642141377,arrival,324,20,2,22
363.07632235085765,departure,303,20,1,21
363.07632235085765,service_start,305,19,2,21
363.39260695673056,arrival,325,20,2,22
364.35167619385777,arrival,326,21,2,23
364.8635684506488,arrival,327,22,2,24
365.7527701733081,arrival,328,23,2,25
366.728749341214,departure,304,23,1,24
366.728749341214,service_start,306,22,2,24
366.92038196969787,arrival,329,23,2,25
367.1390985629765,arrival,330,24,2,26
367.280270352781,arrival,331,25,2,27
368.49329577001055,arrival,332,26,2,28
368.6512666213415,arrival,333,27,2,29
369.4737228015801,departure,305,27,1,28
369.4737228015801,service_start,307,26,2,28
370.90546139236,arrival,334,27,2,29
371.18805178634705,arrival,335,28,2,30
371.69128048117994,departure,306,28,1,29
371.69128048117994,service_start,308,27,2,29
371.7056808990616,departure,308,27,1,28
371.7056808990616,service_start,309,26,2,28
371.9481351102215,departure,309,26,1,27
371.9481351102215,service_start,310,25,2,27
372.0877243631002,departure,310,25,1,26
372.0877243631002,service_start,311,24,2,26
372.97210035275583,departure,311,24,1,25
372.97210035275583,service_start,312,23,2,25
373.9162031938242,departure,312,23,1,24
373.9162031938242,service_start,313,22,2,24
374.1800893812702,departure,313,22,1,23
374.1800893812702,service_start,314,21,2,23
374.2841807740096,departure,307,21,1,22
374.2841807740096,service_start,315,20,2,22
374.61809978227967,arrival,336,21,2,23
374.8875488744143,arrival,337,22,2,24
375.5187619278786,arrival,338,23,2,25
375.5542162768073,arrival,339,24,2,26
375.81011550994435,arrival,340,25,2,27
375.9960399741035,arrival,341,26,2,28
376.2063220114732,arrival,342,27,2,29
376.95114487402844,arrival,343,28,2,30
378.7026022413134,arrival,344,29,2,31
379.69703253548886,arrival,345,30,2,32
379.88283272461956,departure,315,30,1,31
379.88283272461956,service_start,316,29,2,31
381.5121441470403,arrival,346,30,2,32
382.4920918594003,arrival,347,31,2,33
383.44841478833877,departure,316,31,1,32
383.44841478833877,service_start,317,30,2,32
384.1733306165027,arrival,348,31,2,33
384.2063654077174,arrival,349,32,2,34
384.4049997075698,departure,317,32,1,33
384.4049997075698,service_start,318,31,2,33
384.84549834758997,arrival,350,32,2,34
385.0259321759196,departure,314,32,1,33
385.0259321759196,service_start,319,31,2,33
387.14126155165343,arrival,351,32,2,34
387.1967848163254,departure,319,32,1,33
387.1967848163254,service_start,320,31,2,33
387.7016048074457,departure,318,31,1,32
387.7016048074457,service_start,321,30,2,32
389.3777786071883,arrival,352,31,2,33
389.63167007787996,arrival,353,32,2,34
390.18501206760266,arrival,354,33,2,35
390.1949339823525,arrival,355,34,2,36
390.4441394549146,departure,321,34,1,35
390.4441394549146,service_start,322,33,2,35
390.5889758845093,arrival,356,34,2,36
391.8240791041582,arrival,357,35,2,37
392.00272747689166,departure,322,35,1,36
392.00272747689166,service_start,323,34,2,36
392.06232562633346,departure,323,34,1,35
392.06232562633346,service_start,324,33,2,35
392.09418177202775,arrival,358,34,2,36
393.86079296059125,arrival,359,35,2,37
394.63523277022,arrival,360,36,2,38
395.81629207618386,arrival,361,37,2,39
396.89319498389676,departure,320,37,1,38
396.89319498389676,service_start,325,36,2,38
396.9732188022675,arrival,362,37,2,39
397.6101959346654,departure,324,37,1,38
397.6101959346654,service_start,326,36,2,38
398.0089356307147,arrival,363,37,2,39
399.9024219471318,arrival,364,38,2,40
400.17284475150655,departure,326,38,1,39
400.17284475150655,service_start,327,37,2,39
400.6570535175872,arrival,365,38,2,40
400.79055972562395,departure,325,38,1,39
400.79055972562395,service_start,328,37,2,39
401.00393923905574,departure,327,37,1,38
401.00393923905574,service_start,329,36,2,38
401.66145447768787,arrival,366,37,2,39
401.8550824745102,departure,328,37,1,38
401.8550824745102,service_start,330,36,2,38
402.23290654322034,departure,330,36,1,37
402.23290654322034,service_start,331,35,2,37
402.4219614434755,arrival,367,36,2,38
403.08502817813786,arrival,368,37,2,39
403.37982812263425,departure,331,37,1,38
403.37982812263425,service_start,332,36,2,38
403.3870652472949,arrival,369,37,2,39
404.06658346476524,departure,329,37,1,38
404.06658346476524,service_start,333,36,2,38
404.36551721496824,departure,332,36,1,37
404.36551721496824,service_start,334,35,2,37
404.5557021645736,departure,334,35,1,36
404.5557021645736,service_start,335,34,2,36
405.09099278190746,departure,335,34,1,35
405.09099278190746,service_start,336,33,2,35
405.7743184627667,departure,336,33,1,34
405.7743184627667,service_start,337,32,2,34
406.01806833035783,departure,333,32,1,33
406.01806833035783,service_start,338,31,2,33
407.24696310253415,departure,337,31,1,32
407.24696310253415,service_start,339,30,2,32
407.48620501440786,departure,338,30,1,31
407.48620501440786,service_start,340,29,2,31
407.74960311328584,departure,339,29,1,30
407.74960311328584,service_start,341,28,2,30
408.5012627982888,arrival,370,29,2,31
408.55268827688343,arrival,371,30,2,32
409.4261592132706,arrival,372,31,2,33
409.70913311966973,departure,340,31,1,32
409.70913311966973,service_start,342,30,2,32
410.22719378430213,arrival,373,31,2,33
410.75723839657763,departure,341,31,1,32
410.75723839657763,service_start,343,30,2,32
411.15550482108176,arrival,374,31,2,33
412.7361411967728,departure,343,31,1,32
412.7361411967728,service_start,344,30,2,32
412.9668022641766,arrival,375,31,2,33
413.6898758188474,arrival,376,32,2,34
414.07302203746667,arrival,377,33,2,35
414.2525337642794,departure,344,33,1,34
414.2525337642794,service_start,345,32,2,34
414.3197329480705,departure,345,32,1,33
414.3197329480705,service_start,346,31,2,33
415.54387205591905,arrival,378,32,2,34
417.07708830498404,departure,342,32,1,33
417.07708830498404,service_start,347,31,2,33
417.42588725195657,arrival,379,32,2,34
417.49247206476906,departure,347,32,1,33
417.49247206476906,service_start,348,31,2,33
418.30232419986305,departure,346,31,1,32
418.30232419986305,service_start,349,30,2,32
419.2471605729593,arrival,380,31,2,33
419.44464381578547,arrival,381,32,2,34
419.6032717092176,departure,348,32,1,33
419.6032717092176,service_start,350,31,2,33
420.9764371243975,departure,349,31,1,32
420.9764371243975,service_start,351,30,2,32
421.41478413235177,departure,351,30,1,31
421.41478413235177,service_start,352,29,2,31
421.9810775897255,departure,352,29,1,30
421.9810775897255,service_start,353,28,2,30
423.60893440437917,departure,350,28,1,29
423.60893440437917,service_start,354,27,2,29
424.04081569939467,departure,353,27,1,28
424.04081569939467,service_start,355,26,2,28
424.90685430074177,arrival,382,27,2,29
425.40711951646887,departure,355,27,1,28
425.40711951646887,service_start,356,26,2,28
425.58907191595455,departure,354,26,1,27
425.58907191595455,service_start,357,25,2,27
426.5257592264499,departure,357,25,1,26
426.5257592264499,service_start,358,24,2,26
426.65743650953146,arrival,383,25,2,27
427.5120205060214,departure,356,25,1,26
427.5120205060214,service_start,359,24,2,26
427.6390151516013,departure,359,24,1,25
427.6390151516013,service_start,360,23,2,25
427.8844665547446,arrival,384,24,2,26
428.20102462844534,arrival,385,25,2,27
428.7392052339556,departure,360,25,1,26
428.7392052339556,service_start,361,24,2,26
429.1067737107659,departure,361,24,1,25
429.1067737107659,service_start,362,23,2,25
429.1592221809579,departure,362,23,1,24
429.1592221809579,service_start,363,22,2,24
429.41117097367504,departure,363,22,1,23
429.41117097367504,service_start,364,21,2,23
429.46260494611755,arrival,386,22,2,24
429.4693743468409,arrival,387,23,2,25
429.7062827555927,arrival,388,24,2,26
429.7214114400683,departure,358,24,1,25
429.7214114400683,service_start,365,23,2,25
430.6022017827137,arrival,389,24,2,26
431.4716122657024,departure,364,24,1,25
431.4716122657024,service_start,366,23,2,25
432.59585691575006,departure,366,23,1,24
432.59585691575006,service_start,367,22,2,24
432.78656175427795,arrival,390,23,2,25
432.7961655904534,arrival,391,24,2,26
433.53774835174426,departure,367,24,1,25
433.53774835174426,service_start,368,23,2,25
433.6752396049039,departure,365,23,1,24
433.6752396049039,service_start,369,22,2,24
434.7775040170651,departure,368,22,1,23
434.7775040170651,service_start,370,21,2,23
434.77854168175895,departure,369,21,1,22
434.77854168175895,service_start,371,20,2,22
435.98925727960113,departure,370,20,1,21
435.98925727960113,service_start,372,19,2,21
436.06640753979883,arrival,392,20,2,22
436.4166898372825,departure,372,20,1,21
436.4166898372825,service_start,373,19,2,21
437.68943214924883,arrival,393,20,2,22
438.2813693019231,departure,371,20,1,21
438.2813693019231,service_start,374,19,2,21
438.5501851358913,departure,374,19,1,20
438.5501851358913,service_start,375,18,2,20
438.6446600732953,departure,373,18,1,19
438.6446600732953,service_start,376,17,2,19
438.6874049161261,arrival,394,18,2,20
439.2592514242807,arrival,395,19,2,21
439.2904884866341,arrival,396,20,2,22
441.54193615276864,departure,375,20,1,21
441.54193615276864,service_start,377,19,2,21
441.56031700489785,arrival,397,20,2,22
442.5094455938892,departure,376,20,1,21
442.5094455938892,service_start,378,19,2,21
442.62544757234826,departure,378,19,1,20
442.62544757234826,service_start,379,18,2,20
442.65154246025367,arrival,398,19,2,21
442.7869841946188,departure,379,19,1,20
442.7869841946188,service_start,380,18,2,20
442.7993294891905,departure,380,18,1,19
442.7993294891905,service_start,381,17,2,19
443.1881625203619,departure,377,17,1,18
443.1881625203619,service_start,382,16,2,18
443.7288250594254,departure,381,16,1,17
443.7288250594254,service_start,383,15,2,17
444.16346600721073,arrival,399,16,2,18
445.26397669783205,departure,382,16,1,17
445.26397669783205,service_start,384,15,2,17
446.26921312636546,arrival,400,16,2,18
446.2881127765375,arrival,401,17,2,19
446.60478924022823,arrival,402,18,2,20
447.4566734437174,departure,384,18,1,19
447.4566734437174,service_start,385,17,2,19
448.46738409977826,arrival,403,18,2,20
448.88834711298057,departure,385,18,1,19
448.88834711298057,service_start,386,17,2,19
450.7230745616555,arrival,404,18,2,20
451.69188292231473,arrival,405,19,2,21
451.74377902006444,departure,383,19,1,20
451.74377902006444,service_start,387,18,2,20
451.7541967330797,departure,387,18,1,19
451.7541967330797,service_start,388,17,2,19
452.3604978706373,departure,388,17,1,18
452.3604978706373,service_start,389,16,2,18
452.63294024719494,arrival,406,17,2,19
452.72908230553645,departure,389,17,1,18
452.72908230553645,service_start,390,16,2,18
452.9500076817683,departure,390,16,1,17
452.9500076817683,service_start,391,15,2,17
453.79173449016827,departure,391,15,1,16
453.79173449016827,service_start,392,14,2,16
454.52633403931776,departure,386,14,1,15
454.52633403931776,service_start,393,13,2,15
454.5517447276787,arrival,407,14,2,16
454.62610226128584,departure,392,14,1,15
454.62610226128584,service_start,394,13,2,15
454.6543173811154,departure,393,13,1,14
454.6543173811154,service_start,395,12,2,14
454.81255646032207,arrival,408,13,2,15
455.653913422217,arrival,409,14,2,16
455.79061521139556,arrival,410,15,2,17
455.8976279652888,arrival,411,16,2,18
455.9449678460178,arrival,412,17,2,19
456.0497994541199,arrival,413,18,2,20
456.588911448824,departure,394,18,1,19
456.588911448824,service_start,396,17,2,19
456.6428212839336,departure,395,17,1,18
456.6428212839336,service_start,397,16,2,18
456.7353821041122,departure,396,16,1,17
456.7353821041122,service_start,398,15,2,17
456.89894582861314,arrival,414,16,2,18
457.72324364329285,departure,398,16,1,17
457.72324364329285,service_start,399,15,2,17
458.51027233536405,departure,399,15,1,16
458.51027233536405,service_start,400,14,2,16
458.81122387939627,arrival,415,15,2,17
458.9393567313339,arrival,416,16,2,18
459.2618104626962,arrival,417,17,2,19
460.4614633506069,departure,397,17,1,18
460.4614633506069,service_start,401,16,2,18
461.78889837659233,departure,400,16,1,17
461.78889837659233,service_start,402,15,2,17
462.2052059454728,arrival,418,16,2,18
462.83921725922767,arrival,419,17,2,19
463.82461998073626,departure,402,17,1,18
463.82461998073626,service_start,403,16,2,18
464.05397415920663,departure,401,16,1,17
464.05397415920663,service_start,404,15,2,17
464.05660324310975,arrival,420,16,2,18
464.10669520117744,arrival,421,17,2,19
464.113690043829,departure,403,17,1,18
464.113690043829,service_start,405,16,2,18
464.33934216800225,departure,405,16,1,17
464.33934216800225,service_start,406,15,2,17
465.4420509132543,arrival,422,16,2,18
466.4872064237536,arrival,423,17,2,19
466.8921513472634,departure,404,17,1,18
466.8921513472634,service_start,407,16,2,18
467.30847103239455,departure,407,16,1,17
467.30847103239455,service_start,408,15,2,17
468.20727747818063,departure,408,15,1,16
468.20727747818063,service_start,409,14,2,16
468.26488930657973,arrival,424,15,2,17
468.69492204596605,arrival,425,16,2,18
469.2297825260707,departure,406,16,1,17
469.2297825260707,service_start,410,15,2,17
469.934769239728,arrival,426,16,2,18
470.2768045859865,arrival,427,17,2,19
470.41526700664144,departure,409,17,1,18
470.41526700664144,service_start,411,16,2,18
470.87293545363906,departure,411,16,1,17
470.87293545363906,service_start,412,15,2,17
470.9208756715006,departure,412,15,1,16
470.9208756715006,service_start,413,14,2,16
470.96607670763916,departure,413,14,1,15
470.96607670763916,service_start,414,13,2,15
471.1430560811297,departure,410,13,1,14
471.1430560811297,service_start,415,12,2,14
471.14528993380173,arrival,428,13,2,15
471.36330756059067,departure,415,13,1,14
471.36330756059067,service_start,416,12,2,14
472.07273340233854,arrival,429,13,2,15
472.74888230008304,arrival,430,14,2,16
473.6034130855819,arrival,431,15,2,17
473.84041114777216,arrival,432,16,2,18
473.88288964065663,departure,414,16,1,17
473.88288964065663,service_start,417,15,2,17
474.6470608619558,arrival,433,16,2,18
476.1312309351237,departure,417,16,1,17
476.1312309351237,service_start,418,15,2,17
477.2361883906365,arrival,434,16,2,18
477.4301797862864,departure,418,16,1,17
477.4301797862864,service_start,419,15,2,17
479.3487184722547,departure,419,15,1,16
479.3487184722547,service_start,420,14,2,16
479.8022391893763,departure,416,14,1,15
479.8022391893763,service_start,421,13,2,15
481.08709736916774,departure,421,13,1,14
481.08709736916774,service_start,422,12,2,14
481.24156777013656,departure,422,12,1,13
481.24156777013656,service_start,423,11,2,13
481.45144112551856,departure,423,11,1,12
481.45144112551856,service_start,424,10,2,12
482.47197555153434,arrival,435,11,2,13
485.2232553751295,arrival,436,12,2,14
485.364853682178,arrival,437,13,2,15
485.73607586314273,departure,424,13,1,14
485.73607586314273,service_start,425,12,2,14
485.89873615551824,departure,425,12,1,13
485.89873615551824,service_start,426,11,2,13
485.92290009752674,departure,420,11,1,12
485.92290009752674,service_start,427,10,2,12
485.9374780791988,arrival,438,11,2,13
486.438204096079,arrival,439,12,2,14
486.6179609886418,arrival,440,13,2,15
486.6510319149921,arrival,441,14,2,16
487.4397530545315,departure,427,14,1,15
487.4397530545315,service_start,428,13,2,15
487.51206487883053,arrival,442,14,2,16
488.60453435645013,arrival,443,15,2,17
489.4466813397242,arrival,444,16,2,18
489.72613884680356,departure,428,16,1,17
489.72613884680356,service_start,429,15,2,17
489.8252300545956,departure,429,15,1,16
489.8252300545956,service_start,430,14,2,16
489.9074152356372,arrival,445,15,2,17
491.8371327569998,arrival,446,16,2,18
492.1850643554274,departure,426,16,1,17
492.1850643554274,service_start,431,15,2,17
492.43846916987013,departure,430,15,1,16
492.43846916987013,service_start,432,14,2,16
493.3006667204732,arrival,447,15,2,17
496.6688640588168,departure,431,15,1,16
496.6688640588168,service_start,433,14,2,16
497.40415872622344,departure,432,14,1,15
497.40415872622344,service_start,434,13,2,15
497.51677959961495,arrival,448,14,2,16
497.53294461158475,arrival,449,15,2,17
498.0611487732138,arrival,450,16,2,18
498.13831179557684,arrival,451,17,2,19
498.28797715831405,arrival,452,18,2,20
498.3571156531019,departure,433,18,1,19
498.3571156531019,service_start,435,17,2,19
498.54643640401895,departure,435,17,1,18
498.54643640401895,service_start,436,16,2,18
499.2159881845359,arrival,453,17,2,19
500.050540704621,arrival,454,18,2,20
500.3107388242927,departure,434,18,1,19
500.3107388242927,service_start,437,17,2,19
502.11010310250373,arrival,455,18,2,20
503.9638940887657,arrival,456,19,2,21
504.20855304741684,departure,437,19,1,20
504.20855304741684,service_start,438,18,2,20
504.3254128050011,departure,438,18,1,19
504.3254128050011,service_start,439,17,2,19
505.56873808386746,departure,436,17,1,18
505.56873808386746,service_start,440,16,2,18
506.3388266998356,departure,439,16,1,17
506.3388266998356,service_start,441,15,2,17
506.8578299249525,arrival,457,16,2,18
506.9591475659084,departure,440,16,1,17
506.9591475659084,service_start,442,15,2,17
508.1441088844325,arrival,458,16,2,18
508.1709615312281,departure,442,16,1,17
508.1709615312281,service_start,443,15,2,17
508.35381920852086,arrival,459,16,2,18
508.7775796912776,arrival,460,17,2,19
509.1627135234391,departure,443,17,1,18
509.1627135234391,service_start,444,16,2,18
509.4154666121271,arrival,461,17,2,19
510.1927283200437,arrival,462,18,2,20
510.23881250527245,arrival,463,19,2,21
510.28694339597075,departure,441,19,1,20
510.28694339597075,service_start,445,18,2,20
510.4419803548286,arrival,464,19,2,21
510.49673164544583,arrival,465,20,2,22
511.3722235466038,arrival,466,21,2,23
512.6863788809133,arrival,467,22,2,24
514.4434907092731,departure,444,22,1,23
514.4434907092731,service_start,446,21,2,23
515.4346936655567,arrival,468,22,2,24
516.2835001351417,arrival,469,23,2,25
516.8857774896849,departure,446,23,1,24
516.8857774896849,service_start,447,22,2,24
517.1624415824604,arrival,470,23,2,25
517.4966573050725,departure,447,23,1,24
517.4966573050725,service_start,448,22,2,24
518.0090247430785,arrival,471,23,2,25
518.5326612590607,departure,445,23,1,24
518.5326612590607,service_start,449,22,2,24
519.3951541894697,departure,448,22,1,23
519.3951541894697,service_start,450,21,2,23
521.5744861931117,departure,449,21,1,22
521.5744861931117,service_start,451,20,2,22
522.6579682700111,departure,451,20,1,21
522.6579682700111,service_start,452,19,2,21
523.7736405211591,arrival,472,20,2,22
524.056936958339,departure,450,20,1,21
524.056936958339,service_start,453,19,2,21
524.5300589954995,arrival,473,20,2,22
525.0458895349477,departure,452,20,1,21
525.0458895349477,service_start,454,19,2,21
525.445225647012,departure,453,19,1,20
525.445225647012,service_start,455,18,2,20
525.6244753047387,arrival,474,19,2,21
525.7784998660686,arrival,475,20,2,22
525.9245791508205,departure,454,20,1,21
525.9245791508205,service_start,456,19,2,21
527.2857585088547,arrival,476,20,2,22
527.3420585244978,departure,456,20,1,21
527.3420585244978,service_start,457,19,2,21
528.4518885421704,departure,457,19,1,20
528.4518885421704,service_start,458,18,2,20
528.518590914092,arrival,477,19,2,21
529.2431167636693,departure,455,19,1,20
529.2431167636693,service_start,459,18,2,20
529.4520580032975,departure,459,18,1,19
529.4520580032975,service_start,460,17,2,19
529.5652491372517,departure,460,17,1,18
529.5652491372517,service_start,461,16,2,18
529.6703518170395,departure,461,16,1,17
529.6703518170395,service_start,462,15,2,17
529.7053925839683,departure,458,15,1,16
529.7053925839683,service_start,463,14,2,16
530.0873168087036,arrival,478,15,2,17
531.8210437284379,departure,463,15,1,16
531.8210437284379,service_start,464,14,2,16
531.8285457901871,arrival,479,15,2,17
531.9419616611257,departure,462,15,1,16
531.9419616611257,service_start,465,14,2,16
532.1689728813051,departure,465,14,1,15
532.1689728813051,service_start,466,13,2,15
532.4308262435401,departure,464,13,1,14
532.4308262435401,service_start,467,12,2,14
532.7662983498927,departure,467,12,1,13
532.7662983498927,service_start,468,11,2,13
533.1197808466756,departure,468,11,1,12
533.1197808466756,service_start,469,10,2,12
533.4217711185942,departure,469,10,1,11
533.4217711185942,service_start,470,9,2,11
533.8577950568795,arrival,480,10,2,12
534.0934825659725,departure,466,10,1,11
534.0934825659725,service_start,471,9,2,11
534.5414819793758,arrival,481,10,2,12
535.1197647698966,arrival,482,11,2,13
535.5280754308891,arrival,483,12,2,14
535.5935160878015,arrival,484,13,2,15
535.6550858866075,arrival,485,14,2,16
536.2071332108516,departure,471,14,1,15
536.2071332108516,service_start,472,13,2,15
536.8401791562504,departure,472,13,1,14
536.8401791562504,service_start,473,12,2,14
538.0102866319426,arrival,486,13,2,15
538.0830928270561,arrival,487,14,2,16
538.2782981429714,arrival,488,15,2,17
538.6902233387038,arrival,489,16,2,18
538.7616982537297,arrival,490,17,2,19
541.2476885370206,arrival,491,18,2,20
544.4339092102898,arrival,492,19,2,21
544.968138856033,arrival,493,20,2,22
545.0265139254931,arrival,494,21,2,23
545.2046777357043,departure,473,21,1,22
545.2046777357043,service_start,474,20,2,22
545.2589965507975,departure,474,20,1,21
545.2589965507975,service_start,475,19,2,21
545.3822417566572,arrival,495,20,2,22
546.0536854516278,arrival,496,21,2,23
546.2940449472356,departure,475,21,1,22
546.2940449472356,service_start,476,20,2,22
546.3730897935295,departure,476,20,1,21
546.3730897935295,service_start,477,19,2,21
546.6986718217208,departure,470,19,1,20
546.6986718217208,service_start,478,18,2,20
547.2242034295101,arrival,497,19,2,21
547.4023198675685,arrival,498,20,2,22
548.0741411096689,departure,477,20,1,21
548.0741411096689,service_start,479,19,2,21
548.9992719806331,arrival,499,20,2,22
549.474755602145,departure,479,20,1,21
549.474755602145,service_start,480,19,2,21
549.620556885981,departure,478,19,1,20
549.620556885981,service_start,481,18,2,20
550.7417846772602,departure,480,18,1,19
550.7417846772602,service_start,482,17,2,19
551.0131060218646,departure,482,17,1,18
551.0131060218646,service_start,483,16,2,18
553.2267111230103,arrival,500,17,2,19
554.8095175514337,departure,483,17,1,18
554.8095175514337,service_start,484,16,2,18
555.4777065188744,arrival,501,17,2,19
555.790165520852,arrival,502,18,2,20
556.0525851152217,departure,484,18,1,19
556.0525851152217,service_start,485,17,2,19
556.0670511427786,departure,481,17,1,18
556.0670511427786,service_start,486,16,2,18
556.0810568174661,departure,486,16,1,17
556.0810568174661,service_start,487,15,2,17
558.8961607835676,arrival,503,16,2,18
559.1640727381271,arrival,504,17,2,19
559.6112999452323,departure,485,17,1,18
559.6112999452323,service_start,488,16,2,18
560.4663076246715,departure,487,16,1,17
560.4663076246715,service_start,489,15,2,17
560.5309146806408,departure,488,15,1,16
560.5309146806408,service_start,490,14,2,16
560.8269994831478,departure,490,14,1,15
560.8269994831478,service_start,491,13,2,15
561.0433865884855,arrival,505,14,2,16
561.4738645353149,arrival,506,15,2,17
561.5149293141525,departure,489,15,1,16
561.5149293141525,service_start,492,14,2,16
562.4195395516886,departure,491,14,1,15
562.4195395516886,service_start,493,13,2,15
562.4883584851834,departure,493,13,1,14
562.4883584851834,service_start,494,12,2,14
562.8102782183904,arrival,507,13,2,15
563.0411539109119,departure,492,13,1,14
563.0411539109119,service_start,495,12,2,14
565.0771119879179,arrival,508,13,2,15
565.5113986800908,arrival,509,14,2,16
566.0382264918078,departure,495,14,1,15
566.0382264918078,service_start,496,13,2,15
566.1084080076483,arrival,510,14,2,16
566.4505062415333,arrival,511,15,2,17
567.2551638438897,departure,494,15,1,16
567.2551638438897,service_start,497,14,2,16
567.3771487568712,departure,497,14,1,15
567.3771487568712,service_start,498,13,2,15
568.2939540162374,arrival,512,14,2,16
568.4998801070809,arrival,513,15,2,17
568.5321080250751,arrival,514,16,2,18
569.7020979272646,arrival,515,17,2,19
570.4870241422892,arrival,516,18,2,20
571.1708253422133,arrival,517,19,2,21
571.2203388244833,arrival,518,20,2,22
571.8847720348411,departure,496,20,1,21
571.8847720348411,service_start,499,19,2,21
571.897964634677,departure,499,19,1,20
571.897964634677,service_start,500,18,2,20
572.5295321508382,departure,500,18,1,19
572.5295321508382,service_start,501,17,2,19
573.3897324843817,departure,498,17,1,18
573.3897324843817,service_start,502,16,2,18
574.3678760282982,departure,502,16,1,17
574.3678760282982,service_start,503,15,2,17
575.6109433986039,arrival,519,16,2,18
579.2008504326491,arrival,520,17,2,19
579.7822618488999,arrival,521,18,2,20
579.9788824933025,arrival,522,19,2,21
580.1128475161875,departure,503,19,1,20
580.1128475161875,service_start,504,18,2,20
580.4190048553725,arrival,523,19,2,21
581.4820449819738,departure,501,19,1,20
581.4820449819738,service_start,505,18,2,20
583.0021232818956,arrival,524,19,2,21
584.8196919743349,departure,504,19,1,20
584.8196919743349,service_start,506,18,2,20
585.0827139893044,arrival,525,19,2,21
585.4917848544994,arrival,526,20,2,22
585.7714609890594,arrival,527,21,2,23
586.0408720738196,departure,505,21,1,22
586.0408720738196,service_start,507,20,2,22
586.5264819518868,arrival,528,21,2,23
586.5845350312591,departure,507,21,1,22
586.5845350312591,service_start,508,20,2,22
586.8000196495392,arrival,529,21,2,23
586.8031730295252,arrival,530,22,2,24
586.8151431898866,arrival,531,23,2,25
587.0651415807711,arrival,532,24,2,26
588.2675500467127,arrival,533,25,2,27
589.2815416872888,arrival,534,26,2,28
589.3845678581037,departure,506,26,1,27
589.3845678581037,service_start,509,25,2,27
589.7162613017405,arrival,535,26,2,28
591.8050524589058,arrival,536,27,2,29
592.9155449471612,arrival,537,28,2,30
593.3074369511764,arrival,538,29,2,31
593.4813104994697,departure,509,29,1,30
593.4813104994697,service_start,510,28,2,30
593.6279951081814,departure,508,28,1,29
593.6279951081814,service_start,511,27,2,29
593.6286222277575,arrival,539,28,2,30
593.9377025563236,departure,510,28,1,29
593.9377025563236,service_start,512,27,2,29
594.0694874969292,departure,511,27,1,28
594.0694874969292,service_start,513,26,2,28
594.2638730060486,departure,512,26,1,27
594.2638730060486,service_start,514,25,2,27
594.8605291905264,departure,514,25,1,26
594.8605291905264,service_start,515,24,2,26
596.3832662745359,arrival,540,25,2,27
596.6331442650677,departure,515,25,1,26
596.6331442650677,service_start,516,24,2,26
597.6175620869542,arrival,541,25,2,27
598.3486515836088,arrival,542,26,2,28
599.278874018479,arrival,543,27,2,29
599.7149993308382,arrival,544,28,2,30
600.0824863458295,departure,513,28,1,29
600.0824863458295,service_start,517,27,2,29
600.2457020681724,arrival,545,28,2,30
600.8709449403647,departure,517,28,1,29
600.8709449403647,service_start,518,27,2,29
600.9517817656405,departure,518,27,1,28
600.9517817656405,service_start,519,26,2,28
601.0851073048073,arrival,546,27,2,29
601.7264636440743,arrival,547,28,2,30
602.2327609371988,departure,519,28,1,29
602.2327609371988,service_start,520,27,2,29
602.3263937421167,arrival,548,28,2,30
603.85075501056,departure,516,28,1,29
603.85075501056,service_start,521,27,2,29
604.8093317697627,arrival,549,28,2,30
604.9053085385777,departure,521,28,1,29
604.9053085385777,service_start,522,27,2,29
606.1631525062622,departure,522,27,1,28
606.1631525062622,service_start,523,26,2,28
606.3402031358739,arrival,550,27,2,29
606.5887616904782,departure,523,27,1,28
606.5887616904782,service_start,524,26,2,28
606.6830527569056,departure,520,26,1,27
606.6830527569056,service_start,525,25,2,27
607.4020844934721,departure,524,25,1,26
607.4020844934721,service_start,526,24,2,26
609.5291237292095,arrival,551,25,2,27
609.6242233112912,arrival,552,26,2,28
609.9244039663521,arrival,553,27,2,29
611.0880772303824,arrival,554,28,2,30
611.1402741555795,departure,525,28,1,29
611.1402741555795,service_start,527,27,2,29
611.466808840242,arrival,555,28,2,30
611.7104053044333,departure,527,28,1,29
611.7104053044333,service_start,528,27,2,29
613.5567608898966,arrival,556,28,2,30
614.0822312528985,arrival,557,29,2,31
614.519018887943,departure,528,29,1,30
614.519018887943,service_start,529,28,2,30
614.919790025527,arrival,558,29,2,31
616.4851965240507,arrival,559,30,2,32
616.5629762996357,arrival,560,31,2,33
616.8604481926255,arrival,561,32,2,34
617.2775798247475,arrival,562,33,2,35
617.57223216396,departure,526,33,1,34
617.57223216396,service_start,530,32,2,34
617.8758398811177,arrival,563,33,2,35
617.9023029569767,departure,530,33,1,34
617.9023029569767,service_start,531,32,2,34
618.2395267723338,departure,531,32,1,33
618.2395267723338,service_start,532,31,2,33
618.5487900454077,arrival,564,32,2,34
618.6999721683999,arrival,565,33,2,35
619.7173703954929,arrival,566,34,2,36
620.1321254615804,departure,532,34,1,35
620.1321254615804,service_start,533,33,2,35
621.092231704461,departure,529,33,1,34
621.092231704461,service_start,534,32,2,34
621.3912262740653,arrival,567,33,2,35
621.3978796184142,arrival,568,34,2,36
621.4025820893577,departure,534,34,1,35
621.4025820893577,service_start,535,33,2,35
621.8783640354507,arrival,569,34,2,36
622.6395878083571,arrival,570,35,2,37
622.813837302125,departure,533,35,1,36
622.813837302125,service_start,536,34,2,36
624.5613096782872,departure,536,34,1,35
624.5613096782872,service_start,537,33,2,35
624.8455284792019,departure,535,33,1,34
624.8455284792019,service_start,538,32,2,34
625.9011224450767,arrival,571,33,2,35
626.5941856529221,arrival,572,34,2,36
626.9424267948447,arrival,573,35,2,37
627.1051753562451,arrival,574,36,2,38
627.5139331459424,departure,538,36,1,37
627.5139331459424,service_start,539,35,2,37
627.6374888992086,arrival,575,36,2,38
628.1808568178195,departure,537,36,1,37
628.1808568178195,service_start,540,35,2,37
628.9496907289209,arrival,576,36,2,38
629.3804108862972,departure,540,36,1,37
629.3804108862972,service_start,541,35,2,37
629.4640355856958,arrival,577,36,2,38
629.7399216987153,arrival,578,37,2,39
631.6533843043746,arrival,579,38,2,40
631.8147384821549,departure,539,38,1,39
631.8147384821549,service_start,542,37,2,39
631.9644582808538,departure,541,37,1,38
631.9644582808538,service_start,543,36,2,38
632.6037220799342,departure,542,36,1,37
632.6037220799342,service_start,544,35,2,37
634.0450749815454,departure,544,35,1,36
634.0450749815454,service_start,545,34,2,36
634.2695291149025,arrival,580,35,2,37
634.5762356872145,arrival,581,36,2,38
635.0558470074817,departure,545,36,1,37
635.0558470074817,service_start,546,35,2,37
635.7584804927387,departure,546,35,1,36
635.7584804927387,service_start,547,34,2,36
635.9144609082509,departure,543,34,1,35
635.9144609082509,service_start,548,33,2,35
635.9359085308746,departure,548,33,1,34
635.9359085308746,service_start,549,32,2,34
636.0092778502593,arrival,582,33,2,35
636.8223115737381,departure,549,33,1,34
636.8223115737381,service_start,550,32,2,34
636.9376922017167,arrival,583,33,2,35
637.0162918381375,departure,547,33,1,34
637.0162918381375,service_start,551,32,2,34
637.5403435875565,departure,550,32,1,33
637.5403435875565,service_start,552,31,2,33
639.3031626106795,departure,552,31,1,32
639.3031626106795,service_start,553,30,2,32
640.0335508186633,arrival,584,31,2,33
640.4843213832497,departure,553,31,1,32
640.4843213832497,service_start,554,30,2,32
640.6742243042834,arrival,585,31,2,33
641.457742231985,arrival,586,32,2,34
642.1677662031182,departure,554,32,1,33
642.1677662031182,service_start,555,31,2,33
642.3159677904438,departure,555,31,1,32
642.3159677904438,service_start,556,30,2,32
643.1636743002787,arrival,587,31,2,33
643.1732072526643,departure,556,31,1,32
643.1732072526643,service_start,557,30,2,32
644.0096183869414,departure,557,30,1,31
644.0096183869414,service_start,558,29,2,31
644.4157243844516,arrival,588,30,2,32
644.9255122701727,arrival,589,31,2,33
646.078081003945,departure,551,31,1,32
646.078081003945,service_start,559,30,2,32
646.3770628983256,departure,559,30,1,31
646.3770628983256,service_start,560,29,2,31
648.3546321469601,arrival,590,30,2,32
648.4279936884998,departure,558,30,1,31
648.4279936884998,service_start,561,29,2,31
651.34446324913,departure,561,29,1,30
651.34446324913,service_start,562,28,2,30
651.5165062236257,arrival,591,29,2,31
651.570776504553,departure,560,29,1,30
651.570776504553,service_start,563,28,2,30
652.1725480667981,arrival,592,29,2,31
652.714683120273,departure,563,29,1,30
652.714683120273,service_start,564,28,2,30
653.7480994217593,arrival,593,29,2,31
653.7836267832913,departure,564,29,1,30
653.7836267832913,service_start,565,28,2,30
653.8609029971432,arrival,594,29,2,31
654.3682341824934,departure,562,29,1,30
654.3682341824934,service_start,566,28,2,30
654.9867003821012,arrival,595,29,2,31
656.1151692438721,departure,566,29,1,30
656.1151692438721,service_start,567,28,2,30
656.509987143955,departure,565,28,1,29
656.509987143955,service_start,568,27,2,29
656.645163451034,departure,568,27,1,28
656.645163451034,service_start,569,26,2,28
656.9600064796828,departure,569,26,1,27
656.9600064796828,service_start,570,25,2,27
661.3582252525754,departure,567,25,1,26
661.3582252525754,service_start,571,24,2,26
661.6080501448098,departure,571,24,1,25
661.6080501448098,service_start,572,23,2,25
661.8192748697609,departure,572,23,1,24
661.8192748697609,service_start,573,22,2,24
662.5076683319857,arrival,596,23,2,25
662.9628428530614,departure,570,23,1,24
662.9628428530614,service_start,574,22,2,24
663.1584101494124,arrival,597,23,2,25
664.9203479046042,arrival,598,24,2,26
665.1627918782939,arrival,599,25,2,27
665.2503433966596,departure,573,25,1,26
665.2503433966596,service_start,575,24,2,26
665.9306111383428,departure,574,24,1,25
665.9306111383428,service_start,576,23,2,25
666.1728657862512,departure,576,23,1,24
666.1728657862512,service_start,577,22,2,24
667.2361971141513,departure,575,22,1,23
667.2361971141513,service_start,578,21,2,23
669.7781627507659,arrival,600,22,2,24
670.1666832919628,arrival,601,23,2,25
670.5860966106376,departure,577,23,1,24
670.5860966106376,service_start,579,22,2,24
670.8672115421275,arrival,602,23,2,25
670.9979319472801,arrival,603,24,2,26
671.1574043416487,arrival,604,25,2,27
672.3376343439718,departure,578,25,1,26
672.3376343439718,service_start,580,24,2,26
672.5020685830709,arrival,605,25,2,27
673.0109214876293,arrival,606,26,2,28
674.3525348600891,arrival,607,27,2,29
674.3692132943628,departure,580,27,1,28
674.3692132943628,service_start,581,26,2,28
674.684000682025,departure,579,26,1,27
674.684000682025,service_start,582,25,2,27
674.9090681918796,departure,582,25,1,26
674.9090681918796,service_start,583,24,2,26
676.1195972645965,arrival,608,25,2,27
676.4240016970427,departure,583,25,1,26
676.4240016970427,service_start,584,24,2,26
676.6761354688116,arrival,609,25,2,27
677.3381364251258,arrival,610,26,2,28
679.4511951865112,arrival,611,27,2,29
679.551611105407,departure,581,27,1,28
679.551611105407,service_start,585,26,2,28
680.1947610762059,departure,584,26,1,27
680.1947610762059,service_start,586,25,2,27
680.2234630385825,departure,586,25,1,26
680.2234630385825,service_start,587,24,2,26
680.3533704613601,departure,585,24,1,25
680.3533704613601,service_start,588,23,2,25
681.6264848971713,departure,587,23,1,24
681.6264848971713,service_start,589,22,2,24
681.9372766121674,arrival,612,23,2,25
682.7235004084323,arrival,613,24,2,26
683.9819062865969,departure,588,24,1,25
683.9819062865969,service_start,590,23,2,25
684.5582216781273,departure,589,23,1,24
684.5582216781273,service_start,591,22,2,24
684.7785170707795,departure,590,22,1,23
684.7785170707795,service_start,592,21,2,23
684.8928870131015,departure,592,21,1,22
684.8928870131015,service_start,593,20,2,22
685.3530773472365,arrival,614,21,2,23
685.9001386035467,departure,593,21,1,22
685.9001386035467,service_start,594,20,2,22
685.9055812055901,departure,594,20,1,21
685.9055812055901,service_start,595,19,2,21
686.3932542464707,departure,595,19,1,20
686.3932542464707,service_start,596,18,2,20
686.5526872285878,arrival,615,19,2,21
686.7738035568115,departure,596,19,1,20
686.7738035568115,service_start,597,18,2,20
687.4992358120018,departure,597,18,1,19
687.4992358120018,service_start,598,17,2,19
687.6030776965049,arrival,616,18,2,20
687.815933678781,departure,598,18,1,19
687.815933678781,service_start,599,17,2,19
687.9247062991446,arrival,617,18,2,20
688.3966284475398,arrival,618,19,2,21
689.6885470541918,arrival,619,20,2,22
689.7821909406754,departure,599,20,1,21
689.7821909406754,service_start,600,19,2,21
690.165432884904,arrival,620,20,2,22
690.8115989166337,departure,600,20,1,21
690.8115989166337,service_start,601,19,2,21
691.7118500706981,departure,591,19,1,20
691.7118500706981,service_start,602,18,2,20
693.3021064363456,departure,602,18,1,19
693.3021064363456,service_start,603,17,2,19
693.6170190911578,arrival,621,18,2,20
693.76909305094,arrival,622,19,2,21
693.8240811001431,arrival,623,20,2,22
694.2653149168251,arrival,624,21,2,23
694.929701715672,arrival,625,22,2,24
695.5486430494032,arrival,626,23,2,25
696.3677399185774,departure,603,23,1,24
696.3677399185774,service_start,604,22,2,24
696.7869143818925,arrival,627,23,2,25
696.952319185263,departure,604,23,1,24
696.952319185263,service_start,605,22,2,24
697.2846628794853,arrival,628,23,2,25
698.798275418221,departure,605,23,1,24
698.798275418221,service_start,606,22,2,24
698.8224715381923,arrival,629,23,2,25
701.2849666370124,arrival,630,24,2,26
702.3325454041668,departure,601,24,1,25
702.3325454041668,service_start,607,23,2,25
702.8375910387821,arrival,631,24,2,26
703.2460727353625,arrival,632,25,2,27
703.3969365885649,departure,607,25,1,26
703.3969365885649,service_start,608,24,2,26
704.0954940360607,arrival,633,25,2,27
705.5870423463545,arrival,634,26,2,28
705.7248441501073,departure,606,26,1,27
705.7248441501073,service_start,609,25,2,27
705.9391396906636,arrival,635,26,2,28
706.0216077089585,arrival,636,27,2,29
706.3854550696449,arrival,637,28,2,30
706.8043537485472,departure,608,28,1,29
706.8043537485472,service_start,610,27,2,29
707.3409354077403,departure,610,27,1,28
707.3409354077403,service_start,611,26,2,28
707.4045484187241,arrival,638,27,2,29
709.4045017009156,departure,611,27,1,28
709.4045017009156,service_start,612,26,2,28
710.2447559914433,arrival,639,27,2,29
710.4209446717937,arrival,640,28,2,30
710.5142557412504,departure,612,28,1,29
710.5142557412504,service_start,613,27,2,29
711.4045945417558,departure,609,27,1,28
711.4045945417558,service_start,614,26,2,28
711.6444289745057,departure,613,26,1,27
711.6444289745057,service_start,615,25,2,27
711.7851825624562,departure,615,25,1,26
711.7851825624562,service_start,616,24,2,26
712.2268208258027,departure,614,24,1,25
712.2268208258027,service_start,617,23,2,25
712.6015894772466,departure,616,23,1,24
712.6015894772466,service_start,618,22,2,24
713.48770525714,arrival,641,23,2,25
714.3000443138467,departure,617,23,1,24
714.3000443138467,service_start,619,22,2,24
714.5646298306401,departure,618,22,1,23
714.5646298306401,service_start,620,21,2,23
715.2672472719676,departure,619,21,1,22
715.2672472719676,service_start,621,20,2,22
715.3225866496203,arrival,642,21,2,23
715.4435163818579,arrival,643,22,2,24
715.5729583599291,arrival,644,23,2,25
717.069140577089,arrival,645,24,2,26
717.8465424619085,departure,620,24,1,25
717.8465424619085,service_start,622,23,2,25
718.5513950363957,departure,622,23,1,24
718.5513950363957,service_start,623,22,2,24
718.9922174493331,arrival,646,23,2,25
718.9970818103955,arrival,647,24,2,26
719.308315810673,departure,623,24,1,25
719.308315810673,service_start,624,23,2,25
719.5277771318737,departure,621,23,1,24
719.5277771318737,service_start,625,22,2,24
720.074633545478,arrival,648,23,2,25
720.2771943059156,departure,624,23,1,24
720.2771943059156,service_start,626,22,2,24
720.2958497672984,departure,625,22,1,23
720.2958497672984,service_start,627,21,2,23
720.3467262461417,departure,627,21,1,22
720.3467262461417,service_start,628,20,2,22
721.7026615806095,departure,628,20,1,21
721.7026615806095,service_start,629,19,2,21
721.9265238240788,departure,629,19,1,20
721.9265238240788,service_start,630,18,2,20
722.4732161239908,arrival,649,19,2,21
722.6576899905015,departure,626,19,1,20
722.6576899905015,service_start,631,18,2,20
724.0135303606202,departure,630,18,1,19
724.0135303606202,service_start,632,17,2,19
724.2937602181647,departure,632,17,1,18
724.2937602181647,service_start,633,16,2,18
724.3599333078819,arrival,650,17,2,19
724.6544397296751,departure,631,17,1,18
724.6544397296751,service_start,634,16,2,18
724.9953441625731,arrival,651,17,2,19
725.5836746089576,arrival,652,18,2,20
727.4407637165943,arrival,653,19,2,21
728.0081942273312,departure,634,19,1,20
728.0081942273312,service_start,635,18,2,20
728.5547179785416,departure,635,18,1,19
728.5547179785416,service_start,636,17,2,19
728.9194739231908,arrival,654,18,2,20
729.1588664265385,arrival,655,19,2,21
730.2929205926617,departure,636,19,1,20
730.2929205926617,service_start,637,18,2,20
730.6126827621357,departure,633,18,1,19
730.6126827621357,service_start,638,17,2,19
730.9408422261882,departure,637,17,1,18
730.9408422261882,service_start,639,16,2,18
730.9628455177669,departure,639,16,1,17
730.9628455177669,service_start,640,15,2,17
731.1838878172107,arrival,656,16,2,18
731.8917795529592,arrival,657,17,2,19
732.0689428251601,arrival,658,18,2,20
732.1073061453855,departure,638,18,1,19
732.1073061453855,service_start,641,17,2,19
733.0108586421421,arrival,659,18,2,20
733.1198612520986,arrival,660,19,2,21
733.7124330105495,arrival,661,20,2,22
734.1258407503881,arrival,662,21,2,23
734.267996742456,arrival,663,22,2,24
734.2760213346389,arrival,664,23,2,25
734.3639583779768,arrival,665,24,2,26
734.4354902174177,arrival,666,25,2,27
734.7513008852594,departure,640,25,1,26
734.7513008852594,service_start,642,24,2,26
734.8377892967101,arrival,667,25,2,27
735.6491620732514,departure,642,25,1,26
735.6491620732514,service_start,643,24,2,26
736.8446896474495,arrival,668,25,2,27
737.220500245801,departure,641,25,1,26
737.220500245801,service_start,644,24,2,26
737.8330841879922,arrival,669,25,2,27
738.0414823544256,departure,644,25,1,26
738.0414823544256,service_start,645,24,2,26
738.0518239502254,departure,645,24,1,25
738.0518239502254,service_start,646,23,2,25
738.3324872369496,arrival,670,24,2,26
738.5064660482064,departure,643,24,1,25
738.5064660482064,service_start,647,23,2,25
739.7012660360531,arrival,671,24,2,26
739.7714591294941,departure,647,24,1,25
739.7714591294941,service_start,648,23,2,25
739.8187444590108,arrival,672,24,2,26
739.8694908927306,arrival,673,25,2,27
739.9970697517795,departure,646,25,1,26
739.9970697517795,service_start,649,24,2,26
740.1049885807348,arrival,674,25,2,27
740.3280221622003,departure,649,25,1,26
740.3280221622003,service_start,650,24,2,26
740.6546348370643,departure,648,24,1,25
740.6546348370643,service_start,651,23,2,25
741.9168593618966,arrival,675,24,2,26
742.1959411883215,departure,650,24,1,25
742.1959411883215,service_start,652,23,2,25
742.6885655671991,departure,652,23,1,24
742.6885655671991,service_start,653,22,2,24
742.9266104662289,arrival,676,23,2,25
743.8494496626996,arrival,677,24,2,26
744.1696784089642,departure,651,24,1,25
744.1696784089642,service_start,654,23,2,25
744.2201646300208,arrival,678,24,2,26
744.2908737495264,departure,653,24,1,25
744.2908737495264,service_start,655,23,2,25
744.3748409703796,departure,655,23,1,24
744.3748409703796,service_start,656,22,2,24
744.8533429960237,departure,654,22,1,23
744.8533429960237,service_start,657,21,2,23
745.2984407383516,departure,657,21,1,22
745.2984407383516,service_start,658,20,2,22
745.565934519939,arrival,679,21,2,23
745.895508291947,departure,656,21,1,22
745.895508291947,service_start,659,20,2,22
746.8589335190549,departure,658,20,1,21
746.8589335190549,service_start,660,19,2,21
747.2536079293548,departure,660,19,1,20
747.2536079293548,service_start,661,18,2,20
747.4605408672634,departure,659,18,1,19
747.4605408672634,service_start,662,17,2,19
748.9055113647605,arrival,680,18,2,20
749.1751859281675,departure,661,18,1,19
749.1751859281675,service_start,663,17,2,19
749.8225576031028,arrival,681,18,2,20
749.9764720985876,departure,663,18,1,19
749.9764720985876,service_start,664,17,2,19
750.6436716172956,arrival,682,18,2,20
751.0351761437203,arrival,683,19,2,21
751.0450167580686,arrival,684,20,2,22
751.192710787494,arrival,685,21,2,23
752.8823769472668,departure,662,21,1,22
752.8823769472668,service_start,665,20,2,22
752.899888360086,arrival,686,21,2,23
753.7751564165717,departure,665,21,1,22
753.7751564165717,service_start,666,20,2,22
753.7960757694632,arrival,687,21,2,23
756.8832661599554,departure,666,21,1,22
756.8832661599554,service_start,667,20,2,22
756.9484187042632,departure,664,20,1,21
756.9484187042632,service_start,668,19,2,21
757.2367564185471,departure,667,19,1,20
757.2367564185471,service_start,669,18,2,20
757.4503356151138,departure,669,18,1,19
757.4503356151138,service_start,670,17,2,19
757.7426802260128,departure,668,17,1,18
757.7426802260128,service_start,671,16,2,18
759.1166765113559,departure,670,16,1,17
759.1166765113559,service_start,672,15,2,17
759.2191514219771,departure,671,15,1,16
759.2191514219771,service_start,673,14,2,16
759.9243122388377,departure,673,14,1,15
759.9243122388377,service_start,674,13,2,15
761.3934611573875,arrival,688,14,2,16
762.9936744081591,arrival,689,15,2,17
763.4684668897045,arrival,690,16,2,18
763.7999944444576,departure,672,16,1,17
763.7999944444576,service_start,675,15,2,17
763.8618651082295,arrival,691,16,2,18
764.4591871221975,arrival,692,17,2,19
764.8446467811897,departure,674,17,1,18
764.8446467811897,service_start,676,16,2,18
764.862174773036,arrival,693,17,2,19
765.4338417759411,departure,675,17,1,18
765.4338417759411,service_start,677,16,2,18
765.4888234944419,arrival,694,17,2,19
765.7830916826664,departure,676,17,1,18
765.7830916826664,service_start,678,16,2,18
766.4719582433476,departure,678,16,1,17
766.4719582433476,service_start,679,15,2,17
766.503539570688,arrival,695,16,2,18
767.4813177052459,departure,679,16,1,17
767.4813177052459,service_start,680,15,2,17
767.6710472155517,departure,680,15,1,16
767.6710472155517,service_start,681,14,2,16
768.6243014574948,arrival,696,15,2,17
769.8904639638556,arrival,697,16,2,18
770.7543279315104,departure,681,16,1,17
770.7543279315104,service_start,682,15,2,17
771.2136490230598,departure,682,15,1,16
771.2136490230598,service_start,683,14,2,16
771.8180345248215,arrival,698,15,2,17
772.1687639340021,departure,677,15,1,16
772.1687639340021,service_start,684,14,2,16
772.3072979122974,departure,683,14,1,15
772.3072979122974,service_start,685,13,2,15
772.6636535918624,arrival,699,14,2,16
774.5270979456501,departure,685,14,1,15
774.5270979456501,service_start,686,13,2,15
776.7122550791272,departure,686,13,1,14
776.7122550791272,service_start,687,12,2,14
777.7293894847643,arrival,700,13,2,15
777.7963213219416,departure,684,13,1,14
777.7963213219416,service_start,688,12,2,14
777.9131128442418,departure,687,12,1,13
777.9131128442418,service_start,689,11,2,13
777.9477759934741,arrival,701,12,2,14
778.3263423422983,arrival,702,13,2,15
778.8442448844764,arrival,703,14,2,16
779.354736271204,departure,689,14,1,15
779.354736271204,service_start,690,13,2,15
781.7313950365636,arrival,704,14,2,16
782.1695207571939,departure,690,14,1,15
782.1695207571939,service_start,691,13,2,15
783.1643513494191,arrival,705,14,2,16
783.9716417093979,departure,688,14,1,15
783.9716417093979,service_start,692,13,2,15
784.1700184633988,arrival,706,14,2,16
784.2931913098208,departure,691,14,1,15
784.2931913098208,service_start,693,13,2,15
784.9883745462157,departure,693,13,1,14
784.9883745462157,service_start,694,12,2,14
785.5841079308249,departure,694,12,1,13
785.5841079308249,service_start,695,11,2,13
786.0926634057712,arrival,707,12,2,14
786.2455534087122,departure,695,12,1,13
786.2455534087122,service_start,696,11,2,13
787.2427875004443,arrival,708,12,2,14
787.4140141419429,arrival,709,13,2,15
787.5412474342317,arrival,710,14,2,16
788.0158212187497,departure,696,14,1,15
788.0158212187497,service_start,697,13,2,15
788.03164414522,departure,697,13,1,14
788.03164414522,service_start,698,12,2,14
788.272903222341,arrival,711,13,2,15
789.4510908828594,arrival,712,14,2,16
790.1481628982833,departure,692,14,1,15
790.1481628982833,service_start,699,13,2,15
790.1640097670492,departure,698,13,1,14
790.1640097670492,service_start,700,12,2,14
790.1646816355337,departure,700,12,1,13
790.1646816355337,service_start,701,11,2,13
790.5929014713778,departure,699,11,1,12
790.5929014713778,service_start,702,10,2,12
791.4636762078981,departure,702,10,1,11
791.4636762078981,service_start,703,9,2,11
791.475237792346,arrival,713,10,2,12
791.9301456877375,arrival,714,11,2,13
792.4244673336686,departure,701,11,1,12
792.4244673336686,service_start,704,10,2,12
792.4618317466609,departure,703,10,1,11
792.4618317466609,service_start,705,9,2,11
794.6663272659142,arrival,715,10,2,12
795.7562028484513,arrival,716,11,2,13
796.594476086553,departure,705,11,1,12
796.594476086553,service_start,706,10,2,12
796.822752066695,arrival,717,11,2,13
797.5081611901146,arrival,718,12,2,14
797.6042409348952,arrival,719,13,2,15
798.2953423662217,arrival,720,14,2,16
799.1244067989131,departure,704,14,1,15
799.1244067989131,service_start,707,13,2,15
799.6655884830913,departure,706,13,1,14
799.6655884830913,service_start,708,12,2,14
800.8721856542696,arrival,721,13,2,15
800.910675328021,arrival,722,14,2,16
801.3395399841592,departure,707,14,1,15
801.3395399841592,service_start,709,13,2,15
801.4482089298573,departure,709,13,1,14
801.4482089298573,service_start,710,12,2,14
801.5058966256682,departure,708,12,1,13
801.5058966256682,service_start,711,11,2,13
801.5663315004954,departure,710,11,1,12
801.5663315004954,service_start,712,10,2,12
802.1753839573719,departure,712,10,1,11
802.1753839573719,service_start,713,9,2,11
802.4602654153282,arrival,723,10,2,12
802.7516812409687,arrival,724,11,2,13
802.7950790022555,departure,711,11,1,12
802.7950790022555,service_start,714,10,2,12
803.4723986859988,departure,713,10,1,11
803.4723986859988,service_start,715,9,2,11
803.5003530172307,departure,715,9,1,10
803.5003530172307,service_start,716,8,2,10
803.6843636814739,arrival,725,9,2,11
804.2330730047111,arrival,726,10,2,12
806.430765927186,arrival,727,11,2,13
806.9753760648531,arrival,728,12,2,14
807.2547250094187,arrival,729,13,2,15
807.8530676358167,arrival,730,14,2,16
808.4609397218837,arrival,731,15,2,17
808.5297531595137,arrival,732,16,2,18
809.6307090311578,arrival,733,17,2,19
810.0726986310945,arrival,734,18,2,20
810.1242991275358,arrival,735,19,2,21
810.5312761467432,departure,716,19,1,20
810.5312761467432,service_start,717,18,2,20
811.6944074864647,departure,714,18,1,19
811.6944074864647,service_start,718,17,2,19
811.8248987395572,departure,718,17,1,18
811.8248987395572,service_start,719,16,2,18
812.1543286722269,arrival,736,17,2,19
812.343164956897,departure,719,17,1,18
812.343164956897,service_start,720,16,2,18
812.8804462320726,arrival,737,17,2,19
812.9606029673549,departure,717,17,1,18
812.9606029673549,service_start,721,16,2,18
814.6622587551901,departure,721,16,1,17
814.6622587551901,service_start,722,15,2,17
815.2540989768413,departure,722,15,1,16
815.2540989768413,service_start,723,14,2,16
818.74391821531,departure,723,14,1,15
818.74391821531,service_start,724,13,2,15
818.827993400964,departure,720,13,1,14
818.827993400964,service_start,725,12,2,14
818.961729744146,arrival,738,13,2,15
821.3960861815132,departure,725,13,1,14
821.3960861815132,service_start,726,12,2,14
821.5329737665946,departure,724,12,1,13
821.5329737665946,service_start,727,11,2,13
822.0507890104834,departure,727,11,1,12
822.0507890104834,service_start,728,10,2,12
822.3221692215556,departure,728,10,1,11
822.3221692215556,service_start,729,9,2,11
822.7191240657253,arrival,739,10,2,12
822.8599312333521,departure,729,10,1,11
822.8599312333521,service_start,730,9,2,11
823.3193346306251,departure,726,9,1,10
823.3193346306251,service_start,731,8,2,10
823.854643537622,arrival,740,9,2,11
823.8877613751336,arrival,741,10,2,12
824.8462675466684,arrival,742,11,2,13
824.9537198968515,departure,730,11,1,12
824.9537198968515,service_start,732,10,2,12
825.1197307199021,departure,732,10,1,11
825.1197307199021,service_start,733,9,2,11
825.8816665775815,arrival,743,10,2,12
826.880851479746,departure,733,10,1,11
826.880851479746,service_start,734,9,2,11
827.2008008397175,arrival,744,10,2,12
829.1570293437812,departure,731,10,1,11
829.1570293437812,service_start,735,9,2,11
829.2289014924886,arrival,745,10,2,12
829.2602310270787,arrival,746,11,2,13
829.5570333103569,arrival,747,12,2,14
829.7914069432596,arrival,748,13,2,15
829.8614986542241,arrival,749,14,2,16
830.2321085595432,departure,735,14,1,15
830.2321085595432,service_start,736,13,2,15
830.2521050140018,arrival,750,14,2,16
830.4662113286954,arrival,751,15,2,17
831.7629557004622,arrival,752,16,2,18
832.0062191021242,departure,736,16,1,17
832.0062191021242,service_start,737,15,2,17
832.6207508377098,departure,734,15,1,16
832.6207508377098,service_start,738,14,2,16
832.7734062011783,arrival,753,15,2,17
833.3661654514752,departure,738,15,1,16
833.3661654514752,service_start,739,14,2,16
833.8235935165263,arrival,754,15,2,17
833.9184499000721,departure,739,15,1,16
833.9184499000721,service_start,740,14,2,16
833.9386372965851,arrival,755,15,2,17
834.2721828965787,arrival,756,16,2,18
834.6444799769235,arrival,757,17,2,19
835.3861373388728,departure,740,17,1,18
835.3861373388728,service_start,741,16,2,18
835.666590686983,arrival,758,17,2,19
835.6850257121093,arrival,759,18,2,20
836.6207846869901,departure,737,18,1,19
836.6207846869901,service_start,742,17,2,19
836.9314960599484,departure,741,17,1,18
836.9314960599484,service_start,743,16,2,18
837.0253321128102,arrival,760,17,2,19
837.053316625814,arrival,761,18,2,20
837.3064707306728,departure,743,18,1,19
837.3064707306728,service_start,744,17,2,19
837.5943864015387,departure,744,17,1,18
837.5943864015387,service_start,745,16,2,18
838.0461771660099,arrival,762,17,2,19
838.0921330006834,departure,742,17,1,18
838.0921330006834,service_start,746,16,2,18
838.9456493065768,arrival,763,17,2,19
838.9914473986657,departure,745,17,1,18
838.9914473986657,service_start,747,16,2,18
839.3748810536822,arrival,764,17,2,19
839.5035214100739,arrival,765,18,2,20
840.744599343178,departure,747,18,1,19
840.744599343178,service_start,748,17,2,19
840.7633291637497,arrival,766,18,2,20
840.7968676833968,arrival,767,19,2,21
840.9867359982247,departure,746,19,1,20
840.9867359982247,service_start,749,18,2,20
842.0014539227723,departure,748,18,1,19
842.0014539227723,service_start,750,17,2,19
842.6578099949945,departure,750,17,1,18
842.6578099949945,service_start,751,16,2,18
843.2721109017972,arrival,768,17,2,19
843.8644248738883,arrival,769,18,2,20
843.8834672125322,departure,749,18,1,19
843.8834672125322,service_start,752,17,2,19
845.1953519712974,departure,751,17,1,18
845.1953519712974,service_start,753,16,2,18
845.883642311807,arrival,770,17,2,19
845.9166443381124,arrival,771,18,2,20
846.427135787006,arrival,772,19,2,21
846.6345525075892,departure,752,19,1,20
846.6345525075892,service_start,754,18,2,20
847.9290803143259,arrival,773,19,2,21
847.9707996297456,departure,754,19,1,20
847.9707996297456,service_start,755,18,2,20
848.3955849747823,departure,753,18,1,19
848.3955849747823,service_start,756,17,2,19
848.4326404384742,departure,755,17,1,18
848.4326404384742,service_start,757,16,2,18
850.139487905444,arrival,774,17,2,19
850.6659035097064,arrival,775,18,2,20
850.6842340128451,arrival,776,19,2,21
851.2585400218067,departure,756,19,1,20
851.2585400218067,service_start,758,18,2,20
852.6706147059344,arrival,777,19,2,21
853.0984804643024,departure,757,19,1,20
853.0984804643024,service_start,759,18,2,20
853.6491554518377,arrival,778,19,2,21
853.8980821051807,departure,759,19,1,20
853.8980821051807,service_start,760,18,2,20
854.1570415176308,arrival,779,19,2,21
854.9182899445724,departure,758,19,1,20
854.9182899445724,service_start,761,18,2,20
855.0988224495395,arrival,780,19,2,21
855.5897229837999,arrival,781,20,2,22
855.9261409720743,departure,761,20,1,21
855.9261409720743,service_start,762,19,2,21
856.1052348673425,arrival,782,20,2,22
856.9559790575968,arrival,783,21,2,23
857.6248080409011,arrival,784,22,2,24
858.9968912490568,arrival,785,23,2,25
859.1182398733872,departure,760,23,1,24
859.1182398733872,service_start,763,22,2,24
859.2115512858005,arrival,786,23,2,25
859.379523674363,departure,763,23,1,24
859.379523674363,service_start,764,22,2,24
860.2103744430797,arrival,787,23,2,25
860.4851942036187,departure,762,23,1,24
860.4851942036187,service_start,765,22,2,24
861.0324765941458,arrival,788,23,2,25
861.0544962518751,arrival,789,24,2,26
861.2292497317746,arrival,790,25,2,27
861.2345991936467,arrival,791,26,2,28
861.314703130813,departure,765,26,1,27
861.314703130813,service_start,766,25,2,27
862.8409814341596,arrival,792,26,2,28
863.1454253188383,departure,766,26,1,27
863.1454253188383,service_start,767,25,2,27
863.2909143999257,departure,764,25,1,26
863.2909143999257,service_start,768,24,2,26
864.4038855926706,departure,768,24,1,25
864.4038855926706,service_start,769,23,2,25
864.5329624333338,departure,767,23,1,24
864.5329624333338,service_start,770,22,2,24
864.7497374142181,arrival,793,23,2,25
865.1054140220338,departure,770,23,1,24
865.1054140220338,service_start,771,22,2,24
865.158653336787,arrival,794,23,2,25
865.3081527890985,arrival,795,24,2,26
866.5240268491143,departure,771,24,1,25
866.5240268491143,service_start,772,23,2,25
867.2025179139774,departure,772,23,1,24
867.2025179139774,service_start,773,22,2,24
867.6953578288776,arrival,796,23,2,25
867.8972265580495,departure,773,23,1,24
867.8972265580495,service_start,774,22,2,24
867.9225557258707,departure,774,22,1,23
867.9225557258707,service_start,775,21,2,23
869.241804573441,departure,769,21,1,22
869.241804573441,service_start,776,20,2,22
869.272613177475,arrival,797,21,2,23
871.4440322003023,departure,776,21,1,22
871.4440322003023,service_start,777,20,2,22
871.4712410876568,arrival,798,21,2,23
871.9510229951084,departure,775,21,1,22
871.9510229951084,service_start,778,20,2,22
872.305255815044,arrival,799,21,2,23
874.1644383385076,departure,778,21,1,22
874.1644383385076,service_start,779,20,2,22
874.4291163067245,departure,779,20,1,21
874.4291163067245,service_start,780,19,2,21
874.6581518947748,arrival,800,20,2,22
874.6625410545346,departure,780,20,1,21
874.6625410545346,service_start,781,19,2,21
874.9759296477754,departure,777,19,1,20
874.9759296477754,service_start,782,18,2,20
875.4409926223151,arrival,801,19,2,21
875.5931452019943,arrival,802,20,2,22
875.8704575896761,departure,781,20,1,21
875.8704575896761,service_start,783,19,2,21
876.3390112818953,departure,782,19,1,20
876.3390112818953,service_start,784,18,2,20
876.4096830237928,arrival,803,19,2,21
877.1627812049361,arrival,804,20,2,22
877.5373931166691,arrival,805,21,2,23
877.6169679713414,arrival,806,22,2,24
877.7970918372173,arrival,807,23,2,25
878.5049378322404,arrival,808,24,2,26
879.2208318235708,departure,784,24,1,25
879.2208318235708,service_start,785,23,2,25
879.342072563917,departure,783,23,1,24
879.342072563917,service_start,786,22,2,24
879.8723923221814,departure,786,22,1,23
879.8723923221814,service_start,787,21,2,23
880.4866648053224,departure,787,21,1,22
880.4866648053224,service_start,788,20,2,22
881.0788438324533,departure,788,20,1,21
881.0788438324533,service_start,789,19,2,21
881.3012165436683,arrival,809,20,2,22
881.6483234445226,departure,785,20,1,21
881.6483234445226,service_start,790,19,2,21
882.9399109107779,departure,790,19,1,20
882.9399109107779,service_start,791,18,2,20
883.2451136615367,departure,789,18,1,19
883.2451136615367,service_start,792,17,2,19
883.8883533884416,departure,791,17,1,18
883.8883533884416,service_start,793,16,2,18
884.181496638913,arrival,810,17,2,19
884.192759570956,departure,793,17,1,18
884.192759570956,service_start,794,16,2,18
884.532469435854,departure,792,16,1,17
884.532469435854,service_start,795,15,2,17
884.9180853602898,departure,794,15,1,16
884.9180853602898,service_start,796,14,2,16
885.1131769854667,departure,796,14,1,15
885.1131769854667,service_start,797,13,2,15
885.4617848403616,arrival,811,14,2,16
885.4768632952923,departure,795,14,1,15
885.4768632952923,service_start,798,13,2,15
885.7067082745126,arrival,812,14,2,16
886.4215774280443,arrival,813,15,2,17
886.7775235214967,departure,797,15,1,16
886.7775235214967,service_start,799,14,2,16
887.3500561871923,arrival,814,15,2,17
887.5453999452608,departure,799,15,1,16
887.5453999452608,service_start,800,14,2,16
887.7210533219389,departure,798,14,1,15
887.7210533219389,service_start,801,13,2,15
888.2463410315453,departure,800,13,1,14
888.2463410315453,service_start,802,12,2,14
888.388540434573,arrival,815,13,2,15
888.6835092604871,departure,802,13,1,14
888.6835092604871,service_start,803,12,2,14
888.7207702638807,arrival,816,13,2,15
889.3204516926039,departure,801,13,1,14
889.3204516926039,service_start,804,12,2,14
889.8461698167339,departure,803,12,1,13
889.8461698167339,service_start,805,11,2,13
890.8065514765998,arrival,817,12,2,14
890.9059996503343,departure,805,12,1,13
890.9059996503343,service_start,806,11,2,13
891.2652115783231,departure,804,11,1,12
891.2652115783231,service_start,807,10,2,12
891.9005298241752,departure,806,10,1,11
891.9005298241752,service_start,808,9,2,11
892.2318704536068,arrival,818,10,2,12
893.0158935122548,arrival,819,11,2,13
893.2827641322673,arrival,820,12,2,14
893.5202198132009,departure,808,12,1,13
893.5202198132009,service_start,809,11,2,13
893.6853386115532,departure,807,11,1,12
893.6853386115532,service_start,810,10,2,12
894.2470264564994,arrival,821,11,2,13
894.6498433703464,departure,810,11,1,12
894.6498433703464,service_start,811,10,2,12
895.1882008990158,arrival,822,11,2,13
895.3430273452453,departure,811,11,1,12
895.3430273452453,service_start,812,10,2,12
895.8492131327193,arrival,823,11,2,13
896.0078579817763,arrival,824,12,2,14
896.6631939658786,departure,809,12,1,13
896.6631939658786,service_start,813,11,2,13
897.0617158624407,departure,812,11,1,12
897.0617158624407,service_start,814,10,2,12
898.5962781024373,arrival,825,11,2,13
898.8067986145485,departure,813,11,1,12
898.8067986145485,service_start,815,10,2,12
898.8673654147491,departure,814,10,1,11
898.8673654147491,service_start,816,9,2,11
899.0136867847821,departure,815,9,1,10
899.0136867847821,service_start,817,8,2,10
899.4742122310174,arrival,826,9,2,11
899.5055692537804,departure,817,9,1,10
899.5055692537804,service_start,818,8,2,10
900.0624273585762,departure,818,8,1,9
900.0624273585762,service_start,819,7,2,9
900.3239925455251,arrival,827,8,2,10
901.7639505094024,arrival,828,9,2,11
902.1622164467178,arrival,829,10,2,12
903.2299221175879,departure,819,10,1,11
903.2299221175879,service_start,820,9,2,11
903.5603574437087,departure,816,9,1,10
903.5603574437087,service_start,821,8,2,10
904.0605492626869,arrival,830,9,2,11
904.1728085266608,departure,820,9,1,10
904.1728085266608,service_start,822,8,2,10
904.2241610394834,arrival,831,9,2,11
907.0433666808271,departure,822,9,1,10
907.0433666808271,service_start,823,8,2,10
907.1680628289635,arrival,832,9,2,11
909.2940843961533,departure,821,9,1,10
909.2940843961533,service_start,824,8,2,10
910.008185470737,departure,823,8,1,9
910.008185470737,service_start,825,7,2,9
910.209013022254,departure,825,7,1,8
910.209013022254,service_start,826,6,2,8
910.7628144385325,departure,824,6,1,7
910.7628144385325,service_start,827,5,2,7
910.9106193658978,arrival,833,6,2,8
911.0347525104975,arrival,834,7,2,9
911.5810515227927,arrival,835,8,2,10
914.1386927030335,arrival,836,9,2,11
914.79624202107,arrival,837,10,2,12
916.3393379333284,departure,826,10,1,11
916.3393379333284,service_start,828,9,2,11
916.8281695148402,departure,827,9,1,10
916.8281695148402,service_start,829,8,2,10
917.3028948970986,arrival,838,9,2,11
917.7661230347724,arrival,839,10,2,12
919.0344949540172,arrival,840,11,2,13
919.046189947664,departure,828,11,1,12
919.046189947664,service_start,830,10,2,12
919.6015676592206,arrival,841,11,2,13
919.647854520013,departure,829,11,1,12
919.647854520013,service_start,831,10,2,12
920.1483494859374,departure,831,10,1,11
920.1483494859374,service_start,832,9,2,11
920.3523624590753,arrival,842,10,2,12
920.7853504607275,arrival,843,11,2,13
921.3263247481175,departure,832,11,1,12
921.3263247481175,service_start,833,10,2,12
921.5013583064508,arrival,844,11,2,13
921.7754187689652,arrival,845,12,2,14
922.2783816547534,arrival,846,13,2,15
922.4456620374693,departure,830,13,1,14
922.4456620374693,service_start,834,12,2,14
922.8404326771392,arrival,847,13,2,15
924.4135187540587,arrival,848,14,2,16
924.439765398367,arrival,849,15,2,17
924.6880810573656,departure,834,15,1,16
924.6880810573656,service_start,835,14,2,16
925.5422257347137,departure,833,14,1,15
925.5422257347137,service_start,836,13,2,15
926.3256429489523,departure,836,13,1,14
926.3256429489523,service_start,837,12,2,14
926.328531004058,departure,837,12,1,13
926.328531004058,service_start,838,11,2,13
926.4444409908083,arrival,850,12,2,14
926.6283794327248,arrival,851,13,2,15
926.8650042449972,departure,838,13,1,14
926.8650042449972,service_start,839,12,2,14
927.7680237245786,departure,839,12,1,13
927.7680237245786,service_start,840,11,2,13
928.1320185524196,arrival,852,12,2,14
928.3316937418938,arrival,853,13,2,15
928.7826163466386,departure,840,13,1,14
928.7826163466386,service_start,841,12,2,14
928.8669278597687,departure,841,12,1,13
928.8669278597687,service_start,842,11,2,13
929.6146165429095,departure,842,11,1,12
929.6146165429095,service_start,843,10,2,12
930.1090703839507,arrival,854,11,2,13
930.7529795331766,arrival,855,12,2,14
932.5944916658084,arrival,856,13,2,15
932.8395577602489,departure,843,13,1,14
932.8395577602489,service_start,844,12,2,14
932.9241626832944,departure,835,12,1,13
932.9241626832944,service_start,845,11,2,13
933.396449795062,arrival,857,12,2,14
933.8330472457708,departure,845,12,1,13
933.8330472457708,service_start,846,11,2,13
935.238967217178,arrival,858,12,2,14
935.3160238221707,departure,844,12,1,13
935.3160238221707,service_start,847,11,2,13
936.0443686930987,departure,846,11,1,12
936.0443686930987,service_start,848,10,2,12
936.5825189648834,arrival,859,11,2,13
937.4835769060968,arrival,860,12,2,14
937.5276439341591,departure,848,12,1,13
937.5276439341591,service_start,849,11,2,13
938.7377100441525,departure,849,11,1,12
938.7377100441525,service_start,850,10,2,12
938.9281614102476,arrival,861,11,2,13
938.9975497319681,arrival,862,12,2,14
939.0466478194064,arrival,863,13,2,15
939.0700105218837,departure,850,13,1,14
939.0700105218837,service_start,851,12,2,14
939.2941136888096,departure,847,12,1,13
939.2941136888096,service_start,852,11,2,13
940.437904956675,arrival,864,12,2,14
941.2515507223734,arrival,865,13,2,15
941.6261489434359,departure,851,13,1,14
941.6261489434359,service_start,853,12,2,14
942.0705253852134,departure,852,12,1,13
942.0705253852134,service_start,854,11,2,13
943.2244299563037,departure,854,11,1,12
943.2244299563037,service_start,855,10,2,12
946.3080515913422,arrival,866,11,2,13
946.3314333910683,departure,855,11,1,12
946.3314333910683,service_start,856,10,2,12
946.4369448364605,departure,853,10,1,11
946.4369448364605,service_start,857,9,2,11
947.5119746383015,arrival,867,10,2,12
948.0840049388445,arrival,868,11,2,13
948.1074038212789,departure,856,11,1,12
948.1074038212789,service_start,858,10,2,12
948.1934395684669,departure,857,10,1,11
948.1934395684669,service_start,859,9,2,11
948.5488037587786,arrival,869,10,2,12
949.3364539450613,arrival,870,11,2,13
949.7177209881155,departure,859,11,1,12
949.7177209881155,service_start,860,10,2,12
950.3960594007792,departure,860,10,1,11
950.3960594007792,service_start,861,9,2,11
950.8122285150072,arrival,871,10,2,12
951.3518661409643,departure,858,10,1,11
951.3518661409643,service_start,862,9,2,11
952.708842774759,departure,861,9,1,10
952.708842774759,service_start,863,8,2,10
952.7745261568627,arrival,872,9,2,11
954.0581903228706,arrival,873,10,2,12
954.481997367731,arrival,874,11,2,13
954.5610594789082,departure,863,11,1,12
954.5610594789082,service_start,864,10,2,12
955.1168378809687,arrival,875,11,2,13
955.117426369834,departure,864,11,1,12
955.117426369834,service_start,865,10,2,12
955.7825903441873,departure,862,10,1,11
955.7825903441873,service_start,866,9,2,11
955.8126839403069,departure,866,9,1,10
955.8126839403069,service_start,867,8,2,10
955.9366584831689,departure,867,8,1,9
955.9366584831689,service_start,868,7,2,9
956.1315947106278,departure,868,7,1,8
956.1315947106278,service_start,869,6,2,8
956.3584801405365,departure,865,6,1,7
956.3584801405365,service_start,870,5,2,7
957.0975750567302,departure,870,5,1,6
957.0975750567302,service_start,871,4,2,6
957.2519054430143,departure,871,4,1,5
957.2519054430143,service_start,872,3,2,5
958.1599495984364,arrival,876,4,2,6
958.953132530268,arrival,877,5,2,7
959.3417489319797,departure,869,5,1,6
959.3417489319797,service_start,873,4,2,6
959.5385796758655,departure,873,4,1,5
959.5385796758655,service_start,874,3,2,5
959.8896902776022,departure,874,3,1,4
959.8896902776022,service_start,875,2,2,4
960.0487316374292,departure,875,2,1,3
960.0487316374292,service_start,876,1,2,3
960.2080263321438,departure,876,1,1,2
960.2080263321438,service_start,877,0,2,2
960.5984259224102,departure,877,0,1,1
961.0060160058621,departure,872,0,0,0
961.2489222783515,arrival,878,0,1,1
961.2489222783515,service_start,878,0,1,1
961.448338197424,arrival,879,0,2,2
961.448338197424,service_start,879,0,2,2
961.9532377565681,arrival,880,1,2,3
962.02653429363,departure,879,1,1,2
962.02653429363,service_start,880,0,2,2
962.5576076275196,departure,880,0,1,1
962.7305787633682,departure,878,0,0,0
963.1483886869792,arrival,881,0,1,1
963.1483886869792,service_start,881,0,1,1
963.3990864978368,departure,881,0,0,0
966.139895715011,arrival,882,0,1,1
966.139895715011,service_start,882,0,1,1
967.7737019135712,arrival,883,0,2,2
967.7737019135712,service_start,883,0,2,2
968.1569284620347,arrival,884,1,2,3
968.3639482251403,arrival,885,2,2,4
968.5926637885095,arrival,886,3,2,5
968.6808347787628,departure,882,3,1,4
968.6808347787628,service_start,884,2,2,4
968.721069793869,departure,883,2,1,3
968.721069793869,service_start,885,1,2,3
969.0994994109225,arrival,887,2,2,4
969.1407183080001,arrival,888,3,2,5
969.868589306559,departure,885,3,1,4
969.868589306559,service_start,886,2,2,4
970.5087909597752,arrival,889,3,2,5
971.1470611583507,departure,884,3,1,4
971.1470611583507,service_start,887,2,2,4
971.3986773919828,departure,886,2,1,3
971.3986773919828,service_start,888,1,2,3
971.7111471312575,departure,887,1,1,2
971.7111471312575,service_start,889,0,2,2
972.6224329633866,departure,889,0,1,1
974.9405205352726,departure,888,0,0,0
974.980588769336,arrival,890,0,1,1
974.980588769336,service_start,890,0,1,1
975.2092312756456,departure,890,0,0,0
975.5212112354504,arrival,891,0,1,1
975.5212112354504,service_start,891,0,1,1
976.2662240892189,arrival,892,0,2,2
976.2662240892189,service_start,892,0,2,2
976.3440645574756,departure,891,0,1,1
976.98783323061,arrival,893,0,2,2
976.98783323061,service_start,893,0,2,2
977.0222223596548,departure,893,0,1,1
977.7492419898342,arrival,894,0,2,2
977.7492419898342,service_start,894,0,2,2
977.8689583461921,arrival,895,1,2,3
978.0167162198849,arrival,896,2,2,4
978.2605588570128,departure,892,2,1,3
978.2605588570128,service_start,895,1,2,3
978.6962510953822,departure,894,1,1,2
978.6962510953822,service_start,896,0,2,2
979.2317120074457,arrival,897,1,2,3
981.178482469588,departure,896,1,1,2
981.178482469588,service_start,897,0,2,2
981.3049003791671,departure,897,0,1,1
981.4560763917353,arrival,898,0,2,2
981.4560763917353,service_start,898,0,2,2
981.9083893588462,departure,898,0,1,1
982.0066979893113,departure,895,0,0,0
984.573614841765,arrival,899,0,1,1
984.573614841765,service_start,899,0,1,1
985.7073902837981,arrival,900,0,2,2
985.7073902837981,service_start,900,0,2,2
986.1150473743811,departure,900,0,1,1
986.1630920070846,arrival,901,0,2,2
986.1630920070846,service_start,901,0,2,2
986.4354644787912,arrival,902,1,2,3
986.9846004090755,arrival,903,2,2,4
987.1570150461413,arrival,904,3,2,5
987.5281200917105,arrival,905,4,2,6
987.7546537600047,departure,899,4,1,5
987.7546537600047,service_start,902,3,2,5
989.6737425216604,departure,902,3,1,4
989.6737425216604,service_start,903,2,2,4
989.9970257171939,departure,901,2,1,3
989.9970257171939,service_start,904,1,2,3
991.0455124414871,departure,903,1,1,2
991.0455124414871,service_start,905,0,2,2
991.0564559136087,departure,905,0,1,1
992.2328398556095,departure,904,0,0,0
992.9140016562137,arrival,906,0,1,1
992.9140016562137,service_start,906,0,1,1
994.1519061016163,departure,906,0,0,0
995.7689930591226,arrival,907,0,1,1
995.7689930591226,service_start,907,0,1,1
995.8398090007199,arrival,908,0,2,2
995.8398090007199,service_start,908,0,2,2
996.0019329586626,departure,908,0,1,1
996.4370262623593,arrival,909,0,2,2
996.4370262623593,service_start,909,0,2,2
997.3314975050719,departure,907,0,1,1
998.0021070060578,arrival,910,0,2,2
998.0021070060578,service_start,910,0,2,2
998.0399766723582,departure,909,0,1,1
998.1143816764996,arrival,911,0,2,2
998.1143816764996,service_start,911,0,2,2
998.9341946866548,arrival,912,1,2,3
999.6793678213272,arrival,913,2,2,4
1001.2490159500782,arrival,914,3,2,5
1001.7723608749851,departure,910,3,1,4
1001.7723608749851,service_start,912,2,2,4
1001.9840933772625,arrival,915,3,2,5
1002.1317359845341,departure,911,3,1,4
1002.1317359845341,service_start,913,2,2,4
1003.3383089765607,arrival,916,3,2,5
1003.776552258721,departure,913,3,1,4
1003.776552258721,service_start,914,2,2,4
1004.6733560851736,departure,912,2,1,3
1004.6733560851736,service_start,915,1,2,3
1004.8675260704588,departure,915,1,1,2
1004.8675260704588,service_start,916,0,2,2
1005.1189695201392,departure,916,0,1,1
1005.1466864421324,departure,914,0,0,0
1005.3954419559047,arrival,917,0,1,1
1005.3954419559047,service_start,917,0,1,1
1006.1413713676853,arrival,918,0,2,2
1006.1413713676853,service_start,918,0,2,2
1007.9778968756399,arrival,919,1,2,3
1008.2940956407748,departure,917,1,1,2
1008.2940956407748,service_start,919,0,2,2
1008.496888512196,departure,919,0,1,1
1008.8837318124519,arrival,920,0,2,2
1008.8837318124519,service_start,920,0,2,2
1010.4055692330721,departure,918,0,1,1
1010.4101116993854,arrival,921,0,2,2
1010.4101116993854,service_start,921,0,2,2
1010.8611358397526,arrival,922,1,2,3
1011.195687333915,arrival,923,2,2,4
1011.307248741311,departure,920,2,1,3
1011.307248741311,service_start,922,1,2,3
1013.1534425734895,departure,921,1,1,2
1013.1534425734895,service_start,923,0,2,2
1013.4770613334256,departure,922,0,1,1
1013.5404230146794,arrival,924,0,2,2
1013.5404230146794,service_start,924,0,2,2
1013.9666376710782,arrival,925,1,2,3
1014.7244756641261,departure,923,1,1,2
1014.7244756641261,service_start,925,0,2,2
1014.8370111670464,arrival,926,1,2,3
1014.921082034491,arrival,927,2,2,4
1015.693700152089,arrival,928,3,2,5
1015.8840142244796,departure,924,3,1,4
1015.8840142244796,service_start,926,2,2,4
1017.0836869239798,departure,925,2,1,3
1017.0836869239798,service_start,927,1,2,3
1017.8471279406156,departure,927,1,1,2
1017.8471279406156,service_start,928,0,2,2
1018.2147415546649,arrival,929,1,2,3
1018.4151099010106,arrival,930,2,2,4
1018.9747458227866,departure,926,2,1,3
1018.9747458227866,service_start,929,1,2,3
1019.8309122995793,departure,929,1,1,2
1019.8309122995793,service_start,930,0,2,2
1020.4277720521994,departure,928,0,1,1
1020.7281503025198,arrival,931,0,2,2
1020.7281503025198,service_start,931,0,2,2
1020.8920149649304,arrival,932,1,2,3
1021.4608352605724,arrival,933,2,2,4
1021.46742928922,departure,930,2,1,3
1021.46742928922,service_start,932,1,2,3
1022.0222531449333,arrival,934,2,2,4
1022.2321841747194,departure,931,2,1,3
1022.2321841747194,service_start,933,1,2,3
1024.2458363083317,arrival,935,2,2,4
1024.4531243164645,arrival,936,3,2,5
1025.5541204070644,departure,933,3,1,4
1025.5541204070644,service_start,934,2,2,4
1026.5046600008368,departure,932,2,1,3
1026.5046600008368,service_start,935,1,2,3
1026.73624763287,departure,935,1,1,2
1026.73624763287,service_start,936,0,2,2
1026.9767036262735,departure,936,0,1,1
1028.6641853406486,departure,934,0,0,0
1031.3733082911615,arrival,937,0,1,1
1031.3733082911615,service_start,937,0,1,1
1034.7193895835792,departure,937,0,0,0
1035.8117920146208,arrival,938,0,1,1
1035.8117920146208,service_start,938,0,1,1
1036.0693375477122,arrival,939,0,2,2
1036.0693375477122,service_start,939,0,2,2
1036.4069191959466,arrival,940,1,2,3
1037.1640764964554,departure,939,1,1,2
1037.1640764964554,service_start,940,0,2,2
1037.9152973627286,departure,938,0,1,1
1038.807375045697,arrival,941,0,2,2
1038.807375045697,service_start,941,0,2,2
1038.8969756810288,arrival,942,1,2,3
1039.1471334716978,arrival,943,2,2,4
1039.3343738663564,arrival,944,3,2,5
1039.4088721923258,departure,941,3,1,4
1039.4088721923258,service_start,942,2,2,4
1040.940571318596,arrival,945,3,2,5
1041.7649767395415,departure,942,3,1,4
1041.7649767395415,service_start,943,2,2,4
1042.367297329611,departure,943,2,1,3
1042.367297329611,service_start,944,1,2,3
1042.408541999603,arrival,946,2,2,4
1042.7636418685088,departure,944,2,1,3
1042.7636418685088,service_start,945,1,2,3
1042.8334340713363,arrival,947,2,2,4
1043.2365546888925,departure,940,2,1,3
1043.2365546888925,service_start,946,1,2,3
1043.7858347172178,arrival,948,2,2,4
1043.8307615705512,departure,945,2,1,3
1043.8307615705512,service_start,947,1,2,3
1044.2012618596932,arrival,949,2,2,4
1045.2694547148315,departure,947,2,1,3
1045.2694547148315,service_start,948,1,2,3
1045.4070298739628,departure,948,1,1,2
1045.4070298739628,service_start,949,0,2,2
1045.9927491732628,arrival,950,1,2,3
1048.1937610666303,departure,946,1,1,2
1048.1937610666303,service_start,950,0,2,2
1048.6030195571145,arrival,951,1,2,3
1048.8723657994303,departure,950,1,1,2
1048.8723657994303,service_start,951,0,2,2
1048.9397319096054,departure,951,0,1,1
1049.2849299048337,arrival,952,0,2,2
1049.2849299048337,service_start,952,0,2,2
1049.3644592307169,departure,952,0,1,1
1049.905834471685,departure,949,0,0,0
1050.9238185839781,arrival,953,0,1,1
1050.9238185839781,service_start,953,0,1,1
1050.9627754419846,arrival,954,0,2,2
1050.9627754419846,service_start,954,0,2,2
1051.809198813628,departure,954,0,1,1
1052.509218428356,arrival,955,0,2,2
1052.509218428356,service_start,955,0,2,2
1052.8863455494263,arrival,956,1,2,3
1052.922318713464,departure,955,1,1,2
1052.922318713464,service_start,956,0,2,2
1053.1723479485668,arrival,957,1,2,3
1053.1787039205617,arrival,958,2,2,4
1053.4027844058537,arrival,959,3,2,5
1053.5036826997891,departure,953,3,1,4
1053.5036826997891,service_start,957,2,2,4
1054.62012780634,arrival,960,3,2,5
1055.1157889505782,arrival,961,4,2,6
1055.1293005103446,arrival,962,5,2,7
1055.3222358588255,arrival,963,6,2,8
1055.6460308592405,departure,956,6,1,7
1055.6460308592405,service_start,958,5,2,7
1057.1381102946168,departure,957,5,1,6
1057.1381102946168,service_start,959,4,2,6
1057.739761853584,arrival,964,5,2,7
1057.8336168540231,arrival,965,6,2,8
1058.002335591069,departure,958,6,1,7
1058.002335591069,service_start,960,5,2,7
1058.8706388880087,departure,960,5,1,6
1058.8706388880087,service_start,961,4,2,6
1059.0237578550066,departure,961,4,1,5
1059.0237578550066,service_start,962,3,2,5
1059.6591037507587,arrival,966,4,2,6
1060.1176308266029,arrival,967,5,2,7
1060.5707437930355,departure,962,5,1,6
1060.5707437930355,service_start,963,4,2,6
1060.7031438044899,arrival,968,5,2,7
1060.9768497542148,arrival,969,6,2,8
1061.388247129455,arrival,970,7,2,9
1061.428291980753,departure,963,7,1,8
1061.428291980753,service_start,964,6,2,8
1061.7600430708346,arrival,971,7,2,9
1061.8653263349108,arrival,972,8,2,10
1063.042446303279,departure,964,8,1,9
1063.042446303279,service_start,965,7,2,9
1063.7523951456517,departure,959,7,1,8
1063.7523951456517,service_start,966,6,2,8
1063.8770821768503,arrival,973,7,2,9
1065.003144631195,departure,965,7,1,8
1065.003144631195,service_start,967,6,2,8
1065.4545710621824,departure,967,6,1,7
1065.4545710621824,service_start,968,5,2,7
1065.6414422804337,arrival,974,6,2,8
1066.1915121163925,departure,968,6,1,7
1066.1915121163925,service_start,969,5,2,7
1066.215963501719,arrival,975,6,2,8
1066.870220792712,arrival,976,7,2,9
1066.9033886948175,arrival,977,8,2,10
1067.2328001202773,arrival,978,9,2,11
1067.6114880665011,arrival,979,10,2,12
1067.6996329425572,arrival,980,11,2,13
1068.2394201413633,arrival,981,12,2,14
1068.6196188722788,departure,966,12,1,13
1068.6196188722788,service_start,970,11,2,13
1070.7850342805345,arrival,982,12,2,14
1070.825983459793,departure,970,12,1,13
1070.825983459793,service_start,971,11,2,13
1070.958854356443,departure,971,11,1,12
1070.958854356443,service_start,972,10,2,12
1072.0576875888958,arrival,983,11,2,13
1072.1549484899658,arrival,984,12,2,14
1072.8335010129656,departure,969,12,1,13
1072.8335010129656,service_start,973,11,2,13
1073.3652909078794,arrival,985,12,2,14
1074.1661517456505,arrival,986,13,2,15
1074.4259878181686,arrival,987,14,2,16
1074.5353349953702,departure,973,14,1,15
1074.5353349953702,service_start,974,13,2,15
1074.733919699168,departure,972,13,1,14
1074.733919699168,service_start,975,12,2,14
1074.795585311404,arrival,988,13,2,15
1075.361810552915,arrival,989,14,2,16
1076.3717561002616,arrival,990,15,2,17
1077.47814760042,departure,975,15,1,16
1077.47814760042,service_start,976,14,2,16
1077.5312546468183,departure,974,14,1,15
1077.5312546468183,service_start,977,13,2,15
1077.8641773502952,departure,976,13,1,14
1077.8641773502952,service_start,978,12,2,14
1079.0761449159863,arrival,991,13,2,15
1079.3915689963578,departure,978,13,1,14
1079.3915689963578,service_start,979,12,2,14
1079.4508462693882,departure,979,12,1,13
1079.4508462693882,service_start,980,11,2,13
1079.5772449904068,departure,980,11,1,12
1079.5772449904068,service_start,981,10,2,12
1080.4719547292063,departure,981,10,1,11
1080.4719547292063,service_start,982,9,2,11
1081.8987043122195,arrival,992,10,2,12
1082.8970345747289,arrival,993,11,2,13
1082.9156959681807,departure,977,11,1,12
1082.9156959681807,service_start,983,10,2,12
1083.430626945071,departure,983,10,1,11
1083.430626945071,service_start,984,9,2,11
1083.5232016605978,arrival,994,10,2,12
1083.5559539270635,arrival,995,11,2,13
1083.6077271042761,arrival,996,12,2,14
1085.9050830307758,departure,982,12,1,13
1085.9050830307758,service_start,985,11,2,13
1086.9457417909043,departure,984,11,1,12
1086.9457417909043,service_start,986,10,2,12
1087.239545449353,arrival,997,11,2,13
1087.2638235426473,departure,986,11,1,12
1087.2638235426473,service_start,987,10,2,12
1087.5304025579326,departure,985,10,1,11
1087.5304025579326,service_start,988,9,2,11
1089.416887183439,departure,987,9,1,10
1089.416887183439,service_start,989,8,2,10
1089.728008987472,departure,989,8,1,9
1089.728008987472,service_start,990,7,2,9
1089.7716130713152,departure,990,7,1,8
1089.7716130713152,service_start,991,6,2,8
1090.0541274982704,arrival,998,7,2,9
1090.549603757964,departure,991,7,1,8
1090.549603757964,service_start,992,6,2,8
1091.3729329928904,departure,992,6,1,7
1091.3729329928904,service_start,993,5,2,7
1091.4787630783285,arrival,999,6,2,8
1091.7585730468068,arrival,1000,7,2,9
1092.418160414087,departure,993,7,1,8
1092.418160414087,service_start,994,6,2,8
1092.9877274746234,departure,988,6,1,7
1092.9877274746234,service_start,995,5,2,7
1093.0248314411817,departure,995,5,1,6
1093.0248314411817,service_start,996,4,2,6
1093.0708606839735,arrival,1001,5,2,7
1093.2482349204859,departure,994,5,1,6
1093.2482349204859,service_start,997,4,2,6
1093.4146875102986,departure,996,4,1,5
1093.4146875102986,service_start,998,3,2,5
1093.55921451698,departure,997,3,1,4
1093.55921451698,service_start,999,2,2,4
1094.5141928340977,departure,999,2,1,3
1094.5141928340977,service_start,1000,1,2,3
1094.5666027435611,departure,1000,1,1,2
1094.5666027435611,service_start,1001,0,2,2
1094.7454450251562,departure,998,0,1,1
1095.2232886736258,arrival,1002,0,2,2
1095.2232886736258,service_start,1002,0,2,2
1095.7981320098618,arrival,1003,1,2,3
1097.2982380394474,arrival,1004,2,2,4
1097.3259908689622,departure,1001,2,1,3
1097.3259908689622,service_start,1003,1,2,3
1097.7556168585597,arrival,1005,2,2,4
1098.0413327243864,arrival,1006,3,2,5
1098.7863200437678,departure,1003,3,1,4
1098.7863200437678,service_start,1004,2,2,4
1100.2681204785488,arrival,1007,3,2,5
1101.7436510717866,departure,1002,3,1,4
1101.7436510717866,service_start,1005,2,2,4
1103.391853577188,arrival,1008,3,2,5
1103.4389822447006,arrival,1009,4,2,6
1103.8397009614976,arrival,1010,5,2,7
1104.0891253606894,arrival,1011,6,2,8
1104.3310309603974,departure,1004,6,1,7
1104.3310309603974,service_start,1006,5,2,7
1105.1887332192914,departure,1005,5,1,6
1105.1887332192914,service_start,1007,4,2,6
1105.6154100316235,arrival,1012,5,2,7
1106.6028320974665,departure,1006,5,1,6
1106.6028320974665,service_start,1008,4,2,6
1106.7958753252667,arrival,1013,5,2,7
1106.8021705992837,departure,1008,5,1,6
1106.8021705992837,service_start,1009,4,2,6
1106.9019387517649,departure,1007,4,1,5
1106.9019387517649,service_start,1010,3,2,5
1107.0867581647915,departure,1009,3,1,4
1107.0867581647915,service_start,1011,2,2,4
1107.2671197643485,departure,1011,2,1,3
1107.2671197643485,service_start,1012,1,2,3
1107.3381625461232,arrival,1014,2,2,4
1107.9827408871781,departure,1012,2,1,3
1107.9827408871781,service_start,1013,1,2,3
1108.042955716961,departure,1010,1,1,2
1108.042955716961,service_start,1014,0,2,2
1108.5112452188664,arrival,1015,1,2,3
1108.8401074533658,arrival,1016,2,2,4
1109.6372051202445,arrival,1017,3,2,5
1109.8757832062468,arrival,1018,4,2,6
1110.647628204589,departure,1013,4,1,5
1110.647628204589,service_start,1015,3,2,5
1111.035896140341,departure,1014,3,1,4
1111.035896140341,service_start,1016,2,2,4
1111.123265942434,arrival,1019,3,2,5
1111.5869228058114,arrival,1020,4,2,6
1112.3552683244452,departure,1016,4,1,5
1112.3552683244452,service_start,1017,3,2,5
1112.4753912774513,arrival,1021,4,2,6
1112.9789541216412,departure,1017,4,1,5
1112.9789541216412,service_start,1018,3,2,5
1113.0672524517415,arrival,1022,4,2,6
1114.146700248904,departure,1018,4,1,5
1114.146700248904,service_start,1019,3,2,5
1114.4005459942668,arrival,1023,4,2,6
1114.5130251600874,departure,1015,4,1,5
1114.5130251600874,service_start,1020,3,2,5
1114.80149501554,arrival,1024,4,2,6
1114.9409105540076,arrival,1025,5,2,7
1116.4024598648655,arrival,1026,6,2,8
1116.6408344950803,arrival,1027,7,2,9
1117.1452982436401,departure,1020,7,1,8
1117.1452982436401,service_start,1021,6,2,8
1117.834020571823,departure,1021,6,1,7
1117.834020571823,service_start,1022,5,2,7
1117.9948676333845,arrival,1028,6,2,8
1118.5849929774588,arrival,1029,7,2,9
1119.308141574831,departure,1019,7,1,8
1119.308141574831,service_start,1023,6,2,8
1120.0493400097741,arrival,1030,7,2,9
1120.2405190432362,departure,1022,7,1,8
1120.2405190432362,service_start,1024,6,2,8
1120.540840340764,departure,1023,6,1,7
1120.540840340764,service_start,1025,5,2,7
1120.6125525496284,arrival,1031,6,2,8
1120.7180311377524,departure,1024,6,1,7
1120.7180311377524,service_start,1026,5,2,7
1121.795412610258,departure,1025,5,1,6
1121.795412610258,service_start,1027,4,2,6
1123.093123372277,departure,1026,4,1,5
1123.093123372277,service_start,1028,3,2,5
1123.5041518389194,departure,1027,3,1,4
1123.5041518389194,service_start,1029,2,2,4
1123.715880940601,arrival,1032,3,2,5
1124.8654323918688,departure,1028,3,1,4
1124.8654323918688,service_start,1030,2,2,4
1125.7722222510163,departure,1030,2,1,3
1125.7722222510163,service_start,1031,1,2,3
1125.9043902382207,arrival,1033,2,2,4
1126.2984883065728,departure,1031,2,1,3
1126.2984883065728,service_start,1032,1,2,3
1126.7250352407352,departure,1032,1,1,2
1126.7250352407352,service_start,1033,0,2,2
1127.8253819217791,arrival,1034,1,2,3
1127.8796678977442,arrival,1035,2,2,4
1128.0281848928444,departure,1033,2,1,3
1128.0281848928444,service_start,1034,1,2,3
1128.290202633999,departure,1034,1,1,2
1128.290202633999,service_start,1035,0,2,2
1128.7425053525344,arrival,1036,1,2,3
1129.8449491319077,departure,1035,1,1,2
1129.8449491319077,service_start,1036,0,2,2
1130.2667094193166,arrival,1037,1,2,3
1130.4956875216421,arrival,1038,2,2,4
1130.959551791091,departure,1036,2,1,3
1130.959551791091,service_start,1037,1,2,3
1131.2380493333653,departure,1029,1,1,2
1131.2380493333653,service_start,1038,0,2,2
1132.0696793257785,arrival,1039,1,2,3
1132.2156109661275,departure,1037,1,1,2
1132.2156109661275,service_start,1039,0,2,2
1132.399127472663,departure,1039,0,1,1
1132.5345331844624,arrival,1040,0,2,2
1132.5345331844624,service_start,1040,0,2,2
1133.2556918979008,departure,1038,0,1,1
1134.1835775169284,arrival,1041,0,2,2
1134.1835775169284,service_start,1041,0,2,2
1134.9281708703106,departure,1041,0,1,1
1136.1382601848254,departure,1040,0,0,0
1136.1664733883943,arrival,1042,0,1,1
1136.1664733883943,service_start,1042,0,1,1
1136.7769345863007,arrival,1043,0,2,2
1136.7769345863007,service_start,1043,0,2,2
1138.0870662573839,departure,1042,0,1,1
1139.3038665945767,departure,1043,0,0,0
1141.1183077411476,arrival,1044,0,1,1
1141.1183077411476,service_start,1044,0,1,1
1141.1636596882677,arrival,1045,0,2,2
1141.1636596882677,service_start,1045,0,2,2
1141.7586184280053,departure,1044,0,1,1
1142.1224796149554,departure,1045,0,0,0
1147.4967544176407,arrival,1046,0,1,1
1147.4967544176407,service_start,1046,0,1,1
1147.5672308237843,arrival,1047,0,2,2
1147.5672308237843,service_start,1047,0,2,2
1147.6086978139915,departure,1047,0,1,1
1148.0482584006254,arrival,1048,0,2,2
1148.0482584006254,service_start,1048,0,2,2
1148.0806011359448,departure,1048,0,1,1
1148.267156356139,departure,1046,0,0,0
1148.3490246825784,arrival,1049,0,1,1
1148.3490246825784,service_start,1049,0,1,1
1149.2670278355429,arrival,1050,0,2,2
1149.2670278355429,service_start,1050,0,2,2
1149.2905119473735,arrival,1051,1,2,3
1149.8652344879235,arrival,1052,2,2,4
1150.7943928754228,arrival,1053,3,2,5
1151.1554172773158,departure,1050,3,1,4
1151.1554172773158,service_start,1051,2,2,4
1152.4024941084967,departure,1049,2,1,3
1152.4024941084967,service_start,1052,1,2,3
1152.4105667958781,departure,1052,1,1,2
1152.4105667958781,service_start,1053,0,2,2
1152.5807075749553,arrival,1054,1,2,3
1152.5915300025092,departure,1051,1,1,2
1152.5915300025092,service_start,1054,0,2,2
1152.897946106333,arrival,1055,1,2,3
1153.3093141601332,arrival,1056,2,2,4
1153.5906543415515,arrival,1057,3,2,5
1153.8498791411803,arrival,1058,4,2,6
1154.6075730099249,departure,1053,4,1,5
1154.6075730099249,service_start,1055,3,2,5
1155.2088022529495,departure,1054,3,1,4
1155.2088022529495,service_start,1056,2,2,4
1155.2327080606403,departure,1055,2,1,3
1155.2327080606403,service_start,1057,1,2,3
1156.7577539788547,departure,1056,1,1,2
1156.7577539788547,service_start,1058,0,2,2
1157.3100994816346,departure,1057,0,1,1
1158.050511889264,arrival,1059,0,2,2
1158.050511889264,service_start,1059,0,2,2
1158.5218074802451,departure,1059,0,1,1
1158.6699009681045,departure,1058,0,0,0
1159.930539787179,arrival,1060,0,1,1
1159.930539787179,service_start,1060,0,1,1
1160.223605258603,departure,1060,0,0,0
1160.594749701952,arrival,1061,0,1,1
1160.594749701952,service_start,1061,0,1,1
1160.7148127980158,arrival,1062,0,2,2
1160.7148127980158,service_start,1062,0,2,2
1161.4074743563228,arrival,1063,1,2,3
1161.74962332218,arrival,1064,2,2,4
1162.0937610352216,arrival,1065,3,2,5
1163.455693066627,arrival,1066,4,2,6
1163.683320642735,arrival,1067,5,2,7
1163.9608228650402,arrival,1068,6,2,8
1164.4510154994084,departure,1062,6,1,7
1164.4510154994084,service_start,1063,5,2,7
1165.8634840457898,departure,1063,5,1,6
1165.8634840457898,service_start,1064,4,2,6
1165.9756280485096,departure,1061,4,1,5
1165.9756280485096,service_start,1065,3,2,5
1167.355302422241,departure,1064,3,1,4
1167.355302422241,service_start,1066,2,2,4
1168.0579387969144,arrival,1069,3,2,5
1169.8129518611593,departure,1065,3,1,4
1169.8129518611593,service_start,1067,2,2,4
1171.5758663189565,departure,1066,2,1,3
1171.5758663189565,service_start,1068,1,2,3
1172.6080288372204,departure,1068,1,1,2
1172.6080288372204,service_start,1069,0,2,2
1172.6644397167072,departure,1069,0,1,1
1172.8953356947468,departure,1067,0,0,0
1173.4966315383058,arrival,1070,0,1,1
1173.4966315383058,service_start,1070,0,1,1
1173.9882052155654,arrival,1071,0,2,2
1173.9882052155654,service_start,1071,0,2,2
1174.4248155322941,arrival,1072,1,2,3
1175.9475796631361,departure,1070,1,1,2
1175.9475796631361,service_start,1072,0,2,2
1176.1354641295843,departure,1072,0,1,1
1176.3612671097153,arrival,1073,0,2,2
1176.3612671097153,service_start,1073,0,2,2
1176.756200890345,departure,1073,0,1,1
1177.1532378938318,arrival,1074,0,2,2
1177.1532378938318,service_start,1074,0,2,2
1178.8063287279422,arrival,1075,1,2,3
1180.0535799665136,arrival,1076,2,2,4
1181.149004015055,departure,1071,2,1,3
1181.149004015055,service_start,1075,1,2,3
1181.3919827872744,arrival,1077,2,2,4
1181.5648000525482,arrival,1078,3,2,5
1181.5918352099914,arrival,1079,4,2,6
1181.7819175002621,departure,1074,4,1,5
1181.7819175002621,service_start,1076,3,2,5
1182.705703800983,arrival,1080,4,2,6
1182.8742927860592,arrival,1081,5,2,7
1183.0267681094467,departure,1076,5,1,6
1183.0267681094467,service_start,1077,4,2,6
1183.7194919979474,arrival,1082,5,2,7
1183.932748538963,arrival,1083,6,2,8
1184.0174195843397,departure,1075,6,1,7
1184.0174195843397,service_start,1078,5,2,7
1185.5498282532922,departure,1077,5,1,6
1185.5498282532922,service_start,1079,4,2,6
1186.0894287378594,arrival,1084,5,2,7
1186.4611171667514,departure,1079,5,1,6
1186.4611171667514,service_start,1080,4,2,6
1187.721087814991,departure,1078,4,1,5
1187.721087814991,service_start,1081,3,2,5
1188.0116437659015,arrival,1085,4,2,6
1188.151149086424,departure,1081,4,1,5
1188.151149086424,service_start,1082,3,2,5
1188.5138370359757,departure,1082,3,1,4
1188.5138370359757,service_start,1083,2,2,4
1189.1221610492896,arrival,1086,3,2,5
1189.9839205078613,arrival,1087,4,2,6
1190.4063474841782,departure,1083,4,1,5
1190.4063474841782,service_start,1084,3,2,5
1190.7483909459797,arrival,1088,4,2,6
1190.7669036415214,arrival,1089,5,2,7
1191.670180135386,departure,1080,5,1,6
1191.670180135386,service_start,1085,4,2,6
1192.3747624377481,departure,1084,4,1,5
1192.3747624377481,service_start,1086,3,2,5
1192.37592877914,departure,1085,3,1,4
1192.37592877914,service_start,1087,2,2,4
1192.7875616638792,departure,1086,2,1,3
1192.7875616638792,service_start,1088,1,2,3
1192.9715343617743,arrival,1090,2,2,4
1193.9432855302925,departure,1088,2,1,3
1193.9432855302925,service_start,1089,1,2,3
1194.096828711347,departure,1087,1,1,2
1194.096828711347,service_start,1090,0,2,2
1194.635504896072,arrival,1091,1,2,3
1195.4933246752933,arrival,1092,2,2,4
1195.797014498713,departure,1090,2,1,3
1195.797014498713,service_start,1091,1,2,3
1195.8814113137523,departure,1089,1,1,2
1195.8814113137523,service_start,1092,0,2,2
1196.0894438772068,departure,1091,0,1,1
1196.4357419535766,arrival,1093,0,2,2
1196.4357419535766,service_start,1093,0,2,2
1196.9124781095961,arrival,1094,1,2,3
1197.544039020977,arrival,1095,2,2,4
1197.6794745263608,arrival,1096,3,2,5
1198.11737740502,departure,1093,3,1,4
1198.11737740502,service_start,1094,2,2,4
1199.8698489570775,departure,1092,2,1,3
1199.8698489570775,service_start,1095,1,2,3
1201.2243128013122,departure,1094,1,1,2
1201.2243128013122,service_start,1096,0,2,2
1202.5594401897256,arrival,1097,1,2,3
1203.2523488411819,departure,1096,1,1,2
1203.2523488411819,service_start,1097,0,2,2
1203.3947630457074,arrival,1098,1,2,3
1206.002182709596,arrival,1099,2,2,4
1206.5981198919665,departure,1097,2,1,3
1206.5981198919665,service_start,1098,1,2,3
1206.7453585283145,departure,1098,1,1,2
1206.7453585283145,service_start,1099,0,2,2
1206.942091271625,arrival,1100,1,2,3
1207.2959623683337,arrival,1101,2,2,4
1208.4033961962296,departure,1095,2,1,3
1208.4033961962296,service_start,1100,1,2,3
1209.0363124299574,departure,1100,1,1,2
1209.0363124299574,service_start,1101,0,2,2
1209.0951527064767,departure,1101,0,1,1
1209.2734717222497,arrival,1102,0,2,2
1209.2734717222497,service_start,1102,0,2,2
1209.3065162563048,arrival,1103,1,2,3
1209.8743756647837,arrival,1104,2,2,4
1210.0597191110976,arrival,1105,3,2,5
1210.0615328890228,departure,1099,3,1,4
1210.0615328890228,service_start,1103,2,2,4
1210.428811378715,departure,1103,2,1,3
1210.428811378715,service_start,1104,1,2,3
1210.6228361518151,arrival,1106,2,2,4
1211.3600440804064,arrival,1107,3,2,5
1211.7072913678517,arrival,1108,4,2,6
1211.7608624126915,departure,1104,4,1,5
1211.7608624126915,service_start,1105,3,2,5
1212.1439114483433,departure,1102,3,1,4
1212.1439114483433,service_start,1106,2,2,4
1212.227192566334,departure,1106,2,1,3
1212.227192566334,service_start,1107,1,2,3
1212.504054466231,departure,1105,1,1,2
1212.504054466231,service_start,1108,0,2,2
1212.9296973049816,arrival,1109,1,2,3
1212.9537568913115,arrival,1110,2,2,4
1214.2604983473502,departure,1108,2,1,3
1214.2604983473502,service_start,1109,1,2,3
1214.541097651862,arrival,1111,2,2,4
1216.3397711323105,arrival,1112,3,2,5
1216.355920706453,departure,1109,3,1,4
1216.355920706453,service_start,1110,2,2,4
1216.6317527127192,arrival,1113,3,2,5
1218.1892476374167,departure,1110,3,1,4
1218.1892476374167,service_start,1111,2,2,4
1218.474999411468,arrival,1114,3,2,5
1218.4769307764345,departure,1107,3,1,4
1218.4769307764345,service_start,1112,2,2,4
1220.2767608285606,arrival,1115,3,2,5
1220.674766977943,departure,1112,3,1,4
1220.674766977943,service_start,1113,2,2,4
1220.6795605962109,arrival,1116,3,2,5
1221.3357323454547,departure,1113,3,1,4
1221.3357323454547,service_start,1114,2,2,4
1221.3866757932747,arrival,1117,3,2,5
1222.1009006216423,departure,1114,3,1,4
1222.1009006216423,service_start,1115,2,2,4
1223.2235015779013,departure,1111,2,1,3
1223.2235015779013,service_start,1116,1,2,3
1223.719743276683,arrival,1118,2,2,4
1224.4539707314143,arrival,1119,3,2,5
1226.4607495285932,arrival,1120,4,2,6
1227.6682469980528,departure,1115,4,1,5
1227.6682469980528,service_start,1117,3,2,5
1227.9922861455848,departure,1116,3,1,4
1227.9922861455848,service_start,1118,2,2,4
1228.439032903,departure,1117,2,1,3
1228.439032903,service_start,1119,1,2,3
1228.993127431732,departure,1119,1,1,2
1228.993127431732,service_start,1120,0,2,2
1229.3452817595587,departure,1118,0,1,1
1229.48267937669,departure,1120,0,0,0
1231.6065772193306,arrival,1121,0,1,1
1231.6065772193306,service_start,1121,0,1,1
1233.0326972265784,arrival,1122,0,2,2
1233.0326972265784,service_start,1122,0,2,2
1233.2851897485145,departure,1121,0,1,1
1233.6919137292896,arrival,1123,0,2,2
1233.6919137292896,service_start,1123,0,2,2
1233.784669143329,departure,1122,0,1,1
1234.1658610000034,departure,1123,0,0,0
1236.266496579918,arrival,1124,0,1,1
1236.266496579918,service_start,1124,0,1,1
1236.8344902053082,departure,1124,0,0,0
1237.0498051917975,arrival,1125,0,1,1
1237.0498051917975,service_start,1125,0,1,1
1237.2520506813405,arrival,1126,0,2,2
1237.2520506813405,service_start,1126,0,2,2
1237.9127007070397,departure,1126,0,1,1
1238.732928663958,departure,1125,0,0,0
1240.330664904137,arrival,1127,0,1,1
1240.330664904137,service_start,1127,0,1,1
1241.0398571320638,arrival,1128,0,2,2
1241.0398571320638,service_start,1128,0,2,2
1241.2980376756516,arrival,1129,1,2,3
1241.6887704754486,arrival,1130,2,2,4
1241.7344232589821,departure,1128,2,1,3
1241.7344232589821,service_start,1129,1,2,3
1241.8255041639513,arrival,1131,2,2,4
1241.9895604113672,departure,1127,2,1,3
1241.9895604113672,service_start,1130,1,2,3
1242.0195595482871,departure,1129,1,1,2
1242.0195595482871,service_start,1131,0,2,2
1242.363024314071,arrival,1132,1,2,3
1242.387820915691,departure,1130,1,1,2
1242.387820915691,service_start,1132,0,2,2
1242.4642284188824,departure,1132,0,1,1
1242.739736998534,departure,1131,0,0,0
1243.2647998550706,arrival,1133,0,1,1
1243.2647998550706,service_start,1133,0,1,1
1244.6615729859539,departure,1133,0,0,0
1245.0509188041424,arrival,1134,0,1,1
1245.0509188041424,service_start,1134,0,1,1
1246.4425795882391,departure,1134,0,0,0
1247.3096392770642,arrival,1135,0,1,1
1247.3096392770642,service_start,1135,0,1,1
1247.7570897705612,departure,1135,0,0,0
1247.8345724675146,arrival,1136,0,1,1
1247.8345724675146,service_start,1136,0,1,1
1250.6585847937492,arrival,1137,0,2,2
1250.6585847937492,service_start,1137,0,2,2
1250.981618809882,arrival,1138,1,2,3
1251.233500016487,departure,1137,1,1,2
1251.233500016487,service_start,1138,0,2,2
1252.5701319714997,departure,1136,0,1,1
1253.2791537115036,departure,1138,0,0,0
1254.5572334840833,arrival,1139,0,1,1
1254.5572334840833,service_start,1139,0,1,1
1254.8454949108693,arrival,1140,0,2,2
1254.8454949108693,service_start,1140,0,2,2
1255.7631492124005,departure,1139,0,1,1
1256.7180363631192,departure,1140,0,0,0
1257.0128990059616,arrival,1141,0,1,1
1257.0128990059616,service_start,1141,0,1,1
1259.2774909763305,arrival,1142,0,2,2
1259.2774909763305,service_start,1142,0,2,2
1259.4379814016845,arrival,1143,1,2,3
1260.0758500885177,arrival,1144,2,2,4
1261.5375957612946,arrival,1145,3,2,5
1261.9396913769694,arrival,1146,4,2,6
1261.9929867169867,departure,1141,4,1,5
1261.9929867169867,service_start,1143,3,2,5
1262.0985401116336,arrival,1147,4,2,6
1263.0117834906187,departure,1143,4,1,5
1263.0117834906187,service_start,1144,3,2,5
1263.3367242888667,departure,1144,3,1,4
1263.3367242888667,service_start,1145,2,2,4
1263.6372491580523,departure,1142,2,1,3
1263.6372491580523,service_start,1146,1,2,3
1263.9526178508438,departure,1145,1,1,2
1263.9526178508438,service_start,1147,0,2,2
1264.3509420836076,arrival,1148,1,2,3
1264.4943679425785,arrival,1149,2,2,4
1265.7565374805831,arrival,1150,3,2,5
1266.4027422968427,arrival,1151,4,2,6
1268.5725471543183,departure,1146,4,1,5
1268.5725471543183,service_start,1148,3,2,5
1269.3659754339583,arrival,1152,4,2,6
1269.49636438759,arrival,1153,5,2,7
1269.6598581143166,arrival,1154,6,2,8
1269.8317341636252,arrival,1155,7,2,9
1270.0821962699702,departure,1147,7,1,8
1270.0821962699702,service_start,1149,6,2,8
1270.4134735920547,departure,1149,6,1,7
1270.4134735920547,service_start,1150,5,2,7
1270.5192065281963,arrival,1156,6,2,8
1270.8606965524132,arrival,1157,7,2,9
1271.3389870510778,arrival,1158,8,2,10
1272.5733650641055,departure,1148,8,1,9
1272.5733650641055,service_start,1151,7,2,9
1272.838189291652,arrival,1159,8,2,10
1274.0096608206902,arrival,1160,9,2,11
1274.982523411763,departure,1150,9,1,10
1274.982523411763,service_start,1152,8,2,10
1275.9915805600317,arrival,1161,9,2,11
1276.0815279800404,arrival,1162,10,2,12
1276.195558934144,departure,1151,10,1,11
1276.195558934144,service_start,1153,9,2,11
1276.3507004592554,arrival,1163,10,2,12
1276.8534237541992,arrival,1164,11,2,13
1277.080214532132,departure,1153,11,1,12
1277.080214532132,service_start,1154,10,2,12
1277.4747082101278,arrival,1165,11,2,13
1278.5534839778156,arrival,1166,12,2,14
1278.7290808554353,departure,1154,12,1,13
1278.7290808554353,service_start,1155,11,2,13
1278.8871774941952,arrival,1167,12,2,14
1278.9168784493377,departure,1155,12,1,13
1278.9168784493377,service_start,1156,11,2,13
1280.2419119785316,departure,1156,11,1,12
1280.2419119785316,service_start,1157,10,2,12
1280.7124846274548,departure,1152,10,1,11
1280.7124846274548,service_start,1158,9,2,11
1281.0837399690781,departure,1158,9,1,10
1281.0837399690781,service_start,1159,8,2,10
1282.545056286748,departure,1159,8,1,9
1282.545056286748,service_start,1160,7,2,9
1283.1397988206918,arrival,1168,8,2,10
1284.250551265316,arrival,1169,9,2,11
1284.4096063957877,departure,1160,9,1,10
1284.4096063957877,service_start,1161,8,2,10
1286.1731962973531,departure,1157,8,1,9
1286.1731962973531,service_start,1162,7,2,9
1286.2374421605161,departure,1161,7,1,8
1286.2374421605161,service_start,1163,6,2,8
1287.547943910932,departure,1163,6,1,7
1287.547943910932,service_start,1164,5,2,7
1288.243086220469,arrival,1170,6,2,8
1288.3031928937903,arrival,1171,7,2,9
1288.953129957265,departure,1164,7,1,8
1288.953129957265,service_start,1165,6,2,8
1289.0299147242267,arrival,1172,7,2,9
1289.8827026684176,departure,1165,7,1,8
1289.8827026684176,service_start,1166,6,2,8
1290.2437056717122,departure,1162,6,1,7
1290.2437056717122,service_start,1167,5,2,7
1291.1595438957643,departure,1166,5,1,6
1291.1595438957643,service_start,1168,4,2,6
1291.4376424143213,departure,1167,4,1,5
1291.4376424143213,service_start,1169,3,2,5
1292.5915906916139,arrival,1173,4,2,6
1292.684077338204,arrival,1174,5,2,7
1293.1773730620846,arrival,1175,6,2,8
1294.0586738300826,departure,1168,6,1,7
1294.0586738300826,service_start,1170,5,2,7
1294.3004127950776,departure,1170,5,1,6
1294.3004127950776,service_start,1171,4,2,6
1296.1636999316956,departure,1169,4,1,5
1296.1636999316956,service_start,1172,3,2,5
1296.5297064878966,arrival,1176,4,2,6
1297.854508825294,arrival,1177,5,2,7
1298.2893859512283,arrival,1178,6,2,8
1298.5145507469692,arrival,1179,7,2,9
1298.79639311248,departure,1171,7,1,8
1298.79639311248,service_start,1173,6,2,8
1299.6039168719922,arrival,1180,7,2,9
1300.1572302760637,arrival,1181,8,2,10
1300.2079698449813,departure,1172,8,1,9
1300.2079698449813,service_start,1174,7,2,9
1300.3280381889383,arrival,1182,8,2,10
1300.4544644804357,arrival,1183,9,2,11
1300.6313989795804,arrival,1184,10,2,12
1302.1233056714573,departure,1173,10,1,11
1302.1233056714573,service_start,1175,9,2,11
1302.3091222448759,departure,1174,9,1,10
1302.3091222448759,service_start,1176,8,2,10
1302.5975042576385,arrival,1185,9,2,11
1303.3810178801798,arrival,1186,10,2,12
1304.3246673207946,arrival,1187,11,2,13
1304.6556948436726,arrival,1188,12,2,14
1304.7094992572015,arrival,1189,13,2,15
1305.2233230693876,departure,1175,13,1,14
1305.2233230693876,service_start,1177,12,2,14
1305.5873840989934,departure,1176,12,1,13
1305.5873840989934,service_start,1178,11,2,13
1306.0063139383585,departure,1178,11,1,12
1306.0063139383585,service_start,1179,10,2,12
1306.1566538308514,arrival,1190,11,2,13
1306.4328388171493,arrival,1191,12,2,14
1306.4791301619387,departure,1177,12,1,13
1306.4791301619387,service_start,1180,11,2,13
1306.4800701338272,departure,1179,11,1,12
1306.4800701338272,service_start,1181,10,2,12
1306.9172167277775,departure,1180,10,1,11
1306.9172167277775,service_start,1182,9,2,11
1307.1754964011761,arrival,1192,10,2,12
1307.6504010998033,departure,1181,10,1,11
1307.6504010998033,service_start,1183,9,2,11
1307.691915015445,departure,1183,9,1,10
1307.691915015445,service_start,1184,8,2,10
1308.1468364536527,arrival,1193,9,2,11
1309.5730312374476,departure,1182,9,1,10
1309.5730312374476,service_start,1185,8,2,10
1310.2295269525266,arrival,1194,9,2,11
1310.5886365609724,arrival,1195,10,2,12
1310.8925055403822,arrival,1196,11,2,13
1311.6976092586506,departure,1185,11,1,12
1311.6976092586506,service_start,1186,10,2,12
1312.1833605629688,departure,1186,10,1,11
1312.1833605629688,service_start,1187,9,2,11
1314.148681494216,arrival,1197,10,2,12
1314.1743381882432,departure,1184,10,1,11
1314.1743381882432,service_start,1188,9,2,11
1314.3285521014716,arrival,1198,10,2,12
1314.4624990410912,arrival,1199,11,2,13
1315.1596789878913,departure,1187,11,1,12
1315.1596789878913,service_start,1189,10,2,12
1315.3243945078857,arrival,1200,11,2,13
1315.762844312887,departure,1188,11,1,12
1315.762844312887,service_start,1190,10,2,12
1315.770904744148,departure,1190,10,1,11
1315.770904744148,service_start,1191,9,2,11
1316.266962442753,arrival,1201,10,2,12
1317.1404368840551,arrival,1202,11,2,13
1317.1833735224616,arrival,1203,12,2,14
1318.092849708619,arrival,1204,13,2,15
1318.317970063268,departure,1191,13,1,14
1318.317970063268,service_start,1192,12,2,14
1318.7643986910143,departure,1192,12,1,13
1318.7643986910143,service_start,1193,11,2,13
1318.8442857333182,arrival,1205,12,2,14
1319.3412421393791,departure,1193,12,1,13
1319.3412421393791,service_start,1194,11,2,13
1319.4632964687473,arrival,1206,12,2,14
1319.9919866687294,departure,1189,12,1,13
1319.9919866687294,service_start,1195,11,2,13
1320.0819127455134,departure,1195,11,1,12
1320.0819127455134,service_start,1196,10,2,12
1320.348569665264,arrival,1207,11,2,13
1320.8115575080603,arrival,1208,12,2,14
1320.8495225542445,arrival,1209,13,2,15
1320.9782491477777,departure,1196,13,1,14
1320.9782491477777,service_start,1197,12,2,14
1321.6658722412826,departure,1194,12,1,13
1321.6658722412826,service_start,1198,11,2,13
1322.373006244978,arrival,1210,12,2,14
1322.4436059548423,departure,1198,12,1,13
1322.4436059548423,service_start,1199,11,2,13
1323.0634750163797,arrival,1211,12,2,14
1323.4278663291186,departure,1199,12,1,13
1323.4278663291186,service_start,1200,11,2,13
1324.164489779652,arrival,1212,12,2,14
1324.1823292652323,arrival,1213,13,2,15
1324.539055668789,departure,1197,13,1,14
1324.539055668789,service_start,1201,12,2,14
1325.4085490335228,arrival,1214,13,2,15
1325.613252810212,arrival,1215,14,2,16
1326.8130078916263,arrival,1216,15,2,17
1327.2503422070813,arrival,1217,16,2,18
1327.5348018129746,arrival,1218,17,2,19
1327.766337907388,departure,1200,17,1,18
1327.766337907388,service_start,1202,16,2,18
1327.7811416489706,departure,1201,16,1,17
1327.7811416489706,service_start,1203,15,2,17
1327.8853096525766,arrival,1219,16,2,18
1328.2096325184768,departure,1202,16,1,17
1328.2096325184768,service_start,1204,15,2,17
1329.9732351481796,departure,1204,15,1,16
1329.9732351481796,service_start,1205,14,2,16
1330.4347320017025,departure,1205,14,1,15
1330.4347320017025,service_start,1206,13,2,15
1330.4683342593612,departure,1203,13,1,14
1330.4683342593612,service_start,1207,12,2,14
1330.6221293716028,departure,1206,12,1,13
1330.6221293716028,service_start,1208,11,2,13
1330.7396536959795,arrival,1220,12,2,14
1330.9112198959647,departure,1208,12,1,13
1330.9112198959647,service_start,1209,11,2,13
1331.27806660151,departure,1207,11,1,12
1331.27806660151,service_start,1210,10,2,12
1331.515176560783,departure,1209,10,1,11
1331.515176560783,service_start,1211,9,2,11
1332.7162625168553,departure,1211,9,1,10
1332.7162625168553,service_start,1212,8,2,10
1332.7323832758166,departure,1210,8,1,9
1332.7323832758166,service_start,1213,7,2,9
1334.408900240183,arrival,1221,8,2,10
1335.3934267192553,departure,1213,8,1,9
1335.3934267192553,service_start,1214,7,2,9
1336.3317125779854,arrival,1222,8,2,10
1336.4353463830769,arrival,1223,9,2,11
1337.9854846620487,departure,1212,9,1,10
1337.9854846620487,service_start,1215,8,2,10
1338.0310348848495,departure,1214,8,1,9
1338.0310348848495,service_start,1216,7,2,9
1339.3232441117027,departure,1215,7,1,8
1339.3232441117027,service_start,1217,6,2,8
1339.5290621525496,arrival,1224,7,2,9
1341.7373858610883,departure,1217,7,1,8
1341.7373858610883,service_start,1218,6,2,8
1341.9373256049437,departure,1218,6,1,7
1341.9373256049437,service_start,1219,5,2,7
1342.4356535833579,arrival,1225,6,2,8
1342.561720709744,departure,1216,6,1,7
1342.561720709744,service_start,1220,5,2,7
1343.2022594600296,departure,1220,5,1,6
1343.2022594600296,service_start,1221,4,2,6
1343.9624779173964,departure,1221,4,1,5
1343.9624779173964,service_start,1222,3,2,5
1344.1708658802613,arrival,1226,4,2,6
1345.3021478809287,departure,1222,4,1,5
1345.3021478809287,service_start,1223,3,2,5
1346.1266138690214,departure,1223,3,1,4
1346.1266138690214,service_start,1224,2,2,4
1346.4252747863056,departure,1219,2,1,3
1346.4252747863056,service_start,1225,1,2,3
1346.4776005940837,arrival,1227,2,2,4
1347.4228157943255,arrival,1228,3,2,5
1347.424324441999,departure,1224,3,1,4
1347.424324441999,service_start,1226,2,2,4
1348.9790115416988,arrival,1229,3,2,5
1349.0333265126487,departure,1226,3,1,4
1349.0333265126487,service_start,1227,2,2,4
1351.1946478054904,departure,1227,2,1,3
1351.1946478054904,service_start,1228,1,2,3
1351.4082454649465,arrival,1230,2,2,4
1351.4816322348563,arrival,1231,3,2,5
1351.9137059777022,arrival,1232,4,2,6
1352.1617186825974,arrival,1233,5,2,7
1352.2697700372134,departure,1225,5,1,6
1352.2697700372134,service_start,1229,4,2,6
1352.3388416296436,arrival,1234,5,2,7
1352.6560314167646,arrival,1235,6,2,8
1353.114890601843,departure,1228,6,1,7
1353.114890601843,service_start,1230,5,2,7
1353.1696545536197,departure,1230,5,1,6
1353.1696545536197,service_start,1231,4,2,6
1353.5602778332316,departure,1229,4,1,5
1353.5602778332316,service_start,1232,3,2,5
1354.1803479315754,departure,1232,3,1,4
1354.1803479315754,service_start,1233,2,2,4
1354.4507760455892,arrival,1236,3,2,5
1354.7174734225391,arrival,1237,4,2,6
1355.2408912696496,arrival,1238,5,2,7
1356.1113162023134,arrival,1239,6,2,8
1356.1217658659223,departure,1233,6,1,7
1356.1217658659223,service_start,1234,5,2,7
1356.9783697892328,arrival,1240,6,2,8
1357.1620614236115,departure,1234,6,1,7
1357.1620614236115,service_start,1235,5,2,7
1357.4179676093381,arrival,1241,6,2,8
1357.8998946077916,departure,1235,6,1,7
1357.8998946077916,service_start,1236,5,2,7
1358.1803660366018,departure,1236,5,1,6
1358.1803660366018,service_start,1237,4,2,6
1360.0441469150478,arrival,1242,5,2,7
1362.1292945715832,arrival,1243,6,2,8
1362.8725745454772,departure,1237,6,1,7
1362.8725745454772,service_start,1238,5,2,7
1363.0727390096083,arrival,1244,6,2,8
1363.1159966413509,departure,1238,6,1,7
1363.1159966413509,service_start,1239,5,2,7
1363.4260858534803,departure,1239,5,1,6
1363.4260858534803,service_start,1240,4,2,6
1364.7222805552033,departure,1240,4,1,5
1364.7222805552033,service_start,1241,3,2,5
1365.0960813845627,departure,1231,3,1,4
1365.0960813845627,service_start,1242,2,2,4
1365.173717579581,arrival,1245,3,2,5
1365.2503309551173,arrival,1246,4,2,6
1365.3975890929078,arrival,1247,5,2,7
1365.945179825436,departure,1241,5,1,6
1365.945179825436,service_start,1243,4,2,6
1366.820638327234,departure,1242,4,1,5
1366.820638327234,service_start,1244,3,2,5
1367.41875799247,departure,1243,3,1,4
1367.41875799247,service_start,1245,2,2,4
1368.161302509023,arrival,1248,3,2,5
1368.5654319671155,departure,1244,3,1,4
1368.5654319671155,service_start,1246,2,2,4
1368.6038016576804,departure,1246,2,1,3
1368.6038016576804,service_start,1247,1,2,3
1369.829286369272,arrival,1249,2,2,4
1370.7935678116062,arrival,1250,3,2,5
1371.0625578251663,departure,1245,3,1,4
1371.0625578251663,service_start,1248,2,2,4
1371.3368939816414,arrival,1251,3,2,5
1371.81871067132,arrival,1252,4,2,6
1371.8199531043285,arrival,1253,5,2,7
1373.7115071501423,arrival,1254,6,2,8
1373.7618719568375,arrival,1255,7,2,9
1375.1227747108524,arrival,1256,8,2,10
1375.2631139370988,departure,1248,8,1,9
1375.2631139370988,service_start,1249,7,2,9
1375.2761941079739,arrival,1257,8,2,10
1375.5536194851995,arrival,1258,9,2,11
1376.2783819476924,arrival,1259,10,2,12
1376.878121357542,departure,1247,10,1,11
1376.878121357542,service_start,1250,9,2,11
1377.1146380964835,arrival,1260,10,2,12
1377.5450512342036,arrival,1261,11,2,13
1377.7708047286471,departure,1249,11,1,12
1377.7708047286471,service_start,1251,10,2,12
1378.2605658653627,arrival,1262,11,2,13
1378.8023798438433,departure,1250,11,1,12
1378.8023798438433,service_start,1252,10,2,12
1378.924609774367,arrival,1263,11,2,13
1378.925472730768,departure,1252,11,1,12
1378.925472730768,service_start,1253,10,2,12
1379.1164865210449,departure,1251,10,1,11
1379.1164865210449,service_start,1254,9,2,11
1379.212186245348,departure,1254,9,1,10
1379.212186245348,service_start,1255,8,2,10
1379.2334924209604,arrival,1264,9,2,11
1379.3015711840726,departure,1255,9,1,10
1379.3015711840726,service_start,1256,8,2,10
1379.5916446387355,departure,1253,8,1,9
1379.5916446387355,service_start,1257,7,2,9
1380.3208831951526,arrival,1265,8,2,10
1381.657428836014,departure,1256,8,1,9
1381.657428836014,service_start,1258,7,2,9
1382.0563356095572,arrival,1266,8,2,10
1382.5629679197625,departure,1257,8,1,9
1382.5629679197625,service_start,1259,7,2,9
1383.2647121787707,departure,1258,7,1,8
1383.2647121787707,service_start,1260,6,2,8
1384.4272043065675,departure,1259,6,1,7
1384.4272043065675,service_start,1261,5,2,7
1385.7917517504184,arrival,1267,6,2,8
1386.4803796736435,departure,1260,6,1,7
1386.4803796736435,service_start,1262,5,2,7
1387.394477636569,departure,1262,5,1,6
1387.394477636569,service_start,1263,4,2,6
1387.4166440507988,departure,1263,4,1,5
1387.4166440507988,service_start,1264,3,2,5
1387.8518000845902,departure,1261,3,1,4
1387.8518000845902,service_start,1265,2,2,4
1387.990376710137,arrival,1268,3,2,5
1388.0564088453748,departure,1264,3,1,4
1388.0564088453748,service_start,1266,2,2,4
1388.469920797344,arrival,1269,3,2,5
1388.583267671789,arrival,1270,4,2,6
1389.0687149357339,arrival,1271,5,2,7
1390.116059369755,departure,1266,5,1,6
1390.116059369755,service_start,1267,4,2,6
1390.3192574326233,arrival,1272,5,2,7
1390.349119075897,departure,1267,5,1,6
1390.349119075897,service_start,1268,4,2,6
1390.9085097676073,departure,1268,4,1,5
1390.9085097676073,service_start,1269,3,2,5
1391.1866666874266,arrival,1273,4,2,6
1391.6432194650718,departure,1265,4,1,5
1391.6432194650718,service_start,1270,3,2,5
1391.8864169294902,departure,1270,3,1,4
1391.8864169294902,service_start,1271,2,2,4
1392.2068782486028,arrival,1274,3,2,5
1392.8966919957968,departure,1271,3,1,4
1392.8966919957968,service_start,1272,2,2,4
1392.9256591930994,departure,1269,2,1,3
1392.9256591930994,service_start,1273,1,2,3
1392.9499892357585,arrival,1275,2,2,4
1393.0398974641835,arrival,1276,3,2,5
1393.5213653256626,departure,1273,3,1,4
1393.5213653256626,service_start,1274,2,2,4
1393.8600403564344,arrival,1277,3,2,5
1393.9065463863035,arrival,1278,4,2,6
1394.1783333866574,arrival,1279,5,2,7
1395.13421975956,departure,1274,5,1,6
1395.13421975956,service_start,1275,4,2,6
1396.141232064665,departure,1275,4,1,5
1396.141232064665,service_start,1276,3,2,5
1397.5392189869697,departure,1276,3,1,4
1397.5392189869697,service_start,1277,2,2,4
1398.1502035010005,arrival,1280,3,2,5
1399.1320406441769,departure,1272,3,1,4
1399.1320406441769,service_start,1278,2,2,4
1399.7178485799363,arrival,1281,3,2,5
1399.7230010585076,departure,1278,3,1,4
1399.7230010585076,service_start,1279,2,2,4
1400.4435841100444,departure,1277,2,1,3
1400.4435841100444,service_start,1280,1,2,3
1400.4722539417928,departure,1279,1,1,2
1400.4722539417928,service_start,1281,0,2,2
1400.5849679454886,arrival,1282,1,2,3
1400.6124596004445,arrival,1283,2,2,4
1401.5018059450235,arrival,1284,3,2,5
1401.8242005373334,arrival,1285,4,2,6
1402.2587903678664,arrival,1286,5,2,7
1402.893993621996,departure,1281,5,1,6
1402.893993621996,service_start,1282,4,2,6
1404.0819384973058,arrival,1287,5,2,7
1404.1660973718392,departure,1280,5,1,6
1404.1660973718392,service_start,1283,4,2,6
1404.3758870976346,arrival,1288,5,2,7
1404.4822890621408,departure,1283,5,1,6
1404.4822890621408,service_start,1284,4,2,6
1404.8466591246695,arrival,1289,5,2,7
1404.8490875671505,departure,1282,5,1,6
1404.8490875671505,service_start,1285,4,2,6
1404.8840150292338,departure,1285,4,1,5
1404.8840150292338,service_start,1286,3,2,5
1405.0773221896422,arrival,1290,4,2,6
1405.5148093756413,departure,1284,4,1,5
1405.5148093756413,service_start,1287,3,2,5
1406.2590876512327,departure,1286,3,1,4
1406.2590876512327,service_start,1288,2,2,4
1406.2753500053352,departure,1288,2,1,3
1406.2753500053352,service_start,1289,1,2,3
1406.3683516334618,arrival,1291,2,2,4
1407.1456086195524,arrival,1292,3,2,5
1407.1743197224594,arrival,1293,4,2,6
1407.294122612058,departure,1287,4,1,5
1407.294122612058,service_start,1290,3,2,5
1407.3540401615107,departure,1289,3,1,4
1407.3540401615107,service_start,1291,2,2,4
1408.1580106202705,arrival,1294,3,2,5
1408.7819290162754,arrival,1295,4,2,6
1409.6283748899011,departure,1291,4,1,5
1409.6283748899011,service_start,1292,3,2,5
1410.9525207983745,arrival,1296,4,2,6
1411.4056831234595,departure,1290,4,1,5
1411.4056831234595,service_start,1293,3,2,5
1411.5875526862742,departure,1292,3,1,4
1411.5875526862742,service_start,1294,2,2,4
1411.9956637666119,departure,1294,2,1,3
1411.9956637666119,service_start,1295,1,2,3
1412.2958807484686,arrival,1297,2,2,4
1412.7479654943372,departure,1293,2,1,3
1412.7479654943372,service_start,1296,1,2,3
1412.8101586059163,departure,1296,1,1,2
1412.8101586059163,service_start,1297,0,2,2
1413.2445996362876,departure,1297,0,1,1
1413.864385672745,departure,1295,0,0,0
1414.051606761738,arrival,1298,0,1,1
1414.051606761738,service_start,1298,0,1,1
1414.32338292712,arrival,1299,0,2,2
1414.32338292712,service_start,1299,0,2,2
1414.3767472898312,arrival,1300,1,2,3
1415.0969467732816,arrival,1301,2,2,4
1415.2052700193942,departure,1299,2,1,3
1415.2052700193942,service_start,1300,1,2,3
1415.3881212888264,arrival,1302,2,2,4
1415.586954192011,departure,1300,2,1,3
1415.586954192011,service_start,1301,1,2,3
1415.8201358507154,departure,1298,1,1,2
1415.8201358507154,service_start,1302,0,2,2
1416.4184451193394,arrival,1303,1,2,3
1416.9376320856109,arrival,1304,2,2,4
1418.8691178307984,departure,1302,2,1,3
1418.8691178307984,service_start,1303,1,2,3
1419.5191855665428,departure,1301,1,1,2
1419.5191855665428,service_start,1304,0,2,2
1419.9231697967894,departure,1304,0,1,1
1420.127880910828,departure,1303,0,0,0
1421.2444729039687,arrival,1305,0,1,1
1421.2444729039687,service_start,1305,0,1,1
1422.4270949593351,departure,1305,0,0,0
1422.4376089836442,arrival,1306,0,1,1
1422.4376089836442,service_start,1306,0,1,1
1422.4939558073634,departure,1306,0,0,0
1423.9763306482766,arrival,1307,0,1,1
1423.9763306482766,service_start,1307,0,1,1
1424.0455574995642,departure,1307,0,0,0
1426.8710587381063,arrival,1308,0,1,1
1426.8710587381063,service_start,1308,0,1,1
1427.9609503973475,departure,1308,0,0,0
1428.4324152789736,arrival,1309,0,1,1
1428.4324152789736,service_start,1309,0,1,1
1428.6446300346286,arrival,1310,0,2,2
1428.6446300346286,service_start,1310,0,2,2
1430.1650840610625,arrival,1311,1,2,3
1431.6082544710905,arrival,1312,2,2,4
1432.8276808827752,departure,1310,2,1,3
1432.8276808827752,service_start,1311,1,2,3
1434.5587735681368,arrival,1313,2,2,4
1435.417240247384,arrival,1314,3,2,5
1435.8225754841833,arrival,1315,4,2,6
1435.9166703256692,departure,1309,4,1,5
1435.9166703256692,service_start,1312,3,2,5
1436.6006621563652,departure,1312,3,1,4
1436.6006621563652,service_start,1313,2,2,4
1437.6825233346783,departure,1313,2,1,3
1437.6825233346783,service_start,1314,1,2,3
1437.9314432036606,departure,1314,1,1,2
1437.9314432036606,service_start,1315,0,2,2
1438.6482187557074,arrival,1316,1,2,3
1439.0431016057664,departure,1315,1,1,2
1439.0431016057664,service_start,1316,0,2,2
1440.7037287068235,departure,1316,0,1,1
1442.208021393969,departure,1311,0,0,0
1443.0104241065944,arrival,1317,0,1,1
1443.0104241065944,service_start,1317,0,1,1
1443.8945289448138,departure,1317,0,0,0
1446.0495820039444,arrival,1318,0,1,1
1446.0495820039444,service_start,1318,0,1,1
1446.2956737172651,departure,1318,0,0,0
1447.3414233128012,arrival,1319,0,1,1
1447.3414233128012,service_start,1319,0,1,1
1448.7875077305746,departure,1319,0,0,0
1449.9765959456288,arrival,1320,0,1,1
1449.9765959456288,service_start,1320,0,1,1
1450.1438678506945,departure,1320,0,0,0
1450.7570407756125,arrival,1321,0,1,1
1450.7570407756125,service_start,1321,0,1,1
1451.5894448136512,departure,1321,0,0,0
1453.2388117889354,arrival,1322,0,1,1
1453.2388117889354,service_start,1322,0,1,1
1454.0569239551005,departure,1322,0,0,0
1454.3903396038522,arrival,1323,0,1,1
1454.3903396038522,service_start,1323,0,1,1
1455.2018948718735,arrival,1324,0,2,2
1455.2018948718735,service_start,1324,0,2,2
1457.1494054484892,arrival,1325,1,2,3
1457.3350671775318,arrival,1326,2,2,4
1457.3969944205737,departure,1323,2,1,3
1457.3969944205737,service_start,1325,1,2,3
1458.1821253959592,departure,1325,1,1,2
1458.1821253959592,service_start,1326,0,2,2
1458.909815697838,arrival,1327,1,2,3
1459.7050993429136,departure,1324,1,1,2
1459.7050993429136,service_start,1327,0,2,2
1460.0086351252717,departure,1327,0,1,1
1460.113609552623,arrival,1328,0,2,2
1460.113609552623,service_start,1328,0,2,2
1461.3792298670594,departure,1326,0,1,1
1461.4213289232014,departure,1328,0,0,0
1461.7710260224778,arrival,1329,0,1,1
1461.7710260224778,service_start,1329,0,1,1
1462.2599225795302,departure,1329,0,0,0
1462.3984436273474,arrival,1330,0,1,1
1462.3984436273474,service_start,1330,0,1,1
1463.035001837795,arrival,1331,0,2,2
1463.035001837795,service_start,1331,0,2,2
1463.0557007904752,arrival,1332,1,2,3
1463.419494694377,departure,1331,1,1,2
1463.419494694377,service_start,1332,0,2,2
1463.4714756955925,arrival,1333,1,2,3
1463.79218479302,arrival,1334,2,2,4
1463.9785589963446,arrival,1335,3,2,5
1464.0212827981634,departure,1332,3,1,4
1464.0212827981634,service_start,1333,2,2,4
1464.2208878211793,arrival,1336,3,2,5
1464.4782791337507,departure,1333,3,1,4
1464.4782791337507,service_start,1334,2,2,4
1464.7612065598607,departure,1330,2,1,3
1464.7612065598607,service_start,1335,1,2,3
1464.8821419667725,departure,1335,1,1,2
1464.8821419667725,service_start,1336,0,2,2
1465.32112010609,arrival,1337,1,2,3
1466.0410968679264,arrival,1338,2,2,4
1466.1636721795085,departure,1336,2,1,3
1466.1636721795085,service_start,1337,1,2,3
1466.2719123194386,arrival,1339,2,2,4
1466.2799548099397,departure,1334,2,1,3
1466.2799548099397,service_start,1338,1,2,3
1466.9111613719333,departure,1338,1,1,2
1466.9111613719333,service_start,1339,0,2,2
1467.241189540584,departure,1339,0,1,1
1468.6607522180886,arrival,1340,0,2,2
1468.6607522180886,service_start,1340,0,2,2
1468.900487997677,departure,1340,0,1,1
1469.471748009807,arrival,1341,0,2,2
1469.471748009807,service_start,1341,0,2,2
1470.2919868789595,arrival,1342,1,2,3
1470.6350758634067,arrival,1343,2,2,4
1471.3269775652177,departure,1337,2,1,3
1471.3269775652177,service_start,1342,1,2,3
1472.6567357716988,arrival,1344,2,2,4
1472.7437960889072,arrival,1345,3,2,5
1472.9420408558353,arrival,1346,4,2,6
1473.7198754149201,departure,1342,4,1,5
1473.7198754149201,service_start,1343,3,2,5
1473.947737899952,arrival,1347,4,2,6
1474.3367122961909,arrival,1348,5,2,7
1474.3760243594566,departure,1341,5,1,6
1474.3760243594566,service_start,1344,4,2,6
1475.4405660107905,departure,1344,4,1,5
1475.4405660107905,service_start,1345,3,2,5
1476.2603208594912,arrival,1349,4,2,6
1476.7412142971864,arrival,1350,5,2,7
1476.7785532275386,departure,1343,5,1,6
1476.7785532275386,service_start,1346,4,2,6
1476.7890016492397,departure,1345,4,1,5
1476.7890016492397,service_start,1347,3,2,5
1477.536049030255,arrival,1351,4,2,6
1478.4257942642218,arrival,1352,5,2,7
1479.623541529764,departure,1346,5,1,6
1479.623541529764,service_start,1348,4,2,6
1481.4399727547063,arrival,1353,5,2,7
1481.598678850635,departure,1347,5,1,6
1481.598678850635,service_start,1349,4,2,6
1482.0154824538065,arrival,1354,5,2,7
1482.1035548284895,arrival,1355,6,2,8
1482.4776542818179,arrival,1356,7,2,9
1482.5720544155965,arrival,1357,8,2,10
1482.684580707796,arrival,1358,9,2,11
1483.0255463653932,departure,1349,9,1,10
1483.0255463653932,service_start,1350,8,2,10
1484.5005840546794,departure,1350,8,1,9
1484.5005840546794,service_start,1351,7,2,9
1484.9500227339854,departure,1351,7,1,8
1484.9500227339854,service_start,1352,6,2,8
1485.4841657385246,departure,1348,6,1,7
1485.4841657385246,service_start,1353,5,2,7
1486.3385693655453,arrival,1359,6,2,8
1486.7495915291654,departure,1353,6,1,7
1486.7495915291654,service_start,1354,5,2,7
1487.0633960284172,arrival,1360,6,2,8
1488.6473797758272,departure,1354,6,1,7
1488.6473797758272,service_start,1355,5,2,7
1489.4794032782213,departure,1352,5,1,6
1489.4794032782213,service_start,1356,4,2,6
1490.739172296237,arrival,1361,5,2,7
1491.2307878369434,arrival,1362,6,2,8
1491.6490213416223,arrival,1363,7,2,9
1492.1174792017387,arrival,1364,8,2,10
1492.360129903167,arrival,1365,9,2,11
1492.7240442842256,departure,1355,9,1,10
1492.7240442842256,service_start,1357,8,2,10
1492.8820391622532,arrival,1366,9,2,11
1493.6000983526617,departure,1356,9,1,10
1493.6000983526617,service_start,1358,8,2,10
1495.574889011895,arrival,1367,9,2,11
1496.136886246175,departure,1358,9,1,10
1496.136886246175,service_start,1359,8,2,10
1496.167925323157,arrival,1368,9,2,11
1496.4625653918124,departure,1359,9,1,10
1496.4625653918124,service_start,1360,8,2,10
1496.5071554070623,arrival,1369,9,2,11
1496.605021469828,departure,1360,9,1,10
1496.605021469828,service_start,1361,8,2,10
1498.4528353681524,arrival,1370,9,2,11
1498.910994606759,arrival,1371,10,2,12
1499.509995001545,departure,1361,10,1,11
1499.509995001545,service_start,1362,9,2,11
1500.3995404845089,departure,1357,9,1,10
1500.3995404845089,service_start,1363,8,2,10
1501.282121623705,departure,1362,8,1,9
1501.282121623705,service_start,1364,7,2,9
1502.9231229532472,arrival,1372,8,2,10
1503.177590954096,arrival,1373,9,2,11
1504.0152016765717,departure,1363,9,1,10
1504.0152016765717,service_start,1365,8,2,10
1504.056492700241,departure,1365,8,1,9
1504.056492700241,service_start,1366,7,2,9
1504.1747874883008,departure,1364,7,1,8
1504.1747874883008,service_start,1367,6,2,8
1504.3445410282295,arrival,1374,7,2,9
1505.548072936305,arrival,1375,8,2,10
1505.905763664693,departure,1367,8,1,9
1505.905763664693,service_start,1368,7,2,9
1506.0392499376649,departure,1368,7,1,8
1506.0392499376649,service_start,1369,6,2,8
1506.8275819010976,arrival,1376,7,2,9
1506.8993814503274,departure,1366,7,1,8
1506.8993814503274,service_start,1370,6,2,8
1507.8570885019542,departure,1370,6,1,7
1507.8570885019542,service_start,1371,5,2,7
1508.6363223156923,departure,1369,5,1,6
1508.6363223156923,service_start,1372,4,2,6
1509.304606466582,arrival,1377,5,2,7
1510.5108889765781,departure,1372,5,1,6
1510.5108889765781,service_start,1373,4,2,6
1510.7080634943063,arrival,1378,5,2,7
1511.2879053911138,departure,1371,5,1,6
1511.2879053911138,service_start,1374,4,2,6
1511.3062390287066,arrival,1379,5,2,7
1511.374468251747,departure,1373,5,1,6
1511.374468251747,service_start,1375,4,2,6
1514.2521658892204,departure,1374,4,1,5
1514.2521658892204,service_start,1376,3,2,5
1514.4860012220813,departure,1376,3,1,4
1514.4860012220813,service_start,1377,2,2,4
1514.6857263091294,arrival,1380,3,2,5
1514.9835641881814,departure,1377,3,1,4
1514.9835641881814,service_start,1378,2,2,4
1515.2920189001459,arrival,1381,3,2,5
1515.3988964714779,departure,1375,3,1,4
1515.3988964714779,service_start,1379,2,2,4
1515.433388050566,arrival,1382,3,2,5
1515.9781967673912,departure,1379,3,1,4
1515.9781967673912,service_start,1380,2,2,4
1517.12774086771,arrival,1383,3,2,5
1517.5227988396634,departure,1378,3,1,4
1517.5227988396634,service_start,1381,2,2,4
1517.6097637191372,arrival,1384,3,2,5
1518.0135343770535,arrival,1385,4,2,6
1518.337127143592,arrival,1386,5,2,7
1518.9533522901486,arrival,1387,6,2,8
1519.1253400568992,arrival,1388,7,2,9
1519.3240965738928,departure,1380,7,1,8
1519.3240965738928,service_start,1382,6,2,8
1519.601286940295,departure,1381,6,1,7
1519.601286940295,service_start,1383,5,2,7
1519.6433116480096,arrival,1389,6,2,8
1519.818318025908,departure,1383,6,1,7
1519.818318025908,service_start,1384,5,2,7
1519.9909638486781,arrival,1390,6,2,8
1520.4978981309068,departure,1382,6,1,7
1520.4978981309068,service_start,1385,5,2,7
1520.719449615064,arrival,1391,6,2,8
1521.9920318252246,arrival,1392,7,2,9
1522.5245074738034,departure,1384,7,1,8
1522.5245074738034,service_start,1386,6,2,8
1523.2410652413162,departure,1386,6,1,7
1523.2410652413162,service_start,1387,5,2,7
1523.5773795479445,departure,1387,5,1,6
1523.5773795479445,service_start,1388,4,2,6
1524.0719721592084,departure,1385,4,1,5
1524.0719721592084,service_start,1389,3,2,5
1524.635301611679,departure,1389,3,1,4
1524.635301611679,service_start,1390,2,2,4
1526.1344379339678,arrival,1393,3,2,5
1527.0206661920824,arrival,1394,4,2,6
1527.227805953576,arrival,1395,5,2,7
1528.4246377901047,arrival,1396,6,2,8
1528.5369644780312,arrival,1397,7,2,9
1528.8232338985456,departure,1390,7,1,8
1528.8232338985456,service_start,1391,6,2,8
1530.0999912524148,arrival,1398,7,2,9
1530.10453428127,arrival,1399,8,2,10
1531.7954441134973,arrival,1400,9,2,11
1532.9564078907508,departure,1391,9,1,10
1532.9564078907508,service_start,1392,8,2,10
1533.4567093941241,departure,1392,8,1,9
1533.4567093941241,service_start,1393,7,2,9
1533.869420759642,arrival,1401,8,2,10
1533.9367586729738,arrival,1402,9,2,11
1534.155736059162,arrival,1403,10,2,12
1534.225515182929,arrival,1404,11,2,13
1534.5527676677946,arrival,1405,12,2,14
1534.809505607967,departure,1388,12,1,13
1534.809505607967,service_start,1394,11,2,13
1536.323402000789,arrival,1406,12,2,14
1537.334375821315,departure,1394,12,1,13
1537.334375821315,service_start,1395,11,2,13
1541.2507330317599,departure,1393,11,1,12
1541.2507330317599,service_start,1396,10,2,12
1541.323010652884,departure,1396,10,1,11
1541.323010652884,service_start,1397,9,2,11
1542.2118667239308,arrival,1407,10,2,12
1542.8152522920604,arrival,1408,11,2,13
1543.3720274010113,departure,1397,11,1,12
1543.3720274010113,service_start,1398,10,2,12
1544.0018962534741,departure,1395,10,1,11
1544.0018962534741,service_start,1399,9,2,11
1544.7854562160564,arrival,1409,10,2,12
1544.927965237244,arrival,1410,11,2,13
1545.1302379869612,departure,1398,11,1,12
1545.1302379869612,service_start,1400,10,2,12
1545.6258641175698,departure,1399,10,1,11
1545.6258641175698,service_start,1401,9,2,11
1546.9688565300553,departure,1401,9,1,10
1546.9688565300553,service_start,1402,8,2,10
1547.8981719694957,arrival,1411,9,2,11
1548.5761396492176,departure,1400,9,1,10
1548.5761396492176,service_start,1403,8,2,10
1548.7007537434288,departure,1403,8,1,9
1548.7007537434288,service_start,1404,7,2,9
1550.9377374573307,arrival,1412,8,2,10
1551.1024825821626,arrival,1413,9,2,11
1551.3673141155502,departure,1404,9,1,10
1551.3673141155502,service_start,1405,8,2,10
1552.9872659214177,arrival,1414,9,2,11
1553.0072941922397,arrival,1415,10,2,12
1553.018070556652,arrival,1416,11,2,13
1553.644310958004,arrival,1417,12,2,14
1554.266030927381,departure,1402,12,1,13
1554.266030927381,service_start,1406,11,2,13
1554.3080005832028,departure,1406,11,1,12
1554.3080005832028,service_start,1407,10,2,12
1554.3717545287666,departure,1405,10,1,11
1554.3717545287666,service_start,1408,9,2,11
1554.6044058186098,arrival,1418,10,2,12
1554.7205437636526,departure,1408,10,1,11
1554.7205437636526,service_start,1409,9,2,11
1555.155730444377,arrival,1419,10,2,12
1556.6978293935715,arrival,1420,11,2,13
1556.9439743399669,arrival,1421,12,2,14
1557.2262679046448,arrival,1422,13,2,15
1557.2764117728843,departure,1407,13,1,14
1557.2764117728843,service_start,1410,12,2,14
1557.375871421262,departure,1410,12,1,13
1557.375871421262,service_start,1411,11,2,13
1557.49498573516,arrival,1423,12,2,14
1558.0570680644594,departure,1409,12,1,13
1558.0570680644594,service_start,1412,11,2,13
1558.501190729364,arrival,1424,12,2,14
1559.235601943539,departure,1411,12,1,13
1559.235601943539,service_start,1413,11,2,13
1560.158509810929,departure,1412,11,1,12
1560.158509810929,service_start,1414,10,2,12
1560.4774308169715,departure,1413,10,1,11
1560.4774308169715,service_start,1415,9,2,11
1560.5840162622396,departure,1414,9,1,10
1560.5840162622396,service_start,1416,8,2,10
1561.2730187218694,departure,1415,8,1,9
1561.2730187218694,service_start,1417,7,2,9
1561.8349154493476,departure,1417,7,1,8
1561.8349154493476,service_start,1418,6,2,8
1562.8309901320067,departure,1418,6,1,7
1562.8309901320067,service_start,1419,5,2,7
1562.8680328873666,arrival,1425,6,2,8
1563.2625321098153,arrival,1426,7,2,9
1563.2878657470644,arrival,1427,8,2,10
1563.4963328398967,arrival,1428,9,2,11
1563.8295256976787,departure,1419,9,1,10
1563.8295256976787,service_start,1420,8,2,10
1563.8400469540427,arrival,1429,9,2,11
1564.0360196460194,departure,1416,9,1,10
1564.0360196460194,service_start,1421,8,2,10
1564.0530098230724,departure,1421,8,1,9
1564.0530098230724,service_start,1422,7,2,9
1564.0621324581682,departure,1420,7,1,8
1564.0621324581682,service_start,1423,6,2,8
1564.4463990686056,arrival,1430,7,2,9
1564.9029600616193,departure,1422,7,1,8
1564.9029600616193,service_start,1424,6,2,8
1564.9314745255406,arrival,1431,7,2,9
1565.7505357560765,arrival,1432,8,2,10
1565.753036522309,departure,1424,8,1,9
1565.753036522309,service_start,1425,7,2,9
1567.0429648416773,arrival,1433,8,2,10
1567.194606552991,arrival,1434,9,2,11
1567.3909397438545,arrival,1435,10,2,12
1567.6725976129376,arrival,1436,11,2,13
1568.9133884869361,departure,1423,11,1,12
1568.9133884869361,service_start,1426,10,2,12
1571.4482745060918,departure,1425,10,1,11
1571.4482745060918,service_start,1427,9,2,11
1571.4682494883748,arrival,1437,10,2,12
1571.7193314735036,arrival,1438,11,2,13
1571.9610975995163,departure,1426,11,1,12
1571.9610975995163,service_start,1428,10,2,12
1572.6392580802662,arrival,1439,11,2,13
1574.116591858713,departure,1428,11,1,12
1574.116591858713,service_start,1429,10,2,12
1574.4030666727492,departure,1427,10,1,11
1574.4030666727492,service_start,1430,9,2,11
1574.78889075318,arrival,1440,10,2,12
1574.8433009759283,arrival,1441,11,2,13
1576.5259867315042,departure,1430,11,1,12
1576.5259867315042,service_start,1431,10,2,12
1578.6625526467792,arrival,1442,11,2,13
1578.9035245826387,arrival,1443,12,2,14
1579.151556029189,arrival,1444,13,2,15
1579.1612442856838,departure,1431,13,1,14
1579.1612442856838,service_start,1432,12,2,14
1579.2384693398535,departure,1432,12,1,13
1579.2384693398535,service_start,1433,11,2,13
1579.2446900505545,departure,1433,11,1,12
1579.2446900505545,service_start,1434,10,2,12
1579.3208287733569,arrival,1445,11,2,13
1581.4587024970551,arrival,1446,12,2,14
1582.143772997863,departure,1434,12,1,13
1582.143772997863,service_start,1435,11,2,13
1582.3864997996943,departure,1429,11,1,12
1582.3864997996943,service_start,1436,10,2,12
1582.399516762805,arrival,1447,11,2,13
1582.5342219650736,departure,1436,11,1,12
1582.5342219650736,service_start,1437,10,2,12
1582.5966495385853,departure,1437,10,1,11
1582.5966495385853,service_start,1438,9,2,11
1582.8193248678276,departure,1435,9,1,10
1582.8193248678276,service_start,1439,8,2,10
1583.201133272388,departure,1438,8,1,9
1583.201133272388,service_start,1440,7,2,9
1584.1822181442474,departure,1439,7,1,8
1584.1822181442474,service_start,1441,6,2,8
1586.704270158533,departure,1441,6,1,7
1586.704270158533,service_start,1442,5,2,7
1587.3192513377237,arrival,1448,6,2,8
1588.3568712511296,arrival,1449,7,2,9
1588.6817157804685,departure,1442,7,1,8
1588.6817157804685,service_start,1443,6,2,8
1589.347830743193,departure,1440,6,1,7
1589.347830743193,service_start,1444,5,2,7
1589.6034960124173,departure,1444,5,1,6
1589.6034960124173,service_start,1445,4,2,6
1591.2082605306637,departure,1443,4,1,5
1591.2082605306637,service_start,1446,3,2,5
1592.1879375069711,departure,1446,3,1,4
1592.1879375069711,service_start,1447,2,2,4
1592.5918268298037,arrival,1450,3,2,5
1593.3157755088248,arrival,1451,4,2,6
1594.1093310500853,departure,1447,4,1,5
1594.1093310500853,service_start,1448,3,2,5
1596.3182680830091,arrival,1452,4,2,6
1598.272409146217,departure,1448,4,1,5
1598.272409146217,service_start,1449,3,2,5
1598.4625684024402,arrival,1453,4,2,6
1599.4705834273939,arrival,1454,5,2,7
1599.9065181231404,departure,1445,5,1,6
1599.9065181231404,service_start,1450,4,2,6
1600.2228355108834,departure,1450,4,1,5
1600.2228355108834,service_start,1451,3,2,5
1601.0356870188905,departure,1449,3,1,4
1601.0356870188905,service_start,1452,2,2,4
1601.6467826081816,arrival,1455,3,2,5
1601.9184273966662,arrival,1456,4,2,6
1602.858054825561,departure,1452,4,1,5
1602.858054825561,service_start,1453,3,2,5
1603.089528589666,departure,1453,3,1,4
1603.089528589666,service_start,1454,2,2,4
1603.3040293635338,departure,1454,2,1,3
1603.3040293635338,service_start,1455,1,2,3
1603.336379004858,departure,1451,1,1,2
1603.336379004858,service_start,1456,0,2,2
1603.9908269486941,arrival,1457,1,2,3
1604.5551949591143,arrival,1458,2,2,4
1605.787606801312,departure,1456,2,1,3
1605.787606801312,service_start,1457,1,2,3
1606.0961538735894,departure,1455,1,1,2
1606.0961538735894,service_start,1458,0,2,2
1606.3714605290752,departure,1458,0,1,1
1606.6920567876753,arrival,1459,0,2,2
1606.6920567876753,service_start,1459,0,2,2
1606.8964438719127,departure,1459,0,1,1
1607.3007790416927,arrival,1460,0,2,2
1607.3007790416927,service_start,1460,0,2,2
1607.7147401172015,arrival,1461,1,2,3
1607.890061760957,departure,1460,1,1,2
1607.890061760957,service_start,1461,0,2,2
1608.0300765547147,departure,1457,0,1,1
1608.1157118192477,arrival,1462,0,2,2
1608.1157118192477,service_start,1462,0,2,2
1608.4480585697731,departure,1462,0,1,1
1609.2934342418625,arrival,1463,0,2,2
1609.2934342418625,service_start,1463,0,2,2
1609.320815700419,departure,1461,0,1,1
1610.080179200089,arrival,1464,0,2,2
1610.080179200089,service_start,1464,0,2,2
1610.4434113889067,departure,1464,0,1,1
1611.839679489732,departure,1463,0,0,0
1612.573424747409,arrival,1465,0,1,1
1612.573424747409,service_start,1465,0,1,1
1613.558373445693,arrival,1466,0,2,2
1613.558373445693,service_start,1466,0,2,2
1613.7252488391312,departure,1466,0,1,1
1615.7911661621101,arrival,1467,0,2,2
1615.7911661621101,service_start,1467,0,2,2
1616.0776570794221,arrival,1468,1,2,3
1617.33897018602,departure,1467,1,1,2
1617.33897018602,service_start,1468,0,2,2
1617.6393375306181,departure,1468,0,1,1
1617.6917196999498,arrival,1469,0,2,2
1617.6917196999498,service_start,1469,0,2,2
1618.2050556838167,arrival,1470,1,2,3
1618.7666875271846,arrival,1471,2,2,4
1618.9407841557854,departure,1469,2,1,3
1618.9407841557854,service_start,1470,1,2,3
1619.1518448238048,arrival,1472,2,2,4
1619.329651336577,arrival,1473,3,2,5
1621.4955564052661,arrival,1474,4,2,6
1621.9108571007769,departure,1465,4,1,5
1621.9108571007769,service_start,1471,3,2,5
1622.1853668166777,departure,1471,3,1,4
1622.1853668166777,service_start,1472,2,2,4
1622.604563138636,arrival,1475,3,2,5
1624.1149550274151,arrival,1476,4,2,6
1624.569771301074,departure,1470,4,1,5
1624.569771301074,service_start,1473,3,2,5
1625.0466650901244,departure,1473,3,1,4
1625.0466650901244,service_start,1474,2,2,4
1625.0489700821179,arrival,1477,3,2,5
1625.9370143454137,departure,1474,3,1,4
1625.9370143454137,service_start,1475,2,2,4
1626.450399393837,departure,1475,2,1,3
1626.450399393837,service_start,1476,1,2,3
1626.5898501487559,departure,1472,1,1,2
1626.5898501487559,service_start,1477,0,2,2
1626.969648703354,departure,1477,0,1,1
1627.2437910419771,departure,1476,0,0,0
1629.8855605827525,arrival,1478,0,1,1
1629.8855605827525,service_start,1478,0,1,1
1631.1042657089768,departure,1478,0,0,0
1631.5949529366017,arrival,1479,0,1,1
1631.5949529366017,service_start,1479,0,1,1
1632.3958106515588,departure,1479,0,0,0
1633.6923155572704,arrival,1480,0,1,1
1633.6923155572704,service_start,1480,0,1,1
1635.342008003285,arrival,1481,0,2,2
1635.342008003285,service_start,1481,0,2,2
1635.7028554741225,departure,1481,0,1,1
1636.3114018487333,arrival,1482,0,2,2
1636.3114018487333,service_start,1482,0,2,2
1636.8683971029252,departure,1480,0,1,1
1637.4373913728173,arrival,1483,0,2,2
1637.4373913728173,service_start,1483,0,2,2
1637.8046027729831,departure,1482,0,1,1
1638.6501453675783,departure,1483,0,0,0
1640.5547444691879,arrival,1484,0,1,1
1640.5547444691879,service_start,1484,0,1,1
1641.9229727246288,arrival,1485,0,2,2
1641.9229727246288,service_start,1485,0,2,2
1642.0061064227075,arrival,1486,1,2,3
1642.6726640740976,arrival,1487,2,2,4
1642.7002282657427,arrival,1488,3,2,5
1643.2043953543694,departure,1485,3,1,4
1643.2043953543694,service_start,1486,2,2,4
1644.2352269340136,departure,1486,2,1,3
1644.2352269340136,service_start,1487,1,2,3
1645.3664536455171,departure,1487,1,1,2
1645.3664536455171,service_start,1488,0,2,2
1645.596664682218,departure,1484,0,1,1
1646.0586381064477,departure,1488,0,0,0
1648.8005080250775,arrival,1489,0,1,1
1648.8005080250775,service_start,1489,0,1,1
1649.5071207915378,arrival,1490,0,2,2
1649.5071207915378,service_start,1490,0,2,2
1650.7230659696463,arrival,1491,1,2,3
1651.8117757425857,arrival,1492,2,2,4
1652.3226137293884,arrival,1493,3,2,5
1653.043717281319,arrival,1494,4,2,6
1653.1445275683745,departure,1490,4,1,5
1653.1445275683745,service_start,1491,3,2,5
1654.278622379763,departure,1489,3,1,4
1654.278622379763,service_start,1492,2,2,4
1654.331461868979,departure,1491,2,1,3
1654.331461868979,service_start,1493,1,2,3
1654.7694019726614,departure,1493,1,1,2
1654.7694019726614,service_start,1494,0,2,2
1655.0093498050169,arrival,1495,1,2,3
1655.816798209066,arrival,1496,2,2,4
1656.513927451038,arrival,1497,3,2,5
1658.5391091588679,arrival,1498,4,2,6
1659.0136810262175,departure,1492,4,1,5
1659.0136810262175,service_start,1495,3,2,5
1659.5682608630084,arrival,1499,4,2,6
1660.5639687575683,departure,1494,4,1,5
1660.5639687575683,service_start,1496,3,2,5
1660.6610620414326,arrival,1500,4,2,6
1660.7292849336734,departure,1496,4,1,5
1660.7292849336734,service_start,1497,3,2,5
1661.4615257826065,arrival,1501,4,2,6
1662.0292614083153,departure,1497,4,1,5
1662.0292614083153,service_start,1498,3,2,5
1662.532737230367,arrival,1502,4,2,6
1663.4366464440986,departure,1495,4,1,5
1663.4366464440986,service_start,1499,3,2,5
1663.9716651873027,departure,1498,3,1,4
1663.9716651873027,service_start,1500,2,2,4
1664.7012269629618,departure,1500,2,1,3
1664.7012269629618,service_start,1501,1,2,3
1665.265522905102,departure,1501,1,1,2
1665.265522905102,service_start,1502,0,2,2
1666.1652783069878,departure,1502,0,1,1
1666.7063658052368,arrival,1503,0,2,2
1666.7063658052368,service_start,1503,0,2,2
1667.1937084093674,departure,1499,0,1,1
1667.2682637612577,arrival,1504,0,2,2
1667.2682637612577,service_start,1504,0,2,2
1667.381364928575,arrival,1505,1,2,3
1667.4223150023363,departure,1503,1,1,2
1667.4223150023363,service_start,1505,0,2,2
1667.5676125910215,departure,1504,0,1,1
1669.8890168849568,arrival,1506,0,2,2
1669.8890168849568,service_start,1506,0,2,2
1670.5031120815047,arrival,1507,1,2,3
1670.8131955582705,departure,1506,1,1,2
1670.8131955582705,service_start,1507,0,2,2
1672.0927726903324,departure,1507,0,1,1
1672.1767342880448,arrival,1508,0,2,2
1672.1767342880448,service_start,1508,0,2,2
1672.2109797401683,departure,1508,0,1,1
1672.8087300098703,departure,1505,0,0,0
1673.3681604148853,arrival,1509,0,1,1
1673.3681604148853,service_start,1509,0,1,1
1673.6253287757092,arrival,1510,0,2,2
1673.6253287757092,service_start,1510,0,2,2
1673.9068055478688,arrival,1511,1,2,3
1674.0480703140317,arrival,1512,2,2,4
1674.20914362616,departure,1509,2,1,3
1674.20914362616,service_start,1511,1,2,3
1674.5637775104938,arrival,1513,2,2,4
1675.1686476354446,departure,1511,2,1,3
1675.1686476354446,service_start,1512,1,2,3
1675.5163769141573,departure,1512,1,1,2
1675.5163769141573,service_start,1513,0,2,2
1676.0049965906264,arrival,1514,1,2,3
1676.053686903816,departure,1510,1,1,2
1676.053686903816,service_start,1514,0,2,2
1676.1336385059722,arrival,1515,1,2,3
1676.7748592240916,departure,1514,1,1,2
1676.7748592240916,service_start,1515,0,2,2
1679.6696028603662,departure,1513,0,1,1
1679.8625555118733,arrival,1516,0,2,2
1679.8625555118733,service_start,1516,0,2,2
1679.934371396304,departure,1515,0,1,1
1680.1351241866835,arrival,1517,0,2,2
1680.1351241866835,service_start,1517,0,2,2
1680.1884264808004,departure,1516,0,1,1
1680.5249785232959,arrival,1518,0,2,2
1680.5249785232959,service_start,1518,0,2,2
1680.916991236234,arrival,1519,1,2,3
1680.9237723032156,departure,1518,1,1,2
1680.9237723032156,service_start,1519,0,2,2
1681.1955166352166,arrival,1520,1,2,3
1681.4590242239076,arrival,1521,2,2,4
1681.7266235991485,arrival,1522,3,2,5
1682.2576345017542,arrival,1523,4,2,6
1683.1488568596478,departure,1519,4,1,5
1683.1488568596478,service_start,1520,3,2,5
1684.4857435948438,departure,1517,3,1,4
1684.4857435948438,service_start,1521,2,2,4
1684.6091817832812,arrival,1524,3,2,5
1685.40469013727,arrival,1525,4,2,6
1685.5877464859218,departure,1521,4,1,5
1685.5877464859218,service_start,1522,3,2,5
1685.5975172358733,departure,1520,3,1,4
1685.5975172358733,service_start,1523,2,2,4
1686.1402531686758,departure,1522,2,1,3
1686.1402531686758,service_start,1524,1,2,3
1686.3541059043675,arrival,1526,2,2,4
1686.6050443837826,arrival,1527,3,2,5
1686.658834466351,departure,1523,3,1,4
1686.658834466351,service_start,1525,2,2,4
1687.9028561822427,departure,1524,2,1,3
1687.9028561822427,service_start,1526,1,2,3
1687.9887712868567,departure,1526,1,1,2
1687.9887712868567,service_start,1527,0,2,2
1689.2327107376889,departure,1525,0,1,1
1690.2441823858128,departure,1527,0,0,0
1691.2852763475482,arrival,1528,0,1,1
1691.2852763475482,service_start,1528,0,1,1
1691.6954530339206,arrival,1529,0,2,2
1691.6954530339206,service_start,1529,0,2,2
1692.044479619551,arrival,1530,1,2,3
1692.2437974100792,arrival,1531,2,2,4
1693.0503182425823,arrival,1532,3,2,5
1693.9632652205357,departure,1528,3,1,4
1693.9632652205357,service_start,1530,2,2,4
1693.9755052103346,departure,1529,2,1,3
1693.9755052103346,service_start,1531,1,2,3
1694.1798724314322,departure,1531,1,1,2
1694.1798724314322,service_start,1532,0,2,2
1694.2938599800927,departure,1530,0,1,1
1694.825033805787,arrival,1533,0,2,2
1694.825033805787,service_start,1533,0,2,2
1695.9546360556678,arrival,1534,1,2,3
1696.1699929201802,arrival,1535,2,2,4
1696.2237800727191,departure,1533,2,1,3
1696.2237800727191,service_start,1534,1,2,3
1696.2255490269415,arrival,1536,2,2,4
1696.2810575591373,departure,1532,2,1,3
1696.2810575591373,service_start,1535,1,2,3
1697.047030455261,arrival,1537,2,2,4
1697.2573579285483,departure,1534,2,1,3
1697.2573579285483,service_start,1536,1,2,3
1697.6125443945975,departure,1536,1,1,2
1697.6125443945975,service_start,1537,0,2,2
1697.6541266433117,arrival,1538,1,2,3
1698.2498818078673,departure,1535,1,1,2
1698.2498818078673,service_start,1538,0,2,2
1698.6191918839072,departure,1538,0,1,1
1699.3224200137786,arrival,1539,0,2,2
1699.3224200137786,service_start,1539,0,2,2
1699.341265332152,arrival,1540,1,2,3
1700.4709950139227,arrival,1541,2,2,4
1700.778086658179,arrival,1542,3,2,5
1701.191721998558,departure,1537,3,1,4
1701.191721998558,service_start,1540,2,2,4
1701.6725321123636,departure,1540,2,1,3
1701.6725321123636,service_start,1541,1,2,3
1702.5516249910593,arrival,1543,2,2,4
1702.774285479842,arrival,1544,3,2,5
1703.3862485081315,arrival,1545,4,2,6
1704.366850967077,departure,1541,4,1,5
1704.366850967077,service_start,1542,3,2,5
1704.5889272179893,arrival,1546,4,2,6
1705.4321538907714,arrival,1547,5,2,7
1705.5594474751415,arrival,1548,6,2,8
1705.6299673215572,arrival,1549,7,2,9
1706.8273353971372,departure,1542,7,1,8
1706.8273353971372,service_start,1543,6,2,8
1706.9955728858336,arrival,1550,7,2,9
1707.20773436855,arrival,1551,8,2,10
1709.6553949196862,arrival,1552,9,2,11
1710.2683030615215,arrival,1553,10,2,12
1710.2992549266662,departure,1539,10,1,11
1710.2992549266662,service_start,1544,9,2,11
1711.5130565536426,arrival,1554,10,2,12
1711.536828748169,arrival,1555,11,2,13
1711.9463935432823,arrival,1556,12,2,14
1712.1811797627358,departure,1544,12,1,13
1712.1811797627358,service_start,1545,11,2,13
1712.229649000004,departure,1545,11,1,12
1712.229649000004,service_start,1546,10,2,12
1712.432881978165,departure,1546,10,1,11
1712.432881978165,service_start,1547,9,2,11
1712.4935456400415,departure,1543,9,1,10
1712.4935456400415,service_start,1548,8,2,10
1712.6054691520108,arrival,1557,9,2,11
1712.9967457646146,arrival,1558,10,2,12
1713.095937489113,arrival,1559,11,2,13
1713.177497993667,arrival,1560,12,2,14
1713.6706979221156,departure,1547,12,1,13
1713.6706979221156,service_start,1549,11,2,13
1713.909809704064,departure,1548,11,1,12
1713.909809704064,service_start,1550,10,2,12
1714.1246918074876,arrival,1561,11,2,13
1714.6832540638989,arrival,1562,12,2,14
1714.9878143493909,arrival,1563,13,2,15
1715.5870543143776,departure,1550,13,1,14
1715.5870543143776,service_start,1551,12,2,14
1715.9529783586065,arrival,1564,13,2,15
1716.4187190337236,arrival,1565,14,2,16
1716.8160474205715,departure,1549,14,1,15
1716.8160474205715,service_start,1552,13,2,15
1716.91504992526,arrival,1566,14,2,16
1716.928929522033,departure,1551,14,1,15
1716.928929522033,service_start,1553,13,2,15
1716.933719670178,departure,1552,13,1,14
1716.933719670178,service_start,1554,12,2,14
1717.231226865807,arrival,1567,13,2,15
1717.5612730445887,arrival,1568,14,2,16
1718.0522701849577,departure,1553,14,1,15
1718.0522701849577,service_start,1555,13,2,15
1718.4328918483782,departure,1555,13,1,14
1718.4328918483782,service_start,1556,12,2,14
1719.8831157144602,departure,1554,12,1,13
1719.8831157144602,service_start,1557,11,2,13
1720.4252907410203,arrival,1569,12,2,14
1720.7867152389415,departure,1556,12,1,13
1720.7867152389415,service_start,1558,11,2,13
1721.2539586024718,departure,1557,11,1,12
1721.2539586024718,service_start,1559,10,2,12
1721.4091968089922,arrival,1570,11,2,13
1721.6026291078533,arrival,1571,12,2,14
1721.8046626929145,arrival,1572,13,2,15
1722.2985001319678,departure,1559,13,1,14
1722.2985001319678,service_start,1560,12,2,14
1722.9147684447148,arrival,1573,13,2,15
1722.934082542651,arrival,1574,14,2,16
1722.9597295224667,departure,1560,14,1,15
1722.9597295224667,service_start,1561,13,2,15
1723.4092765557727,arrival,1575,14,2,16
1723.614045103077,arrival,1576,15,2,17
1723.8102434058483,arrival,1577,16,2,18
1724.4918628038583,departure,1558,16,1,17
1724.4918628038583,service_start,1562,15,2,17
1724.8730544653163,departure,1562,15,1,16
1724.8730544653163,service_start,1563,14,2,16
1725.5426124997964,departure,1561,14,1,15
1725.5426124997964,service_start,1564,13,2,15
1726.1373008828382,arrival,1578,14,2,16
1726.3515060273971,arrival,1579,15,2,17
1727.1879438235321,departure,1563,15,1,16
1727.1879438235321,service_start,1565,14,2,16
1727.5342824142815,arrival,1580,15,2,17
1728.6783815144227,departure,1565,15,1,16
1728.6783815144227,service_start,1566,14,2,16
1728.6860576272143,arrival,1581,15,2,17
1730.046562038233,arrival,1582,16,2,18
1730.5912377089705,departure,1566,16,1,17
1730.5912377089705,service_start,1567,15,2,17
1730.7405442149377,departure,1564,15,1,16
1730.7405442149377,service_start,1568,14,2,16
1731.0357710135227,arrival,1583,15,2,17
1731.4307226246947,arrival,1584,16,2,18
1731.6407162648452,departure,1568,16,1,17
1731.6407162648452,service_start,1569,15,2,17
1731.8810172160051,departure,1569,15,1,16
1731.8810172160051,service_start,1570,14,2,16
1733.2167519304244,departure,1570,14,1,15
1733.2167519304244,service_start,1571,13,2,15
1733.7919257227818,arrival,1585,14,2,16
1734.1833710796782,departure,1567,14,1,15
1734.1833710796782,service_start,1572,13,2,15
1734.7683640738087,departure,1572,13,1,14
1734.7683640738087,service_start,1573,12,2,14
1734.9448408988735,departure,1573,12,1,13
1734.9448408988735,service_start,1574,11,2,13
1735.2801093737232,arrival,1586,12,2,14
1736.2620375981253,arrival,1587,13,2,15
1736.6361698195349,departure,1574,13,1,14
1736.6361698195349,service_start,1575,12,2,14
1736.6949712191943,arrival,1588,13,2,15
1737.038196276888,departure,1575,13,1,14
1737.038196276888,service_start,1576,12,2,14
1738.2535739635896,departure,1571,12,1,13
1738.2535739635896,service_start,1577,11,2,13
1738.904573235924,departure,1576,11,1,12
1738.904573235924,service_start,1578,10,2,12
1740.0595282199663,departure,1578,10,1,11
1740.0595282199663,service_start,1579,9,2,11
1742.5212817568345,arrival,1589,10,2,12
1743.8978826675627,departure,1579,10,1,11
1743.8978826675627,service_start,1580,9,2,11
1744.0212093044101,arrival,1590,10,2,12
1744.1460065685376,departure,1577,10,1,11
1744.1460065685376,service_start,1581,9,2,11
1744.3598470462832,departure,1580,9,1,10
1744.3598470462832,service_start,1582,8,2,10
1744.612335268603,departure,1581,8,1,9
1744.612335268603,service_start,1583,7,2,9
1744.750438896691,departure,1582,7,1,8
1744.750438896691,service_start,1584,6,2,8
1746.01923590251,departure,1584,6,1,7
1746.01923590251,service_start,1585,5,2,7
1746.1420451342688,arrival,1591,6,2,8
1747.7252895733254,departure,1583,6,1,7
1747.7252895733254,service_start,1586,5,2,7
1747.7881054956688,arrival,1592,6,2,8
1748.5527237953736,arrival,1593,7,2,9
1751.7594372992621,arrival,1594,8,2,10
1751.814333701823,arrival,1595,9,2,11
1752.338156308746,departure,1586,9,1,10
1752.338156308746,service_start,1587,8,2,10
1752.8212895238923,departure,1587,8,1,9
1752.8212895238923,service_start,1588,7,2,9
1752.8848859985724,arrival,1596,8,2,10
1753.1296188701099,departure,1585,8,1,9
1753.1296188701099,service_start,1589,7,2,9
1753.62816900145,departure,1588,7,1,8
1753.62816900145,service_start,1590,6,2,8
1755.2473018520304,departure,1590,6,1,7
1755.2473018520304,service_start,1591,5,2,7
1755.6768111127083,departure,1589,5,1,6
1755.6768111127083,service_start,1592,4,2,6
1755.8335339123003,arrival,1597,5,2,7
1755.8925682571632,departure,1592,5,1,6
1755.8925682571632,service_start,1593,4,2,6
1756.597380168457,departure,1591,4,1,5
1756.597380168457,service_start,1594,3,2,5
1757.0792593160834,arrival,1598,4,2,6
1757.944028281189,arrival,1599,5,2,7
1758.7405443512534,arrival,1600,6,2,8
1759.5845859917833,arrival,1601,7,2,9
1759.8397079441338,arrival,1602,8,2,10
1761.0579303842303,arrival,1603,9,2,11
1761.4311738320953,arrival,1604,10,2,12
1761.5316334590054,arrival,1605,11,2,13
1761.5863310865302,departure,1593,11,1,12
1761.5863310865302,service_start,1595,10,2,12
1761.7914135632145,departure,1595,10,1,11
1761.7914135632145,service_start,1596,9,2,11
1762.2907640776157,arrival,1606,10,2,12
1763.9905999229604,arrival,1607,11,2,13
1764.6140159427262,arrival,1608,12,2,14
1765.2234080105638,arrival,1609,13,2,15
1767.2834254848706,departure,1594,13,1,14
1767.2834254848706,service_start,1597,12,2,14
1768.1641761936542,departure,1596,12,1,13
1768.1641761936542,service_start,1598,11,2,13
1768.5414065730533,arrival,1610,12,2,14
1768.6846465382648,arrival,1611,13,2,15
1768.7850757694368,departure,1598,13,1,14
1768.7850757694368,service_start,1599,12,2,14
1769.498159595814,departure,1597,12,1,13
1769.498159595814,service_start,1600,11,2,13
1769.9827944344158,departure,1600,11,1,12
1769.9827944344158,service_start,1601,10,2,12
1770.5372636422894,arrival,1612,11,2,13
1770.896960501548,departure,1601,11,1,12
1770.896960501548,service_start,1602,10,2,12
1772.827128505966,departure,1599,10,1,11
1772.827128505966,service_start,1603,9,2,11
1773.745022705993,departure,1602,9,1,10
1773.745022705993,service_start,1604,8,2,10
1774.5912806871088,departure,1603,8,1,9
1774.5912806871088,service_start,1605,7,2,9
1774.9691212126033,departure,1605,7,1,8
1774.9691212126033,service_start,1606,6,2,8
1775.5921588665074,departure,1606,6,1,7
1775.5921588665074,service_start,1607,5,2,7
1775.6702251468962,departure,1604,5,1,6
1775.6702251468962,service_start,1608,4,2,6
1775.8956028931236,departure,1608,4,1,5
1775.8956028931236,service_start,1609,3,2,5
1776.8110348098771,arrival,1613,4,2,6
1776.9104677377395,arrival,1614,5,2,7
1776.9581717203494,arrival,1615,6,2,8
1777.0966259350785,arrival,1616,7,2,9
1777.1987936443766,arrival,1617,8,2,10
1777.4343016564385,arrival,1618,9,2,11
1777.4654201500118,departure,1607,9,1,10
1777.4654201500118,service_start,1610,8,2,10
1777.5919851493563,departure,1609,8,1,9
1777.5919851493563,service_start,1611,7,2,9
1779.0804806515512,arrival,1619,8,2,10
1780.1422806500138,arrival,1620,9,2,11
1780.255264734663,departure,1611,9,1,10
1780.255264734663,service_start,1612,8,2,10
1780.3480032154953,arrival,1621,9,2,11
1780.9327304207325,departure,1612,9,1,10
1780.9327304207325,service_start,1613,8,2,10
1782.5992343753255,arrival,1622,9,2,11
1783.0012074531694,arrival,1623,10,2,12
1783.609503948081,arrival,1624,11,2,13
1783.850366318883,departure,1610,11,1,12
1783.850366318883,service_start,1614,10,2,12
1784.4293027492558,arrival,1625,11,2,13
1785.3832153609544,departure,1614,11,1,12
1785.3832153609544,service_start,1615,10,2,12
1786.9197458432443,arrival,1626,11,2,13
1787.4256926488927,departure,1615,11,1,12
1787.4256926488927,service_start,1616,10,2,12
1787.7329173895296,departure,1613,10,1,11
1787.7329173895296,service_start,1617,9,2,11
1787.8922984923017,arrival,1627,10,2,12
1788.1150021845729,arrival,1628,11,2,13
1788.3686303250374,arrival,1629,12,2,14
1788.4093150439537,departure,1616,12,1,13
1788.4093150439537,service_start,1618,11,2,13
1788.6419239143265,departure,1618,11,1,12
1788.6419239143265,service_start,1619,10,2,12
1789.1017307101993,arrival,1630,11,2,13
1789.2748682360927,departure,1617,11,1,12
1789.2748682360927,service_start,1620,10,2,12
1789.5509323324534,departure,1619,10,1,11
1789.5509323324534,service_start,1621,9,2,11
1789.9753848106145,departure,1621,9,1,10
1789.9753848106145,service_start,1622,8,2,10
1790.4411538544866,departure,1620,8,1,9
1790.4411538544866,service_start,1623,7,2,9
1790.8479649565793,arrival,1631,8,2,10
1791.472308465798,departure,1623,8,1,9
1791.472308465798,service_start,1624,7,2,9
1791.9762232572375,departure,1624,7,1,8
1791.9762232572375,service_start,1625,6,2,8
1792.1324012910354,arrival,1632,7,2,9
1792.3020754829818,arrival,1633,8,2,10
1792.6232197158847,departure,1622,8,1,9
1792.6232197158847,service_start,1626,7,2,9
1793.8946816203488,departure,1625,7,1,8
1793.8946816203488,service_start,1627,6,2,8
1794.2843863102662,departure,1626,6,1,7
1794.2843863102662,service_start,1628,5,2,7
1795.3960425277269,arrival,1634,6,2,8
1795.5601996008404,departure,1628,6,1,7
1795.5601996008404,service_start,1629,5,2,7
1796.2513469508065,departure,1629,5,1,6
1796.2513469508065,service_start,1630,4,2,6
1796.8685489767308,arrival,1635,5,2,7
1797.225133443396,arrival,1636,6,2,8
1798.041331066853,arrival,1637,7,2,9
1798.8337308446132,departure,1627,7,1,8
1798.8337308446132,service_start,1631,6,2,8
1799.106308472512,arrival,1638,7,2,9
1799.25316197031,departure,1630,7,1,8
1799.25316197031,service_start,1632,6,2,8
1799.4542082289574,arrival,1639,7,2,9
1799.9949208766939,departure,1632,7,1,8
1799.9949208766939,service_start,1633,6,2,8
1801.244209655701,arrival,1640,7,2,9
1801.5432751635233,arrival,1641,8,2,10
1802.7746003456953,departure,1633,8,1,9
1802.7746003456953,service_start,1634,7,2,9
1803.54943789811,arrival,1642,8,2,10
1804.1139976855022,arrival,1643,9,2,11
1804.1358033561778,departure,1634,9,1,10
1804.1358033561778,service_start,1635,8,2,10
1804.220721634256,departure,1635,8,1,9
1804.220721634256,service_start,1636,7,2,9
1804.510094716628,arrival,1644,8,2,10
1805.1028067180544,arrival,1645,9,2,11
1805.2411816283966,departure,1636,9,1,10
1805.2411816283966,service_start,1637,8,2,10
1806.4960388298944,departure,1637,8,1,9
1806.4960388298944,service_start,1638,7,2,9
1806.6313823935548,arrival,1646,8,2,10
1807.2350106913623,departure,1638,8,1,9
1807.2350106913623,service_start,1639,7,2,9
1807.4240805703246,departure,1631,7,1,8
1807.4240805703246,service_start,1640,6,2,8
1807.9475066737618,departure,1639,6,1,7
1807.9475066737618,service_start,1641,5,2,7
1807.9790925239317,departure,1641,5,1,6
1807.9790925239317,service_start,1642,4,2,6
1809.0382150674766,arrival,1647,5,2,7
1809.6546653795178,departure,1640,5,1,6
1809.6546653795178,service_start,1643,4,2,6
1810.2140820288807,departure,1643,4,1,5
1810.2140820288807,service_start,1644,3,2,5
1812.2868772775269,departure,1642,3,1,4
1812.2868772775269,service_start,1645,2,2,4
1812.4378641524768,departure,1645,2,1,3
1812.4378641524768,service_start,1646,1,2,3
1813.2103625563882,departure,1644,1,1,2
1813.2103625563882,service_start,1647,0,2,2
1813.4699458822718,arrival,1648,1,2,3
1813.576229161973,departure,1646,1,1,2
1813.576229161973,service_start,1648,0,2,2
1813.989770279662,arrival,1649,1,2,3
1814.2972820385246,arrival,1650,2,2,4
1814.9932410586387,departure,1647,2,1,3
1814.9932410586387,service_start,1649,1,2,3
1815.8551759130414,arrival,1651,2,2,4
1816.8858027641936,arrival,1652,3,2,5
1817.6693801542358,arrival,1653,4,2,6
1818.0095557243928,departure,1648,4,1,5
1818.0095557243928,service_start,1650,3,2,5
1818.2330483654566,arrival,1654,4,2,6
1818.5823988539557,arrival,1655,5,2,7
1819.2663312842394,departure,1650,5,1,6
1819.2663312842394,service_start,1651,4,2,6
1819.7974594615744,departure,1651,4,1,5
1819.7974594615744,service_start,1652,3,2,5
1820.066989708634,arrival,1656,4,2,6
1820.2667121130792,arrival,1657,5,2,7
1821.2572438680045,departure,1652,5,1,6
1821.2572438680045,service_start,1653,4,2,6
1821.6290382451718,arrival,1658,5,2,7
1821.9541628255145,departure,1649,5,1,6
1821.9541628255145,service_start,1654,4,2,6
1823.308509517746,arrival,1659,5,2,7
1823.4283639934831,arrival,1660,6,2,8
1824.0141069365723,departure,1654,6,1,7
1824.0141069365723,service_start,1655,5,2,7
1824.4914674472482,arrival,1661,6,2,8
1824.635008113113,departure,1653,6,1,7
1824.635008113113,service_start,1656,5,2,7
1824.6983538144395,arrival,1662,6,2,8
1825.0925047553098,departure,1656,6,1,7
1825.0925047553098,service_start,1657,5,2,7
1825.1805947474609,departure,1655,5,1,6
1825.1805947474609,service_start,1658,4,2,6
1825.213905856561,arrival,1663,5,2,7
1825.2848926086483,arrival,1664,6,2,8
1825.5258715863981,departure,1657,6,1,7
1825.5258715863981,service_start,1659,5,2,7
1826.2410956842996,departure,1658,5,1,6
1826.2410956842996,service_start,1660,4,2,6
1826.2860855842437,arrival,1665,5,2,7
1826.8029644079097,departure,1660,5,1,6
1826.8029644079097,service_start,1661,4,2,6
1827.3630813749078,departure,1661,4,1,5
1827.3630813749078,service_start,1662,3,2,5
1827.7039650311162,departure,1659,3,1,4
1827.7039650311162,service_start,1663,2,2,4
1828.3044511959497,arrival,1666,3,2,5
1828.3200501893011,departure,1662,3,1,4
1828.3200501893011,service_start,1664,2,2,4
1828.4052066557704,arrival,1667,3,2,5
1828.5874615481737,arrival,1668,4,2,6
1829.3728849175038,departure,1664,4,1,5
1829.3728849175038,service_start,1665,3,2,5
1829.3858920627365,departure,1665,3,1,4
1829.3858920627365,service_start,1666,2,2,4
1830.6649465539656,departure,1663,2,1,3
1830.6649465539656,service_start,1667,1,2,3
1831.0361041653266,arrival,1669,2,2,4
1831.1009529540054,departure,1666,2,1,3
1831.1009529540054,service_start,1668,1,2,3
1831.19670721887,arrival,1670,2,2,4
1831.5877371572567,departure,1668,2,1,3
1831.5877371572567,service_start,1669,1,2,3
1833.4113856932681,arrival,1671,2,2,4
1834.3131376545148,departure,1669,2,1,3
1834.3131376545148,service_start,1670,1,2,3
1834.7515671409897,arrival,1672,2,2,4
1835.2019140354078,arrival,1673,3,2,5
1835.5706584406876,departure,1667,3,1,4
1835.5706584406876,service_start,1671,2,2,4
1836.3633961797739,arrival,1674,3,2,5
1836.8346138787954,departure,1671,3,1,4
1836.8346138787954,service_start,1672,2,2,4
1836.8489694003745,departure,1672,2,1,3
1836.8489694003745,service_start,1673,1,2,3
1837.7562927335416,arrival,1675,2,2,4
1837.7768104003055,arrival,1676,3,2,5
1838.8400553678134,departure,1670,3,1,4
1838.8400553678134,service_start,1674,2,2,4
1838.8973886430392,departure,1673,2,1,3
1838.8973886430392,service_start,1675,1,2,3
1839.5041846887934,arrival,1677,2,2,4
1839.5623384910432,departure,1675,2,1,3
1839.5623384910432,service_start,1676,1,2,3
1841.0571767055678,arrival,1678,2,2,4
1841.8588054794081,departure,1676,2,1,3
1841.8588054794081,service_start,1677,1,2,3
1842.9022072451821,arrival,1679,2,2,4
1844.0008449686181,departure,1674,2,1,3
1844.0008449686181,service_start,1678,1,2,3
1844.251283260266,arrival,1680,2,2,4
1844.8908218904608,departure,1677,2,1,3
1844.8908218904608,service_start,1679,1,2,3
1845.0287731394894,arrival,1681,2,2,4
1846.067671566317,arrival,1682,3,2,5
1846.2412815714717,departure,1678,3,1,4
1846.2412815714717,service_start,1680,2,2,4
1846.5036765373713,departure,1680,2,1,3
1846.5036765373713,service_start,1681,1,2,3
1846.5939455180883,departure,1681,1,1,2
1846.5939455180883,service_start,1682,0,2,2
1846.921734277464,arrival,1683,1,2,3
1846.9793106183236,departure,1679,1,1,2
1846.9793106183236,service_start,1683,0,2,2
1847.0317793981385,arrival,1684,1,2,3
1848.4232302767616,arrival,1685,2,2,4
1850.632606181997,departure,1683,2,1,3
1850.632606181997,service_start,1684,1,2,3
1851.2446775019812,arrival,1686,2,2,4
1851.4350720267655,departure,1682,2,1,3
1851.4350720267655,service_start,1685,1,2,3
1851.8947801042523,arrival,1687,2,2,4
1852.3363603625999,departure,1685,2,1,3
1852.3363603625999,service_start,1686,1,2,3
1852.3385815819358,arrival,1688,2,2,4
1853.0440076024836,arrival,1689,3,2,5
1853.849434227562,departure,1686,3,1,4
1853.849434227562,service_start,1687,2,2,4
1854.083740902911,arrival,1690,3,2,5
1854.1290246223539,departure,1687,3,1,4
1854.1290246223539,service_start,1688,2,2,4
1855.7406552747557,departure,1684,2,1,3
1855.7406552747557,service_start,1689,1,2,3
1855.8610810180624,arrival,1691,2,2,4
1855.8765095631816,departure,1689,2,1,3
1855.8765095631816,service_start,1690,1,2,3
1856.6143655155938,arrival,1692,2,2,4
1857.378304914047,arrival,1693,3,2,5
1857.4293982620845,arrival,1694,4,2,6
1857.478518325951,arrival,1695,5,2,7
1857.7147095862872,departure,1688,5,1,6
1857.7147095862872,service_start,1691,4,2,6
1858.7786891916323,arrival,1696,5,2,7
1860.686415774697,departure,1691,5,1,6
1860.686415774697,service_start,1692,4,2,6
1861.1672453648935,arrival,1697,5,2,7
1861.795146358522,departure,1692,5,1,6
1861.795146358522,service_start,1693,4,2,6
1861.9646220087288,arrival,1698,5,2,7
1862.066686482912,arrival,1699,6,2,8
1863.8990000085278,arrival,1700,7,2,9
1864.718033052862,departure,1693,7,1,8
1864.718033052862,service_start,1694,6,2,8
1864.950203035145,departure,1690,6,1,7
1864.950203035145,service_start,1695,5,2,7
1865.5665422143504,arrival,1701,6,2,8
1865.8841442527687,arrival,1702,7,2,9
1866.0204864705097,arrival,1703,8,2,10
1867.0384752774141,departure,1694,8,1,9
1867.0384752774141,service_start,1696,7,2,9
1867.2438894099112,arrival,1704,8,2,10
1867.8253373916255,departure,1696,8,1,9
1867.8253373916255,service_start,1697,7,2,9
1868.4506775096042,arrival,1705,8,2,10
1868.470895726912,departure,1695,8,1,9
1868.470895726912,service_start,1698,7,2,9
1868.8514397907293,arrival,1706,8,2,10
1869.692359240233,arrival,1707,9,2,11
1869.83571661165,departure,1698,9,1,10
1869.83571661165,service_start,1699,8,2,10
1870.1810087183858,arrival,1708,9,2,11
1870.4128715733505,departure,1699,9,1,10
1870.4128715733505,service_start,1700,8,2,10
1870.9247997451348,arrival,1709,9,2,11
1871.2814293017211,departure,1700,9,1,10
1871.2814293017211,service_start,1701,8,2,10
1873.6968477892835,departure,1697,8,1,9
1873.6968477892835,service_start,1702,7,2,9
1874.010817997312,arrival,1710,8,2,10
1874.9220188072138,departure,1701,8,1,9
1874.9220188072138,service_start,1703,7,2,9
1875.4724568641136,arrival,1711,8,2,10
1875.7790572994063,arrival,1712,9,2,11
1876.388022465682,arrival,1713,10,2,12
1876.4756754471223,departure,1702,10,1,11
1876.4756754471223,service_start,1704,9,2,11
1876.5429594220034,arrival,1714,10,2,12
1876.5938439460933,departure,1703,10,1,11
1876.5938439460933,service_start,1705,9,2,11
1876.9265101799015,departure,1705,9,1,10
1876.9265101799015,service_start,1706,8,2,10
1877.5253982254308,departure,1704,8,1,9
1877.5253982254308,service_start,1707,7,2,9
1877.6780155194651,arrival,1715,8,2,10
1878.9732182027356,departure,1707,8,1,9
1878.9732182027356,service_start,1708,7,2,9
1879.0402554283223,arrival,1716,8,2,10
1880.5929790527946,departure,1708,8,1,9
1880.5929790527946,service_start,1709,7,2,9
1880.5986841650654,departure,1709,7,1,8
1880.5986841650654,service_start,1710,6,2,8
1880.6101744596356,arrival,1717,7,2,9
1880.6292221391238,arrival,1718,8,2,10
1881.0472536136083,departure,1710,8,1,9
1881.0472536136083,service_start,1711,7,2,9
1881.772704274002,departure,1706,7,1,8
1881.772704274002,service_start,1712,6,2,8
1882.6934290265185,departure,1711,6,1,7
1882.6934290265185,service_start,1713,5,2,7
1883.5255843187458,arrival,1719,6,2,8
1884.200685134793,arrival,1720,7,2,9
1884.8033630555922,arrival,1721,8,2,10
1885.3162790769359,arrival,1722,9,2,11
1885.5032444080093,arrival,1723,10,2,12
1886.3915502542884,departure,1712,10,1,11
1886.3915502542884,service_start,1714,9,2,11
1886.5758083542466,departure,1714,9,1,10
1886.5758083542466,service_start,1715,8,2,10
1886.806891922723,departure,1713,8,1,9
1886.806891922723,service_start,1716,7,2,9
1887.2961079101715,departure,1715,7,1,8
1887.2961079101715,service_start,1717,6,2,8
1887.5204071934409,departure,1716,6,1,7
1887.5204071934409,service_start,1718,5,2,7
1887.7436263053794,arrival,1724,6,2,8
1888.055376103564,departure,1717,6,1,7
1888.055376103564,service_start,1719,5,2,7
1888.5862811136092,departure,1718,5,1,6
1888.5862811136092,service_start,1720,4,2,6
1889.066292114054,arrival,1725,5,2,7
1890.1953226926307,departure,1720,5,1,6
1890.1953226926307,service_start,1721,4,2,6
1890.4730628702318,arrival,1726,5,2,7
1890.947617671747,departure,1721,5,1,6
1890.947617671747,service_start,1722,4,2,6
1891.2178697457239,departure,1722,4,1,5
1891.2178697457239,service_start,1723,3,2,5
1891.2838782756708,arrival,1727,4,2,6
1891.4664436147966,departure,1723,4,1,5
1891.4664436147966,service_start,1724,3,2,5
1891.9396304228706,arrival,1728,4,2,6
1892.2501564643069,arrival,1729,5,2,7
1893.2106161764552,arrival,1730,6,2,8
1893.84891556927,arrival,1731,7,2,9
1894.269313628209,departure,1724,7,1,8
1894.269313628209,service_start,1725,6,2,8
1894.5767415694916,departure,1719,6,1,7
1894.5767415694916,service_start,1726,5,2,7
1895.6739951360016,departure,1726,5,1,6
1895.6739951360016,service_start,1727,4,2,6
1896.3431175936296,departure,1727,4,1,5
1896.3431175936296,service_start,1728,3,2,5
1897.1074254861953,departure,1728,3,1,4
1897.1074254861953,service_start,1729,2,2,4
1897.831929252307,departure,1725,2,1,3
1897.831929252307,service_start,1730,1,2,3
1898.6173471119143,arrival,1732,2,2,4
1898.8410008943606,arrival,1733,3,2,5
1898.9119953875986,departure,1730,3,1,4
1898.9119953875986,service_start,1731,2,2,4
1899.122957454223,arrival,1734,3,2,5
1899.535923540582,departure,1731,3,1,4
1899.535923540582,service_start,1732,2,2,4
1899.5609192855516,arrival,1735,3,2,5
1901.2292057486766,departure,1729,3,1,4
1901.2292057486766,service_start,1733,2,2,4
1901.545743723421,departure,1732,2,1,3
1901.545743723421,service_start,1734,1,2,3
1903.0744517582784,arrival,1736,2,2,4
1903.671574889029,arrival,1737,3,2,5
1904.1686573171971,departure,1733,3,1,4
1904.1686573171971,service_start,1735,2,2,4
1904.4356440778304,arrival,1738,3,2,5
1905.3671341791262,departure,1734,3,1,4
1905.3671341791262,service_start,1736,2,2,4
1905.5138021105447,departure,1736,2,1,3
1905.5138021105447,service_start,1737,1,2,3
1906.1627963804242,departure,1735,1,1,2
1906.1627963804242,service_start,1738,0,2,2
1906.2777745786632,departure,1737,0,1,1
1906.7500963022414,arrival,1739,0,2,2
1906.7500963022414,service_start,1739,0,2,2
1906.8831653010245,departure,1739,0,1,1
1906.9868843545369,arrival,1740,0,2,2
1906.9868843545369,service_start,1740,0,2,2
1907.978456085393,departure,1738,0,1,1
1908.3683230445997,arrival,1741,0,2,2
1908.3683230445997,service_start,1741,0,2,2
1908.7391562432033,departure,1740,0,1,1
1908.9467687398208,departure,1741,0,0,0
1909.1257161493215,arrival,1742,0,1,1
1909.1257161493215,service_start,1742,0,1,1
1909.4343427895615,arrival,1743,0,2,2
1909.4343427895615,service_start,1743,0,2,2
1909.6975539413218,arrival,1744,1,2,3
1909.867069234445,arrival,1745,2,2,4
1910.3266229749283,arrival,1746,3,2,5
1910.7075624022661,arrival,1747,4,2,6
1911.151250718189,departure,1743,4,1,5
1911.151250718189,service_start,1744,3,2,5
1913.0779440251872,departure,1742,3,1,4
1913.0779440251872,service_start,1745,2,2,4
1914.2578655885188,arrival,1748,3,2,5
1914.3816573917377,departure,1744,3,1,4
1914.3816573917377,service_start,1746,2,2,4
1914.8510243794876,arrival,1749,3,2,5
1915.233651003957,departure,1745,3,1,4
1915.233651003957,service_start,1747,2,2,4
1915.7934244953253,departure,1747,2,1,3
1915.7934244953253,service_start,1748,1,2,3
1916.341625893673,arrival,1750,2,2,4
1916.4396079801477,departure,1746,2,1,3
1916.4396079801477,service_start,1749,1,2,3
1916.5303014430558,arrival,1751,2,2,4
1917.6395729401188,arrival,1752,3,2,5
1918.0384462457805,arrival,1753,4,2,6
1920.224734655747,departure,1748,4,1,5
1920.224734655747,service_start,1750,3,2,5
1920.799900959066,arrival,1754,4,2,6
1921.704541160082,departure,1749,4,1,5
1921.704541160082,service_start,1751,3,2,5
1923.0621271253556,departure,1751,3,1,4
1923.0621271253556,service_start,1752,2,2,4
1924.3124289279247,arrival,1755,3,2,5
1924.315305806893,arrival,1756,4,2,6
1924.5196143677288,departure,1752,4,1,5
1924.5196143677288,service_start,1753,3,2,5
1924.526487282334,arrival,1757,4,2,6
1925.151929075189,departure,1753,4,1,5
1925.151929075189,service_start,1754,3,2,5
1925.444114815244,departure,1750,3,1,4
1925.444114815244,service_start,1755,2,2,4
1925.635583692753,arrival,1758,3,2,5
1926.2290504364903,departure,1755,3,1,4
1926.2290504364903,service_start,1756,2,2,4
1926.8433884706226,departure,1754,2,1,3
1926.8433884706226,service_start,1757,1,2,3
1928.6956643814497,arrival,1759,2,2,4
1929.5476819573034,departure,1756,2,1,3
1929.5476819573034,service_start,1758,1,2,3
1930.1141770586928,arrival,1760,2,2,4
1930.7048040391287,arrival,1761,3,2,5
1931.1976059575413,departure,1758,3,1,4
1931.1976059575413,service_start,1759,2,2,4
1931.7375614451967,departure,1759,2,1,3
1931.7375614451967,service_start,1760,1,2,3
1931.8892162784346,departure,1760,1,1,2
1931.8892162784346,service_start,1761,0,2,2
1931.9246193795407,departure,1757,0,1,1
1932.2911953875778,arrival,1762,0,2,2
1932.2911953875778,service_start,1762,0,2,2
1932.381162971635,departure,1761,0,1,1
1932.5453337858744,departure,1762,0,0,0
1932.8068841363151,arrival,1763,0,1,1
1932.8068841363151,service_start,1763,0,1,1
1933.5537285114708,arrival,1764,0,2,2
1933.5537285114708,service_start,1764,0,2,2
1933.7405279177244,arrival,1765,1,2,3
1934.1233711974814,departure,1763,1,1,2
1934.1233711974814,service_start,1765,0,2,2
1934.2391869367411,departure,1765,0,1,1
1934.412872904698,departure,1764,0,0,0
1937.2317290563858,arrival,1766,0,1,1
1937.2317290563858,service_start,1766,0,1,1
1937.682041387237,arrival,1767,0,2,2
1937.682041387237,service_start,1767,0,2,2
1937.8524535602544,departure,1766,0,1,1
1940.0325812247959,departure,1767,0,0,0
1945.0532058969065,arrival,1768,0,1,1
1945.0532058969065,service_start,1768,0,1,1
1945.5102545742186,departure,1768,0,0,0
1946.0617519392206,arrival,1769,0,1,1
1946.0617519392206,service_start,1769,0,1,1
1946.2760897595647,arrival,1770,0,2,2
1946.2760897595647,service_start,1770,0,2,2
1947.05766910873,arrival,1771,1,2,3
1947.9463405635329,departure,1769,1,1,2
1947.9463405635329,service_start,1771,0,2,2
1948.192454158948,departure,1771,0,1,1
1948.5670346091536,arrival,1772,0,2,2
1948.5670346091536,service_start,1772,0,2,2
1948.7508447175173,departure,1772,0,1,1
1948.89153565145,arrival,1773,0,2,2
1948.89153565145,service_start,1773,0,2,2
1949.2896074787589,departure,1773,0,1,1
1950.447119065554,departure,1770,0,0,0
1951.0532169840083,arrival,1774,0,1,1
1951.0532169840083,service_start,1774,0,1,1
1951.271904902766,arrival,1775,0,2,2
1951.271904902766,service_start,1775,0,2,2
1951.685985571858,departure,1774,0,1,1
1952.221102708619,departure,1775,0,0,0
1953.2775814458732,arrival,1776,0,1,1
1953.2775814458732,service_start,1776,0,1,1
1953.3669743447053,arrival,1777,0,2,2
1953.3669743447053,service_start,1777,0,2,2
1953.6669764411556,arrival,1778,1,2,3
1953.6903473478912,arrival,1779,2,2,4
1954.0778435815334,departure,1776,2,1,3
1954.0778435815334,service_start,1778,1,2,3
1954.8045523508893,departure,1778,1,1,2
1954.8045523508893,service_start,1779,0,2,2
1955.2560272702422,departure,1777,0,1,1
1956.360748035868,arrival,1780,0,2,2
1956.360748035868,service_start,1780,0,2,2
1956.5761876106928,arrival,1781,1,2,3
1956.7694783639288,arrival,1782,2,2,4
1957.8603117846128,departure,1780,2,1,3
1957.8603117846128,service_start,1781,1,2,3
1958.9286235605525,arrival,1783,2,2,4
1959.3716686532398,arrival,1784,3,2,5
1960.1385321677933,arrival,1785,4,2,6
1961.5140362773534,departure,1781,4,1,5
1961.5140362773534,service_start,1782,3,2,5
1962.391816924205,departure,1779,3,1,4
1962.391816924205,service_start,1783,2,2,4
1962.4668131387402,arrival,1786,3,2,5
1962.5265177301737,departure,1782,3,1,4
1962.5265177301737,service_start,1784,2,2,4
1962.8231666328068,departure,1783,2,1,3
1962.8231666328068,service_start,1785,1,2,3
1963.2170046490194,arrival,1787,2,2,4
1963.5864114726185,departure,1784,2,1,3
1963.5864114726185,service_start,1786,1,2,3
1963.965691008973,arrival,1788,2,2,4
1965.3332705908433,arrival,1789,3,2,5
1966.300267866903,arrival,1790,4,2,6
1966.327388322215,departure,1785,4,1,5
1966.327388322215,service_start,1787,3,2,5
1966.3477360345157,arrival,1791,4,2,6
1966.6539464152463,departure,1786,4,1,5
1966.6539464152463,service_start,1788,3,2,5
1967.0191143564846,arrival,1792,4,2,6
1967.62138082833,departure,1788,4,1,5
1967.62138082833,service_start,1789,3,2,5
1968.3800911365424,departure,1789,3,1,4
1968.3800911365424,service_start,1790,2,2,4
1969.8607265809371,arrival,1793,3,2,5
1970.2044876918853,departure,1790,3,1,4
1970.2044876918853,service_start,1791,2,2,4
1970.6963015674512,arrival,1794,3,2,5
1971.56219496482,departure,1791,3,1,4
1971.56219496482,service_start,1792,2,2,4
1971.6829073949743,arrival,1795,3,2,5
1971.805054473601,arrival,1796,4,2,6
1972.504035343571,departure,1787,4,1,5
1972.504035343571,service_start,1793,3,2,5
1973.3856733014343,departure,1792,3,1,4
1973.3856733014343,service_start,1794,2,2,4
1973.6889631775186,arrival,1797,3,2,5
1973.709750469097,arrival,1798,4,2,6
1973.7770887348531,departure,1793,4,1,5
1973.7770887348531,service_start,1795,3,2,5
1973.8699376884679,arrival,1799,4,2,6
1973.8970199950836,arrival,1800,5,2,7
1974.1256211090174,departure,1795,5,1,6
1974.1256211090174,service_start,1796,4,2,6
1974.6604252050417,arrival,1801,5,2,7
1975.2741901978122,arrival,1802,6,2,8
1976.8567112509147,departure,1796,6,1,7
1976.8567112509147,service_start,1797,5,2,7
1977.6895023504317,arrival,1803,6,2,8
1978.0214056916366,arrival,1804,7,2,9
1978.0805190184938,departure,1797,7,1,8
1978.0805190184938,service_start,1798,6,2,8
1978.2813953963944,departure,1794,6,1,7
1978.2813953963944,service_start,1799,5,2,7
1978.4465603408082,departure,1799,5,1,6
1978.4465603408082,service_start,1800,4,2,6
1978.5663603317046,departure,1798,4,1,5
1978.5663603317046,service_start,1801,3,2,5
1978.5677523345264,departure,1800,3,1,4
1978.5677523345264,service_start,1802,2,2,4
1978.7457605589364,departure,1801,2,1,3
1978.7457605589364,service_start,1803,1,2,3
1978.8873313390434,departure,1802,1,1,2
1978.8873313390434,service_start,1804,0,2,2
1978.963771117867,arrival,1805,1,2,3
1979.0830063004041,departure,1803,1,1,2
1979.0830063004041,service_start,1805,0,2,2
1979.8495804120155,arrival,1806,1,2,3
1981.0322176470268,departure,1804,1,1,2
1981.0322176470268,service_start,1806,0,2,2
1981.5836362845819,departure,1805,0,1,1
1982.1914925207843,arrival,1807,0,2,2
1982.1914925207843,service_start,1807,0,2,2
1983.1280302428004,departure,1807,0,1,1
1983.3111456091988,departure,1806,0,0,0
1983.3685599145256,arrival,1808,0,1,1
1983.3685599145256,service_start,1808,0,1,1
1983.3761577032324,arrival,1809,0,2,2
1983.3761577032324,service_start,1809,0,2,2
1984.0610532377227,departure,1809,0,1,1
1984.4203921328408,arrival,1810,0,2,2
1984.4203921328408,service_start,1810,0,2,2
1985.14841373584,arrival,1811,1,2,3
1985.26955688161,arrival,1812,2,2,4
1985.7219411158014,departure,1810,2,1,3
1985.7219411158014,service_start,1811,1,2,3
1986.1433602775467,departure,1811,1,1,2
1986.1433602775467,service_start,1812,0,2,2
1987.3574855835618,departure,1812,0,1,1
1987.492644939065,arrival,1813,0,2,2
1987.492644939065,service_start,1813,0,2,2
1987.8973514713653,arrival,1814,1,2,3
1988.6092836296377,departure,1813,1,1,2
1988.6092836296377,service_start,1814,0,2,2
1988.695459487369,arrival,1815,1,2,3
1988.944725746219,departure,1808,1,1,2
1988.944725746219,service_start,1815,0,2,2
1989.0421014198535,arrival,1816,1,2,3
1989.5945746635578,departure,1815,1,1,2
1989.5945746635578,service_start,1816,0,2,2
1989.7320898016703,arrival,1817,1,2,3
1989.935388417223,departure,1814,1,1,2
1989.935388417223,service_start,1817,0,2,2
1990.058929468476,departure,1817,0,1,1
1990.8092478189942,departure,1816,0,0,0
1991.2965841622315,arrival,1818,0,1,1
1991.2965841622315,service_start,1818,0,1,1
1991.3959726915284,arrival,1819,0,2,2
1991.3959726915284,service_start,1819,0,2,2
1991.496999228714,departure,1818,0,1,1
1991.7480873538243,arrival,1820,0,2,2
1991.7480873538243,service_start,1820,0,2,2
1992.0883612616885,departure,1820,0,1,1
1993.1594974979962,arrival,1821,0,2,2
1993.1594974979962,service_start,1821,0,2,2
1993.3045396065324,departure,1821,0,1,1
1993.3731196897743,arrival,1822,0,2,2
1993.3731196897743,service_start,1822,0,2,2
1993.6843297976015,arrival,1823,1,2,3
1993.6957857912535,departure,1822,1,1,2
1993.6957857912535,service_start,1823,0,2,2
1994.1036468336852,departure,1819,0,1,1
1994.183574251498,departure,1823,0,0,0
1994.2311081400169,arrival,1824,0,1,1
1994.2311081400169,service_start,1824,0,1,1
1995.1681695072662,arrival,1825,0,2,2
1995.1681695072662,service_start,1825,0,2,2
1995.429259888793,departure,1825,0,1,1
1996.1245864249322,departure,1824,0,0,0
1999.4536484782736,arrival,1826,0,1,1
1999.4536484782736,service_start,1826,0,1,1
1999.9016075185277,departure,1826,0,0,0
2000.2235225002814,arrival,1827,0,1,1
2000.2235225002814,service_start,1827,0,1,1
2001.3669737485707,arrival,1828,0,2,2
2001.3669737485707,service_start,1828,0,2,2
2001.4378061702514,departure,1828,0,1,1
2002.1567260094166,arrival,1829,0,2,2
2002.1567260094166,service_start,1829,0,2,2
2002.8877093109804,departure,1829,0,1,1
2002.99441156956,departure,1827,0,0,0
2003.1030940963904,arrival,1830,0,1,1
2003.1030940963904,service_start,1830,0,1,1
2003.273172572733,arrival,1831,0,2,2
2003.273172572733,service_start,1831,0,2,2
2003.8603685169626,departure,1830,0,1,1
2004.2995371420882,arrival,1832,0,2,2
2004.2995371420882,service_start,1832,0,2,2
2004.3571747731555,departure,1832,0,1,1
2004.6400306677951,departure,1831,0,0,0
2004.8136846207774,arrival,1833,0,1,1
2004.8136846207774,service_start,1833,0,1,1
2005.396658673751,arrival,1834,0,2,2
2005.396658673751,service_start,1834,0,2,2
2005.844426364514,departure,1833,0,1,1
2005.9894548479867,arrival,1835,0,2,2
2005.9894548479867,service_start,1835,0,2,2
2006.4238456696241,departure,1835,0,1,1
2006.4322857040875,arrival,1836,0,2,2
2006.4322857040875,service_start,1836,0,2,2
2007.491615651152,departure,1834,0,1,1
2008.115253042636,departure,1836,0,0,0
2009.3503372875562,arrival,1837,0,1,1
2009.3503372875562,service_start,1837,0,1,1
2009.450024883218,departure,1837,0,0,0
2015.1051014668085,arrival,1838,0,1,1
2015.1051014668085,service_start,1838,0,1,1
2015.3784668606015,departure,1838,0,0,0
2016.204082262846,arrival,1839,0,1,1
2016.204082262846,service_start,1839,0,1,1
2016.3450194645134,arrival,1840,0,2,2
2016.3450194645134,service_start,1840,0,2,2
2017.0124400431646,arrival,1841,1,2,3
2017.1520987755696,arrival,1842,2,2,4
2017.6981203482478,arrival,1843,3,2,5
2019.041527585237,departure,1839,3,1,4
2019.041527585237,service_start,1841,2,2,4
2019.0444820377752,arrival,1844,3,2,5
2019.4882337903828,departure,1841,3,1,4
2019.4882337903828,service_start,1842,2,2,4
2019.7823422357458,arrival,1845,3,2,5
2019.8778395676027,departure,1842,3,1,4
2019.8778395676027,service_start,1843,2,2,4
2020.1282000804479,arrival,1846,3,2,5
2022.0712924040497,departure,1843,3,1,4
2022.0712924040497,service_start,1844,2,2,4
2022.2713524219153,departure,1840,2,1,3
2022.2713524219153,service_start,1845,1,2,3
2022.8348584290559,departure,1845,1,1,2
2022.8348584290559,service_start,1846,0,2,2
2023.4498032593544,departure,1844,0,1,1
2023.5870707095821,arrival,1847,0,2,2
2023.5870707095821,service_start,1847,0,2,2
2023.8909969993558,departure,1846,0,1,1
2023.9814141783859,arrival,1848,0,2,2
2023.9814141783859,service_start,1848,0,2,2
2024.0190683178205,arrival,1849,1,2,3
2024.501185760518,arrival,1850,2,2,4
2025.091345311523,departure,1847,2,1,3
2025.091345311523,service_start,1849,1,2,3
2026.1900184474057,departure,1849,1,1,2
2026.1900184474057,service_start,1850,0,2,2
2027.0745104241398,arrival,1851,1,2,3
2027.2060129179679,departure,1850,1,1,2
2027.2060129179679,service_start,1851,0,2,2
2027.5771824399633,departure,1848,0,1,1
2030.338623478768,departure,1851,0,0,0
2030.8468841928886,arrival,1852,0,1,1
2030.8468841928886,service_start,1852,0,1,1
2031.9896139887078,departure,1852,0,0,0
2033.6147272071973,arrival,1853,0,1,1
2033.6147272071973,service_start,1853,0,1,1
2035.1758020453253,arrival,1854,0,2,2
2035.1758020453253,service_start,1854,0,2,2
2035.2465130993899,arrival,1855,1,2,3
2035.5935637363605,arrival,1856,2,2,4
2035.801089984199,departure,1853,2,1,3
2035.801089984199,service_start,1855,1,2,3
2037.405151164437,departure,1854,1,1,2
2037.405151164437,service_start,1856,0,2,2
2037.4144130353318,departure,1856,0,1,1
2039.1234488712535,departure,1855,0,0,0
2039.2389247380954,arrival,1857,0,1,1
2039.2389247380954,service_start,1857,0,1,1
2039.3048938771256,arrival,1858,0,2,2
2039.3048938771256,service_start,1858,0,2,2
2040.9431092577202,arrival,1859,1,2,3
2041.0398084746816,arrival,1860,2,2,4
2043.041737447464,departure,1858,2,1,3
2043.041737447464,service_start,1859,1,2,3
2043.405545733881,arrival,1861,2,2,4
2043.5061743404456,departure,1859,2,1,3
2043.5061743404456,service_start,1860,1,2,3
2044.4789569263992,departure,1860,1,1,2
2044.4789569263992,service_start,1861,0,2,2
2045.7131919030667,departure,1857,0,1,1
2046.9198363888447,departure,1861,0,0,0
2047.5287453368028,arrival,1862,0,1,1
2047.5287453368028,service_start,1862,0,1,1
2048.378298289263,arrival,1863,0,2,2
2048.378298289263,service_start,1863,0,2,2
2048.5504701356303,arrival,1864,1,2,3
2048.8275214876576,arrival,1865,2,2,4
2050.107751770894,arrival,1866,3,2,5
2050.2856778794535,departure,1863,3,1,4
2050.2856778794535,service_start,1864,2,2,4
2050.7964891015567,departure,1864,2,1,3
2050.7964891015567,service_start,1865,1,2,3
2052.0540028894447,departure,1862,1,1,2
2052.0540028894447,service_start,1866,0,2,2
2052.517063012632,departure,1865,0,1,1
2053.443022474012,arrival,1867,0,2,2
2053.443022474012,service_start,1867,0,2,2
2053.9378515094472,arrival,1868,1,2,3
2054.507155679594,departure,1867,1,1,2
2054.507155679594,service_start,1868,0,2,2
2054.8514401764046,departure,1868,0,1,1
2056.277589910993,arrival,1869,0,2,2
2056.277589910993,service_start,1869,0,2,2
2056.2991154404444,arrival,1870,1,2,3
2056.776064147096,arrival,1871,2,2,4
2056.8437754468905,departure,1869,2,1,3
2056.8437754468905,service_start,1870,1,2,3
2057.0659900564383,departure,1866,1,1,2
2057.0659900564383,service_start,1871,0,2,2
2058.5644692744077,arrival,1872,1,2,3
2059.2230998043424,departure,1870,1,1,2
2059.2230998043424,service_start,1872,0,2,2
2059.3971510622437,departure,1872,0,1,1
2060.2161676815995,departure,1871,0,0,0
2064.087948045964,arrival,1873,0,1,1
2064.087948045964,service_start,1873,0,1,1
2064.8337755628986,arrival,1874,0,2,2
2064.8337755628986,service_start,1874,0,2,2
2065.107310862272,departure,1874,0,1,1
2065.220536679107,arrival,1875,0,2,2
2065.220536679107,service_start,1875,0,2,2
2065.36269545063,departure,1875,0,1,1
2065.7118764847505,arrival,1876,0,2,2
2065.7118764847505,service_start,1876,0,2,2
2066.0494352198343,arrival,1877,1,2,3
2066.096107651507,departure,1876,1,1,2
2066.096107651507,service_start,1877,0,2,2
2067.0889037574357,arrival,1878,1,2,3
2067.488302728516,arrival,1879,2,2,4
2068.9511221938988,arrival,1880,3,2,5
2069.2391460770564,departure,1873,3,1,4
2069.2391460770564,service_start,1878,2,2,4
2069.5411104224563,arrival,1881,3,2,5
2069.7971392363747,departure,1877,3,1,4
2069.7971392363747,service_start,1879,2,2,4
2070.834312228238,arrival,1882,3,2,5
2070.8384011476774,arrival,1883,4,2,6
2071.240202825182,departure,1878,4,1,5
2071.240202825182,service_start,1880,3,2,5
2072.210248805171,departure,1880,3,1,4
2072.210248805171,service_start,1881,2,2,4
2072.5564511898665,departure,1879,2,1,3
2072.5564511898665,service_start,1882,1,2,3
2073.45185508633,arrival,1884,2,2,4
2074.4083871335733,departure,1882,2,1,3
2074.4083871335733,service_start,1883,1,2,3
2074.4418747826867,arrival,1885,2,2,4
2074.5752535985807,arrival,1886,3,2,5
2074.9869817193535,departure,1883,3,1,4
2074.9869817193535,service_start,1884,2,2,4
2075.148217340768,arrival,1887,3,2,5
2076.19261430003,departure,1884,3,1,4
2076.19261430003,service_start,1885,2,2,4
2076.8724165330295,departure,1881,2,1,3
2076.8724165330295,service_start,1886,1,2,3
2077.2943771848168,arrival,1888,2,2,4
2077.845594616146,departure,1885,2,1,3
2077.845594616146,service_start,1887,1,2,3
2078.7448597237467,departure,1886,1,1,2
2078.7448597237467,service_start,1888,0,2,2
2079.3082599399045,departure,1887,0,1,1
2079.314391055104,arrival,1889,0,2,2
2079.314391055104,service_start,1889,0,2,2
2079.315629205753,arrival,1890,1,2,3
2079.771276260301,departure,1888,1,1,2
2079.771276260301,service_start,1890,0,2,2
2081.040044229462,departure,1889,0,1,1
2081.1311352189346,departure,1890,0,0,0
2082.913267952948,arrival,1891,0,1,1
2082.913267952948,service_start,1891,0,1,1
2083.327932774626,departure,1891,0,0,0
2083.5222740977897,arrival,1892,0,1,1
2083.5222740977897,service_start,1892,0,1,1
2083.53098204838,arrival,1893,0,2,2
2083.53098204838,service_start,1893,0,2,2
2083.831662842382,arrival,1894,1,2,3
2084.451045581017,arrival,1895,2,2,4
2084.913572720831,departure,1893,2,1,3
2084.913572720831,service_start,1894,1,2,3
2085.8063291255457,departure,1892,1,1,2
2085.8063291255457,service_start,1895,0,2,2
2086.57685335557,departure,1894,0,1,1
2086.5882896893495,arrival,1896,0,2,2
2086.5882896893495,service_start,1896,0,2,2
2087.066445273177,departure,1895,0,1,1
2087.175380163953,arrival,1897,0,2,2
2087.175380163953,service_start,1897,0,2,2
2087.5575830987304,departure,1896,0,1,1
2090.5097438199173,departure,1897,0,0,0
2090.650789045772,arrival,1898,0,1,1
2090.650789045772,service_start,1898,0,1,1
2090.835772391061,arrival,1899,0,2,2
2090.835772391061,service_start,1899,0,2,2
2091.3514693346856,departure,1899,0,1,1
2092.0763991725726,arrival,1900,0,2,2
2092.0763991725726,service_start,1900,0,2,2
2092.389878210491,arrival,1901,1,2,3
2093.866162326059,departure,1900,1,1,2
2093.866162326059,service_start,1901,0,2,2
2095.0309826872967,departure,1898,0,1,1
2095.7521296889827,arrival,1902,0,2,2
2095.7521296889827,service_start,1902,0,2,2
2096.035622613372,arrival,1903,1,2,3
2096.3654480889177,departure,1902,1,1,2
2096.3654480889177,service_start,1903,0,2,2
2096.6886010933467,arrival,1904,1,2,3
2097.13791953363,departure,1901,1,1,2
2097.13791953363,service_start,1904,0,2,2
2098.0151781188333,arrival,1905,1,2,3
2098.209767487927,arrival,1906,2,2,4
2099.271015447522,departure,1903,2,1,3
2099.271015447522,service_start,1905,1,2,3
2100.2516853921775,departure,1904,1,1,2
2100.2516853921775,service_start,1906,0,2,2
2102.184577059356,arrival,1907,1,2,3
2102.897457379238,arrival,1908,2,2,4
2103.2311801592314,departure,1905,2,1,3
2103.2311801592314,service_start,1907,1,2,3
2103.32487489286,arrival,1909,2,2,4
2103.9148186172292,departure,1906,2,1,3
2103.9148186172292,service_start,1908,1,2,3
2103.953816591505,arrival,1910,2,2,4
2104.425888145966,departure,1907,2,1,3
2104.425888145966,service_start,1909,1,2,3
2104.6785344363434,departure,1909,1,1,2
2104.6785344363434,service_start,1910,0,2,2
2105.2956537175196,departure,1910,0,1,1
2105.346566980933,departure,1908,0,0,0
2107.2780266032387,arrival,1911,0,1,1
2107.2780266032387,service_start,1911,0,1,1
2107.3791211168605,arrival,1912,0,2,2
2107.3791211168605,service_start,1912,0,2,2
2107.6927929871117,departure,1911,0,1,1
2107.7266335870668,arrival,1913,0,2,2
2107.7266335870668,service_start,1913,0,2,2
2107.9359676054405,departure,1912,0,1,1
2107.9632004835926,departure,1913,0,0,0
2108.911055675557,arrival,1914,0,1,1
2108.911055675557,service_start,1914,0,1,1
2109.236500174504,arrival,1915,0,2,2
2109.236500174504,service_start,1915,0,2,2
2109.5359213869524,arrival,1916,1,2,3
2109.6173875166182,departure,1915,1,1,2
2109.6173875166182,service_start,1916,0,2,2
2109.9387362202037,arrival,1917,1,2,3
2110.57765062289,arrival,1918,2,2,4
2111.024306718577,arrival,1919,3,2,5
2111.026853220726,departure,1916,3,1,4
2111.026853220726,service_start,1917,2,2,4
2111.2964087419296,departure,1914,2,1,3
2111.2964087419296,service_start,1918,1,2,3
2111.5684315292033,departure,1918,1,1,2
2111.5684315292033,service_start,1919,0,2,2
2112.357884480819,arrival,1920,1,2,3
2112.453334892451,arrival,1921,2,2,4
2112.8218694048196,departure,1919,2,1,3
2112.8218694048196,service_start,1920,1,2,3
2114.5592031872793,departure,1917,1,1,2
2114.5592031872793,service_start,1921,0,2,2
2114.728019004423,arrival,1922,1,2,3
2114.942113282771,arrival,1923,2,2,4
2115.372597127891,departure,1920,2,1,3
2115.372597127891,service_start,1922,1,2,3
2115.983396976476,arrival,1924,2,2,4
2116.371589846449,arrival,1925,3,2,5
2116.850414384098,arrival,1926,4,2,6
2116.9131796703577,arrival,1927,5,2,7
2117.5330883603838,arrival,1928,6,2,8
2118.1546521424125,arrival,1929,7,2,9
2118.1941158635846,arrival,1930,8,2,10
2119.3569071521533,arrival,1931,9,2,11
2120.2440741685873,departure,1922,9,1,10
2120.2440741685873,service_start,1923,8,2,10
2120.6922484960623,arrival,1932,9,2,11
2122.0061191894006,arrival,1933,10,2,12
2122.3920115414335,arrival,1934,11,2,13
2123.0354278476416,arrival,1935,12,2,14
2123.161814281944,departure,1921,12,1,13
2123.161814281944,service_start,1924,11,2,13
2123.2985184451604,arrival,1936,12,2,14
2123.440783706061,arrival,1937,13,2,15
2123.6031455371417,arrival,1938,14,2,16
2123.808804407808,departure,1923,14,1,15
2123.808804407808,service_start,1925,13,2,15
2123.8952075085244,departure,1925,13,1,14
2123.8952075085244,service_start,1926,12,2,14
2124.1041629232755,departure,1926,12,1,13
2124.1041629232755,service_start,1927,11,2,13
2125.194345764997,departure,1927,11,1,12
2125.194345764997,service_start,1928,10,2,12
2125.9218425273903,departure,1924,10,1,11
2125.9218425273903,service_start,1929,9,2,11
2126.2179833398836,departure,1929,9,1,10
2126.2179833398836,service_start,1930,8,2,10
2126.419531554935,arrival,1939,9,2,11
2127.2340003528398,departure,1930,9,1,10
2127.2340003528398,service_start,1931,8,2,10
2127.3466540946797,arrival,1940,9,2,11
2127.669140332612,arrival,1941,10,2,12
2127.837611696904,arrival,1942,11,2,13
2128.5186576928872,arrival,1943,12,2,14
2128.543761602697,arrival,1944,13,2,15
2131.625938452091,arrival,1945,14,2,16
2131.85184679414,departure,1931,14,1,15
2131.85184679414,service_start,1932,13,2,15
2132.143088195603,departure,1928,13,1,14
2132.143088195603,service_start,1933,12,2,14
2132.2630072700194,departure,1933,12,1,13
2132.2630072700194,service_start,1934,11,2,13
2132.711903873924,arrival,1946,12,2,14
2132.7462358429075,arrival,1947,13,2,15
2133.0101352522342,departure,1932,13,1,14
2133.0101352522342,service_start,1935,12,2,14
2134.2858714602835,departure,1934,12,1,13
2134.2858714602835,service_start,1936,11,2,13
2134.4398753880696,departure,1936,11,1,12
2134.4398753880696,service_start,1937,10,2,12
2134.7764362744183,departure,1935,10,1,11
2134.7764362744183,service_start,1938,9,2,11
2135.353172238906,departure,1937,9,1,10
2135.353172238906,service_start,1939,8,2,10
2135.5334770164704,arrival,1948,9,2,11
2135.766566983143,departure,1939,9,1,10
2135.766566983143,service_start,1940,8,2,10
2136.6234604148535,arrival,1949,9,2,11
2136.8747493217934,departure,1940,9,1,10
2136.8747493217934,service_start,1941,8,2,10
2137.0608407727705,arrival,1950,9,2,11
2137.316712261183,arrival,1951,10,2,12
2137.3815522884342,departure,1938,10,1,11
2137.3815522884342,service_start,1942,9,2,11
2138.5947351965465,departure,1942,9,1,10
2138.5947351965465,service_start,1943,8,2,10
2139.6383108330815,departure,1943,8,1,9
2139.6383108330815,service_start,1944,7,2,9
2140.3806938804037,departure,1941,7,1,8
2140.3806938804037,service_start,1945,6,2,8
2140.4137832453052,departure,1945,6,1,7
2140.4137832453052,service_start,1946,5,2,7
2141.227247065216,arrival,1952,6,2,8
2141.4024800166508,departure,1946,6,1,7
2141.4024800166508,service_start,1947,5,2,7
2141.6957662930013,departure,1944,5,1,6
2141.6957662930013,service_start,1948,4,2,6
2143.114836229778,arrival,1953,5,2,7
2143.129639862262,departure,1947,5,1,6
2143.129639862262,service_start,1949,4,2,6
2143.2542613061587,departure,1949,4,1,5
2143.2542613061587,service_start,1950,3,2,5
2143.6935144324398,departure,1948,3,1,4
2143.6935144324398,service_start,1951,2,2,4
2144.78415847662,arrival,1954,3,2,5
2145.3390698676562,departure,1950,3,1,4
2145.3390698676562,service_start,1952,2,2,4
2145.4228303924797,arrival,1955,3,2,5
2145.7487412582104,departure,1952,3,1,4
2145.7487412582104,service_start,1953,2,2,4
2145.793573053203,departure,1953,2,1,3
2145.793573053203,service_start,1954,1,2,3
2145.870765320667,arrival,1956,2,2,4
2146.1747115650624,departure,1951,2,1,3
2146.1747115650624,service_start,1955,1,2,3
2146.463627245833,arrival,1957,2,2,4
2147.4925641020427,departure,1955,2,1,3
2147.4925641020427,service_start,1956,1,2,3
2147.6735343820164,arrival,1958,2,2,4
2148.6282886977765,departure,1956,2,1,3
2148.6282886977765,service_start,1957,1,2,3
2148.6828771167984,arrival,1959,2,2,4
2150.3530014270173,departure,1954,2,1,3
2150.3530014270173,service_start,1958,1,2,3
2151.610202865708,departure,1958,1,1,2
2151.610202865708,service_start,1959,0,2,2
2151.959180136459,departure,1957,0,1,1
2152.2397666148495,arrival,1960,0,2,2
2152.2397666148495,service_start,1960,0,2,2
2152.7512631542936,departure,1959,0,1,1
2153.361477024806,arrival,1961,0,2,2
2153.361477024806,service_start,1961,0,2,2
2153.9964570838947,departure,1961,0,1,1
2154.1783546986753,arrival,1962,0,2,2
2154.1783546986753,service_start,1962,0,2,2
2154.424249737112,departure,1962,0,1,1
2155.857138106878,arrival,1963,0,2,2
2155.857138106878,service_start,1963,0,2,2
2155.94542816276,arrival,1964,1,2,3
2156.4170610375586,departure,1963,1,1,2
2156.4170610375586,service_start,1964,0,2,2
2156.698606962379,departure,1964,0,1,1
2156.858525248442,arrival,1965,0,2,2
2156.858525248442,service_start,1965,0,2,2
2157.1681036917585,arrival,1966,1,2,3
2158.101686300028,departure,1960,1,1,2
2158.101686300028,service_start,1966,0,2,2
2158.3435459966977,departure,1966,0,1,1
2159.8065840938552,arrival,1967,0,2,2
2159.8065840938552,service_start,1967,0,2,2
2160.351695995301,arrival,1968,1,2,3
2160.9706804489037,departure,1965,1,1,2
2160.9706804489037,service_start,1968,0,2,2
2161.31197094701,arrival,1969,1,2,3
2162.015657389971,departure,1967,1,1,2
2162.015657389971,service_start,1969,0,2,2
2164.173285229167,departure,1968,0,1,1
2166.6067141998265,departure,1969,0,0,0
2167.2362954562923,arrival,1970,0,1,1
2167.2362954562923,service_start,1970,0,1,1
2167.9566353788377,arrival,1971,0,2,2
2167.9566353788377,service_start,1971,0,2,2
2168.0499451254677,departure,1971,0,1,1
2168.166605507745,departure,1970,0,0,0
2171.017777174527,arrival,1972,0,1,1
2171.017777174527,service_start,1972,0,1,1
2171.9255468013193,arrival,1973,0,2,2
2171.9255468013193,service_start,1973,0,2,2
2172.290412784651,departure,1973,0,1,1
2173.0347518935546,arrival,1974,0,2,2
2173.0347518935546,service_start,1974,0,2,2
2173.417449813439,arrival,1975,1,2,3
2173.642681561793,arrival,1976,2,2,4
2173.8856876661594,departure,1974,2,1,3
2173.8856876661594,service_start,1975,1,2,3
2174.2220625581285,arrival,1977,2,2,4
2174.4043696628614,departure,1972,2,1,3
2174.4043696628614,service_start,1976,1,2,3
2174.4997447479427,arrival,1978,2,2,4
2174.5554663735165,arrival,1979,3,2,5
2175.460719330695,departure,1975,3,1,4
2175.460719330695,service_start,1977,2,2,4
2175.6708807950836,arrival,1980,3,2,5
2178.2855746933906,departure,1977,3,1,4
2178.2855746933906,service_start,1978,2,2,4
2179.337151046414,departure,1976,2,1,3
2179.337151046414,service_start,1979,1,2,3
2179.816888175211,arrival,1981,2,2,4
2181.1718963429967,departure,1978,2,1,3
2181.1718963429967,service_start,1980,1,2,3
2181.4337878079323,departure,1980,1,1,2
2181.4337878079323,service_start,1981,0,2,2
2181.9214982557905,arrival,1982,1,2,3
2182.554006919557,departure,1979,1,1,2
2182.554006919557,service_start,1982,0,2,2
2182.7577592356406,arrival,1983,1,2,3
2182.7877365964664,arrival,1984,2,2,4
2182.8564109069866,departure,1981,2,1,3
2182.8564109069866,service_start,1983,1,2,3
2182.994700761131,arrival,1985,2,2,4
2183.225870331359,departure,1983,2,1,3
2183.225870331359,service_start,1984,1,2,3
2183.61986609446,arrival,1986,2,2,4
2183.8070833843335,arrival,1987,3,2,5
2184.1393290699975,arrival,1988,4,2,6
2184.4031975966363,departure,1982,4,1,5
2184.4031975966363,service_start,1985,3,2,5
2185.068344538325,departure,1985,3,1,4
2185.068344538325,service_start,1986,2,2,4
2186.1630224191913,departure,1986,2,1,3
2186.1630224191913,service_start,1987,1,2,3
2186.196380781621,departure,1987,1,1,2
2186.196380781621,service_start,1988,0,2,2
2186.7999268477574,departure,1988,0,1,1
2186.9256152926373,arrival,1989,0,2,2
2186.9256152926373,service_start,1989,0,2,2
2187.030308788031,arrival,1990,1,2,3
2187.0607098071664,departure,1984,1,1,2
2187.0607098071664,service_start,1990,0,2,2
2187.077229788406,departure,1989,0,1,1
2187.151450483645,arrival,1991,0,2,2
2187.151450483645,service_start,1991,0,2,2
2187.623819131711,arrival,1992,1,2,3
2187.648112705767,departure,1990,1,1,2
2187.648112705767,service_start,1992,0,2,2
2188.1268612090075,departure,1991,0,1,1
2189.3153516503653,departure,1992,0,0,0
2190.0541173913093,arrival,1993,0,1,1
2190.0541173913093,service_start,1993,0,1,1
2190.49937740202,arrival,1994,0,2,2
2190.49937740202,service_start,1994,0,2,2
2190.8447779136914,arrival,1995,1,2,3
2191.2851836162313,departure,1993,1,1,2
2191.2851836162313,service_start,1995,0,2,2
2192.3531671824576,departure,1994,0,1,1
2193.6382763983797,arrival,1996,0,2,2
2193.6382763983797,service_start,1996,0,2,2
2193.9228315732853,departure,1996,0,1,1
2194.31113094683,arrival,1997,0,2,2
2194.31113094683,service_start,1997,0,2,2
2195.0881595482924,departure,1995,0,1,1
2196.2696801015736,departure,1997,0,0,0
2196.995473478268,arrival,1998,0,1,1
2196.995473478268,service_start,1998,0,1,1
2200.0152132519856,arrival,1999,0,2,2
2200.0152132519856,service_start,1999,0,2,2
2200.785243772757,departure,1998,0,1,1
2200.9329636000243,departure,1999,0,0,0
2202.523243384011,arrival,2000,0,1,1
2202.523243384011,service_start,2000,0,1,1
2202.8255095796253,arrival,2001,0,2,2
2202.8255095796253,service_start,2001,0,2,2
2202.8485206535097,arrival,2002,1,2,3
2203.1228330832287,departure,2001,1,1,2
2203.1228330832287,service_start,2002,0,2,2
2203.9551693470476,departure,2002,0,1,1
2203.957459505184,arrival,2003,0,2,2
2203.957459505184,service_start,2003,0,2,2
2204.5837946890297,departure,2000,0,1,1
2205.3522525371477,arrival,2004,0,2,2
2205.3522525371477,service_start,2004,0,2,2
2205.838620830349,departure,2003,0,1,1
2206.5784173126813,arrival,2005,0,2,2
2206.5784173126813,service_start,2005,0,2,2
2206.6838242793515,departure,2004,0,1,1
2207.776534556776,arrival,2006,0,2,2
2207.776534556776,service_start,2006,0,2,2
2209.2220175552025,arrival,2007,1,2,3
2209.4873634536134,arrival,2008,2,2,4
2209.833118564095,departure,2006,2,1,3
2209.833118564095,service_start,2007,1,2,3
2210.5517036838464,departure,2007,1,1,2
2210.5517036838464,service_start,2008,0,2,2
2211.85864876451,arrival,2009,1,2,3
2212.6619893055613,arrival,2010,2,2,4
2213.5267595021287,arrival,2011,3,2,5
2214.247140921933,arrival,2012,4,2,6
2214.4278427921354,departure,2008,4,1,5
2214.4278427921354,service_start,2009,3,2,5
2214.5975939296536,departure,2009,3,1,4
2214.5975939296536,service_start,2010,2,2,4
2214.6144338318836,departure,2005,2,1,3
2214.6144338318836,service_start,2011,1,2,3
2214.6262601014705,departure,2010,1,1,2
2214.6262601014705,service_start,2012,0,2,2
2215.9128345216204,arrival,2013,1,2,3
2216.05872043665,departure,2012,1,1,2
2216.05872043665,service_start,2013,0,2,2
2216.637607716828,arrival,2014,1,2,3
2217.0128012645796,departure,2013,1,1,2
2217.0128012645796,service_start,2014,0,2,2
2217.9281561726166,departure,2014,0,1,1
2218.483735595411,arrival,2015,0,2,2
2218.483735595411,service_start,2015,0,2,2
2219.3993051741136,arrival,2016,1,2,3
2219.5888815562766,departure,2011,1,1,2
2219.5888815562766,service_start,2016,0,2,2
2219.661012989345,departure,2015,0,1,1
2219.7034472164555,arrival,2017,0,2,2
2219.7034472164555,service_start,2017,0,2,2
2220.09902294635,arrival,2018,1,2,3
2220.176088360927,arrival,2019,2,2,4
2221.2618065397446,arrival,2020,3,2,5
2221.366735471763,arrival,2021,4,2,6
2222.521637925274,departure,2017,4,1,5
2222.521637925274,service_start,2018,3,2,5
2224.7011677608048,arrival,2022,4,2,6
2224.864898849755,departure,2016,4,1,5
2224.864898849755,service_start,2019,3,2,5
2225.004039337349,departure,2019,3,1,4
2225.004039337349,service_start,2020,2,2,4
2225.0396842266578,arrival,2023,3,2,5
2225.04423588115,departure,2018,3,1,4
2225.04423588115,service_start,2021,2,2,4
2225.305203262254,departure,2020,2,1,3
2225.305203262254,service_start,2022,1,2,3
2225.936574526188,arrival,2024,2,2,4
2226.1251697951807,arrival,2025,3,2,5
2226.1655071047458,departure,2021,3,1,4
2226.1655071047458,service_start,2023,2,2,4
2228.7510690298536,departure,2022,2,1,3
2228.7510690298536,service_start,2024,1,2,3
2230.213700388137,arrival,2026,2,2,4
2231.311968055868,arrival,2027,3,2,5
2233.4361548667794,arrival,2028,4,2,6
2233.722559289237,departure,2024,4,1,5
2233.722559289237,service_start,2025,3,2,5
2234.7777403125356,departure,2025,3,1,4
2234.7777403125356,service_start,2026,2,2,4
2234.9546771406317,departure,2026,2,1,3
2234.9546771406317,service_start,2027,1,2,3
2235.1156231819537,arrival,2029,2,2,4
2235.4894916553258,arrival,2030,3,2,5
2235.88840945608,departure,2023,3,1,4
2235.88840945608,service_start,2028,2,2,4
2236.2600482283297,departure,2027,2,1,3
2236.2600482283297,service_start,2029,1,2,3
2236.4332668421116,arrival,2031,2,2,4
2237.3643332105653,departure,2028,2,1,3
2237.3643332105653,service_start,2030,1,2,3
2237.888166382701,departure,2029,1,1,2
2237.888166382701,service_start,2031,0,2,2
2238.268180709541,arrival,2032,1,2,3
2238.6217804499743,arrival,2033,2,2,4
2239.691914853548,departure,2030,2,1,3
2239.691914853548,service_start,2032,1,2,3
2240.7203402267373,departure,2031,1,1,2
2240.7203402267373,service_start,2033,0,2,2
2240.7683251523085,arrival,2034,1,2,3
2241.2727719020518,arrival,2035,2,2,4
2241.3456804218026,departure,2032,2,1,3
2241.3456804218026,service_start,2034,1,2,3
2241.3780734733255,arrival,2036,2,2,4
2243.0936698440846,departure,2033,2,1,3
2243.0936698440846,service_start,2035,1,2,3
2244.6047699159994,departure,2035,1,1,2
2244.6047699159994,service_start,2036,0,2,2
2245.81954811693,departure,2036,0,1,1
2247.279806945938,departure,2034,0,0,0
2247.466058183894,arrival,2037,0,1,1
2247.466058183894,service_start,2037,0,1,1
2247.614540352286,departure,2037,0,0,0
2248.7305660871684,arrival,2038,0,1,1
2248.7305660871684,service_start,2038,0,1,1
2249.498792689632,departure,2038,0,0,0
2249.7142557424036,arrival,2039,0,1,1
2249.7142557424036,service_start,2039,0,1,1
2250.1525446781798,arrival,2040,0,2,2
2250.1525446781798,service_start,2040,0,2,2
2250.77227476416,arrival,2041,1,2,3
2251.3940220518034,arrival,2042,2,2,4
2251.9292514389863,departure,2040,2,1,3
2251.9292514389863,service_start,2041,1,2,3
2252.0524632814318,arrival,2043,2,2,4
2252.564324864852,departure,2039,2,1,3
2252.564324864852,service_start,2042,1,2,3
2252.593446793899,departure,2041,1,1,2
2252.593446793899,service_start,2043,0,2,2
2253.3897945106633,arrival,2044,1,2,3
2253.8087413728986,departure,2043,1,1,2
2253.8087413728986,service_start,2044,0,2,2
2254.7789758524073,departure,2044,0,1,1
2255.374537521205,arrival,2045,0,2,2
2255.374537521205,service_start,2045,0,2,2
2256.949677480711,departure,2042,0,1,1
2258.3083284395775,arrival,2046,0,2,2
2258.3083284395775,service_start,2046,0,2,2
2258.6013826520825,arrival,2047,1,2,3
2259.4777226956144,departure,2045,1,1,2
2259.4777226956144,service_start,2047,0,2,2
2260.062848022866,departure,2047,0,1,1
2261.017437271316,arrival,2048,0,2,2
2261.017437271316,service_start,2048,0,2,2
2261.1480777271104,departure,2048,0,1,1
2261.4956614878556,arrival,2049,0,2,2
2261.4956614878556,service_start,2049,0,2,2
2261.5057661406686,arrival,2050,1,2,3
2262.9326886971307,departure,2049,1,1,2
2262.9326886971307,service_start,2050,0,2,2
2262.9404183371526,arrival,2051,1,2,3
2263.0994569900745,arrival,2052,2,2,4
2264.50713703339,departure,2046,2,1,3
2264.50713703339,service_start,2051,1,2,3
2265.165583247095,arrival,2053,2,2,4
2265.2384724333187,departure,2050,2,1,3
2265.2384724333187,service_start,2052,1,2,3
2267.6946325753847,departure,2051,1,1,2
2267.6946325753847,service_start,2053,0,2,2
2267.763935392225,departure,2052,0,1,1
2268.278182131919,arrival,2054,0,2,2
2268.278182131919,service_start,2054,0,2,2
2268.977514137144,departure,2053,0,1,1
2269.84738690592,arrival,2055,0,2,2
2269.84738690592,service_start,2055,0,2,2
2270.0433037227144,arrival,2056,1,2,3
2270.127431465165,departure,2054,1,1,2
2270.127431465165,service_start,2056,0,2,2
2270.2692901435635,departure,2056,0,1,1
2271.3595125453066,arrival,2057,0,2,2
2271.3595125453066,service_start,2057,0,2,2
2271.5466702664557,departure,2055,0,1,1
2273.157045790127,arrival,2058,0,2,2
2273.157045790127,service_start,2058,0,2,2
2273.2498059360914,departure,2057,0,1,1
2273.9776303811636,departure,2058,0,0,0
2274.802488054198,arrival,2059,0,1,1
2274.802488054198,service_start,2059,0,1,1
2275.4893295543607,arrival,2060,0,2,2
2275.4893295543607,service_start,2060,0,2,2
2276.7699865121176,arrival,2061,1,2,3
2277.26655755279,departure,2060,1,1,2
2277.26655755279,service_start,2061,0,2,2
2277.496156576422,departure,2061,0,1,1
2277.5573173826806,departure,2059,0,0,0
2278.945153686348,arrival,2062,0,1,1
2278.945153686348,service_start,2062,0,1,1
2279.194703966358,arrival,2063,0,2,2
2279.194703966358,service_start,2063,0,2,2
2279.452860317977,arrival,2064,1,2,3
2280.2445104535245,departure,2063,1,1,2
2280.2445104535245,service_start,2064,0,2,2
2280.432867220891,arrival,2065,1,2,3
2281.1748859314976,arrival,2066,2,2,4
2281.892538540037,arrival,2067,3,2,5
2282.162557506409,departure,2062,3,1,4
2282.162557506409,service_start,2065,2,2,4
2282.2971662865716,departure,2065,2,1,3
2282.2971662865716,service_start,2066,1,2,3
2283.415905812694,arrival,2068,2,2,4
2283.5562631510634,departure,2064,2,1,3
2283.5562631510634,service_start,2067,1,2,3
2284.465688491807,arrival,2069,2,2,4
2284.883370965271,departure,2067,2,1,3
2284.883370965271,service_start,2068,1,2,3
2286.088768761429,arrival,2070,2,2,4
2286.2274542080636,arrival,2071,3,2,5
2286.319095173081,departure,2068,3,1,4
2286.319095173081,service_start,2069,2,2,4
2286.374180002627,departure,2066,2,1,3
2286.374180002627,service_start,2070,1,2,3
2286.6956382894414,arrival,2072,2,2,4
2287.313844315801,departure,2069,2,1,3
2287.313844315801,service_start,2071,1,2,3
2288.2232042121755,departure,2070,1,1,2
2288.2232042121755,service_start,2072,0,2,2
2288.6249531487456,departure,2071,0,1,1
2289.9498761505447,arrival,2073,0,2,2
2289.9498761505447,service_start,2073,0,2,2
2290.1714443474643,arrival,2074,1,2,3
2290.462644545949,arrival,2075,2,2,4
2290.733214881466,departure,2073,2,1,3
2290.733214881466,service_start,2074,1,2,3
2291.0782292433028,departure,2072,1,1,2
2291.0782292433028,service_start,2075,0,2,2
2291.1980704415428,departure,2074,0,1,1
2291.234977100988,arrival,2076,0,2,2
2291.234977100988,service_start,2076,0,2,2
2291.642389930719,departure,2076,0,1,1
2292.688358289411,departure,2075,0,0,0
2294.2874270434672,arrival,2077,0,1,1
2294.2874270434672,service_start,2077,0,1,1
2296.1535606347825,arrival,2078,0,2,2
2296.1535606347825,service_start,2078,0,2,2
2296.226810766922,arrival,2079,1,2,3
2296.377055505537,arrival,2080,2,2,4
2296.8859161137093,arrival,2081,3,2,5
2297.3086335336425,departure,2078,3,1,4
2297.3086335336425,service_start,2079,2,2,4
2297.366631957535,arrival,2082,3,2,5
2298.346513161462,arrival,2083,4,2,6
2299.076579024249,departure,2079,4,1,5
2299.076579024249,service_start,2080,3,2,5
2300.1680523641176,arrival,2084,4,2,6
2300.2873198348348,departure,2080,4,1,5
2300.2873198348348,service_start,2081,3,2,5
2300.482140481149,departure,2077,3,1,4
2300.482140481149,service_start,2082,2,2,4
2300.8295830483553,departure,2082,2,1,3
2300.8295830483553,service_start,2083,1,2,3
2301.542605751334,departure,2081,1,1,2
2301.542605751334,service_start,2084,0,2,2
2301.8960049942757,departure,2083,0,1,1
2302.4486099549827,departure,2084,0,0,0
2302.843662514621,arrival,2085,0,1,1
2302.843662514621,service_start,2085,0,1,1
2305.757367104275,arrival,2086,0,2,2
2305.757367104275,service_start,2086,0,2,2
2306.1258937944826,arrival,2087,1,2,3
2306.698170552122,departure,2086,1,1,2
2306.698170552122,service_start,2087,0,2,2
2307.4566300919823,arrival,2088,1,2,3
2307.624592414145,departure,2085,1,1,2
2307.624592414145,service_start,2088,0,2,2
2307.796450663235,arrival,2089,1,2,3
2308.354590293881,departure,2088,1,1,2
2308.354590293881,service_start,2089,0,2,2
2309.1139452715315,departure,2089,0,1,1
2309.3278209688374,departure,2087,0,0,0
2310.5987405766773,arrival,2090,0,1,1
2310.5987405766773,service_start,2090,0,1,1
2312.544860503511,departure,2090,0,0,0
2313.023510079921,arrival,2091,0,1,1
2313.023510079921,service_start,2091,0,1,1
2313.615499766748,arrival,2092,0,2,2
2313.615499766748,service_start,2092,0,2,2
2315.5456404947386,departure,2092,0,1,1
2315.821860064566,departure,2091,0,0,0
2316.675278671167,arrival,2093,0,1,1
2316.675278671167,service_start,2093,0,1,1
2316.9891714294613,arrival,2094,0,2,2
2316.9891714294613,service_start,2094,0,2,2
2317.1157745904707,departure,2093,0,1,1
2317.4553723694944,arrival,2095,0,2,2
2317.4553723694944,service_start,2095,0,2,2
2317.854234023612,departure,2094,0,1,1
2318.0296148629873,departure,2095,0,0,0
2319.3132342714866,arrival,2096,0,1,1
2319.3132342714866,service_start,2096,0,1,1
2319.323388867804,arrival,2097,0,2,2
2319.323388867804,service_start,2097,0,2,2
2320.015479794814,arrival,2098,1,2,3
2320.112435255269,departure,2096,1,1,2
2320.112435255269,service_start,2098,0,2,2
2321.3490705009344,departure,2098,0,1,1
2321.7450254245305,departure,2097,0,0,0
2323.116687714045,arrival,2099,0,1,1
2323.116687714045,service_start,2099,0,1,1
2323.6963928905043,departure,2099,0,0,0
2324.7429478069216,arrival,2100,0,1,1
2324.7429478069216,service_start,2100,0,1,1
2324.9581536998967,arrival,2101,0,2,2
2324.9581536998967,service_start,2101,0,2,2
2324.993029236759,departure,2100,0,1,1
2326.406728696198,arrival,2102,0,2,2
2326.406728696198,service_start,2102,0,2,2
2327.231568609368,departure,2102,0,1,1
2328.1343953964156,departure,2101,0,0,0
2329.9522239389194,arrival,2103,0,1,1
2329.9522239389194,service_start,2103,0,1,1
2330.841397393795,arrival,2104,0,2,2
2330.841397393795,service_start,2104,0,2,2
2330.900045571818,departure,2103,0,1,1
2331.0818413590146,arrival,2105,0,2,2
2331.0818413590146,service_start,2105,0,2,2
2333.2433814843566,departure,2105,0,1,1
2333.788386967434,departure,2104,0,0,0
2337.253032326448,arrival,2106,0,1,1
2337.253032326448,service_start,2106,0,1,1
2337.550585102587,arrival,2107,0,2,2
2337.550585102587,service_start,2107,0,2,2
2338.0321290978986,departure,2107,0,1,1
2339.061746651177,arrival,2108,0,2,2
2339.061746651177,service_start,2108,0,2,2
2339.3350278215503,departure,2106,0,1,1
2339.5302840078753,departure,2108,0,0,0
2342.0564146973957,arrival,2109,0,1,1
2342.0564146973957,service_start,2109,0,1,1
2342.5220109299717,departure,2109,0,0,0
2343.293954533382,arrival,2110,0,1,1
2343.293954533382,service_start,2110,0,1,1
2343.4944353303918,departure,2110,0,0,0
2344.710737897626,arrival,2111,0,1,1
2344.710737897626,service_start,2111,0,1,1
2345.5233169878716,arrival,2112,0,2,2
2345.5233169878716,service_start,2112,0,2,2
2346.399934944761,departure,2112,0,1,1
2346.4096505109924,arrival,2113,0,2,2
2346.4096505109924,service_start,2113,0,2,2
2347.558958228449,departure,2111,0,1,1
2347.8261422298256,arrival,2114,0,2,2
2347.8261422298256,service_start,2114,0,2,2
2348.1419793042783,departure,2113,0,1,1
2348.170715574592,arrival,2115,0,2,2
2348.170715574592,service_start,2115,0,2,2
2348.3984928679406,departure,2115,0,1,1
2348.8264937272806,arrival,2116,0,2,2
2348.8264937272806,service_start,2116,0,2,2
2349.047391190695,departure,2114,0,1,1
2351.2143551484814,departure,2116,0,0,0
2351.4720649530936,arrival,2117,0,1,1
2351.4720649530936,service_start,2117,0,1,1
2351.6991232857945,arrival,2118,0,2,2
2351.6991232857945,service_start,2118,0,2,2
2351.81828822233,arrival,2119,1,2,3
2352.7376592098994,departure,2118,1,1,2
2352.7376592098994,service_start,2119,0,2,2
2353.3789280913616,departure,2119,0,1,1
2353.9138264905287,arrival,2120,0,2,2
2353.9138264905287,service_start,2120,0,2,2
2354.7294019827073,departure,2120,0,1,1
2355.8856937432506,departure,2117,0,0,0
2355.961285853843,arrival,2121,0,1,1
2355.961285853843,service_start,2121,0,1,1
2356.8484875153376,arrival,2122,0,2,2
2356.8484875153376,service_start,2122,0,2,2
2358.214046764231,departure,2122,0,1,1
2358.2749887671434,arrival,2123,0,2,2
2358.2749887671434,service_start,2123,0,2,2
2358.518427215701,departure,2123,0,1,1
2358.609201757376,arrival,2124,0,2,2
2358.609201757376,service_start,2124,0,2,2
2358.843461145715,departure,2124,0,1,1
2361.2907198004136,arrival,2125,0,2,2
2361.2907198004136,service_start,2125,0,2,2
2361.997922157261,departure,2121,0,1,1
2362.130848232054,departure,2125,0,0,0
2367.7124763602765,arrival,2126,0,1,1
2367.7124763602765,service_start,2126,0,1,1
2369.1425021927307,arrival,2127,0,2,2
2369.1425021927307,service_start,2127,0,2,2
2370.5914585038367,arrival,2128,1,2,3
2371.1190950140126,departure,2127,1,1,2
2371.1190950140126,service_start,2128,0,2,2
2371.2781358261486,departure,2126,0,1,1
2371.4625292157316,arrival,2129,0,2,2
2371.4625292157316,service_start,2129,0,2,2
2371.982929467123,arrival,2130,1,2,3
2372.1377493632513,departure,2129,1,1,2
2372.1377493632513,service_start,2130,0,2,2
2372.2322973898254,arrival,2131,1,2,3
2372.3596182592055,departure,2128,1,1,2
2372.3596182592055,service_start,2131,0,2,2
2373.084258811544,departure,2131,0,1,1
2373.2227880026526,departure,2130,0,0,0
2373.2861045222025,arrival,2132,0,1,1
2373.2861045222025,service_start,2132,0,1,1
2374.345650964635,departure,2132,0,0,0
2375.875447313889,arrival,2133,0,1,1
2375.875447313889,service_start,2133,0,1,1
2376.5883521593532,arrival,2134,0,2,2
2376.5883521593532,service_start,2134,0,2,2
2377.0622907295306,departure,2133,0,1,1
2378.315497051223,arrival,2135,0,2,2
2378.315497051223,service_start,2135,0,2,2
2378.3359113189517,arrival,2136,1,2,3
2378.8207530892328,arrival,2137,2,2,4
2380.523446970348,departure,2135,2,1,3
2380.523446970348,service_start,2136,1,2,3
2380.685014570603,departure,2136,1,1,2
2380.685014570603,service_start,2137,0,2,2
2381.02641988121,departure,2137,0,1,1
2382.246286082791,arrival,2138,0,2,2
2382.246286082791,service_start,2138,0,2,2
2382.598781399611,arrival,2139,1,2,3
2382.730357761608,arrival,2140,2,2,4
2382.809037131395,arrival,2141,3,2,5
2383.52843800754,arrival,2142,4,2,6
2384.2859707456687,arrival,2143,5,2,7
2384.31951503193,arrival,2144,6,2,8
2384.34650190533,departure,2138,6,1,7
2384.34650190533,service_start,2139,5,2,7
2384.3764725897845,departure,2139,5,1,6
2384.3764725897845,service_start,2140,4,2,6
2385.6068659917432,arrival,2145,5,2,7
2386.5663584882477,departure,2140,5,1,6
2386.5663584882477,service_start,2141,4,2,6
2386.7509806796106,arrival,2146,5,2,7
2386.925458862596,departure,2134,5,1,6
2386.925458862596,service_start,2142,4,2,6
2387.021901580043,arrival,2147,5,2,7
2387.6811789535805,arrival,2148,6,2,8
2388.2302539822035,departure,2142,6,1,7
2388.2302539822035,service_start,2143,5,2,7
2388.383332542732,arrival,2149,6,2,8
2388.4572246509724,departure,2143,6,1,7
2388.4572246509724,service_start,2144,5,2,7
2389.8000290386985,arrival,2150,6,2,8
2390.1638180343143,departure,2141,6,1,7
2390.1638180343143,service_start,2145,5,2,7
2390.7439304846544,arrival,2151,6,2,8
2391.518290127265,departure,2145,6,1,7
2391.518290127265,service_start,2146,5,2,7
2393.7832577969784,departure,2146,5,1,6
2393.7832577969784,service_start,2147,4,2,6
2393.982679519309,arrival,2152,5,2,7
2393.9915059092027,departure,2144,5,1,6
2393.9915059092027,service_start,2148,4,2,6
2394.1169177319302,departure,2147,4,1,5
2394.1169177319302,service_start,2149,3,2,5
2395.017717711031,arrival,2153,4,2,6
2395.307780670544,arrival,2154,5,2,7
2395.7802500622965,departure,2148,5,1,6
2395.7802500622965,service_start,2150,4,2,6
2395.942299982334,departure,2149,4,1,5
2395.942299982334,service_start,2151,3,2,5
2396.2792372298272,departure,2151,3,1,4
2396.2792372298272,service_start,2152,2,2,4
2396.5998245386,arrival,2155,3,2,5
2396.6190915197626,departure,2150,3,1,4
2396.6190915197626,service_start,2153,2,2,4
2396.620219457955,departure,2152,2,1,3
2396.620219457955,service_start,2154,1,2,3
2397.4090127502204,departure,2154,1,1,2
2397.4090127502204,service_start,2155,0,2,2
2397.4954442293597,departure,2155,0,1,1
2397.5009304852592,arrival,2156,0,2,2
2397.5009304852592,service_start,2156,0,2,2
2398.460954030565,departure,2153,0,1,1
2399.1829472665722,arrival,2157,0,2,2
2399.1829472665722,service_start,2157,0,2,2
2400.1657006497903,departure,2156,0,1,1
2401.57162062148,arrival,2158,0,2,2
2401.57162062148,service_start,2158,0,2,2
2402.9142563741534,arrival,2159,1,2,3
2403.7599740624073,departure,2157,1,1,2
2403.7599740624073,service_start,2159,0,2,2
2403.782356315284,departure,2158,0,1,1
2405.780116504249,departure,2159,0,0,0
2406.016323288382,arrival,2160,0,1,1
2406.016323288382,service_start,2160,0,1,1
2406.0574275070876,departure,2160,0,0,0
2408.103830880811,arrival,2161,0,1,1
2408.103830880811,service_start,2161,0,1,1
2408.7876908295243,departure,2161,0,0,0
2410.64334468208,arrival,2162,0,1,1
2410.64334468208,service_start,2162,0,1,1
2410.713940470219,arrival,2163,0,2,2
2410.713940470219,service_start,2163,0,2,2
2410.73656082069,departure,2162,0,1,1
2411.8025205051345,arrival,2164,0,2,2
2411.8025205051345,service_start,2164,0,2,2
2411.877581801108,arrival,2165,1,2,3
2412.029939162641,arrival,2166,2,2,4
2412.2527289690574,arrival,2167,3,2,5
2412.5168836685534,arrival,2168,4,2,6
2412.8102392970427,arrival,2169,5,2,7
2412.8314506259167,arrival,2170,6,2,8
2413.0430014387985,departure,2163,6,1,7
2413.0430014387985,service_start,2165,5,2,7
2413.865083948388,arrival,2171,6,2,8
2413.9410104845656,arrival,2172,7,2,9
2416.1550325664703,departure,2164,7,1,8
2416.1550325664703,service_start,2166,6,2,8
2417.0181279858434,arrival,2173,7,2,9
2417.8908945528337,departure,2165,7,1,8
2417.8908945528337,service_start,2167,6,2,8
2418.7601490109564,departure,2167,6,1,7
2418.7601490109564,service_start,2168,5,2,7
2418.8086707614184,arrival,2174,6,2,8
2418.9006502402167,arrival,2175,7,2,9
2420.738703857525,departure,2168,7,1,8
2420.738703857525,service_start,2169,6,2,8
2421.5133276332945,arrival,2176,7,2,9
2422.8684992879107,arrival,2177,8,2,10
2423.1033389845256,departure,2169,8,1,9
2423.1033389845256,service_start,2170,7,2,9
2423.8304293654737,departure,2170,7,1,8
2423.8304293654737,service_start,2171,6,2,8
2423.902016157745,arrival,2178,7,2,9
2424.465146839065,arrival,2179,8,2,10
2425.281047740016,departure,2166,8,1,9
2425.281047740016,service_start,2172,7,2,9
2425.7124441219767,arrival,2180,8,2,10
2426.0089341750368,arrival,2181,9,2,11
2426.147523090773,arrival,2182,10,2,12
2426.7039543484657,arrival,2183,11,2,13
2426.898688796425,arrival,2184,12,2,14
2428.68739181778,arrival,2185,13,2,15
2428.9506049083698,departure,2171,13,1,14
2428.9506049083698,service_start,2173,12,2,14
2429.4685556357276,departure,2172,12,1,13
2429.4685556357276,service_start,2174,11,2,13
2430.4963291937943,arrival,2186,12,2,14
2430.660563050843,arrival,2187,13,2,15
2430.8664620006916,departure,2173,13,1,14
2430.8664620006916,service_start,2175,12,2,14
2431.1039083451815,arrival,2188,13,2,15
2431.1571469729274,departure,2175,13,1,14
2431.1571469729274,service_start,2176,12,2,14
2431.6099894939657,arrival,2189,13,2,15
2432.3319893566513,departure,2176,13,1,14
2432.3319893566513,service_start,2177,12,2,14
2433.1744620573204,arrival,2190,13,2,15
2433.6173829681916,departure,2177,13,1,14
2433.6173829681916,service_start,2178,12,2,14
2434.8783052909553,departure,2178,12,1,13
2434.8783052909553,service_start,2179,11,2,13
2436.359498452516,departure,2179,11,1,12
2436.359498452516,service_start,2180,10,2,12
2436.4891168102727,departure,2180,10,1,11
2436.4891168102727,service_start,2181,9,2,11
2436.801632300052,departure,2181,9,1,10
2436.801632300052,service_start,2182,8,2,10
2437.118703386565,departure,2174,8,1,9
2437.118703386565,service_start,2183,7,2,9
2437.2837839328427,arrival,2191,8,2,10
2438.006535729881,departure,2182,8,1,9
2438.006535729881,service_start,2184,7,2,9
2438.0540141208926,departure,2183,7,1,8
2438.0540141208926,service_start,2185,6,2,8
2438.389703970489,departure,2185,6,1,7
2438.389703970489,service_start,2186,5,2,7
2438.7311417346773,departure,2184,5,1,6
2438.7311417346773,service_start,2187,4,2,6
2439.3205992343387,departure,2186,4,1,5
2439.3205992343387,service_start,2188,3,2,5
2439.7424552770613,departure,2187,3,1,4
2439.7424552770613,service_start,2189,2,2,4
2440.101860860454,arrival,2192,3,2,5
2440.3005932958695,departure,2189,3,1,4
2440.3005932958695,service_start,2190,2,2,4
2440.696330825622,departure,2190,2,1,3
2440.696330825622,service_start,2191,1,2,3
2441.715618044956,arrival,2193,2,2,4
2441.821082369495,arrival,2194,3,2,5
2442.308568341696,departure,2191,3,1,4
2442.308568341696,service_start,2192,2,2,4
2442.5177497668456,arrival,2195,3,2,5
2442.8328366039627,arrival,2196,4,2,6
2444.120955941615,departure,2188,4,1,5
2444.120955941615,service_start,2193,3,2,5
2445.218416264051,departure,2192,3,1,4
2445.218416264051,service_start,2194,2,2,4
2445.3627011094354,arrival,2197,3,2,5
2445.7523807515718,arrival,2198,4,2,6
2445.951829048183,arrival,2199,5,2,7
2446.8102161550187,departure,2193,5,1,6
2446.8102161550187,service_start,2195,4,2,6
2446.8658592640995,arrival,2200,5,2,7
2447.4069603808716,departure,2194,5,1,6
2447.4069603808716,service_start,2196,4,2,6
2447.57494365588,arrival,2201,5,2,7
2448.1603157734367,departure,2196,5,1,6
2448.1603157734367,service_start,2197,4,2,6
2449.6875939804113,arrival,2202,5,2,7
2449.70474950727,departure,2197,5,1,6
2449.70474950727,service_start,2198,4,2,6
2450.0403693101275,arrival,2203,5,2,7
2450.1491307161505,departure,2195,5,1,6
2450.1491307161505,service_start,2199,4,2,6
2450.237329321834,arrival,2204,5,2,7
2450.881163103349,departure,2199,5,1,6
2450.881163103349,service_start,2200,4,2,6
2450.882655250114,arrival,2205,5,2,7
2452.2977625968,departure,2198,5,1,6
2452.2977625968,service_start,2201,4,2,6
2452.70985360608,departure,2201,4,1,5
2452.70985360608,service_start,2202,3,2,5
2453.028985537959,departure,2202,3,1,4
2453.028985537959,service_start,2203,2,2,4
2453.480450309453,arrival,2206,3,2,5
2454.3947749137237,departure,2200,3,1,4
2454.3947749137237,service_start,2204,2,2,4
2454.948749409776,arrival,2207,3,2,5
2455.0888761223578,departure,2204,3,1,4
2455.0888761223578,service_start,2205,2,2,4
2455.45326766967,departure,2205,2,1,3
2455.45326766967,service_start,2206,1,2,3
2455.701141941755,departure,2203,1,1,2
2455.701141941755,service_start,2207,0,2,2
2456.007015712575,departure,2206,0,1,1
2456.9865643685844,arrival,2208,0,2,2
2456.9865643685844,service_start,2208,0,2,2
2457.023963188062,arrival,2209,1,2,3
2457.425625246562,arrival,2210,2,2,4
2457.565790357133,departure,2207,2,1,3
2457.565790357133,service_start,2209,1,2,3
2458.324136082665,departure,2208,1,1,2
2458.324136082665,service_start,2210,0,2,2
2458.5693769562904,arrival,2211,1,2,3
2458.884576906689,departure,2210,1,1,2
2458.884576906689,service_start,2211,0,2,2
2458.965893394507,arrival,2212,1,2,3
2459.2798077632806,departure,2211,1,1,2
2459.2798077632806,service_start,2212,0,2,2
2459.5619105316387,departure,2209,0,1,1
2459.601668236044,arrival,2213,0,2,2
2459.601668236044,service_start,2213,0,2,2
2459.6456758061677,departure,2212,0,1,1
2461.2487633087517,arrival,2214,0,2,2
2461.2487633087517,service_start,2214,0,2,2
2461.4265118458165,arrival,2215,1,2,3
2462.170842930392,departure,2213,1,1,2
2462.170842930392,service_start,2215,0,2,2
2462.2323100119147,departure,2215,0,1,1
2462.245864043862,departure,2214,0,0,0
2463.6067835063554,arrival,2216,0,1,1
2463.6067835063554,service_start,2216,0,1,1
2463.8550720414387,departure,2216,0,0,0
2464.496603891513,arrival,2217,0,1,1
2464.496603891513,service_start,2217,0,1,1
2464.7512035691357,departure,2217,0,0,0
2465.5993327300203,arrival,2218,0,1,1
2465.5993327300203,service_start,2218,0,1,1
2465.712920028778,arrival,2219,0,2,2
2465.712920028778,service_start,2219,0,2,2
2465.8258499724584,arrival,2220,1,2,3
2466.231884561931,departure,2218,1,1,2
2466.231884561931,service_start,2220,0,2,2
2466.463143926397,arrival,2221,1,2,3
2466.4660821053794,departure,2219,1,1,2
2466.4660821053794,service_start,2221,0,2,2
2468.0200287650714,arrival,2222,1,2,3
2468.0468722881096,arrival,2223,2,2,4
2468.226106459768,departure,2220,2,1,3
2468.226106459768,service_start,2222,1,2,3
2468.4228338250464,arrival,2224,2,2,4
2468.583003152176,arrival,2225,3,2,5
2468.8487556229056,departure,2222,3,1,4
2468.8487556229056,service_start,2223,2,2,4
2469.068078424232,arrival,2226,3,2,5
2473.3337657902553,departure,2221,3,1,4
2473.3337657902553,service_start,2224,2,2,4
2473.688838745657,departure,2224,2,1,3
2473.688838745657,service_start,2225,1,2,3
2475.1627267171707,arrival,2227,2,2,4
2475.3693859526597,arrival,2228,3,2,5
2475.3817145940675,departure,2223,3,1,4
2475.3817145940675,service_start,2226,2,2,4
2475.6305783882017,arrival,2229,3,2,5
2476.055655089562,arrival,2230,4,2,6
2476.1592774655633,departure,2225,4,1,5
2476.1592774655633,service_start,2227,3,2,5
2476.165419704837,departure,2227,3,1,4
2476.165419704837,service_start,2228,2,2,4
2476.5328054442875,arrival,2231,3,2,5
2476.9549178594402,departure,2226,3,1,4
2476.9549178594402,service_start,2229,2,2,4
2477.2161378885903,arrival,2232,3,2,5
2477.432376139766,departure,2228,3,1,4
2477.432376139766,service_start,2230,2,2,4
2477.492466524155,departure,2229,2,1,3
2477.492466524155,service_start,2231,1,2,3
2477.5712312392893,departure,2230,1,1,2
2477.5712312392893,service_start,2232,0,2,2
2477.7988313253145,arrival,2233,1,2,3
2477.95232005937,departure,2231,1,1,2
2477.95232005937,service_start,2233,0,2,2
2478.235383053878,arrival,2234,1,2,3
2479.2313021635096,departure,2233,1,1,2
2479.2313021635096,service_start,2234,0,2,2
2479.562759376482,departure,2234,0,1,1
2479.5672678504075,arrival,2235,0,2,2
2479.5672678504075,service_start,2235,0,2,2
2479.9009640957747,departure,2232,0,1,1
2479.921676689878,arrival,2236,0,2,2
2479.921676689878,service_start,2236,0,2,2
2480.2013726401497,departure,2236,0,1,1
2481.057142747531,arrival,2237,0,2,2
2481.057142747531,service_start,2237,0,2,2
2481.48656875853,departure,2237,0,1,1
2482.117989713727,arrival,2238,0,2,2
2482.117989713727,service_start,2238,0,2,2
2482.1674517165516,arrival,2239,1,2,3
2482.5928752946375,arrival,2240,2,2,4
2483.021458408089,arrival,2241,3,2,5
2483.5072901284643,departure,2235,3,1,4
2483.5072901284643,service_start,2239,2,2,4
2483.723012684671,arrival,2242,3,2,5
2483.967506369748,departure,2238,3,1,4
2483.967506369748,service_start,2240,2,2,4
2484.9023040376983,arrival,2243,3,2,5
2486.075378313565,departure,2239,3,1,4
2486.075378313565,service_start,2241,2,2,4
2486.1970038989966,departure,2240,2,1,3
2486.1970038989966,service_start,2242,1,2,3
2486.2594638982937,arrival,2244,2,2,4
2486.389962469715,departure,2241,2,1,3
2486.389962469715,service_start,2243,1,2,3
2486.842370726936,arrival,2245,2,2,4
2487.468147576828,departure,2242,2,1,3
2487.468147576828,service_start,2244,1,2,3
2487.7650309105643,departure,2244,1,1,2
2487.7650309105643,service_start,2245,0,2,2
2488.01127606943,arrival,2246,1,2,3
2488.200236064228,departure,2243,1,1,2
2488.200236064228,service_start,2246,0,2,2
2490.8233814440337,departure,2245,0,1,1
2493.0597778650967,arrival,2247,0,2,2
2493.0597778650967,service_start,2247,0,2,2
2493.5510215547192,departure,2247,0,1,1
2494.057390887911,arrival,2248,0,2,2
2494.057390887911,service_start,2248,0,2,2
2495.1406406202127,departure,2246,0,1,1
2497.201591431405,departure,2248,0,0,0
2497.7175283415822,arrival,2249,0,1,1
2497.7175283415822,service_start,2249,0,1,1
2499.289860448222,departure,2249,0,0,0
2501.8973820379056,arrival,2250,0,1,1
2501.8973820379056,service_start,2250,0,1,1
2501.9644982177783,arrival,2251,0,2,2
2501.9644982177783,service_start,2251,0,2,2
2502.6706458493895,departure,2250,0,1,1
2503.114359830958,departure,2251,0,0,0
2504.547341039047,arrival,2252,0,1,1
2504.547341039047,service_start,2252,0,1,1
2504.9949945871576,arrival,2253,0,2,2
2504.9949945871576,service_start,2253,0,2,2
2506.364429653804,arrival,2254,1,2,3
2506.8683364715243,departure,2252,1,1,2
2506.8683364715243,service_start,2254,0,2,2
2507.1819582706325,arrival,2255,1,2,3
2507.7888510074445,arrival,2256,2,2,4
2508.369898885687,arrival,2257,3,2,5
2508.4898169534945,departure,2254,3,1,4
2508.4898169534945,service_start,2255,2,2,4
2509.814003087005,departure,2253,2,1,3
2509.814003087005,service_start,2256,1,2,3
2510.141965300441,departure,2255,1,1,2
2510.141965300441,service_start,2257,0,2,2
2511.5381613259547,departure,2257,0,1,1
2512.657863727966,arrival,2258,0,2,2
2512.657863727966,service_start,2258,0,2,2
2513.380768239047,departure,2258,0,1,1
2513.5575664479047,arrival,2259,0,2,2
2513.5575664479047,service_start,2259,0,2,2
2513.6952539406375,arrival,2260,1,2,3
2513.834376849674,arrival,2261,2,2,4
2514.7228609819504,arrival,2262,3,2,5
2514.773982589109,departure,2259,3,1,4
2514.773982589109,service_start,2260,2,2,4
2514.8084013479647,arrival,2263,3,2,5
2514.8347936957093,arrival,2264,4,2,6
2515.036067339678,departure,2260,4,1,5
2515.036067339678,service_start,2261,3,2,5
2515.396409203379,departure,2256,3,1,4
2515.396409203379,service_start,2262,2,2,4
2515.407790020193,arrival,2265,3,2,5
2516.367821940182,arrival,2266,4,2,6
2517.167039958282,arrival,2267,5,2,7
2517.5966113087566,arrival,2268,6,2,8
2518.668942058066,departure,2262,6,1,7
2518.668942058066,service_start,2263,5,2,7
2519.552680868777,departure,2261,5,1,6
2519.552680868777,service_start,2264,4,2,6
2519.89304297151,arrival,2269,5,2,7
2519.9034378755414,arrival,2270,6,2,8
2520.4103432345073,departure,2263,6,1,7
2520.4103432345073,service_start,2265,5,2,7
2520.728297297658,arrival,2271,6,2,8
2521.0117148336944,arrival,2272,7,2,9
2521.6737207312144,departure,2264,7,1,8
2521.6737207312144,service_start,2266,6,2,8
2522.1174498073574,departure,2266,6,1,7
2522.1174498073574,service_start,2267,5,2,7
2522.641188747908,departure,2267,5,1,6
2522.641188747908,service_start,2268,4,2,6
2523.4086333941723,arrival,2273,5,2,7
2524.8141569668123,arrival,2274,6,2,8
2525.337411081212,arrival,2275,7,2,9
2525.394107243048,arrival,2276,8,2,10
2525.8479259941487,arrival,2277,9,2,11
2526.071963474344,departure,2268,9,1,10
2526.071963474344,service_start,2269,8,2,10
2526.759391196384,arrival,2278,9,2,11
2527.2135818649135,departure,2269,9,1,10
2527.2135818649135,service_start,2270,8,2,10
2527.385380163605,departure,2270,8,1,9
2527.385380163605,service_start,2271,7,2,9
2528.2561504042346,departure,2271,7,1,8
2528.2561504042346,service_start,2272,6,2,8
2528.596333169068,arrival,2279,7,2,9
2529.27394561511,departure,2265,7,1,8
2529.27394561511,service_start,2273,6,2,8
2529.4398680044424,arrival,2280,7,2,9
2529.4503604935953,arrival,2281,8,2,10
2529.825364157359,departure,2273,8,1,9
2529.825364157359,service_start,2274,7,2,9
2530.278482147443,arrival,2282,8,2,10
2530.565809451246,departure,2272,8,1,9
2530.565809451246,service_start,2275,7,2,9
2530.79913412008,arrival,2283,8,2,10
2531.4087854963714,arrival,2284,9,2,11
2531.5890642751606,arrival,2285,10,2,12
2531.6290250764396,departure,2275,10,1,11
2531.6290250764396,service_start,2276,9,2,11
2532.0443501894815,arrival,2286,10,2,12
2532.347394046867,arrival,2287,11,2,13
2533.334025370795,departure,2276,11,1,12
2533.334025370795,service_start,2277,10,2,12
2533.4494446645535,arrival,2288,11,2,13
2534.6408874768126,arrival,2289,12,2,14
2534.6745385092267,arrival,2290,13,2,15
2535.259284847773,arrival,2291,14,2,16
2536.812155560906,arrival,2292,15,2,17
2537.693509445984,arrival,2293,16,2,18
2537.8044586782667,departure,2277,16,1,17
2537.8044586782667,service_start,2278,15,2,17
2538.242293669253,departure,2278,15,1,16
2538.242293669253,service_start,2279,14,2,16
2538.6713978379285,arrival,2294,15,2,17
2539.035242286488,arrival,2295,16,2,18
2539.290331403807,arrival,2296,17,2,19
2541.048491940607,departure,2279,17,1,18
2541.048491940607,service_start,2280,16,2,18
2541.1048011893504,departure,2274,16,1,17
2541.1048011893504,service_start,2281,15,2,17
2541.977235672362,arrival,2297,16,2,18
2542.2089590862092,departure,2281,16,1,17
2542.2089590862092,service_start,2282,15,2,17
2542.555908193511,arrival,2298,16,2,18
2542.5902532581317,arrival,2299,17,2,19
2543.355757542117,departure,2280,17,1,18
2543.355757542117,service_start,2283,16,2,18
2544.0622430542962,departure,2282,16,1,17
2544.0622430542962,service_start,2284,15,2,17
2544.2503098859306,departure,2284,15,1,16
2544.2503098859306,service_start,2285,14,2,16
2544.9262791058145,departure,2283,14,1,15
2544.9262791058145,service_start,2286,13,2,15
2545.549400203358,arrival,2300,14,2,16
2546.0612856736175,departure,2285,14,1,15
2546.0612856736175,service_start,2287,13,2,15
2546.0767371281836,departure,2287,13,1,14
2546.0767371281836,service_start,2288,12,2,14
2546.080237472781,departure,2286,12,1,13
2546.080237472781,service_start,2289,11,2,13
2546.143886784774,arrival,2301,12,2,14
2546.5701622363285,departure,2288,12,1,13
2546.5701622363285,service_start,2290,11,2,13
2548.3134920069956,departure,2289,11,1,12
2548.3134920069956,service_start,2291,10,2,12
2549.53330710287,departure,2290,10,1,11
2549.53330710287,service_start,2292,9,2,11
2550.2148043660823,arrival,2302,10,2,12
2550.4317450925787,arrival,2303,11,2,13
2550.532640763761,arrival,2304,12,2,14
2550.7390306154703,departure,2291,12,1,13
2550.7390306154703,service_start,2293,11,2,13
2551.3102632561704,arrival,2305,12,2,14
2551.4646700849003,arrival,2306,13,2,15
2551.652596566007,departure,2293,13,1,14
2551.652596566007,service_start,2294,12,2,14
2551.7643832133863,departure,2292,12,1,13
2551.7643832133863,service_start,2295,11,2,13
2554.0240228746056,arrival,2307,12,2,14
2554.2842549274014,departure,2294,12,1,13
2554.2842549274014,service_start,2296,11,2,13
2555.3371647199306,departure,2296,11,1,12
2555.3371647199306,service_start,2297,10,2,12
2556.155860933784,arrival,2308,11,2,13
2556.834001578575,arrival,2309,12,2,14
2557.1390658107725,arrival,2310,13,2,15
2557.3179567804705,departure,2297,13,1,14
2557.3179567804705,service_start,2298,12,2,14
2557.9276205589817,arrival,2311,13,2,15
2558.2053115888602,arrival,2312,14,2,16
2559.1606374719913,arrival,2313,15,2,17
2559.9651447938227,arrival,2314,16,2,18
2560.421623397009,arrival,2315,17,2,19
2560.4406758437312,arrival,2316,18,2,20
2560.867940363001,departure,2295,18,1,19
2560.867940363001,service_start,2299,17,2,19
2561.0420385784323,arrival,2317,18,2,20
2561.81857825924,arrival,2318,19,2,21
2562.1685504179964,departure,2299,19,1,20
2562.1685504179964,service_start,2300,18,2,20
2562.2344810945947,departure,2300,18,1,19
2562.2344810945947,service_start,2301,17,2,19
2562.8626087822113,departure,2301,17,1,18
2562.8626087822113,service_start,2302,16,2,18
2562.982892166492,arrival,2319,17,2,19
2564.4103653799984,departure,2302,17,1,18
2564.4103653799984,service_start,2303,16,2,18
2565.0892955321683,arrival,2320,17,2,19
2565.514101814974,departure,2298,17,1,18
2565.514101814974,service_start,2304,16,2,18
2566.066540345194,departure,2303,16,1,17
2566.066540345194,service_start,2305,15,2,17
2566.784967613953,arrival,2321,16,2,18
2567.9354807060768,departure,2304,16,1,17
2567.9354807060768,service_start,2306,15,2,17
2568.5075205201497,arrival,2322,16,2,18
2568.647783296827,arrival,2323,17,2,19
2568.947037072116,departure,2306,17,1,18
2568.947037072116,service_start,2307,16,2,18
2569.574285225346,arrival,2324,17,2,19
2570.08721563844,arrival,2325,18,2,20
2570.31282626476,arrival,2326,19,2,21
2570.3431613894377,arrival,2327,20,2,22
2570.8553276362622,arrival,2328,21,2,23
2571.0318615479896,arrival,2329,22,2,24
2571.2307414755733,arrival,2330,23,2,25
2571.726553154917,arrival,2331,24,2,26
2571.816637747154,departure,2305,24,1,25
2571.816637747154,service_start,2308,23,2,25
2572.242159488874,arrival,2332,24,2,26
2572.4405984906366,arrival,2333,25,2,27
2572.491616622315,arrival,2334,26,2,28
2572.5974643587,departure,2307,26,1,27
2572.5974643587,service_start,2309,25,2,27
2572.606891932747,arrival,2335,26,2,28
2572.906497201436,departure,2309,26,1,27
2572.906497201436,service_start,2310,25,2,27
2573.226913728273,departure,2308,25,1,26
2573.226913728273,service_start,2311,24,2,26
2573.247460554915,arrival,2336,25,2,27
2573.682455852005,arrival,2337,26,2,28
2573.8419984838324,departure,2311,26,1,27
2573.8419984838324,service_start,2312,25,2,27
2573.9008239128657,departure,2310,25,1,26
2573.9008239128657,service_start,2313,24,2,26
2573.9657770605313,departure,2312,24,1,25
2573.9657770605313,service_start,2314,23,2,25
2574.160259744741,departure,2314,23,1,24
2574.160259744741,service_start,2315,22,2,24
2574.9372687188834,arrival,2338,23,2,25
2575.465041438224,arrival,2339,24,2,26
2575.917671456477,departure,2315,24,1,25
2575.917671456477,service_start,2316,23,2,25
2576.5658872524223,departure,2313,23,1,24
2576.5658872524223,service_start,2317,22,2,24
2576.732735264173,arrival,2340,23,2,25
2577.0654582703237,departure,2316,23,1,24
2577.0654582703237,service_start,2318,22,2,24
2577.8320954316764,departure,2317,22,1,23
2577.8320954316764,service_start,2319,21,2,23
2579.394553663108,departure,2318,21,1,22
2579.394553663108,service_start,2320,20,2,22
2580.00456250481,arrival,2341,21,2,23
2581.860951181298,departure,2320,21,1,22
2581.860951181298,service_start,2321,20,2,22
2581.9536987775145,arrival,2342,21,2,23
2582.5224134565683,departure,2319,21,1,22
2582.5224134565683,service_start,2322,20,2,22
2583.1022437919246,departure,2322,20,1,21
2583.1022437919246,service_start,2323,19,2,21
2583.1876088597432,arrival,2343,20,2,22
2584.0588435308728,departure,2323,20,1,21
2584.0588435308728,service_start,2324,19,2,21
2584.6387657024616,arrival,2344,20,2,22
2585.5557682993717,departure,2321,20,1,21
2585.5557682993717,service_start,2325,19,2,21
2585.717401258455,departure,2325,19,1,20
2585.717401258455,service_start,2326,18,2,20
2585.7401841854007,arrival,2345,19,2,21
2585.975734795618,departure,2324,19,1,20
2585.975734795618,service_start,2327,18,2,20
2588.123020651044,departure,2326,18,1,19
2588.123020651044,service_start,2328,17,2,19
2588.378890106909,arrival,2346,18,2,20
2588.4256344396463,arrival,2347,19,2,21
2589.309888365054,departure,2328,19,1,20
2589.309888365054,service_start,2329,18,2,20
2590.082326519731,departure,2327,18,1,19
2590.082326519731,service_start,2330,17,2,19
2590.9040117443687,departure,2329,17,1,18
2590.9040117443687,service_start,2331,16,2,18
2591.3179341736704,arrival,2348,17,2,19
2591.6456863431963,arrival,2349,18,2,20
2592.2938812521033,arrival,2350,19,2,21
2592.531143620166,departure,2331,19,1,20
2592.531143620166,service_start,2332,18,2,20
2593.1263175973427,departure,2332,18,1,19
2593.1263175973427,service_start,2333,17,2,19
2593.6279363887165,departure,2330,17,1,18
2593.6279363887165,service_start,2334,16,2,18
2593.877567608186,arrival,2351,17,2,19
2594.57290370344,arrival,2352,18,2,20
2595.009479465967,departure,2333,18,1,19
2595.009479465967,service_start,2335,17,2,19
2595.4760696839226,arrival,2353,18,2,20
2595.527540954441,arrival,2354,19,2,21
2596.098948864912,departure,2335,19,1,20
2596.098948864912,service_start,2336,18,2,20
2597.5850285493066,departure,2336,18,1,19
2597.5850285493066,service_start,2337,17,2,19
2598.0144658983,departure,2334,17,1,18
2598.0144658983,service_start,2338,16,2,18
2598.4937631677926,departure,2338,16,1,17
2598.4937631677926,service_start,2339,15,2,17
2599.8217881639084,arrival,2355,16,2,18
2601.453524255789,arrival,2356,17,2,19
2601.485996523461,arrival,2357,18,2,20
2601.9840968446633,departure,2337,18,1,19
2601.9840968446633,service_start,2340,17,2,19
2602.55824214483,arrival,2358,18,2,20
2602.836376765778,departure,2340,18,1,19
2602.836376765778,service_start,2341,17,2,19
2602.8933982727103,arrival,2359,18,2,20
2603.464529967593,arrival,2360,19,2,21
2604.7243161678603,arrival,2361,20,2,22
2605.990488072043,departure,2339,20,1,21
2605.990488072043,service_start,2342,19,2,21
2606.048659223415,departure,2341,19,1,20
2606.048659223415,service_start,2343,18,2,20
2606.5463889657485,arrival,2362,19,2,21
2607.6186584304073,departure,2342,19,1,20
2607.6186584304073,service_start,2344,18,2,20
2607.7981839496474,arrival,2363,19,2,21
2607.9202481768957,arrival,2364,20,2,22
2608.3887051782854,departure,2343,20,1,21
2608.3887051782854,service_start,2345,19,2,21
2608.810654929317,departure,2344,19,1,20
2608.810654929317,service_start,2346,18,2,20
2610.0538173796926,departure,2346,18,1,19
2610.0538173796926,service_start,2347,17,2,19
2610.416272803051,arrival,2365,18,2,20
2610.674595365597,arrival,2366,19,2,21
2611.2251824283653,arrival,2367,20,2,22
2611.345873276888,departure,2345,20,1,21
2611.345873276888,service_start,2348,19,2,21
2611.74778473363,departure,2347,19,1,20
2611.74778473363,service_start,2349,18,2,20
2611.7573475875565,departure,2349,18,1,19
2611.7573475875565,service_start,2350,17,2,19
2611.843378394284,departure,2348,17,1,18
2611.843378394284,service_start,2351,16,2,18
2612.508635783695,arrival,2368,17,2,19
2613.14480265116,arrival,2369,18,2,20
2613.740142574864,arrival,2370,19,2,21
2613.8263150259254,arrival,2371,20,2,22
2614.6066079105294,arrival,2372,21,2,23
2615.8516762469912,arrival,2373,22,2,24
2617.500848820189,arrival,2374,23,2,25
2617.7659547427106,arrival,2375,24,2,26
2619.623710853561,departure,2351,24,1,25
2619.623710853561,service_start,2352,23,2,25
2620.0169999165064,departure,2352,23,1,24
2620.0169999165064,service_start,2353,22,2,24
2620.1375964920294,departure,2353,22,1,23
2620.1375964920294,service_start,2354,21,2,23
2620.7794307076674,departure,2354,21,1,22
2620.7794307076674,service_start,2355,20,2,22
2620.883032904302,departure,2355,20,1,21
2620.883032904302,service_start,2356,19,2,21
2620.9159710431495,arrival,2376,20,2,22
2621.914841957852,arrival,2377,21,2,23
2622.041892464561,departure,2356,21,1,22
2622.041892464561,service_start,2357,20,2,22
2622.3096135852065,departure,2350,20,1,21
2622.3096135852065,service_start,2358,19,2,21
2624.904724396775,departure,2357,19,1,20
2624.904724396775,service_start,2359,18,2,20
2625.0764358103806,departure,2359,18,1,19
2625.0764358103806,service_start,2360,17,2,19
2625.78278963113,departure,2358,17,1,18
2625.78278963113,service_start,2361,16,2,18
2625.948765520368,arrival,2378,17,2,19
2626.3336357938765,arrival,2379,18,2,20
2627.2919375716265,departure,2360,18,1,19
2627.2919375716265,service_start,2362,17,2,19
2627.931345434824,arrival,2380,18,2,20
2628.5912401191795,arrival,2381,19,2,21
2629.2306286843254,arrival,2382,20,2,22
2629.7348493188993,departure,2361,20,1,21
2629.7348493188993,service_start,2363,19,2,21
2631.0381579774335,departure,2363,19,1,20
2631.0381579774335,service_start,2364,18,2,20
2631.076062873422,arrival,2383,19,2,21
2631.307643635251,departure,2362,19,1,20
2631.307643635251,service_start,2365,18,2,20
2631.349255397259,departure,2364,18,1,19
2631.349255397259,service_start,2366,17,2,19
2631.981258616107,arrival,2384,18,2,20
2632.6226431065893,departure,2366,18,1,19
2632.6226431065893,service_start,2367,17,2,19
2633.7416995730605,departure,2367,17,1,18
2633.7416995730605,service_start,2368,16,2,18
2633.9432448082457,departure,2365,16,1,17
2633.9432448082457,service_start,2369,15,2,17
2633.960919587958,arrival,2385,16,2,18
2635.036755037609,arrival,2386,17,2,19
2635.358775657044,departure,2368,17,1,18
2635.358775657044,service_start,2370,16,2,18
2635.3719228261257,departure,2370,16,1,17
2635.3719228261257,service_start,2371,15,2,17
2635.396529486765,departure,2371,15,1,16
2635.396529486765,service_start,2372,14,2,16
2635.4623850900666,arrival,2387,15,2,17
2635.664135863604,arrival,2388,16,2,18
2636.605968989452,departure,2369,16,1,17
2636.605968989452,service_start,2373,15,2,17
2637.212793090447,arrival,2389,16,2,18
2638.733719791618,arrival,2390,17,2,19
2638.8985614118737,arrival,2391,18,2,20
2639.6537500537265,arrival,2392,19,2,21
2639.991429013049,departure,2372,19,1,20
2639.991429013049,service_start,2374,18,2,20
2641.051198838126,departure,2373,18,1,19
2641.051198838126,service_start,2375,17,2,19
2641.2476789820544,departure,2374,17,1,18
2641.2476789820544,service_start,2376,16,2,18
2641.802795411427,arrival,2393,17,2,19
2642.150742285599,departure,2375,17,1,18
2642.150742285599,service_start,2377,16,2,18
2643.056928648574,departure,2377,16,1,17
2643.056928648574,service_start,2378,15,2,17
2643.1613006374946,departure,2376,15,1,16
2643.1613006374946,service_start,2379,14,2,16
2643.1901634948595,arrival,2394,15,2,17
2644.2833577169677,arrival,2395,16,2,18
2644.8981161444826,departure,2379,16,1,17
2644.8981161444826,service_start,2380,15,2,17
2645.1158380959664,arrival,2396,16,2,18
2645.232959658948,departure,2378,16,1,17
2645.232959658948,service_start,2381,15,2,17
2645.2390874222997,departure,2381,15,1,16
2645.2390874222997,service_start,2382,14,2,16
2645.392567890639,arrival,2397,15,2,17
2645.627609867801,departure,2380,15,1,16
2645.627609867801,service_start,2383,14,2,16
2646.1481295714434,departure,2382,14,1,15
2646.1481295714434,service_start,2384,13,2,15
2646.190398082493,arrival,2398,14,2,16
2646.5885828663427,departure,2383,14,1,15
2646.5885828663427,service_start,2385,13,2,15
2647.4293493672976,arrival,2399,14,2,16
2648.0036212283144,arrival,2400,15,2,17
2648.368780795704,arrival,2401,16,2,18
2648.685486519498,departure,2384,16,1,17
2648.685486519498,service_start,2386,15,2,17
2650.76550000197,departure,2386,15,1,16
2650.76550000197,service_start,2387,14,2,16
2651.534725005192,departure,2387,14,1,15
2651.534725005192,service_start,2388,13,2,15
2651.7175672809904,departure,2385,13,1,14
2651.7175672809904,service_start,2389,12,2,14
2655.528987615899,departure,2388,12,1,13
2655.528987615899,service_start,2390,11,2,13
2655.8695874152163,arrival,2402,12,2,14
2656.217246500066,arrival,2403,13,2,15
2657.3277390832654,departure,2389,13,1,14
2657.3277390832654,service_start,2391,12,2,14
2658.4800774010137,departure,2391,12,1,13
2658.4800774010137,service_start,2392,11,2,13
2658.776353484085,arrival,2404,12,2,14
2659.651448608888,arrival,2405,13,2,15
2659.691087421894,departure,2392,13,1,14
2659.691087421894,service_start,2393,12,2,14
2660.6580882924886,arrival,2406,13,2,15
2660.7983935451457,departure,2393,13,1,14
2660.7983935451457,service_start,2394,12,2,14
2661.0706972770363,departure,2390,12,1,13
2661.0706972770363,service_start,2395,11,2,13
2661.5472546530514,arrival,2407,12,2,14
2662.088659666333,arrival,2408,13,2,15
2663.136265540526,departure,2394,13,1,14
2663.136265540526,service_start,2396,12,2,14
2665.8199663606865,arrival,2409,13,2,15
2666.4813970184123,departure,2395,13,1,14
2666.4813970184123,service_start,2397,12,2,14
2666.9586971624663,departure,2397,12,1,13
2666.9586971624663,service_start,2398,11,2,13
2667.2600813168833,arrival,2410,12,2,14
2667.3564031416195,departure,2398,12,1,13
2667.3564031416195,service_start,2399,11,2,13
2667.809059240884,departure,2396,11,1,12
2667.809059240884,service_start,2400,10,2,12
2668.2661443851935,departure,2399,10,1,11
2668.2661443851935,service_start,2401,9,2,11
2668.5324391919157,departure,2400,9,1,10
2668.5324391919157,service_start,2402,8,2,10
2668.6557182343513,arrival,2411,9,2,11
2668.8989731825363,arrival,2412,10,2,12
2668.9149631423024,arrival,2413,11,2,13
2669.276708862336,arrival,2414,12,2,14
2669.4802060038683,departure,2402,12,1,13
2669.4802060038683,service_start,2403,11,2,13
2670.823819075572,departure,2401,11,1,12
2670.823819075572,service_start,2404,10,2,12
2671.2957625694326,arrival,2415,11,2,13
2671.453072806598,arrival,2416,12,2,14
2672.2379204836616,departure,2403,12,1,13
2672.2379204836616,service_start,2405,11,2,13
2672.5376741996206,arrival,2417,12,2,14
2673.3260875826577,departure,2405,12,1,13
2673.3260875826577,service_start,2406,11,2,13
2673.6589412932185,departure,2404,11,1,12
2673.6589412932185,service_start,2407,10,2,12
2673.67625341848,arrival,2418,11,2,13
2674.5451975512224,departure,2407,11,1,12
2674.5451975512224,service_start,2408,10,2,12
2675.2436371795116,departure,2408,10,1,11
2675.2436371795116,service_start,2409,9,2,11
2675.3474791228905,departure,2409,9,1,10
2675.3474791228905,service_start,2410,8,2,10
2675.4986607355263,departure,2410,8,1,9
2675.4986607355263,service_start,2411,7,2,9
2676.488816887587,departure,2411,7,1,8
2676.488816887587,service_start,2412,6,2,8
2676.875119021083,arrival,2419,7,2,9
2677.44691985055,departure,2412,7,1,8
2677.44691985055,service_start,2413,6,2,8
2677.8469271763342,arrival,2420,7,2,9
2677.8579161298367,departure,2406,7,1,8
2677.8579161298367,service_start,2414,6,2,8
2678.324045959878,arrival,2421,7,2,9
2678.8121562844526,departure,2413,7,1,8
2678.8121562844526,service_start,2415,6,2,8
2678.873253582792,arrival,2422,7,2,9
2680.355859394149,arrival,2423,8,2,10
2680.5449878518916,arrival,2424,9,2,11
2680.785271309026,departure,2414,9,1,10
2680.785271309026,service_start,2416,8,2,10
2681.6543125007674,departure,2416,8,1,9
2681.6543125007674,service_start,2417,7,2,9
2682.611088135024,arrival,2425,8,2,10
2683.746377964877,arrival,2426,9,2,11
2683.795135561726,arrival,2427,10,2,12
2683.9369269964204,departure,2417,10,1,11
2683.9369269964204,service_start,2418,9,2,11
2684.016963913206,departure,2418,9,1,10
2684.016963913206,service_start,2419,8,2,10
2684.3454975679965,departure,2415,8,1,9
2684.3454975679965,service_start,2420,7,2,9
2685.11709864285,departure,2420,7,1,8
2685.11709864285,service_start,2421,6,2,8
2685.405572347407,departure,2421,6,1,7
2685.405572347407,service_start,2422,5,2,7
2686.2444938817794,departure,2419,5,1,6
2686.2444938817794,service_start,2423,4,2,6
2686.297033090202,departure,2422,4,1,5
2686.297033090202,service_start,2424,3,2,5
2687.1715244932952,arrival,2428,4,2,6
2687.611620726873,departure,2423,4,1,5
2687.611620726873,service_start,2425,3,2,5
2687.728937131225,departure,2425,3,1,4
2687.728937131225,service_start,2426,2,2,4
2687.8122683060624,departure,2424,2,1,3
2687.8122683060624,service_start,2427,1,2,3
2687.941414416995,arrival,2429,2,2,4
2689.1051348021415,arrival,2430,3,2,5
2689.130185877156,arrival,2431,4,2,6
2689.5723199032436,departure,2426,4,1,5
2689.5723199032436,service_start,2428,3,2,5
2689.883992811472,arrival,2432,4,2,6
2689.8875035973774,departure,2428,4,1,5
2689.8875035973774,service_start,2429,3,2,5
2689.906081472993,arrival,2433,4,2,6
2691.8467725485366,departure,2429,4,1,5
2691.8467725485366,service_start,2430,3,2,5
2692.7288604438168,departure,2430,3,1,4
2692.7288604438168,service_start,2431,2,2,4
2693.213989045534,departure,2431,2,1,3
2693.213989045534,service_start,2432,1,2,3
2693.3844807491937,arrival,2434,2,2,4
2693.9964702612224,departure,2432,2,1,3
2693.9964702612224,service_start,2433,1,2,3
2694.300118586496,departure,2433,1,1,2
2694.300118586496,service_start,2434,0,2,2
2695.22375262758,arrival,2435,1,2,3
2695.344490455003,departure,2434,1,1,2
2695.344490455003,service_start,2435,0,2,2
2696.602831079965,departure,2435,0,1,1
2696.9770212242333,arrival,2436,0,2,2
2696.9770212242333,service_start,2436,0,2,2
2697.104054876999,arrival,2437,1,2,3
2697.360116061879,arrival,2438,2,2,4
2698.139203011352,arrival,2439,3,2,5
2698.5135807074994,departure,2436,3,1,4
2698.5135807074994,service_start,2437,2,2,4
2698.531413737467,arrival,2440,3,2,5
2699.4362639423516,arrival,2441,4,2,6
2699.7359452423025,arrival,2442,5,2,7
2699.7842608354335,departure,2427,5,1,6
2699.7842608354335,service_start,2438,4,2,6
2699.7949399515605,departure,2438,4,1,5
2699.7949399515605,service_start,2439,3,2,5
2700.2250610302453,departure,2439,3,1,4
2700.2250610302453,service_start,2440,2,2,4
2701.053389955348,departure,2440,2,1,3
2701.053389955348,service_start,2441,1,2,3
2701.206020434279,departure,2437,1,1,2
2701.206020434279,service_start,2442,0,2,2
2701.459472730601,departure,2442,0,1,1
2701.568705680124,departure,2441,0,0,0
2704.6646762729342,arrival,2443,0,1,1
2704.6646762729342,service_start,2443,0,1,1
2705.648712532593,arrival,2444,0,2,2
2705.648712532593,service_start,2444,0,2,2
2706.1058994908876,departure,2444,0,1,1
2706.452964114439,departure,2443,0,0,0
2706.601198094742,arrival,2445,0,1,1
2706.601198094742,service_start,2445,0,1,1
2706.94457697491,arrival,2446,0,2,2
2706.94457697491,service_start,2446,0,2,2
2707.1477078991766,departure,2446,0,1,1
2708.0594209647134,arrival,2447,0,2,2
2708.0594209647134,service_start,2447,0,2,2
2708.5058882992194,departure,2445,0,1,1
2709.1431805749203,arrival,2448,0,2,2
2709.1431805749203,service_start,2448,0,2,2
2710.0668343923103,arrival,2449,1,2,3
2710.8039227938975,arrival,2450,2,2,4
2710.846978787349,departure,2448,2,1,3
2710.846978787349,service_start,2449,1,2,3
2711.5064864540127,departure,2449,1,1,2
2711.5064864540127,service_start,2450,0,2,2
2711.5835786292373,departure,2450,0,1,1
2712.0081642922282,arrival,2451,0,2,2
2712.0081642922282,service_start,2451,0,2,2
2712.559426594394,arrival,2452,1,2,3
2712.60622769931,arrival,2453,2,2,4
2712.9001816767955,arrival,2454,3,2,5
2713.0394736475323,arrival,2455,4,2,6
2715.75258729809,arrival,2456,5,2,7
2715.8917841012358,arrival,2457,6,2,8
2716.267978872795,arrival,2458,7,2,9
2716.612534878559,arrival,2459,8,2,10
2716.7531860860167,departure,2447,8,1,9
2716.7531860860167,service_start,2452,7,2,9
2717.269351603216,arrival,2460,8,2,10
2718.3806022771146,departure,2452,8,1,9
2718.3806022771146,service_start,2453,7,2,9
2719.0328290870407,arrival,2461,8,2,10
2719.151517461848,arrival,2462,9,2,11
2719.5716267864045,departure,2451,9,1,10
2719.5716267864045,service_start,2454,8,2,10
2719.9813104873006,arrival,2463,9,2,11
2720.3069893340985,arrival,2464,10,2,12
2721.850783839656,arrival,2465,11,2,13
2722.595383424366,arrival,2466,12,2,14
2723.1719594962087,departure,2454,12,1,13
2723.1719594962087,service_start,2455,11,2,13
2723.2646397080694,departure,2453,11,1,12
2723.2646397080694,service_start,2456,10,2,12
2723.3056284792933,departure,2455,10,1,11
2723.3056284792933,service_start,2457,9,2,11
2723.4152202447503,arrival,2467,10,2,12
2723.6687338713323,departure,2456,10,1,11
2723.6687338713323,service_start,2458,9,2,11
2723.73682571311,departure,2457,9,1,10
2723.73682571311,service_start,2459,8,2,10
2724.0300759365186,departure,2459,8,1,9
2724.0300759365186,service_start,2460,7,2,9
2724.7993572144424,arrival,2468,8,2,10
2726.196320408534,departure,2460,8,1,9
2726.196320408534,service_start,2461,7,2,9
2726.6321488205076,arrival,2469,8,2,10
2727.030124394141,departure,2461,8,1,9
2727.030124394141,service_start,2462,7,2,9
2727.3806779043034,arrival,2470,8,2,10
2727.4037528226568,departure,2458,8,1,9
2727.4037528226568,service_start,2463,7,2,9
2728.1174267411548,arrival,2471,8,2,10
2728.536658031766,arrival,2472,9,2,11
2728.921499666582,departure,2463,9,1,10
2728.921499666582,service_start,2464,8,2,10
2729.0507723531164,departure,2464,8,1,9
2729.0507723531164,service_start,2465,7,2,9
2729.852362360449,departure,2465,7,1,8
2729.852362360449,service_start,2466,6,2,8
2730.0799684801673,departure,2462,6,1,7
2730.0799684801673,service_start,2467,5,2,7
2730.6627507982867,departure,2467,5,1,6
2730.6627507982867,service_start,2468,4,2,6
2732.2859747346215,arrival,2473,5,2,7
2732.3153488015323,arrival,2474,6,2,8
2732.9271023048177,arrival,2475,7,2,9
2733.119293683289,departure,2468,7,1,8
2733.119293683289,service_start,2469,6,2,8
2733.170273762466,departure,2469,6,1,7
2733.170273762466,service_start,2470,5,2,7
2733.491151319454,departure,2470,5,1,6
2733.491151319454,service_start,2471,4,2,6
2734.3235684912074,arrival,2476,5,2,7
2735.666533404365,arrival,2477,6,2,8
2735.897159032998,arrival,2478,7,2,9
2736.0185743003804,departure,2466,7,1,8
2736.0185743003804,service_start,2472,6,2,8
2736.5844893599706,arrival,2479,7,2,9
2736.932786004639,departure,2471,7,1,8
2736.932786004639,service_start,2473,6,2,8
2737.1029388002744,arrival,2480,7,2,9
2737.358706107572,departure,2473,7,1,8
2737.358706107572,service_start,2474,6,2,8
2737.9586095461846,departure,2472,6,1,7
2737.9586095461846,service_start,2475,5,2,7
2738.589472615716,arrival,2481,6,2,8
2738.765590736828,departure,2475,6,1,7
2738.765590736828,service_start,2476,5,2,7
2739.2576828587894,arrival,2482,6,2,8
2739.559040628634,arrival,2483,7,2,9
2739.659923117092,arrival,2484,8,2,10
2739.8592821335187,departure,2474,8,1,9
2739.8592821335187,service_start,2477,7,2,9
2740.420774616221,departure,2477,7,1,8
2740.420774616221,service_start,2478,6,2,8
2741.178637491582,departure,2476,6,1,7
2741.178637491582,service_start,2479,5,2,7
2741.2246646370386,departure,2478,5,1,6
2741.2246646370386,service_start,2480,4,2,6
2741.7295776098927,departure,2479,4,1,5
2741.7295776098927,service_start,2481,3,2,5
2742.0713687717544,departure,2480,3,1,4
2742.0713687717544,service_start,2482,2,2,4
2742.354969318175,arrival,2485,3,2,5
2743.1390640584877,arrival,2486,4,2,6
2744.2247443967,arrival,2487,5,2,7
2744.515821028035,departure,2481,5,1,6
2744.515821028035,service_start,2483,4,2,6
2744.680713535763,departure,2483,4,1,5
2744.680713535763,service_start,2484,3,2,5
2745.082366763538,arrival,2488,4,2,6
2745.8486392826203,departure,2482,4,1,5
2745.8486392826203,service_start,2485,3,2,5
2746.6637319124065,arrival,2489,4,2,6
2747.431618772795,departure,2484,4,1,5
2747.431618772795,service_start,2486,3,2,5
2747.4384415170543,departure,2486,3,1,4
2747.4384415170543,service_start,2487,2,2,4
2749.0745100322106,departure,2485,2,1,3
2749.0745100322106,service_start,2488,1,2,3
2749.742743085006,arrival,2490,2,2,4
2750.072670973843,arrival,2491,3,2,5
2750.0818359790383,departure,2488,3,1,4
2750.0818359790383,service_start,2489,2,2,4
2750.2504420315336,arrival,2492,3,2,5
2750.343079371942,departure,2489,3,1,4
2750.343079371942,service_start,2490,2,2,4
2750.941781494425,arrival,2493,3,2,5
2751.7908203660113,departure,2487,3,1,4
2751.7908203660113,service_start,2491,2,2,4
2751.921714089349,departure,2491,2,1,3
2751.921714089349,service_start,2492,1,2,3
2752.557392246974,arrival,2494,2,2,4
2753.529157140342,departure,2492,2,1,3
2753.529157140342,service_start,2493,1,2,3
2753.7413719410397,departure,2493,1,1,2
2753.7413719410397,service_start,2494,0,2,2
2753.8664867225793,departure,2490,0,1,1
2754.3966972102103,arrival,2495,0,2,2
2754.3966972102103,service_start,2495,0,2,2
2754.43450189572,departure,2494,0,1,1
2754.5172285447948,arrival,2496,0,2,2
2754.5172285447948,service_start,2496,0,2,2
2754.6798222085117,arrival,2497,1,2,3
2755.1601474682107,departure,2496,1,1,2
2755.1601474682107,service_start,2497,0,2,2
2755.390987048357,departure,2497,0,1,1
2756.9386891332215,arrival,2498,0,2,2
2756.9386891332215,service_start,2498,0,2,2
2757.5867861427814,arrival,2499,1,2,3
2757.716651894296,arrival,2500,2,2,4
2757.764143174079,departure,2495,2,1,3
2757.764143174079,service_start,2499,1,2,3
2758.56451487136,arrival,2501,2,2,4
2758.5702573102344,arrival,2502,3,2,5
2758.717549417138,departure,2499,3,1,4
2758.717549417138,service_start,2500,2,2,4
2758.8930573862335,departure,2500,2,1,3
2758.8930573862335,service_start,2501,1,2,3
2759.089828548273,departure,2501,1,1,2
2759.089828548273,service_start,2502,0,2,2
2759.8431907342197,departure,2502,0,1,1
2761.9282301711355,arrival,2503,0,2,2
2761.9282301711355,service_start,2503,0,2,2
2763.053872135521,arrival,2504,1,2,3
2763.4279115750223,arrival,2505,2,2,4
2765.402904527805,arrival,2506,3,2,5
2765.5083484093375,departure,2498,3,1,4
2765.5083484093375,service_start,2504,2,2,4
2765.6213651363664,departure,2504,2,1,3
2765.6213651363664,service_start,2505,1,2,3
2765.7273396467153,departure,2503,1,1,2
2765.7273396467153,service_start,2506,0,2,2
2765.8239751600686,arrival,2507,1,2,3
2766.3174848956637,departure,2506,1,1,2
2766.3174848956637,service_start,2507,0,2,2
2766.393786269773,departure,2505,0,1,1
2766.588067849811,departure,2507,0,0,0
2767.459908749802,arrival,2508,0,1,1
2767.459908749802,service_start,2508,0,1,1
2768.4899327868907,departure,2508,0,0,0
2773.2320972329694,arrival,2509,0,1,1
2773.2320972329694,service_start,2509,0,1,1
2773.4984240893605,arrival,2510,0,2,2
2773.4984240893605,service_start,2510,0,2,2
2773.6779631794334,departure,2509,0,1,1
2774.936434658671,arrival,2511,0,2,2
2774.936434658671,service_start,2511,0,2,2
2774.979999805806,arrival,2512,1,2,3
2775.3244612067056,departure,2510,1,1,2
2775.3244612067056,service_start,2512,0,2,2
2775.974560042509,arrival,2513,1,2,3
2776.0624252007306,arrival,2514,2,2,4
2776.4622053386993,departure,2512,2,1,3
2776.4622053386993,service_start,2513,1,2,3
2777.137955887817,departure,2511,1,1,2
2777.137955887817,service_start,2514,0,2,2
2779.7186839381875,departure,2514,0,1,1
2781.626061615935,arrival,2515,0,2,2
2781.626061615935,service_start,2515,0,2,2
2782.5634087599915,arrival,2516,1,2,3
2783.0732078223114,arrival,2517,2,2,4
2783.277124247702,arrival,2518,3,2,5
2783.4217840162096,departure,2515,3,1,4
2783.4217840162096,service_start,2516,2,2,4
2784.556318689885,arrival,2519,3,2,5
2784.6758856674583,arrival,2520,4,2,6
2784.769225740941,departure,2513,4,1,5
2784.769225740941,service_start,2517,3,2,5
2784.783145509349,arrival,2521,4,2,6
2785.2270523057773,arrival,2522,5,2,7
2785.7693836840017,departure,2516,5,1,6
2785.7693836840017,service_start,2518,4,2,6
2786.301403496289,departure,2517,4,1,5
2786.301403496289,service_start,2519,3,2,5
2786.583490083,departure,2519,3,1,4
2786.583490083,service_start,2520,2,2,4
2786.647184053599,departure,2518,2,1,3
2786.647184053599,service_start,2521,1,2,3
2786.7693761378787,arrival,2523,2,2,4
2786.772739551942,arrival,2524,3,2,5
2787.1890505420392,departure,2520,3,1,4
2787.1890505420392,service_start,2522,2,2,4
2787.310645573818,departure,2522,2,1,3
2787.310645573818,service_start,2523,1,2,3
2787.3916800849124,departure,2521,1,1,2
2787.3916800849124,service_start,2524,0,2,2
2787.700042248231,departure,2524,0,1,1
2787.8148187790057,arrival,2525,0,2,2
2787.8148187790057,service_start,2525,0,2,2
2787.9877352440467,departure,2523,0,1,1
2788.1280267824177,arrival,2526,0,2,2
2788.1280267824177,service_start,2526,0,2,2
2788.4220233000915,departure,2526,0,1,1
2788.6115799211684,arrival,2527,0,2,2
2788.6115799211684,service_start,2527,0,2,2
2789.157431755093,departure,2525,0,1,1
2789.3643934696984,departure,2527,0,0,0
2791.9430474948335,arrival,2528,0,1,1
2791.9430474948335,service_start,2528,0,1,1
2792.408446800291,departure,2528,0,0,0
2792.656968614241,arrival,2529,0,1,1
2792.656968614241,service_start,2529,0,1,1
2793.1035521801386,departure,2529,0,0,0
2794.05633954803,arrival,2530,0,1,1
2794.05633954803,service_start,2530,0,1,1
2794.4236353086453,arrival,2531,0,2,2
2794.4236353086453,service_start,2531,0,2,2
2794.7552610496846,arrival,2532,1,2,3
2796.076874545952,departure,2531,1,1,2
2796.076874545952,service_start,2532,0,2,2
2796.46431605934,arrival,2533,1,2,3
2796.515176175528,arrival,2534,2,2,4
2797.287545770935,arrival,2535,3,2,5
2798.309980164451,arrival,2536,4,2,6
2799.564721258034,departure,2532,4,1,5
2799.564721258034,service_start,2533,3,2,5
2800.2341859634907,arrival,2537,4,2,6
2800.558665674387,departure,2533,4,1,5
2800.558665674387,service_start,2534,3,2,5
2800.6354211565094,arrival,2538,4,2,6
2800.781270267404,departure,2534,4,1,5
2800.781270267404,service_start,2535,3,2,5
2801.4096239243017,departure,2535,3,1,4
2801.4096239243017,service_start,2536,2,2,4
2801.6207740173477,arrival,2539,3,2,5
2801.92807810543,departure,2536,3,1,4
2801.92807810543,service_start,2537,2,2,4
2802.2892155750533,departure,2537,2,1,3
2802.2892155750533,service_start,2538,1,2,3
2803.83416534957,departure,2530,1,1,2
2803.83416534957,service_start,2539,0,2,2
2805.705044999174,departure,2538,0,1,1
2805.872291285738,arrival,2540,0,2,2
2805.872291285738,service_start,2540,0,2,2
2806.021821042403,departure,2540,0,1,1
2806.360922753635,departure,2539,0,0,0
2807.2253917455437,arrival,2541,0,1,1
2807.2253917455437,service_start,2541,0,1,1
2807.3011974629085,departure,2541,0,0,0
2807.3974877296437,arrival,2542,0,1,1
2807.3974877296437,service_start,2542,0,1,1
2808.2831866765227,departure,2542,0,0,0
2808.558479097154,arrival,2543,0,1,1
2808.558479097154,service_start,2543,0,1,1
2808.7367041894245,arrival,2544,0,2,2
2808.7367041894245,service_start,2544,0,2,2
2808.937684003578,departure,2544,0,1,1
2809.304596283646,arrival,2545,0,2,2
2809.304596283646,service_start,2545,0,2,2
2809.410644388932,departure,2543,0,1,1
2810.180473983838,arrival,2546,0,2,2
2810.180473983838,service_start,2546,0,2,2
2811.600915482776,arrival,2547,1,2,3
2812.3894715044516,departure,2545,1,1,2
2812.3894715044516,service_start,2547,0,2,2
2812.712324443116,arrival,2548,1,2,3
2812.7830393997083,departure,2547,1,1,2
2812.7830393997083,service_start,2548,0,2,2
2813.710712518857,arrival,2549,1,2,3
2813.9002420881234,departure,2546,1,1,2
2813.9002420881234,service_start,2549,0,2,2
2814.9225673584483,departure,2549,0,1,1
2815.101033511689,departure,2548,0,0,0
2816.024824371571,arrival,2550,0,1,1
2816.024824371571,service_start,2550,0,1,1
2816.0848827256996,departure,2550,0,0,0
2816.850050475424,arrival,2551,0,1,1
2816.850050475424,service_start,2551,0,1,1
2817.8096840213884,arrival,2552,0,2,2
2817.8096840213884,service_start,2552,0,2,2
2818.181165534908,departure,2552,0,1,1
2818.6434262426665,departure,2551,0,0,0
2819.4505099212106,arrival,2553,0,1,1
2819.4505099212106,service_start,2553,0,1,1
2820.905247964398,arrival,2554,0,2,2
2820.905247964398,service_start,2554,0,2,2
2820.950354698757,arrival,2555,1,2,3
2821.486197454873,arrival,2556,2,2,4
2821.6501711629344,departure,2553,2,1,3
2821.6501711629344,service_start,2555,1,2,3
2821.678611983391,arrival,2557,2,2,4
2822.5396729774347,departure,2555,2,1,3
2822.5396729774347,service_start,2556,1,2,3
2822.753566050662,arrival,2558,2,2,4
2823.923724041552,arrival,2559,3,2,5
2823.9260848271247,arrival,2560,4,2,6
2823.9875043958023,departure,2556,4,1,5
2823.9875043958023,service_start,2557,3,2,5
2824.75046016613,arrival,2561,4,2,6
2825.128766500971,arrival,2562,5,2,7
2825.1797389364438,arrival,2563,6,2,8
2825.296487750857,arrival,2564,7,2,9
2825.8852599584034,arrival,2565,8,2,10
2825.8945057772103,departure,2557,8,1,9
2825.8945057772103,service_start,2558,7,2,9
2826.232056213479,departure,2558,7,1,8
2826.232056213479,service_start,2559,6,2,8
2827.347041506066,arrival,2566,7,2,9
2828.674086001137,departure,2554,7,1,8
2828.674086001137,service_start,2560,6,2,8
2828.704762035222,departure,2559,6,1,7
2828.704762035222,service_start,2561,5,2,7
2829.048826809664,departure,2561,5,1,6
2829.048826809664,service_start,2562,4,2,6
2829.351008685805,departure,2560,4,1,5
2829.351008685805,service_start,2563,3,2,5
2830.4026857444387,arrival,2567,4,2,6
2830.4606842002404,departure,2563,4,1,5
2830.4606842002404,service_start,2564,3,2,5
2830.60433831748,departure,2562,3,1,4
2830.60433831748,service_start,2565,2,2,4
2831.1894771918405,departure,2565,2,1,3
2831.1894771918405,service_start,2566,1,2,3
2831.6073264978545,arrival,2568,2,2,4
2832.512445459433,arrival,2569,3,2,5
2832.515477589236,departure,2566,3,1,4
2832.515477589236,service_start,2567,2,2,4
2832.961258223625,arrival,2570,3,2,5
2833.249120614259,arrival,2571,4,2,6
2833.706564001968,departure,2564,4,1,5
2833.706564001968,service_start,2568,3,2,5
2834.116410817473,arrival,2572,4,2,6
2834.4804750566022,departure,2568,4,1,5
2834.4804750566022,service_start,2569,3,2,5
2834.7621355636234,departure,2567,3,1,4
2834.7621355636234,service_start,2570,2,2,4
2834.9078050559738,arrival,2573,3,2,5
2835.3008931858412,departure,2569,3,1,4
2835.3008931858412,service_start,2571,2,2,4
2835.31706057886,departure,2571,2,1,3
2835.31706057886,service_start,2572,1,2,3
2835.489109679166,departure,2572,1,1,2
2835.489109679166,service_start,2573,0,2,2
2835.580442517141,arrival,2574,1,2,3
2836.1314434019077,arrival,2575,2,2,4
2836.7521151416067,arrival,2576,3,2,5
2837.057286204249,arrival,2577,4,2,6
2837.416040535488,arrival,2578,5,2,7
2837.520512509985,arrival,2579,6,2,8
2837.6326043768013,departure,2570,6,1,7
2837.6326043768013,service_start,2574,5,2,7
2838.646475389276,arrival,2580,6,2,8
2838.647758365939,arrival,2581,7,2,9
2838.8373459122854,departure,2573,7,1,8
2838.8373459122854,service_start,2575,6,2,8
2839.036493090007,departure,2574,6,1,7
2839.036493090007,service_start,2576,5,2,7
2839.192650417928,departure,2576,5,1,6
2839.192650417928,service_start,2577,4,2,6
2839.8665603477716,departure,2575,4,1,5
2839.8665603477716,service_start,2578,3,2,5
2840.120556376605,departure,2578,3,1,4
2840.120556376605,service_start,2579,2,2,4
2841.4821357967935,arrival,2582,3,2,5
2841.8100543204473,arrival,2583,4,2,6
2842.0658063817996,arrival,2584,5,2,7
2842.1150107263243,departure,2577,5,1,6
2842.1150107263243,service_start,2580,4,2,6
2842.3208889805796,departure,2580,4,1,5
2842.3208889805796,service_start,2581,3,2,5
2843.2008513047404,arrival,2585,4,2,6
2843.361703094737,arrival,2586,5,2,7
2843.7724344401945,departure,2581,5,1,6
2843.7724344401945,service_start,2582,4,2,6
2843.8062992223804,departure,2582,4,1,5
2843.8062992223804,service_start,2583,3,2,5
2844.555000832351,arrival,2587,4,2,6
2846.0632369452096,arrival,2588,5,2,7
2847.9913481243725,departure,2579,5,1,6
2847.9913481243725,service_start,2584,4,2,6
2848.070816598681,departure,2583,4,1,5
2848.070816598681,service_start,2585,3,2,5
2848.1355532942716,departure,2585,3,1,4
2848.1355532942716,service_start,2586,2,2,4
2849.026880215756,arrival,2589,3,2,5
2849.5962357330186,departure,2586,3,1,4
2849.5962357330186,service_start,2587,2,2,4
2849.7880599161326,arrival,2590,3,2,5
2850.497534804568,arrival,2591,4,2,6
2850.562162032103,departure,2584,4,1,5
2850.562162032103,service_start,2588,3,2,5
2850.7272917142386,arrival,2592,4,2,6
2851.018308951063,arrival,2593,5,2,7
2851.0291977172487,departure,2587,5,1,6
2851.0291977172487,service_start,2589,4,2,6
2852.044693625815,departure,2589,4,1,5
2852.044693625815,service_start,2590,3,2,5
2852.4690969272474,departure,2588,3,1,4
2852.4690969272474,service_start,2591,2,2,4
2853.3584414577826,departure,2590,2,1,3
2853.3584414577826,service_start,2592,1,2,3
2853.6592405832193,departure,2592,1,1,2
2853.6592405832193,service_start,2593,0,2,2
2853.8379770603847,arrival,2594,1,2,3
2853.991240222754,departure,2593,1,1,2
2853.991240222754,service_start,2594,0,2,2
2854.58161487197,arrival,2595,1,2,3
2854.6472964314007,departure,2591,1,1,2
2854.6472964314007,service_start,2595,0,2,2
2854.805061517802,departure,2595,0,1,1
2855.338237161932,arrival,2596,0,2,2
2855.338237161932,service_start,2596,0,2,2
2855.5160337889156,arrival,2597,1,2,3
2855.5255383630697,departure,2596,1,1,2
2855.5255383630697,service_start,2597,0,2,2
2858.0780363395043,departure,2597,0,1,1
2858.4346583985907,arrival,2598,0,2,2
2858.4346583985907,service_start,2598,0,2,2
2858.847987525876,departure,2594,0,1,1
2860.3469719325385,departure,2598,0,0,0
2861.1369750773792,arrival,2599,0,1,1
2861.1369750773792,service_start,2599,0,1,1
2862.310637261985,arrival,2600,0,2,2
2862.310637261985,service_start,2600,0,2,2
2862.7473112646107,departure,2599,0,1,1
2863.21734922905,departure,2600,0,0,0
2864.143821008812,arrival,2601,0,1,1
2864.143821008812,service_start,2601,0,1,1
2864.276067018043,arrival,2602,0,2,2
2864.276067018043,service_start,2602,0,2,2
2864.939734123597,arrival,2603,1,2,3
2864.9522688788043,departure,2602,1,1,2
2864.9522688788043,service_start,2603,0,2,2
2865.1599078784852,departure,2601,0,1,1
2866.358845489329,arrival,2604,0,2,2
2866.358845489329,service_start,2604,0,2,2
2866.90922346459,departure,2603,0,1,1
2867.1815299142363,departure,2604,0,0,0
2867.69202631743,arrival,2605,0,1,1
2867.69202631743,service_start,2605,0,1,1
2868.075283376941,arrival,2606,0,2,2
2868.075283376941,service_start,2606,0,2,2
2868.9934528694903,departure,2606,0,1,1
2869.4033840346483,departure,2605,0,0,0
2871.778053114255,arrival,2607,0,1,1
2871.778053114255,service_start,2607,0,1,1
2873.3554381971785,arrival,2608,0,2,2
2873.3554381971785,service_start,2608,0,2,2
2873.3621768624607,arrival,2609,1,2,3
2873.515003989067,departure,2607,1,1,2
2873.515003989067,service_start,2609,0,2,2
2873.763260600269,arrival,2610,1,2,3
2873.8606469512642,arrival,2611,2,2,4
2874.0082630030265,departure,2609,2,1,3
2874.0082630030265,service_start,2610,1,2,3
2874.2702084938246,departure,2608,1,1,2
2874.2702084938246,service_start,2611,0,2,2
2874.9270887503917,departure,2611,0,1,1
2875.0942500284514,arrival,2612,0,2,2
2875.0942500284514,service_start,2612,0,2,2
2875.3602687662974,departure,2610,0,1,1
2876.1413847149656,departure,2612,0,0,0
2876.806729704196,arrival,2613,0,1,1
2876.806729704196,service_start,2613,0,1,1
2877.227723069508,arrival,2614,0,2,2
2877.227723069508,service_start,2614,0,2,2
2877.3993634009535,departure,2614,0,1,1
2879.7728788484956,arrival,2615,0,2,2
2879.7728788484956,service_start,2615,0,2,2
2880.2282520772173,arrival,2616,1,2,3
2880.247636497846,arrival,2617,2,2,4
2880.618556199341,arrival,2618,3,2,5
2880.7959998754127,arrival,2619,4,2,6
2881.3823808048533,arrival,2620,5,2,7
2882.0134379423334,departure,2615,5,1,6
2882.0134379423334,service_start,2616,4,2,6
2882.99931647893,departure,2616,4,1,5
2882.99931647893,service_start,2617,3,2,5
2883.7942861900488,arrival,2621,4,2,6
2884.146744156764,departure,2613,4,1,5
2884.146744156764,service_start,2618,3,2,5
2884.4058880764787,departure,2618,3,1,4
2884.4058880764787,service_start,2619,2,2,4
2884.6948007278606,departure,2619,2,1,3
2884.6948007278606,service_start,2620,1,2,3
2885.13528883281,departure,2620,1,1,2
2885.13528883281,service_start,2621,0,2,2
2885.230487958789,arrival,2622,1,2,3
2886.410232961513,arrival,2623,2,2,4
2886.528812651017,arrival,2624,3,2,5
2886.6264340063844,arrival,2625,4,2,6
2890.523121706852,arrival,2626,5,2,7
2890.9683320418476,departure,2621,5,1,6
2890.9683320418476,service_start,2622,4,2,6
2891.8386153848346,arrival,2627,5,2,7
2892.10334445662,departure,2622,5,1,6
2892.10334445662,service_start,2623,4,2,6
2893.5697400474646,departure,2623,4,1,5
2893.5697400474646,service_start,2624,3,2,5
2893.885340434931,arrival,2628,4,2,6
2894.7456056172227,departure,2624,4,1,5
2894.7456056172227,service_start,2625,3,2,5
2895.1434343513456,arrival,2629,4,2,6
2895.6935760951724,departure,2617,4,1,5
2895.6935760951724,service_start,2626,3,2,5
2896.0612265630457,departure,2625,3,1,4
2896.0612265630457,service_start,2627,2,2,4
2896.638529358913,departure,2627,2,1,3
2896.638529358913,service_start,2628,1,2,3
2896.7202880530162,arrival,2630,2,2,4
2897.2375579453505,departure,2626,2,1,3
2897.2375579453505,service_start,2629,1,2,3
2897.2425963788296,arrival,2631,2,2,4
2897.521833700493,departure,2629,2,1,3
2897.521833700493,service_start,2630,1,2,3
2897.6597207691707,departure,2628,1,1,2
2897.6597207691707,service_start,2631,0,2,2
2898.2139797947675,arrival,2632,1,2,3
2898.9741833018634,arrival,2633,2,2,4
2900.926671749803,departure,2630,2,1,3
2900.926671749803,service_start,2632,1,2,3
2903.8354796384383,arrival,2634,2,2,4
2903.8554085372184,arrival,2635,3,2,5
2904.636029931505,departure,2632,3,1,4
2904.636029931505,service_start,2633,2,2,4
2905.0708002071456,arrival,2636,3,2,5
2905.5040132424874,departure,2633,3,1,4
2905.5040132424874,service_start,2634,2,2,4
2906.0054102028735,departure,2631,2,1,3
2906.0054102028735,service_start,2635,1,2,3
2906.2285408704897,departure,2634,1,1,2
2906.2285408704897,service_start,2636,0,2,2
2906.7996766184415,arrival,2637,1,2,3
2907.0864463978514,arrival,2638,2,2,4
2907.2631425747877,departure,2635,2,1,3
2907.2631425747877,service_start,2637,1,2,3
2908.2182588813716,departure,2636,1,1,2
2908.2182588813716,service_start,2638,0,2,2
2908.512319191941,arrival,2639,1,2,3
2909.0933331582,departure,2638,1,1,2
2909.0933331582,service_start,2639,0,2,2
2909.1122255826617,departure,2637,0,1,1
2909.1859828963443,arrival,2640,0,2,2
2909.1859828963443,service_start,2640,0,2,2
2909.302671998027,departure,2640,0,1,1
2909.445579058851,arrival,2641,0,2,2
2909.445579058851,service_start,2641,0,2,2
2909.7348707841143,departure,2641,0,1,1
2910.645427520638,arrival,2642,0,2,2
2910.645427520638,service_start,2642,0,2,2
2912.562595776777,arrival,2643,1,2,3
2915.0193866971044,arrival,2644,2,2,4
2915.39886629614,departure,2642,2,1,3
2915.39886629614,service_start,2643,1,2,3
2915.871231290226,departure,2643,1,1,2
2915.871231290226,service_start,2644,0,2,2
2917.3321480661043,departure,2644,0,1,1
2917.722046529462,arrival,2645,0,2,2
2917.722046529462,service_start,2645,0,2,2
2918.4012323101665,arrival,2646,1,2,3
2918.6727870209575,departure,2645,1,1,2
2918.6727870209575,service_start,2646,0,2,2
2918.8471723167104,departure,2646,0,1,1
2919.3478638875386,arrival,2647,0,2,2
2919.3478638875386,service_start,2647,0,2,2
2919.698245132244,arrival,2648,1,2,3
2920.679085404776,departure,2639,1,1,2
2920.679085404776,service_start,2648,0,2,2
2921.749062596424,arrival,2649,1,2,3
2921.824256973432,departure,2647,1,1,2
2921.824256973432,service_start,2649,0,2,2
2922.320557412145,departure,2648,0,1,1
2923.3904685729603,departure,2649,0,0,0
2924.1873989858127,arrival,2650,0,1,1
2924.1873989858127,service_start,2650,0,1,1
2924.776308587247,departure,2650,0,0,0
2928.131088041796,arrival,2651,0,1,1
2928.131088041796,service_start,2651,0,1,1
2931.5779440819683,arrival,2652,0,2,2
2931.5779440819683,service_start,2652,0,2,2
2931.9058187338237,departure,2652,0,1,1
2932.1729469491106,arrival,2653,0,2,2
2932.1729469491106,service_start,2653,0,2,2
2932.5723830748607,departure,2653,0,1,1
2932.5978235642224,arrival,2654,0,2,2
2932.5978235642224,service_start,2654,0,2,2
2933.2522245549676,arrival,2655,1,2,3
2933.2801556628074,departure,2651,1,1,2
2933.2801556628074,service_start,2655,0,2,2
2933.6734070084726,departure,2654,0,1,1
2935.138785490153,arrival,2656,0,2,2
2935.138785490153,service_start,2656,0,2,2
2935.5574654814186,departure,2655,0,1,1
2935.6597701434803,arrival,2657,0,2,2
2935.6597701434803,service_start,2657,0,2,2
2935.776176813733,departure,2657,0,1,1
2937.6574223127172,arrival,2658,0,2,2
2937.6574223127172,service_start,2658,0,2,2
2937.697880531432,arrival,2659,1,2,3
2938.418180087635,departure,2658,1,1,2
2938.418180087635,service_start,2659,0,2,2
2940.4520885358247,arrival,2660,1,2,3
2940.5022755007562,arrival,2661,2,2,4
2940.7656071927427,arrival,2662,3,2,5
2940.935180401164,arrival,2663,4,2,6
2940.9457547455186,departure,2656,4,1,5
2940.9457547455186,service_start,2660,3,2,5
2941.05564784074,departure,2660,3,1,4
2941.05564784074,service_start,2661,2,2,4
2942.2453860636674,arrival,2664,3,2,5
2942.3042202244,departure,2659,3,1,4
2942.3042202244,service_start,2662,2,2,4
2942.5158440230757,departure,2661,2,1,3
2942.5158440230757,service_start,2663,1,2,3
2944.721606306886,departure,2662,1,1,2
2944.721606306886,service_start,2664,0,2,2
2945.2659013899483,arrival,2665,1,2,3
2946.2905560238287,arrival,2666,2,2,4
2947.2189121372303,arrival,2667,3,2,5
2947.687078731853,arrival,2668,4,2,6
2948.3515345971546,arrival,2669,5,2,7
2948.9514976884416,arrival,2670,6,2,8
2949.141078983608,arrival,2671,7,2,9
2949.490491021512,arrival,2672,8,2,10
2949.622769846724,arrival,2673,9,2,11
2949.6359739650907,arrival,2674,10,2,12
2951.0754700242,arrival,2675,11,2,13
2951.2397469054013,arrival,2676,12,2,14
2951.968286142795,arrival,2677,13,2,15
2952.426740090474,arrival,2678,14,2,16
2953.930374000413,arrival,2679,15,2,17
2953.9806562297895,departure,2663,15,1,16
2953.9806562297895,service_start,2665,14,2,16
2954.104574520029,arrival,2680,15,2,17
2954.2416562352314,departure,2665,15,1,16
2954.2416562352314,service_start,2666,14,2,16
2954.2971970392564,arrival,2681,15,2,17
2954.420658076017,departure,2666,15,1,16
2954.420658076017,service_start,2667,14,2,16
2955.0217987770034,departure,2664,14,1,15
2955.0217987770034,service_start,2668,13,2,15
2956.343480330082,arrival,2682,14,2,16
2957.9914825679625,arrival,2683,15,2,17
2958.4631311621433,departure,2667,15,1,16
2958.4631311621433,service_start,2669,14,2,16
2958.696721394632,arrival,2684,15,2,17
2959.099710360026,departure,2669,15,1,16
2959.099710360026,service_start,2670,14,2,16
2959.3344893547533,departure,2670,14,1,15
2959.3344893547533,service_start,2671,13,2,15
2959.689049291764,departure,2668,13,1,14
2959.689049291764,service_start,2672,12,2,14
2960.210536199857,arrival,2685,13,2,15
2960.35553699562,departure,2671,13,1,14
2960.35553699562,service_start,2673,12,2,14
2960.8274187256893,departure,2672,12,1,13
2960.8274187256893,service_start,2674,11,2,13
2961.2063184306653,departure,2673,11,1,12
2961.2063184306653,service_start,2675,10,2,12
2961.5928736779783,arrival,2686,11,2,13
2962.0794411980273,departure,2675,11,1,12
2962.0794411980273,service_start,2676,10,2,12
2962.0977295851344,arrival,2687,11,2,13
2962.679543209854,departure,2676,11,1,12
2962.679543209854,service_start,2677,10,2,12
2962.7040835128455,departure,2677,10,1,11
2962.7040835128455,service_start,2678,9,2,11
2962.790191263289,departure,2678,9,1,10
2962.790191263289,service_start,2679,8,2,10
2962.8659152027208,departure,2674,8,1,9
2962.8659152027208,service_start,2680,7,2,9
2963.3459462924416,arrival,2688,8,2,10
2964.570648909615,departure,2680,8,1,9
2964.570648909615,service_start,2681,7,2,9
2964.933586807802,departure,2679,7,1,8
2964.933586807802,service_start,2682,6,2,8
2965.505055305963,departure,2681,6,1,7
2965.505055305963,service_start,2683,5,2,7
2965.5922712731453,arrival,2689,6,2,8
2965.8142216604124,arrival,2690,7,2,9
2965.947834614295,arrival,2691,8,2,10
2966.181272089756,arrival,2692,9,2,11
2966.5408204713813,departure,2682,9,1,10
2966.5408204713813,service_start,2684,8,2,10
2966.6903872346206,departure,2683,8,1,9
2966.6903872346206,service_start,2685,7,2,9
2966.752356419089,arrival,2693,8,2,10
2966.863837018915,arrival,2694,9,2,11
2967.401575512259,departure,2685,9,1,10
2967.401575512259,service_start,2686,8,2,10
2967.436396680279,arrival,2695,9,2,11
2968.085495855518,departure,2686,9,1,10
2968.085495855518,service_start,2687,8,2,10
2968.7561931637624,arrival,2696,9,2,11
2969.8033368085826,arrival,2697,10,2,12
2972.2229133332453,departure,2684,10,1,11
2972.2229133332453,service_start,2688,9,2,11
2973.5088349807697,departure,2687,9,1,10
2973.5088349807697,service_start,2689,8,2,10
2973.997415599063,arrival,2698,9,2,11
2974.912835135793,departure,2689,9,1,10
2974.912835135793,service_start,2690,8,2,10
2974.9698207770734,arrival,2699,9,2,11
2974.9846619297905,departure,2688,9,1,10
2974.9846619297905,service_start,2691,8,2,10
2975.3443543902117,departure,2690,8,1,9
2975.3443543902117,service_start,2692,7,2,9
2976.571952381066,arrival,2700,8,2,10
2976.6116161591435,departure,2691,8,1,9
2976.6116161591435,service_start,2693,7,2,9
2976.9454599310534,arrival,2701,8,2,10
2977.394822295788,arrival,2702,9,2,11
2977.5043596701935,arrival,2703,10,2,12
2977.7550899131797,departure,2693,10,1,11
2977.7550899131797,service_start,2694,9,2,11
2978.182797951283,departure,2692,9,1,10
2978.182797951283,service_start,2695,8,2,10
2979.224384353697,departure,2695,8,1,9
2979.224384353697,service_start,2696,7,2,9
2979.854125286195,departure,2694,7,1,8
2979.854125286195,service_start,2697,6,2,8
2979.940537668968,departure,2697,6,1,7
2979.940537668968,service_start,2698,5,2,7
2980.215155906707,departure,2696,5,1,6
2980.215155906707,service_start,2699,4,2,6
2980.218622097421,arrival,2704,5,2,7
2981.3009153597723,departure,2699,5,1,6
2981.3009153597723,service_start,2700,4,2,6
2982.171982374484,departure,2698,4,1,5
2982.171982374484,service_start,2701,3,2,5
2982.8020425730256,departure,2701,3,1,4
2982.8020425730256,service_start,2702,2,2,4
2983.169264586577,arrival,2705,3,2,5
2983.4694267725263,departure,2702,3,1,4
2983.4694267725263,service_start,2703,2,2,4
2983.535929795572,arrival,2706,3,2,5
2984.40542435336,departure,2700,3,1,4
2984.40542435336,service_start,2704,2,2,4
2985.3418686234363,arrival,2707,3,2,5
2985.584845796262,arrival,2708,4,2,6
2985.7582494260564,arrival,2709,5,2,7
2986.409105204837,departure,2703,5,1,6
2986.409105204837,service_start,2705,4,2,6
2986.507665017961,arrival,2710,5,2,7
2986.511004562146,arrival,2711,6,2,8
2986.869306247255,departure,2705,6,1,7
2986.869306247255,service_start,2706,5,2,7
2987.3165148637013,departure,2704,5,1,6
2987.3165148637013,service_start,2707,4,2,6
2987.4080713861595,arrival,2712,5,2,7
2987.673267855722,departure,2707,5,1,6
2987.673267855722,service_start,2708,4,2,6
2987.807928153934,departure,2706,4,1,5
2987.807928153934,service_start,2709,3,2,5
2988.118906572543,arrival,2713,4,2,6
2988.554067388408,arrival,2714,5,2,7
2988.6149858987646,arrival,2715,6,2,8
2988.704802319281,departure,2709,6,1,7
2988.704802319281,service_start,2710,5,2,7
2989.598459266236,departure,2710,5,1,6
2989.598459266236,service_start,2711,4,2,6
2989.68667642951,departure,2711,4,1,5
2989.68667642951,service_start,2712,3,2,5
2989.880547450164,arrival,2716,4,2,6
2989.997725286527,departure,2708,4,1,5
2989.997725286527,service_start,2713,3,2,5
2990.6042422043656,arrival,2717,4,2,6
2994.5980344379295,arrival,2718,5,2,7
2995.0731424516794,departure,2713,5,1,6
2995.0731424516794,service_start,2714,4,2,6
2995.676635317182,departure,2714,4,1,5
2995.676635317182,service_start,2715,3,2,5
2995.773744960264,arrival,2719,4,2,6
2995.891035964376,departure,2715,4,1,5
2995.891035964376,service_start,2716,3,2,5
2996.2395770677444,departure,2712,3,1,4
2996.2395770677444,service_start,2717,2,2,4
2996.2811743825787,arrival,2720,3,2,5
2996.488163152704,departure,2716,3,1,4
2996.488163152704,service_start,2718,2,2,4
2996.6409876746625,arrival,2721,3,2,5
2997.2778936503973,departure,2718,3,1,4
2997.2778936503973,service_start,2719,2,2,4
2998.1423999990416,arrival,2722,3,2,5
2998.4858764554956,arrival,2723,4,2,6
2998.748785476424,departure,2717,4,1,5
2998.748785476424,service_start,2720,3,2,5
2998.8115542681994,arrival,2724,4,2,6
2999.2212237931953,arrival,2725,5,2,7
2999.3917898256113,arrival,2726,6,2,8
3000.017562684731,arrival,2727,7,2,9
3000.1401409201303,arrival,2728,8,2,10
3000.635258589611,departure,2719,8,1,9
3000.635258589611,service_start,2721,7,2,9
3000.992162565481,arrival,2729,8,2,10
3001.2595607698827,departure,2720,8,1,9
3001.2595607698827,service_start,2722,7,2,9
3001.4722400280234,departure,2722,7,1,8
3001.4722400280234,service_start,2723,6,2,8
3002.395917326822,departure,2723,6,1,7
3002.395917326822,service_start,2724,5,2,7
3004.345335908037,departure,2721,5,1,6
3004.345335908037,service_start,2725,4,2,6
3004.5392627595243,arrival,2730,5,2,7
3004.7272881914546,arrival,2731,6,2,8
3005.1584919385077,arrival,2732,7,2,9
3005.308844295885,departure,2725,7,1,8
3005.308844295885,service_start,2726,6,2,8
3005.337939728891,departure,2726,6,1,7
3005.337939728891,service_start,2727,5,2,7
3005.593789383911,arrival,2733,6,2,8
3005.7727249769914,arrival,2734,7,2,9
3006.953916185995,arrival,2735,8,2,10
3007.0685212409294,arrival,2736,9,2,11
3007.2962702461955,departure,2724,9,1,10
3007.2962702461955,service_start,2728,8,2,10
3007.302700886722,departure,2728,8,1,9
3007.302700886722,service_start,2729,7,2,9
3008.040392004337,arrival,2737,8,2,10
3008.076697810807,departure,2729,8,1,9
3008.076697810807,service_start,2730,7,2,9
3008.144791184891,arrival,2738,8,2,10
3008.192053430313,departure,2730,8,1,9
3008.192053430313,service_start,2731,7,2,9
3008.3299937052334,arrival,2739,8,2,10
3008.4292376884437,arrival,2740,9,2,11
3008.7098213328886,departure,2731,9,1,10
3008.7098213328886,service_start,2732,8,2,10
3009.711581031936,departure,2727,8,1,9
3009.711581031936,service_start,2733,7,2,9
3010.336681757649,departure,2732,7,1,8
3010.336681757649,service_start,2734,6,2,8
3010.4291777771627,departure,2734,6,1,7
3010.4291777771627,service_start,2735,5,2,7
3010.828315349433,departure,2733,5,1,6
3010.828315349433,service_start,2736,4,2,6
3011.385839284003,departure,2736,4,1,5
3011.385839284003,service_start,2737,3,2,5
3011.7711766913317,arrival,2741,4,2,6
3012.0740784588716,departure,2735,4,1,5
3012.0740784588716,service_start,2738,3,2,5
3012.179946413467,arrival,2742,4,2,6
3012.3979792027717,departure,2737,4,1,5
3012.3979792027717,service_start,2739,3,2,5
3012.594693101695,departure,2738,3,1,4
3012.594693101695,service_start,2740,2,2,4
3012.734610500512,arrival,2743,3,2,5
3012.8786839423165,departure,2739,3,1,4
3012.8786839423165,service_start,2741,2,2,4
3012.9261031370816,arrival,2744,3,2,5
3013.262577255383,departure,2740,3,1,4
3013.262577255383,service_start,2742,2,2,4
3013.357219407193,departure,2742,2,1,3
3013.357219407193,service_start,2743,1,2,3
3014.443718832568,departure,2743,1,1,2
3014.443718832568,service_start,2744,0,2,2
3014.548417192574,departure,2741,0,1,1
3014.5714209411885,departure,2744,0,0,0
3015.011107055649,arrival,2745,0,1,1
3015.011107055649,service_start,2745,0,1,1
3015.4392789418525,departure,2745,0,0,0
3016.3398729450473,arrival,2746,0,1,1
3016.3398729450473,service_start,2746,0,1,1
3016.563697462355,arrival,2747,0,2,2
3016.563697462355,service_start,2747,0,2,2
3016.7708299252577,departure,2746,0,1,1
3017.345966632884,arrival,2748,0,2,2
3017.345966632884,service_start,2748,0,2,2
3017.5114222456646,departure,2748,0,1,1
3019.6167716620034,arrival,2749,0,2,2
3019.6167716620034,service_start,2749,0,2,2
3019.90387008947,departure,2749,0,1,1
3021.1919775665087,arrival,2750,0,2,2
3021.1919775665087,service_start,2750,0,2,2
3021.2793722967854,arrival,2751,1,2,3
3022.528749403137,arrival,2752,2,2,4
3023.0191376928833,arrival,2753,3,2,5
3024.465727150673,departure,2750,3,1,4
3024.465727150673,service_start,2751,2,2,4
3024.56572066289,departure,2751,2,1,3
3024.56572066289,service_start,2752,1,2,3
3024.689597455164,departure,2747,1,1,2
3024.689597455164,service_start,2753,0,2,2
3026.9658099684802,departure,2753,0,1,1
3027.6158398293896,departure,2752,0,0,0
3031.406278437599,arrival,2754,0,1,1
3031.406278437599,service_start,2754,0,1,1
3032.0931714418252,departure,2754,0,0,0
3032.635453685485,arrival,2755,0,1,1
3032.635453685485,service_start,2755,0,1,1
3034.0154714092296,arrival,2756,0,2,2
3034.0154714092296,service_start,2756,0,2,2
3034.2875576809283,departure,2755,0,1,1
3036.598541400774,arrival,2757,0,2,2
3036.598541400774,service_start,2757,0,2,2
3037.2741635523266,departure,2757,0,1,1
3037.4010141577346,departure,2756,0,0,0
3038.6349693270836,arrival,2758,0,1,1
3038.6349693270836,service_start,2758,0,1,1
3038.751725864069,departure,2758,0,0,0
3040.98541608868,arrival,2759,0,1,1
3040.98541608868,service_start,2759,0,1,1
3041.414942953678,arrival,2760,0,2,2
3041.414942953678,service_start,2760,0,2,2
3041.5403859284806,arrival,2761,1,2,3
3041.8315181985313,departure,2760,1,1,2
3041.8315181985313,service_start,2761,0,2,2
3041.9764695897206,departure,2761,0,1,1
3042.0321847069395,arrival,2762,0,2,2
3042.0321847069395,service_start,2762,0,2,2
3042.297035689208,arrival,2763,1,2,3
3042.498618581197,departure,2762,1,1,2
3042.498618581197,service_start,2763,0,2,2
3042.5849190706485,departure,2759,0,1,1
3042.8114997771086,arrival,2764,0,2,2
3042.8114997771086,service_start,2764,0,2,2
3043.090659518218,arrival,2765,1,2,3
3043.3309926456654,arrival,2766,2,2,4
3044.6827294484774,departure,2764,2,1,3
3044.6827294484774,service_start,2765,1,2,3
3044.7173124720166,departure,2765,1,1,2
3044.7173124720166,service_start,2766,0,2,2
3044.8579812375233,departure,2766,0,1,1
3045.2522848734707,departure,2763,0,0,0
3045.6531498260574,arrival,2767,0,1,1
3045.6531498260574,service_start,2767,0,1,1
3046.429690263995,arrival,2768,0,2,2
3046.429690263995,service_start,2768,0,2,2
3046.924060320094,arrival,2769,1,2,3
3047.0533138357146,departure,2768,1,1,2
3047.0533138357146,service_start,2769,0,2,2
3047.372359708485,departure,2767,0,1,1
3048.751877643021,arrival,2770,0,2,2
3048.751877643021,service_start,2770,0,2,2
3049.5438274952235,arrival,2771,1,2,3
3049.741071557541,arrival,2772,2,2,4
3050.565042434021,arrival,2773,3,2,5
3050.6619540452775,arrival,2774,4,2,6
3050.945168190807,arrival,2775,5,2,7
3051.336510487122,departure,2770,5,1,6
3051.336510487122,service_start,2771,4,2,6
3051.845522419972,arrival,2776,5,2,7
3052.3785522329836,departure,2769,5,1,6
3052.3785522329836,service_start,2772,4,2,6
3053.4906093433096,arrival,2777,5,2,7
3054.4073589387285,arrival,2778,6,2,8
3055.599415495376,arrival,2779,7,2,9
3055.8214177666455,arrival,2780,8,2,10
3056.19771789359,arrival,2781,9,2,11
3056.8852596681577,departure,2772,9,1,10
3056.8852596681577,service_start,2773,8,2,10
3057.090695773511,arrival,2782,9,2,11
3058.154278680272,arrival,2783,10,2,12
3059.0885150436666,departure,2771,10,1,11
3059.0885150436666,service_start,2774,9,2,11
3059.639627361952,departure,2773,9,1,10
3059.639627361952,service_start,2775,8,2,10
3060.454188276483,departure,2775,8,1,9
3060.454188276483,service_start,2776,7,2,9
3061.561746122544,departure,2774,7,1,8
3061.561746122544,service_start,2777,6,2,8
3062.2922170186766,departure,2776,6,1,7
3062.2922170186766,service_start,2778,5,2,7
3062.4459570668687,arrival,2784,6,2,8
3064.1683267820335,departure,2778,6,1,7
3064.1683267820335,service_start,2779,5,2,7
3065.4153642542997,arrival,2785,6,2,8
3065.803092641132,departure,2777,6,1,7
3065.803092641132,service_start,2780,5,2,7
3066.0225816891075,departure,2780,5,1,6
3066.0225816891075,service_start,2781,4,2,6
3066.5020487904844,departure,2781,4,1,5
3066.5020487904844,service_start,2782,3,2,5
3067.0591012479126,departure,2779,3,1,4
3067.0591012479126,service_start,2783,2,2,4
3067.207688797918,arrival,2786,3,2,5
3067.4035629234713,departure,2783,3,1,4
3067.4035629234713,service_start,2784,2,2,4
3068.231085031581,departure,2784,2,1,3
3068.231085031581,service_start,2785,1,2,3
3068.86212692807,departure,2785,1,1,2
3068.86212692807,service_start,2786,0,2,2
3068.922287920913,departure,2782,0,1,1
3069.4107383277965,arrival,2787,0,2,2
3069.4107383277965,service_start,2787,0,2,2
3069.48071566956,arrival,2788,1,2,3
3070.4038171136203,departure,2787,1,1,2
3070.4038171136203,service_start,2788,0,2,2
3070.5922555319025,departure,2786,0,1,1
3070.6628546332167,arrival,2789,0,2,2
3070.6628546332167,service_start,2789,0,2,2
3070.907672581438,departure,2788,0,1,1
3071.468925076824,arrival,2790,0,2,2
3071.468925076824,service_start,2790,0,2,2
3072.0679616765315,departure,2789,0,1,1
3072.979178279471,departure,2790,0,0,0
3073.1206887264807,arrival,2791,0,1,1
3073.1206887264807,service_start,2791,0,1,1
3073.363176479353,arrival,2792,0,2,2
3073.363176479353,service_start,2792,0,2,2
3073.674498623813,arrival,2793,1,2,3
3074.960976502255,arrival,2794,2,2,4
3075.847761758556,departure,2792,2,1,3
3075.847761758556,service_start,2793,1,2,3
3076.411800642949,arrival,2795,2,2,4
3076.7175928366987,departure,2791,2,1,3
3076.7175928366987,service_start,2794,1,2,3
3076.94447120779,arrival,2796,2,2,4
3076.959458562925,departure,2793,2,1,3
3076.959458562925,service_start,2795,1,2,3
3078.2309906716187,arrival,2797,2,2,4
3079.8183910898747,arrival,2798,3,2,5
3079.918985400217,departure,2794,3,1,4
3079.918985400217,service_start,2796,2,2,4
3080.195775254959,arrival,2799,3,2,5
3080.284178233079,arrival,2800,4,2,6
3080.7790832848978,arrival,2801,5,2,7
3081.499219464037,departure,2796,5,1,6
3081.499219464037,service_start,2797,4,2,6
3081.9095680232863,departure,2795,4,1,5
3081.9095680232863,service_start,2798,3,2,5
3082.079018237373,departure,2798,3,1,4
3082.079018237373,service_start,2799,2,2,4
3082.833594524263,arrival,2802,3,2,5
3083.0701051684205,arrival,2803,4,2,6
3083.1630409802974,departure,2797,4,1,5
3083.1630409802974,service_start,2800,3,2,5
3083.453191738755,arrival,2804,4,2,6
3083.6342638690835,departure,2799,4,1,5
3083.6342638690835,service_start,2801,3,2,5
3083.939833761494,arrival,2805,4,2,6
3084.1276692423985,arrival,2806,5,2,7
3084.27369013044,departure,2800,5,1,6
3084.27369013044,service_start,2802,4,2,6
3084.721106835544,departure,2802,4,1,5
3084.721106835544,service_start,2803,3,2,5
3085.2781060068487,departure,2801,3,1,4
3085.2781060068487,service_start,2804,2,2,4
3088.9771221369474,arrival,2807,3,2,5
3089.5557083360654,arrival,2808,4,2,6
3089.7672560287115,departure,2804,4,1,5
3089.7672560287115,service_start,2805,3,2,5
3090.3047976944613,departure,2805,3,1,4
3090.3047976944613,service_start,2806,2,2,4
3090.526001927541,departure,2803,2,1,3
3090.526001927541,service_start,2807,1,2,3
3090.7174119591323,departure,2806,1,1,2
3090.7174119591323,service_start,2808,0,2,2
3091.288336441519,arrival,2809,1,2,3
3091.7879517291153,departure,2807,1,1,2
3091.7879517291153,service_start,2809,0,2,2
3092.20286317973,departure,2809,0,1,1
3093.0989654851755,departure,2808,0,0,0
3093.452619288579,arrival,2810,0,1,1
3093.452619288579,service_start,2810,0,1,1
3093.9966943611653,arrival,2811,0,2,2
3093.9966943611653,service_start,2811,0,2,2
3094.1837737668575,departure,2810,0,1,1
3095.52703205904,arrival,2812,0,2,2
3095.52703205904,service_start,2812,0,2,2
3095.9730053330536,departure,2812,0,1,1
3096.1568666453186,arrival,2813,0,2,2
3096.1568666453186,service_start,2813,0,2,2
3096.4741978316333,departure,2813,0,1,1
3096.520866116541,departure,2811,0,0,0
3096.90826798102,arrival,2814,0,1,1
3096.90826798102,service_start,2814,0,1,1
3097.614527055949,arrival,2815,0,2,2
3097.614527055949,service_start,2815,0,2,2
3098.1807917275487,arrival,2816,1,2,3
3098.333146503061,arrival,2817,2,2,4
3098.9713816570825,arrival,2818,3,2,5
3099.160120103651,arrival,2819,4,2,6
3100.3098256288918,departure,2815,4,1,5
3100.3098256288918,service_start,2816,3,2,5
3101.641970878937,arrival,2820,4,2,6
3101.9880246039934,departure,2814,4,1,5
3101.9880246039934,service_start,2817,3,2,5
3102.1186189819387,departure,2817,3,1,4
3102.1186189819387,service_start,2818,2,2,4
3102.370073994658,departure,2818,2,1,3
3102.370073994658,service_start,2819,1,2,3
3102.6379118302593,arrival,2821,2,2,4
3102.765090453875,departure,2816,2,1,3
3102.765090453875,service_start,2820,1,2,3
3102.9925597812394,arrival,2822,2,2,4
3103.0401982476683,arrival,2823,3,2,5
3103.5511790364926,departure,2819,3,1,4
3103.5511790364926,service_start,2821,2,2,4
3103.966030810568,departure,2820,2,1,3
3103.966030810568,service_start,2822,1,2,3
3104.882384103458,departure,2822,1,1,2
3104.882384103458,service_start,2823,0,2,2
3105.1407452902913,departure,2823,0,1,1
3106.208358660409,arrival,2824,0,2,2
3106.208358660409,service_start,2824,0,2,2
3106.8709704954604,departure,2824,0,1,1
3107.5192775549135,arrival,2825,0,2,2
3107.5192775549135,service_start,2825,0,2,2
3107.533370351343,departure,2825,0,1,1
3108.0377330812266,departure,2821,0,0,0
3109.1473612528525,arrival,2826,0,1,1
3109.1473612528525,service_start,2826,0,1,1
3109.5731248586994,departure,2826,0,0,0
3109.86534687929,arrival,2827,0,1,1
3109.86534687929,service_start,2827,0,1,1
3110.5702288678413,arrival,2828,0,2,2
3110.5702288678413,service_start,2828,0,2,2
3110.6550478193735,arrival,2829,1,2,3
3110.991038476441,departure,2827,1,1,2
3110.991038476441,service_start,2829,0,2,2
3111.7416815902056,departure,2828,0,1,1
3112.3088081885944,departure,2829,0,0,0
3112.379060901079,arrival,2830,0,1,1
3112.379060901079,service_start,2830,0,1,1
3113.373959034766,arrival,2831,0,2,2
3113.373959034766,service_start,2831,0,2,2
3113.433978450979,departure,2831,0,1,1
3114.466971276664,arrival,2832,0,2,2
3114.466971276664,service_start,2832,0,2,2
3114.545687586548,departure,2832,0,1,1
3114.6176829580972,arrival,2833,0,2,2
3114.6176829580972,service_start,2833,0,2,2
3114.7285839215283,departure,2833,0,1,1
3115.399169123058,arrival,2834,0,2,2
3115.399169123058,service_start,2834,0,2,2
3115.54256724515,arrival,2835,1,2,3
3116.028820003724,departure,2834,1,1,2
3116.028820003724,service_start,2835,0,2,2
3117.5792686789173,arrival,2836,1,2,3
3120.6939204002165,departure,2830,1,1,2
3120.6939204002165,service_start,2836,0,2,2
3121.692578542445,departure,2835,0,1,1
3121.8936333081897,arrival,2837,0,2,2
3121.8936333081897,service_start,2837,0,2,2
3122.5776934499686,arrival,2838,1,2,3
3122.594387034698,departure,2837,1,1,2
3122.594387034698,service_start,2838,0,2,2
3122.8114567479215,arrival,2839,1,2,3
3123.715842851788,departure,2836,1,1,2
3123.715842851788,service_start,2839,0,2,2
3124.1083914640017,arrival,2840,1,2,3
3124.3747577177523,arrival,2841,2,2,4
3126.4021453841033,arrival,2842,3,2,5
3126.7404180929457,arrival,2843,4,2,6
3126.802933241643,departure,2838,4,1,5
3126.802933241643,service_start,2840,3,2,5
3126.946207815161,arrival,2844,4,2,6
3127.1656738698002,departure,2839,4,1,5
3127.1656738698002,service_start,2841,3,2,5
3127.703229666298,departure,2841,3,1,4
3127.703229666298,service_start,2842,2,2,4
3127.9112650127054,arrival,2845,3,2,5
3127.9311517031197,departure,2840,3,1,4
3127.9311517031197,service_start,2843,2,2,4
3127.9711720990113,arrival,2846,3,2,5
3128.1832622874585,arrival,2847,4,2,6
3128.7894439986426,arrival,2848,5,2,7
3129.2075615069098,departure,2843,5,1,6
3129.2075615069098,service_start,2844,4,2,6
3129.3048506470955,arrival,2849,5,2,7
3132.8958343636787,arrival,2850,6,2,8
3132.9133250408995,arrival,2851,7,2,9
3133.5320599040256,departure,2842,7,1,8
3133.5320599040256,service_start,2845,6,2,8
3133.716522414711,arrival,2852,7,2,9
3134.3663946989896,departure,2845,7,1,8
3134.3663946989896,service_start,2846,6,2,8
3134.9637518549143,arrival,2853,7,2,9
3135.189864132408,arrival,2854,8,2,10
3135.431822859173,arrival,2855,9,2,11
3135.60352853733,departure,2844,9,1,10
3135.60352853733,service_start,2847,8,2,10
3135.786707601289,arrival,2856,9,2,11
3136.14386703041,departure,2846,9,1,10
3136.14386703041,service_start,2848,8,2,10
3136.447141081423,arrival,2857,9,2,11
3136.727379116129,departure,2848,9,1,10
3136.727379116129,service_start,2849,8,2,10
3137.2441259574475,arrival,2858,9,2,11
3140.700877759826,arrival,2859,10,2,12
3142.0976722398273,departure,2849,10,1,11
3142.0976722398273,service_start,2850,9,2,11
3142.3538296540273,departure,2847,9,1,10
3142.3538296540273,service_start,2851,8,2,10
3142.7753114966026,departure,2851,8,1,9
3142.7753114966026,service_start,2852,7,2,9
3143.1084311337154,arrival,2860,8,2,10
3143.1214309908105,arrival,2861,9,2,11
3143.2960912486055,departure,2850,9,1,10
3143.2960912486055,service_start,2853,8,2,10
3144.103375767107,arrival,2862,9,2,11
3144.987345509443,arrival,2863,10,2,12
3146.496576833554,departure,2853,10,1,11
3146.496576833554,service_start,2854,9,2,11
3147.2540214892365,arrival,2864,10,2,12
3147.71873414745,arrival,2865,11,2,13
3147.891403247233,arrival,2866,12,2,14
3148.0155024766373,arrival,2867,13,2,15
3148.4898800346714,arrival,2868,14,2,16
3149.4672654495726,departure,2852,14,1,15
3149.4672654495726,service_start,2855,13,2,15
3149.8661991582235,departure,2855,13,1,14
3149.8661991582235,service_start,2856,12,2,14
3149.9025062351484,arrival,2869,13,2,15
3150.2538070996607,departure,2856,13,1,14
3150.2538070996607,service_start,2857,12,2,14
3151.4154334181276,arrival,2870,13,2,15
3151.54130679308,arrival,2871,14,2,16
3152.278873211819,departure,2857,14,1,15
3152.278873211819,service_start,2858,13,2,15
3152.518371588116,arrival,2872,14,2,16
3152.615833678604,departure,2858,14,1,15
3152.615833678604,service_start,2859,13,2,15
3152.6425315308484,departure,2859,13,1,14
3152.6425315308484,service_start,2860,12,2,14
3152.934512357019,departure,2854,12,1,13
3152.934512357019,service_start,2861,11,2,13
3153.0353296995863,arrival,2873,12,2,14
3153.070082826215,arrival,2874,13,2,15
3154.1181691820725,departure,2860,13,1,14
3154.1181691820725,service_start,2862,12,2,14
3155.326487455991,departure,2861,12,1,13
3155.326487455991,service_start,2863,11,2,13
3156.272604378431,departure,2862,11,1,12
3156.272604378431,service_start,2864,10,2,12
3156.571991788433,departure,2863,10,1,11
3156.571991788433,service_start,2865,9,2,11
3156.71639497905,arrival,2875,10,2,12
3156.8229929644453,arrival,2876,11,2,13
3156.889879282503,departure,2865,11,1,12
3156.889879282503,service_start,2866,10,2,12
3157.000460890838,arrival,2877,11,2,13
3157.3704729353562,departure,2866,11,1,12
3157.3704729353562,service_start,2867,10,2,12
3157.677156121274,departure,2864,10,1,11
3157.677156121274,service_start,2868,9,2,11
3157.8905413613543,arrival,2878,10,2,12
3158.510552191823,arrival,2879,11,2,13
3158.8013681291595,departure,2867,11,1,12
3158.8013681291595,service_start,2869,10,2,12
3159.261338651515,departure,2868,10,1,11
3159.261338651515,service_start,2870,9,2,11
3161.3884967696285,arrival,2880,10,2,12
3162.374070932899,departure,2870,10,1,11
3162.374070932899,service_start,2871,9,2,11
3162.3910643059003,departure,2871,9,1,10
3162.3910643059003,service_start,2872,8,2,10
3163.909611527984,arrival,2881,9,2,11
3165.339696960084,arrival,2882,10,2,12
3166.1813844735348,arrival,2883,11,2,13
3169.794944208664,arrival,2884,12,2,14
3170.0750241790133,arrival,2885,13,2,15
3170.7315205562063,arrival,2886,14,2,16
3170.7492093057613,arrival,2887,15,2,17
3171.0171607596976,arrival,2888,16,2,18
3171.13413746768,arrival,2889,17,2,19
3171.67749531434,departure,2869,17,1,18
3171.67749531434,service_start,2873,16,2,18
3172.0911946670644,arrival,2890,17,2,19
3172.529942200963,departure,2872,17,1,18
3172.529942200963,service_start,2874,16,2,18
3172.562868804051,arrival,2891,17,2,19
3172.61257103961,departure,2873,17,1,18
3172.61257103961,service_start,2875,16,2,18
3172.877146747738,departure,2875,16,1,17
3172.877146747738,service_start,2876,15,2,17
3172.9241506629887,departure,2876,15,1,16
3172.9241506629887,service_start,2877,14,2,16
3173.0368643676,departure,2874,14,1,15
3173.0368643676,service_start,2878,13,2,15
3175.034659951272,departure,2877,13,1,14
3175.034659951272,service_start,2879,12,2,14
3175.660302292293,arrival,2892,13,2,15
3175.927361496784,arrival,2893,14,2,16
3176.4818826061924,arrival,2894,15,2,17
3176.5042978066563,departure,2878,15,1,16
3176.5042978066563,service_start,2880,14,2,16
3176.7819284451007,departure,2880,14,1,15
3176.7819284451007,service_start,2881,13,2,15
3176.938132083339,arrival,2895,14,2,16
3177.166055293133,arrival,2896,15,2,17
3177.3476543629113,arrival,2897,16,2,18
3177.4086058385915,departure,2881,16,1,17
3177.4086058385915,service_start,2882,15,2,17
3177.507179987855,arrival,2898,16,2,18
3177.517864008093,arrival,2899,17,2,19
3177.644766789786,arrival,2900,18,2,20
3178.356703422001,departure,2879,18,1,19
3178.356703422001,service_start,2883,17,2,19
3178.4336478081364,departure,2882,17,1,18
3178.4336478081364,service_start,2884,16,2,18
3178.7557535619694,departure,2883,16,1,17
3178.7557535619694,service_start,2885,15,2,17
3179.5541471289885,arrival,2901,16,2,18
3180.0223001991912,departure,2884,16,1,17
3180.0223001991912,service_start,2886,15,2,17
3180.303249781421,arrival,2902,16,2,18
3180.4623883587637,departure,2886,16,1,17
3180.4623883587637,service_start,2887,15,2,17
3181.245186700489,departure,2885,15,1,16
3181.245186700489,service_start,2888,14,2,16
3181.340286118789,arrival,2903,15,2,17
3182.74327466827,arrival,2904,16,2,18
3183.2229391005717,arrival,2905,17,2,19
3183.8705124180965,departure,2887,17,1,18
3183.8705124180965,service_start,2889,16,2,18
3184.1240672482463,departure,2888,16,1,17
3184.1240672482463,service_start,2890,15,2,17
3184.176179309419,arrival,2906,16,2,18
3184.4620897054083,departure,2889,16,1,17
3184.4620897054083,service_start,2891,15,2,17
3185.165499987175,arrival,2907,16,2,18
3185.4467347967557,departure,2890,16,1,17
3185.4467347967557,service_start,2892,15,2,17
3186.450361933308,departure,2892,15,1,16
3186.450361933308,service_start,2893,14,2,16
3186.4875634513164,departure,2893,14,1,15
3186.4875634513164,service_start,2894,13,2,15
3187.3343462206617,arrival,2908,14,2,16
3187.5878309925884,arrival,2909,15,2,17
3188.229815595009,departure,2891,15,1,16
3188.229815595009,service_start,2895,14,2,16
3188.6702090145104,arrival,2910,15,2,17
3188.701708204096,departure,2894,15,1,16
3188.701708204096,service_start,2896,14,2,16
3189.313822839261,arrival,2911,15,2,17
3189.42598773041,arrival,2912,16,2,18
3189.5542379532963,arrival,2913,17,2,19
3190.2089393779925,arrival,2914,18,2,20
3191.2358904522516,arrival,2915,19,2,21
3192.074381410692,arrival,2916,20,2,22
3193.3401285257937,departure,2895,20,1,21
3193.3401285257937,service_start,2897,19,2,21
3193.460946319914,departure,2896,19,1,20
3193.460946319914,service_start,2898,18,2,20
3193.979232521838,arrival,2917,19,2,21
3194.6881543263494,arrival,2918,20,2,22
3195.9324525391885,departure,2898,20,1,21
3195.9324525391885,service_start,2899,19,2,21
3195.9364198506696,arrival,2919,20,2,22
3196.0101437161447,departure,2899,20,1,21
3196.0101437161447,service_start,2900,19,2,21
3197.907931494525,departure,2900,19,1,20
3197.907931494525,service_start,2901,18,2,20
3199.0873986849583,arrival,2920,19,2,21
3200.6972173665904,departure,2901,19,1,20
3200.6972173665904,service_start,2902,18,2,20
3202.2131977414265,arrival,2921,19,2,21
3202.9024504863014,departure,2897,19,1,20
3202.9024504863014,service_start,2903,18,2,20
3203.835473618235,arrival,2922,19,2,21
3203.840969364558,arrival,2923,20,2,22
3204.110166396175,departure,2902,20,1,21
3204.110166396175,service_start,2904,19,2,21
3204.6453825039534,arrival,2924,20,2,22
3204.790180319371,arrival,2925,21,2,23
3204.815906855726,departure,2903,21,1,22
3204.815906855726,service_start,2905,20,2,22
3206.230280319078,departure,2905,20,1,21
3206.230280319078,service_start,2906,19,2,21
3206.5162056301556,arrival,2926,20,2,22
3207.2757741687897,arrival,2927,21,2,23
3207.4426685498465,departure,2904,21,1,22
3207.4426685498465,service_start,2907,20,2,22
3208.0971513830177,departure,2907,20,1,21
3208.0971513830177,service_start,2908,19,2,21
3208.582410685379,departure,2908,19,1,20
3208.582410685379,service_start,2909,18,2,20
3209.1204792091144,arrival,2928,19,2,21
3209.156002229332,departure,2909,19,1,20
3209.156002229332,service_start,2910,18,2,20
3209.250501031783,arrival,2929,19,2,21
3209.390071617332,arrival,2930,20,2,22
3209.88934486046,arrival,2931,21,2,23
3210.418179225745,arrival,2932,22,2,24
3210.829081311655,arrival,2933,23,2,25
3213.2394301362783,arrival,2934,24,2,26
3214.045617343235,departure,2910,24,1,25
3214.045617343235,service_start,2911,23,2,25
3214.329104037585,arrival,2935,24,2,26
3214.420208534238,departure,2911,24,1,25
3214.420208534238,service_start,2912,23,2,25
3214.8269317675645,departure,2906,23,1,24
3214.8269317675645,service_start,2913,22,2,24
3215.100154474949,departure,2913,22,1,23
3215.100154474949,service_start,2914,21,2,23
3215.8717227428606,departure,2912,21,1,22
3215.8717227428606,service_start,2915,20,2,22
3216.270472688726,departure,2915,20,1,21
3216.270472688726,service_start,2916,19,2,21
3216.5556072950862,departure,2914,19,1,20
3216.5556072950862,service_start,2917,18,2,20
3217.024024334011,departure,2917,18,1,19
3217.024024334011,service_start,2918,17,2,19
3217.516417538154,arrival,2936,18,2,20
3218.257910100601,departure,2916,18,1,19
3218.257910100601,service_start,2919,17,2,19
3218.989971461406,departure,2919,17,1,18
3218.989971461406,service_start,2920,16,2,18
3219.0693537634565,departure,2918,16,1,17
3219.0693537634565,service_start,2921,15,2,17
3219.1487486281076,arrival,2937,16,2,18
3220.2510845886936,departure,2921,16,1,17
3220.2510845886936,service_start,2922,15,2,17
3221.448413416341,arrival,2938,16,2,18
3221.7222743332513,departure,2922,16,1,17
3221.7222743332513,service_start,2923,15,2,17
3221.7461434852726,arrival,2939,16,2,18
3223.4487252288645,departure,2923,16,1,17
3223.4487252288645,service_start,2924,15,2,17
3223.6513071987615,departure,2924,15,1,16
3223.6513071987615,service_start,2925,14,2,16
3223.6999155260396,departure,2925,14,1,15
3223.6999155260396,service_start,2926,13,2,15
3224.4165621469388,departure,2926,13,1,14
3224.4165621469388,service_start,2927,12,2,14
3225.8190415967442,arrival,2940,13,2,15
3226.6713275562906,arrival,2941,14,2,16
3227.793409848559,departure,2927,14,1,15
3227.793409848559,service_start,2928,13,2,15
3229.2205217760393,arrival,2942,14,2,16
3229.2446288903025,departure,2920,14,1,15
3229.2446288903025,service_start,2929,13,2,15
3229.6164190116538,departure,2928,13,1,14
3229.6164190116538,service_start,2930,12,2,14
3230.7360076392956,departure,2929,12,1,13
3230.7360076392956,service_start,2931,11,2,13
3231.217842403523,arrival,2943,12,2,14
3231.3813309856096,departure,2930,12,1,13
3231.3813309856096,service_start,2932,11,2,13
3233.0247651116993,departure,2931,11,1,12
3233.0247651116993,service_start,2933,10,2,12
3233.711568690257,departure,2933,10,1,11
3233.711568690257,service_start,2934,9,2,11
3233.7292609548467,arrival,2944,10,2,12
3233.985857510434,arrival,2945,11,2,13
3234.271014691114,arrival,2946,12,2,14
3235.3982499728195,arrival,2947,13,2,15
3235.486449050592,departure,2934,13,1,14
3235.486449050592,service_start,2935,12,2,14
3235.524961556036,arrival,2948,13,2,15
3236.2152716745436,arrival,2949,14,2,16
3236.449349659123,arrival,2950,15,2,17
3236.787383666741,arrival,2951,16,2,18
3236.869250425695,departure,2935,16,1,17
3236.869250425695,service_start,2936,15,2,17
3237.2143656349294,departure,2936,15,1,16
3237.2143656349294,service_start,2937,14,2,16
3237.7725900389814,departure,2937,14,1,15
3237.7725900389814,service_start,2938,13,2,15
3238.4189796058336,departure,2932,13,1,14
3238.4189796058336,service_start,2939,12,2,14
3239.1974962784193,departure,2939,12,1,13
3239.1974962784193,service_start,2940,11,2,13
3239.4070446167407,arrival,2952,12,2,14
3239.9101369423024,departure,2938,12,1,13
3239.9101369423024,service_start,2941,11,2,13
3240.545912907982,departure,2941,11,1,12
3240.545912907982,service_start,2942,10,2,12
3240.574955398638,departure,2940,10,1,11
3240.574955398638,service_start,2943,9,2,11
3240.83531493044,departure,2942,9,1,10
3240.83531493044,service_start,2944,8,2,10
3240.913149932439,departure,2944,8,1,9
3240.913149932439,service_start,2945,7,2,9
3242.8728347290535,departure,2943,7,1,8
3242.8728347290535,service_start,2946,6,2,8
3243.46483277581,departure,2946,6,1,7
3243.46483277581,service_start,2947,5,2,7
3243.837918429121,arrival,2953,6,2,8
3244.223112359672,departure,2945,6,1,7
3244.223112359672,service_start,2948,5,2,7
3245.2346826754124,departure,2947,5,1,6
3245.2346826754124,service_start,2949,4,2,6
3245.2550609124132,arrival,2954,5,2,7
3245.383695950465,arrival,2955,6,2,8
3245.759852721763,arrival,2956,7,2,9
3246.299279797276,departure,2949,7,1,8
3246.299279797276,service_start,2950,6,2,8
3246.4861386383586,departure,2950,6,1,7
3246.4861386383586,service_start,2951,5,2,7
3246.6266252727214,arrival,2957,6,2,8
3246.8862503989494,arrival,2958,7,2,9
3247.33246614853,arrival,2959,8,2,10
3247.536002957105,arrival,2960,9,2,11
3248.0171243086365,arrival,2961,10,2,12
3248.8550031947807,arrival,2962,11,2,13
3249.880336378591,departure,2951,11,1,12
3249.880336378591,service_start,2952,10,2,12
3249.9309571070676,departure,2952,10,1,11
3249.9309571070676,service_start,2953,9,2,11
3251.642579552947,departure,2948,9,1,10
3251.642579552947,service_start,2954,8,2,10
3252.246127550788,arrival,2963,9,2,11
3252.57087935245,departure,2954,9,1,10
3252.57087935245,service_start,2955,8,2,10
3252.7281475725977,arrival,2964,9,2,11
3254.2212685460177,departure,2955,9,1,10
3254.2212685460177,service_start,2956,8,2,10
3254.3002531129478,arrival,2965,9,2,11
3254.5180516120768,departure,2956,9,1,10
3254.5180516120768,service_start,2957,8,2,10
3254.82406030598,departure,2953,8,1,9
3254.82406030598,service_start,2958,7,2,9
3254.9522427050865,arrival,2966,8,2,10
3255.0279411065317,arrival,2967,9,2,11
3255.355926902523,departure,2958,9,1,10
3255.355926902523,service_start,2959,8,2,10
3256.0639512661505,arrival,2968,9,2,11
3257.345922630564,arrival,2969,10,2,12
3257.360970651632,arrival,2970,11,2,13
3258.2401108810545,arrival,2971,12,2,14
3258.8042680937106,departure,2959,12,1,13
3258.8042680937106,service_start,2960,11,2,13
3259.7038529256793,departure,2957,11,1,12
3259.7038529256793,service_start,2961,10,2,12
3259.950364232026,arrival,2972,11,2,13
3260.046418725367,arrival,2973,12,2,14
3260.8696472856072,arrival,2974,13,2,15
3261.496578611608,departure,2960,13,1,14
3261.496578611608,service_start,2962,12,2,14
3261.651801559064,departure,2961,12,1,13
3261.651801559064,service_start,2963,11,2,13
3263.703065949771,arrival,2975,12,2,14
3264.3768965993663,departure,2962,12,1,13
3264.3768965993663,service_start,2964,11,2,13
3265.086314905442,departure,2963,11,1,12
3265.086314905442,service_start,2965,10,2,12
3265.1592656923312,departure,2965,10,1,11
3265.1592656923312,service_start,2966,9,2,11
3265.316356069777,departure,2966,9,1,10
3265.316356069777,service_start,2967,8,2,10
3265.9022787629524,departure,2964,8,1,9
3265.9022787629524,service_start,2968,7,2,9
3267.2057714859784,arrival,2976,8,2,10
3267.4443016870073,departure,2968,8,1,9
3267.4443016870073,service_start,2969,7,2,9
3267.533952154619,departure,2967,7,1,8
3267.533952154619,service_start,2970,6,2,8
3267.98078874137,arrival,2977,7,2,9
3268.494402045104,arrival,2978,8,2,10
3268.602982750117,arrival,2979,9,2,11
3269.1978066716606,arrival,2980,10,2,12
3269.214473748081,departure,2970,10,1,11
3269.214473748081,service_start,2971,9,2,11
3269.513249929382,arrival,2981,10,2,12
3269.7077286913564,arrival,2982,11,2,13
3270.1301947657435,arrival,2983,12,2,14
3270.3288110760973,arrival,2984,13,2,15
3271.137815951763,arrival,2985,14,2,16
3272.527983384545,departure,2969,14,1,15
3272.527983384545,service_start,2972,13,2,15
3272.8936785890114,departure,2971,13,1,14
3272.8936785890114,service_start,2973,12,2,14
3273.0141251301916,departure,2973,12,1,13
3273.0141251301916,service_start,2974,11,2,13
3273.0870181970763,departure,2972,11,1,12
3273.0870181970763,service_start,2975,10,2,12
3274.4606287037495,departure,2974,10,1,11
3274.4606287037495,service_start,2976,9,2,11
3274.4741777560553,arrival,2986,10,2,12
3274.6308996849366,departure,2975,10,1,11
3274.6308996849366,service_start,2977,9,2,11
3274.85631044345,departure,2976,9,1,10
3274.85631044345,service_start,2978,8,2,10
3275.7853933305737,arrival,2987,9,2,11
3276.271115555763,arrival,2988,10,2,12
3276.4310792552933,arrival,2989,11,2,13
3276.887737167805,departure,2978,11,1,12
3276.887737167805,service_start,2979,10,2,12
3277.019054447191,arrival,2990,11,2,13
3277.0541250359515,departure,2977,11,1,12
3277.0541250359515,service_start,2980,10,2,12
3277.101785204674,arrival,2991,11,2,13
3277.539531460602,departure,2979,11,1,12
3277.539531460602,service_start,2981,10,2,12
3277.593452642758,departure,2981,10,1,11
3277.593452642758,service_start,2982,9,2,11
3277.6517742957158,departure,2982,9,1,10
3277.6517742957158,service_start,2983,8,2,10
3278.1473857706605,arrival,2992,9,2,11
3278.280010350403,departure,2983,9,1,10
3278.280010350403,service_start,2984,8,2,10
3278.4817781735687,departure,2980,8,1,9
3278.4817781735687,service_start,2985,7,2,9
3280.1593218199323,departure,2985,7,1,8
3280.1593218199323,service_start,2986,6,2,8
3282.8224975987982,arrival,2993,7,2,9
3283.4972755519743,departure,2986,7,1,8
3283.4972755519743,service_start,2987,6,2,8
3284.02841394303,departure,2987,6,1,7
3284.02841394303,service_start,2988,5,2,7
3284.0495622231265,arrival,2994,6,2,8
3284.103702070047,arrival,2995,7,2,9
3284.121433140016,departure,2988,7,1,8
3284.121433140016,service_start,2989,6,2,8
3285.060425985745,departure,2989,6,1,7
3285.060425985745,service_start,2990,5,2,7
3285.0611426858095,departure,2990,5,1,6
3285.0611426858095,service_start,2991,4,2,6
3285.1946116455288,arrival,2996,5,2,7
3285.3762651555353,departure,2991,5,1,6
3285.3762651555353,service_start,2992,4,2,6
3286.5179166621274,departure,2984,4,1,5
3286.5179166621274,service_start,2993,3,2,5
3287.444888691146,arrival,2997,4,2,6
3287.4679754155277,arrival,2998,5,2,7
3288.1088382561156,departure,2992,5,1,6
3288.1088382561156,service_start,2994,4,2,6
3288.196097736282,departure,2994,4,1,5
3288.196097736282,service_start,2995,3,2,5
3289.7820082707517,departure,2993,3,1,4
3289.7820082707517,service_start,2996,2,2,4
3291.194224379955,departure,2995,2,1,3
3291.194224379955,service_start,2997,1,2,3
3291.9812317449514,arrival,2999,2,2,4
3294.5014505048775,departure,2996,2,1,3
3294.5014505048775,service_start,2998,1,2,3
3294.6408996047244,departure,2998,1,1,2
3294.6408996047244,service_start,2999,0,2,2
3295.438286370129,departure,2999,0,1,1
3296.880754303097,arrival,3000,0,2,2
3296.880754303097,service_start,3000,0,2,2
3297.456342577804,arrival,3001,1,2,3
3298.1231510353914,departure,2997,1,1,2
3298.1231510353914,service_start,3001,0,2,2
3298.300829929486,departure,3001,0,1,1
3298.3348642855203,arrival,3002,0,2,2
3298.3348642855203,service_start,3002,0,2,2
3298.9114900609147,departure,3000,0,1,1
3299.177979422803,arrival,3003,0,2,2
3299.177979422803,service_start,3003,0,2,2
3299.920458975841,departure,3002,0,1,1
3299.93890708792,arrival,3004,0,2,2
3299.93890708792,service_start,3004,0,2,2
3300.1491271542804,arrival,3005,1,2,3
3300.593932176738,departure,3004,1,1,2
3300.593932176738,service_start,3005,0,2,2
3301.028071829854,departure,3003,0,1,1
3301.273306910154,arrival,3006,0,2,2
3301.273306910154,service_start,3006,0,2,2
3301.5727411442795,departure,3006,0,1,1
3302.625992340307,arrival,3007,0,2,2
3302.625992340307,service_start,3007,0,2,2
3303.10728435212,arrival,3008,1,2,3
3304.5836667119474,departure,3007,1,1,2
3304.5836667119474,service_start,3008,0,2,2
3304.742994306135,departure,3008,0,1,1
3305.7933040304683,arrival,3009,0,2,2
3305.7933040304683,service_start,3009,0,2,2
3305.827722667085,departure,3009,0,1,1
3306.567183584581,arrival,3010,0,2,2
3306.567183584581,service_start,3010,0,2,2
3306.5833489724146,arrival,3011,1,2,3
3306.9602503747456,arrival,3012,2,2,4
3308.4323390832715,arrival,3013,3,2,5
3309.3411275641233,departure,3010,3,1,4
3309.3411275641233,service_start,3011,2,2,4
3310.6433511018477,departure,3005,2,1,3
3310.6433511018477,service_start,3012,1,2,3
3310.733179674553,arrival,3014,2,2,4
3311.105528754734,departure,3011,2,1,3
3311.105528754734,service_start,3013,1,2,3
3312.355954157063,arrival,3015,2,2,4
3313.414331945121,departure,3012,2,1,3
3313.414331945121,service_start,3014,1,2,3
3313.747209412274,departure,3014,1,1,2
3313.747209412274,service_start,3015,0,2,2
3314.2142490932065,departure,3015,0,1,1
3314.6242589873355,arrival,3016,0,2,2
3314.6242589873355,service_start,3016,0,2,2
3314.859281056428,arrival,3017,1,2,3
3316.0990981960376,departure,3016,1,1,2
3316.0990981960376,service_start,3017,0,2,2
3316.4721405570453,arrival,3018,1,2,3
3317.244720266764,arrival,3019,2,2,4
3317.491573626709,arrival,3020,3,2,5
3317.790175241361,departure,3013,3,1,4
3317.790175241361,service_start,3018,2,2,4
3318.108471308284,departure,3017,2,1,3
3318.108471308284,service_start,3019,1,2,3
3319.138331950966,arrival,3021,2,2,4
3319.1426397801893,arrival,3022,3,2,5
3319.286054046934,departure,3019,3,1,4
3319.286054046934,service_start,3020,2,2,4
3319.304261464013,departure,3018,2,1,3
3319.304261464013,service_start,3021,1,2,3
3319.437668005917,departure,3021,1,1,2
3319.437668005917,service_start,3022,0,2,2
3319.6029029517354,arrival,3023,1,2,3
3320.683627990848,arrival,3024,2,2,4
3320.914834430944,departure,3022,2,1,3
3320.914834430944,service_start,3023,1,2,3
3320.966001566552,departure,3023,1,1,2
3320.966001566552,service_start,3024,0,2,2
3321.751257655962,departure,3024,0,1,1
3322.084095341328,arrival,3025,0,2,2
3322.084095341328,service_start,3025,0,2,2
3322.459761996081,departure,3020,0,1,1
3322.4971122022266,arrival,3026,0,2,2
3322.4971122022266,service_start,3026,0,2,2
3323.0127080290245,departure,3026,0,1,1
3323.419111338343,departure,3025,0,0,0
3324.0507674820165,arrival,3027,0,1,1
3324.0507674820165,service_start,3027,0,1,1
3324.8751026448754,arrival,3028,0,2,2
3324.8751026448754,service_start,3028,0,2,2
3325.5108718393926,arrival,3029,1,2,3
3325.862841794391,departure,3028,1,1,2
3325.862841794391,service_start,3029,0,2,2
3326.442302748026,departure,3027,0,1,1
3326.9913032946897,arrival,3030,0,2,2
3326.9913032946897,service_start,3030,0,2,2
3327.991602081337,departure,3030,0,1,1
3328.3630582191813,departure,3029,0,0,0
3329.51441355024,arrival,3031,0,1,1
3329.51441355024,service_start,3031,0,1,1
3330.1113130341632,departure,3031,0,0,0
3331.218167143055,arrival,3032,0,1,1
3331.218167143055,service_start,3032,0,1,1
3331.6095744694508,arrival,3033,0,2,2
3331.6095744694508,service_start,3033,0,2,2
3332.160285156094,arrival,3034,1,2,3
3332.2085182220785,departure,3032,1,1,2
3332.2085182220785,service_start,3034,0,2,2
3332.946289822322,departure,3033,0,1,1
3333.991804475632,departure,3034,0,0,0
3334.6326049743498,arrival,3035,0,1,1
3334.6326049743498,service_start,3035,0,1,1
3335.2815856746374,arrival,3036,0,2,2
3335.2815856746374,service_start,3036,0,2,2
3335.9495836805363,arrival,3037,1,2,3
3337.11018540546,arrival,3038,2,2,4
3337.477186952188,departure,3036,2,1,3
3337.477186952188,service_start,3037,1,2,3
3338.994948895122,departure,3035,1,1,2
3338.994948895122,service_start,3038,0,2,2
3339.44756181724,departure,3037,0,1,1
3340.0570168649233,arrival,3039,0,2,2
3340.0570168649233,service_start,3039,0,2,2
3340.885785829314,arrival,3040,1,2,3
3340.988438772242,departure,3039,1,1,2
3340.988438772242,service_start,3040,0,2,2
3341.755597180039,arrival,3041,1,2,3
3342.0157929228226,departure,3040,1,1,2
3342.0157929228226,service_start,3041,0,2,2
3343.0878274449874,departure,3041,0,1,1
3344.276529370446,departure,3038,0,0,0
3346.521303056514,arrival,3042,0,1,1
3346.521303056514,service_start,3042,0,1,1
3347.0951042983793,arrival,3043,0,2,2
3347.0951042983793,service_start,3043,0,2,2
3347.1672588152533,departure,3042,0,1,1
3347.2228473758505,arrival,3044,0,2,2
3347.2228473758505,service_start,3044,0,2,2
3347.456856612046,departure,3043,0,1,1
3347.8395984207664,arrival,3045,0,2,2
3347.8395984207664,service_start,3045,0,2,2
3347.9156115721407,departure,3045,0,1,1
3349.9334216782236,departure,3044,0,0,0
3353.074540544632,arrival,3046,0,1,1
3353.074540544632,service_start,3046,0,1,1
3353.16064979946,departure,3046,0,0,0
3353.208303538091,arrival,3047,0,1,1
3353.208303538091,service_start,3047,0,1,1
3353.431177216013,arrival,3048,0,2,2
3353.431177216013,service_start,3048,0,2,2
3353.5245231217,departure,3047,0,1,1
3353.8595503367287,departure,3048,0,0,0
3356.0583487893787,arrival,3049,0,1,1
3356.0583487893787,service_start,3049,0,1,1
3356.0794994947732,departure,3049,0,0,0
3356.286736662454,arrival,3050,0,1,1
3356.286736662454,service_start,3050,0,1,1
3356.8577553021664,arrival,3051,0,2,2
3356.8577553021664,service_start,3051,0,2,2
3356.9335815106388,arrival,3052,1,2,3
3357.5035992996714,arrival,3053,2,2,4
3359.163253196072,arrival,3054,3,2,5
3359.3395770827206,departure,3051,3,1,4
3359.3395770827206,service_start,3052,2,2,4
3359.850342219928,arrival,3055,3,2,5
3359.914911786855,arrival,3056,4,2,6
3359.9198049504644,arrival,3057,5,2,7
3360.1377049731773,departure,3050,5,1,6
3360.1377049731773,service_start,3053,4,2,6
3360.1394578359245,arrival,3058,5,2,7
3360.1927844448774,arrival,3059,6,2,8
3361.1094853741856,departure,3052,6,1,7
3361.1094853741856,service_start,3054,5,2,7
3362.366886660511,arrival,3060,6,2,8
3363.5360646021263,departure,3054,6,1,7
3363.5360646021263,service_start,3055,5,2,7
3363.672286271989,departure,3053,5,1,6
3363.672286271989,service_start,3056,4,2,6
3363.674809530038,departure,3056,4,1,5
3363.674809530038,service_start,3057,3,2,5
3363.964710393061,departure,3055,3,1,4
3363.964710393061,service_start,3058,2,2,4
3364.2289523497834,departure,3058,2,1,3
3364.2289523497834,service_start,3059,1,2,3
3364.8831591961703,arrival,3061,2,2,4
3365.5270037436703,departure,3059,2,1,3
3365.5270037436703,service_start,3060,1,2,3
3367.5714745620903,arrival,3062,2,2,4
3367.610684865596,arrival,3063,3,2,5
3367.759639638472,departure,3060,3,1,4
3367.759639638472,service_start,3061,2,2,4
3368.2397156567267,departure,3057,2,1,3
3368.2397156567267,service_start,3062,1,2,3
3369.0275314053088,arrival,3064,2,2,4
3369.420675274189,departure,3062,2,1,3
3369.420675274189,service_start,3063,1,2,3
3369.9575128641673,departure,3063,1,1,2
3369.9575128641673,service_start,3064,0,2,2
3370.261500548279,arrival,3065,1,2,3
3370.4059958108346,arrival,3066,2,2,4
3370.538398541738,arrival,3067,3,2,5
3371.0825565380082,departure,3061,3,1,4
3371.0825565380082,service_start,3065,2,2,4
3372.088060773429,arrival,3068,3,2,5
3372.1180687681326,departure,3064,3,1,4
3372.1180687681326,service_start,3066,2,2,4
3372.1220718964078,arrival,3069,3,2,5
3372.652563839611,departure,3065,3,1,4
3372.652563839611,service_start,3067,2,2,4
3372.6742841788287,arrival,3070,3,2,5
3373.220371864497,arrival,3071,4,2,6
3373.4853353935755,arrival,3072,5,2,7
3373.558946205112,arrival,3073,6,2,8
3373.6134914878858,arrival,3074,7,2,9
3373.6351408774594,departure,3067,7,1,8
3373.6351408774594,service_start,3068,6,2,8
3374.025310541889,departure,3066,6,1,7
3374.025310541889,service_start,3069,5,2,7
3374.0371813165534,departure,3069,5,1,6
3374.0371813165534,service_start,3070,4,2,6
3375.0858596558787,arrival,3075,5,2,7
3375.1858260139447,arrival,3076,6,2,8
3375.2448795963087,arrival,3077,7,2,9
3376.512349638953,departure,3068,7,1,8
3376.512349638953,service_start,3071,6,2,8
3376.581251024344,departure,3070,6,1,7
3376.581251024344,service_start,3072,5,2,7
3376.9793136397375,arrival,3078,6,2,8
3377.5495321130156,departure,3071,6,1,7
3377.5495321130156,service_start,3073,5,2,7
3377.993213153108,departure,3073,5,1,6
3377.993213153108,service_start,3074,4,2,6
3378.1439232943185,arrival,3079,5,2,7
3379.2906962922366,departure,3074,5,1,6
3379.2906962922366,service_start,3075,4,2,6
3380.4481930173547,departure,3072,4,1,5
3380.4481930173547,service_start,3076,3,2,5
3380.9750973306172,departure,3075,3,1,4
3380.9750973306172,service_start,3077,2,2,4
3381.9908304157825,arrival,3080,3,2,5
3382.035437615574,arrival,3081,4,2,6
3382.35052667056,departure,3077,4,1,5
3382.35052667056,service_start,3078,3,2,5
3383.2148782091635,arrival,3082,4,2,6
3384.3905418154272,departure,3078,4,1,5
3384.3905418154272,service_start,3079,3,2,5
3384.8975099649397,departure,3079,3,1,4
3384.8975099649397,service_start,3080,2,2,4
3385.0193118645398,arrival,3083,3,2,5
3385.4353671284266,arrival,3084,4,2,6
3385.5357270162094,arrival,3085,5,2,7
3385.8408771675504,departure,3080,5,1,6
3385.8408771675504,service_start,3081,4,2,6
3385.9131602672846,departure,3081,4,1,5
3385.9131602672846,service_start,3082,3,2,5
3386.2746373086675,departure,3076,3,1,4
3386.2746373086675,service_start,3083,2,2,4
3386.280499217269,departure,3083,2,1,3
3386.280499217269,service_start,3084,1,2,3
3389.038804188894,departure,3082,1,1,2
3389.038804188894,service_start,3085,0,2,2
3389.2890579524337,departure,3084,0,1,1
3389.293188988712,arrival,3086,0,2,2
3389.293188988712,service_start,3086,0,2,2
3389.6737975460637,arrival,3087,1,2,3
3390.327779157388,departure,3085,1,1,2
3390.327779157388,service_start,3087,0,2,2
3390.53695092919,departure,3086,0,1,1
3390.8930846397557,arrival,3088,0,2,2
3390.8930846397557,service_start,3088,0,2,2
3391.3875564141304,departure,3087,0,1,1
3391.5932151526954,arrival,3089,0,2,2
3391.5932151526954,service_start,3089,0,2,2
3393.275315574748,departure,3089,0,1,1
3393.9618426070924,arrival,3090,0,2,2
3393.9618426070924,service_start,3090,0,2,2
3394.018619064431,departure,3088,0,1,1
3394.925899643311,departure,3090,0,0,0
3394.9355268664967,arrival,3091,0,1,1
3394.9355268664967,service_start,3091,0,1,1
3395.7341493298245,departure,3091,0,0,0
3396.3119394663418,arrival,3092,0,1,1
3396.3119394663418,service_start,3092,0,1,1
3396.494834295009,arrival,3093,0,2,2
3396.494834295009,service_start,3093,0,2,2
3396.7884113133864,departure,3092,0,1,1
3397.3346575701403,arrival,3094,0,2,2
3397.3346575701403,service_start,3094,0,2,2
3399.030544414041,arrival,3095,1,2,3
3399.664468886775,departure,3093,1,1,2
3399.664468886775,service_start,3095,0,2,2
3400.329970544477,departure,3095,0,1,1
3401.1432867504113,arrival,3096,0,2,2
3401.1432867504113,service_start,3096,0,2,2
3401.3587571585967,departure,3096,0,1,1
3401.5080217709456,departure,3094,0,0,0
3402.3195951189123,arrival,3097,0,1,1
3402.3195951189123,service_start,3097,0,1,1
3403.364385407207,arrival,3098,0,2,2
3403.364385407207,service_start,3098,0,2,2
3403.7022546556364,departure,3098,0,1,1
3404.0889106695295,arrival,3099,0,2,2
3404.0889106695295,service_start,3099,0,2,2
3404.2815749346946,departure,3099,0,1,1
3404.519313570449,departure,3097,0,0,0
3405.9883948354554,arrival,3100,0,1,1
3405.9883948354554,service_start,3100,0,1,1
3408.705353231349,arrival,3101,0,2,2
3408.705353231349,service_start,3101,0,2,2
3408.7260550783126,departure,3101,0,1,1
3409.5217096139295,departure,3100,0,0,0
3409.7159671552026,arrival,3102,0,1,1
3409.7159671552026,service_start,3102,0,1,1
3409.773189769941,departure,3102,0,0,0
3411.8729571577323,arrival,3103,0,1,1
3411.8729571577323,service_start,3103,0,1,1
3411.907212213593,arrival,3104,0,2,2
3411.907212213593,service_start,3104,0,2,2
3412.6911813957367,arrival,3105,1,2,3
3413.6668618208323,departure,3103,1,1,2
3413.6668618208323,service_start,3105,0,2,2
3414.119619353056,arrival,3106,1,2,3
3414.232725136829,departure,3105,1,1,2
3414.232725136829,service_start,3106,0,2,2
3414.4469507502777,departure,3104,0,1,1
3415.213336915363,arrival,3107,0,2,2
3415.213336915363,service_start,3107,0,2,2
3416.6537897773264,departure,3106,0,1,1
3417.1273660947472,arrival,3108,0,2,2
3417.1273660947472,service_start,3108,0,2,2
3417.340508858638,departure,3107,0,1,1
3417.69064499036,departure,3108,0,0,0
3417.9551769460954,arrival,3109,0,1,1
3417.9551769460954,service_start,3109,0,1,1
3419.270781723146,arrival,3110,0,2,2
3419.270781723146,service_start,3110,0,2,2
3419.5280226038985,departure,3110,0,1,1
3419.7615962040927,departure,3109,0,0,0
3420.0572959272617,arrival,3111,0,1,1
3420.0572959272617,service_start,3111,0,1,1
3420.3756617655217,arrival,3112,0,2,2
3420.3756617655217,service_start,3112,0,2,2
3422.2197854923866,departure,3111,0,1,1
3422.9219439102994,arrival,3113,0,2,2
3422.9219439102994,service_start,3113,0,2,2
3423.1578189109723,arrival,3114,1,2,3
3423.3158505979573,departure,3112,1,1,2
3423.3158505979573,service_start,3114,0,2,2
3424.720509954385,departure,3114,0,1,1
3425.3787842463594,departure,3113,0,0,0
3425.660256594573,arrival,3115,0,1,1
3425.660256594573,service_start,3115,0,1,1
3426.5589380803735,departure,3115,0,0,0
3428.0193133843877,arrival,3116,0,1,1
3428.0193133843877,service_start,3116,0,1,1
3430.244381643793,departure,3116,0,0,0
3435.1143560935966,arrival,3117,0,1,1
3435.1143560935966,service_start,3117,0,1,1
3435.328810609058,arrival,3118,0,2,2
3435.328810609058,service_start,3118,0,2,2
3435.4193843241987,departure,3118,0,1,1
3436.0330280479634,departure,3117,0,0,0
3436.697627196182,arrival,3119,0,1,1
3436.697627196182,service_start,3119,0,1,1
3437.4831736908736,departure,3119,0,0,0
3437.8691668911288,arrival,3120,0,1,1
3437.8691668911288,service_start,3120,0,1,1
3438.0990436679094,arrival,3121,0,2,2
3438.0990436679094,service_start,3121,0,2,2
3439.1215402730923,arrival,3122,1,2,3
3439.5578763429753,arrival,3123,2,2,4
3439.8549785579467,departure,3120,2,1,3
3439.8549785579467,service_start,3122,1,2,3
3440.0462548180026,arrival,3124,2,2,4
3440.104567887811,departure,3121,2,1,3
3440.104567887811,service_start,3123,1,2,3
3440.2811061023453,departure,3123,1,1,2
3440.2811061023453,service_start,3124,0,2,2
3440.3312344993683,departure,3124,0,1,1
3440.607494802929,departure,3122,0,0,0
3440.967199540925,arrival,3125,0,1,1
3440.967199540925,service_start,3125,0,1,1
3442.1763687732387,departure,3125,0,0,0
3442.8251928124155,arrival,3126,0,1,1
3442.8251928124155,service_start,3126,0,1,1
3442.8785686719298,arrival,3127,0,2,2
3442.8785686719298,service_start,3127,0,2,2
3443.013700848145,arrival,3128,1,2,3
3443.255061398529,departure,3126,1,1,2
3443.255061398529,service_start,3128,0,2,2
3443.4071380669748,arrival,3129,1,2,3
3443.7765150729147,departure,3128,1,1,2
3443.7765150729147,service_start,3129,0,2,2
3444.1606867957066,arrival,3130,1,2,3
3444.1701680054434,arrival,3131,2,2,4
3444.2013996015617,departure,3127,2,1,3
3444.2013996015617,service_start,3130,1,2,3
3444.216581641616,arrival,3132,2,2,4
3445.0926493542042,arrival,3133,3,2,5
3446.3277768921594,arrival,3134,4,2,6
3447.369959160994,arrival,3135,5,2,7
3447.443402721096,departure,3130,5,1,6
3447.443402721096,service_start,3131,4,2,6
3447.633989710541,arrival,3136,5,2,7
3451.6615817272645,departure,3129,5,1,6
3451.6615817272645,service_start,3132,4,2,6
3451.6924893826017,departure,3132,4,1,5
3451.6924893826017,service_start,3133,3,2,5
3451.7654410844693,arrival,3137,4,2,6
3451.779813874068,departure,3133,4,1,5
3451.779813874068,service_start,3134,3,2,5
3452.8834211912244,arrival,3138,4,2,6
3453.0990853071175,departure,3134,4,1,5
3453.0990853071175,service_start,3135,3,2,5
3453.4348621890704,departure,3131,3,1,4
3453.4348621890704,service_start,3136,2,2,4
3454.823259147912,departure,3136,2,1,3
3454.823259147912,service_start,3137,1,2,3
3454.8520223202754,departure,3137,1,1,2
3454.8520223202754,service_start,3138,0,2,2
3454.9484556170687,departure,3138,0,1,1
3456.658013393987,arrival,3139,0,2,2
3456.658013393987,service_start,3139,0,2,2
3456.7253644834923,arrival,3140,1,2,3
3457.0000557997023,arrival,3141,2,2,4
3457.3691230820777,departure,3139,2,1,3
3457.3691230820777,service_start,3140,1,2,3
3458.3202719466153,arrival,3142,2,2,4
3458.3843053689543,arrival,3143,3,2,5
3458.922565832804,departure,3140,3,1,4
3458.922565832804,service_start,3141,2,2,4
3461.5009319985556,arrival,3144,3,2,5
3461.760640633528,arrival,3145,4,2,6
3462.090837915694,arrival,3146,5,2,7
3463.3102253428865,arrival,3147,6,2,8
3463.8452581866786,arrival,3148,7,2,9
3464.2195931716687,departure,3141,7,1,8
3464.2195931716687,service_start,3142,6,2,8
3464.3748628255435,departure,3142,6,1,7
3464.3748628255435,service_start,3143,5,2,7
3465.5566908023875,departure,3143,5,1,6
3465.5566908023875,service_start,3144,4,2,6
3466.9250637372566,departure,3135,4,1,5
3466.9250637372566,service_start,3145,3,2,5
3467.320711979874,arrival,3149,4,2,6
3467.4531344701786,departure,3145,4,1,5
3467.4531344701786,service_start,3146,3,2,5
3467.472543416512,departure,3146,3,1,4
3467.472543416512,service_start,3147,2,2,4
3468.1859670222043,departure,3147,2,1,3
3468.1859670222043,service_start,3148,1,2,3
3468.441021362656,departure,3144,1,1,2
3468.441021362656,service_start,3149,0,2,2
3468.501040689124,arrival,3150,1,2,3
3468.682572914208,departure,3148,1,1,2
3468.682572914208,service_start,3150,0,2,2
3469.155308668721,arrival,3151,1,2,3
3469.3873672201485,arrival,3152,2,2,4
3469.996444592373,departure,3149,2,1,3
3469.996444592373,service_start,3151,1,2,3
3470.064792343279,arrival,3153,2,2,4
3470.2262888773344,arrival,3154,3,2,5
3470.3606934022896,departure,3151,3,1,4
3470.3606934022896,service_start,3152,2,2,4
3470.5334653259383,departure,3152,2,1,3
3470.5334653259383,service_start,3153,1,2,3
3471.776675963132,departure,3150,1,1,2
3471.776675963132,service_start,3154,0,2,2
3471.7928042644844,departure,3153,0,1,1
3472.2993632292346,arrival,3155,0,2,2
3472.2993632292346,service_start,3155,0,2,2
3472.972621788833,departure,3154,0,1,1
3475.055846154311,departure,3155,0,0,0
3477.113855545971,arrival,3156,0,1,1
3477.113855545971,service_start,3156,0,1,1
3478.986613984448,departure,3156,0,0,0
3480.0990034590423,arrival,3157,0,1,1
3480.0990034590423,service_start,3157,0,1,1
3480.5083266051433,arrival,3158,0,2,2
3480.5083266051433,service_start,3158,0,2,2
3482.0500016976343,departure,3157,0,1,1
3482.923657530659,arrival,3159,0,2,2
3482.923657530659,service_start,3159,0,2,2
3483.424917029804,arrival,3160,1,2,3
3483.6520012371834,arrival,3161,2,2,4
3484.2628459649295,departure,3158,2,1,3
3484.2628459649295,service_start,3160,1,2,3
3485.0564491265277,departure,3159,1,1,2
3485.0564491265277,service_start,3161,0,2,2
3485.3364766457516,departure,3161,0,1,1
3486.5699862086285,arrival,3162,0,2,2
3486.5699862086285,service_start,3162,0,2,2
3487.2339824641,departure,3162,0,1,1
3488.9317714706194,departure,3160,0,0,0
3489.921377146914,arrival,3163,0,1,1
3489.921377146914,service_start,3163,0,1,1
3491.268937601805,departure,3163,0,0,0
3496.6894647411477,arrival,3164,0,1,1
3496.6894647411477,service_start,3164,0,1,1
3496.8361303960705,departure,3164,0,0,0
3496.9588778999137,arrival,3165,0,1,1
3496.9588778999137,service_start,3165,0,1,1
3497.004563879053,arrival,3166,0,2,2
3497.004563879053,service_start,3166,0,2,2
3497.1582341892895,departure,3165,0,1,1
3497.513017625372,arrival,3167,0,2,2
3497.513017625372,service_start,3167,0,2,2
3497.702518044767,arrival,3168,1,2,3
3497.732466239662,departure,3166,1,1,2
3497.732466239662,service_start,3168,0,2,2
3497.9688163737833,arrival,3169,1,2,3
3498.201640505166,departure,3167,1,1,2
3498.201640505166,service_start,3169,0,2,2
3498.2383472565975,departure,3169,0,1,1
3498.5265522464438,departure,3168,0,0,0
3500.429503726686,arrival,3170,0,1,1
3500.429503726686,service_start,3170,0,1,1
3501.210407724032,departure,3170,0,0,0
3501.87266675896,arrival,3171,0,1,1
3501.87266675896,service_start,3171,0,1,1
3502.5590447781665,departure,3171,0,0,0
3502.649475386338,arrival,3172,0,1,1
3502.649475386338,service_start,3172,0,1,1
3504.967272982725,arrival,3173,0,2,2
3504.967272982725,service_start,3173,0,2,2
3505.3673729120155,departure,3172,0,1,1
3505.3965168903196,arrival,3174,0,2,2
3505.3965168903196,service_start,3174,0,2,2
3505.6272936215964,arrival,3175,1,2,3
3505.7294814511065,arrival,3176,2,2,4
3505.8318586290275,departure,3173,2,1,3
3505.8318586290275,service_start,3175,1,2,3
3506.1707257375792,departure,3175,1,1,2
3506.1707257375792,service_start,3176,0,2,2
3506.52096909035,departure,3176,0,1,1
3506.725376052362,departure,3174,0,0,0
3507.5191418857385,arrival,3177,0,1,1
3507.5191418857385,service_start,3177,0,1,1
3507.5925217842932,departure,3177,0,0,0
3509.2113235942065,arrival,3178,0,1,1
3509.2113235942065,service_start,3178,0,1,1
3510.0016679322393,arrival,3179,0,2,2
3510.0016679322393,service_start,3179,0,2,2
3510.0646506427124,departure,3178,0,1,1
3510.456520575411,arrival,3180,0,2,2
3510.456520575411,service_start,3180,0,2,2
3510.6784387118446,departure,3179,0,1,1
3511.7165909831215,arrival,3181,0,2,2
3511.7165909831215,service_start,3181,0,2,2
3512.1968823102197,arrival,3182,1,2,3
3513.7208952612837,departure,3180,1,1,2
3513.7208952612837,service_start,3182,0,2,2
3513.944915121889,departure,3182,0,1,1
3514.277868458661,departure,3181,0,0,0
3516.6070113730634,arrival,3183,0,1,1
3516.6070113730634,service_start,3183,0,1,1
3516.8907288002133,arrival,3184,0,2,2
3516.8907288002133,service_start,3184,0,2,2
3517.207211449036,departure,3183,0,1,1
3517.467238465405,departure,3184,0,0,0
3518.1054107580726,arrival,3185,0,1,1
3518.1054107580726,service_start,3185,0,1,1
3518.5763910085584,departure,3185,0,0,0
3520.624485464261,arrival,3186,0,1,1
3520.624485464261,service_start,3186,0,1,1
3520.9818879449017,departure,3186,0,0,0
3523.437242996278,arrival,3187,0,1,1
3523.437242996278,service_start,3187,0,1,1
3523.519980128504,arrival,3188,0,2,2
3523.519980128504,service_start,3188,0,2,2
3524.148302286676,arrival,3189,1,2,3
3525.061317982247,arrival,3190,2,2,4
3525.6795613008785,departure,3187,2,1,3
3525.6795613008785,service_start,3189,1,2,3
3526.353886118523,arrival,3191,2,2,4
3526.686828881843,arrival,3192,3,2,5
3527.528496367293,arrival,3193,4,2,6
3529.23837910385,departure,3188,4,1,5
3529.23837910385,service_start,3190,3,2,5
3529.7486322763207,departure,3190,3,1,4
3529.7486322763207,service_start,3191,2,2,4
3530.004095305952,departure,3191,2,1,3
3530.004095305952,service_start,3192,1,2,3
3530.22739619351,arrival,3194,2,2,4
3530.253071926319,arrival,3195,3,2,5
3530.4295135285624,departure,3192,3,1,4
3530.4295135285624,service_start,3193,2,2,4
3531.0925964669927,departure,3193,2,1,3
3531.0925964669927,service_start,3194,1,2,3
3531.7909537610826,arrival,3196,2,2,4
3532.2359274062273,arrival,3197,3,2,5
3533.271553150883,arrival,3198,4,2,6
3534.462759742144,arrival,3199,5,2,7
3534.881697677383,departure,3189,5,1,6
3534.881697677383,service_start,3195,4,2,6
3534.953200292854,arrival,3200,5,2,7
3535.4901073654205,departure,3194,5,1,6
3535.4901073654205,service_start,3196,4,2,6
3535.644612635732,departure,3196,4,1,5
3535.644612635732,service_start,3197,3,2,5
3535.9341796803433,departure,3197,3,1,4
3535.9341796803433,service_start,3198,2,2,4
3536.444054003937,departure,3195,2,1,3
3536.444054003937,service_start,3199,1,2,3
3536.490418275355,departure,3199,1,1,2
3536.490418275355,service_start,3200,0,2,2
3536.6133749273663,departure,3198,0,1,1
3537.2257175811524,departure,3200,0,0,0
3538.122382446097,arrival,3201,0,1,1
3538.122382446097,service_start,3201,0,1,1
3538.282397510071,departure,3201,0,0,0
3538.6571664371695,arrival,3202,0,1,1
3538.6571664371695,service_start,3202,0,1,1
3539.706124139064,arrival,3203,0,2,2
3539.706124139064,service_start,3203,0,2,2
3540.3184526329933,departure,3202,0,1,1
3540.3991661363993,departure,3203,0,0,0
3540.850757543524,arrival,3204,0,1,1
3540.850757543524,service_start,3204,0,1,1
3541.99379964001,departure,3204,0,0,0
3542.1695632729516,arrival,3205,0,1,1
3542.1695632729516,service_start,3205,0,1,1
3543.255890881269,departure,3205,0,0,0
3543.984247639958,arrival,3206,0,1,1
3543.984247639958,service_start,3206,0,1,1
3544.349104208505,departure,3206,0,0,0
3544.65650972989,arrival,3207,0,1,1
3544.65650972989,service_start,3207,0,1,1
3544.83238023482,arrival,3208,0,2,2
3544.83238023482,service_start,3208,0,2,2
3544.837056147516,arrival,3209,1,2,3
3545.065883047828,arrival,3210,2,2,4
3545.147266597505,departure,3207,2,1,3
3545.147266597505,service_start,3209,1,2,3
3545.6560970737364,arrival,3211,2,2,4
3546.102111015381,departure,3209,2,1,3
3546.102111015381,service_start,3210,1,2,3
3547.266927949585,departure,3208,1,1,2
3547.266927949585,service_start,3211,0,2,2
3547.4798340258403,departure,3211,0,1,1
3547.8944780474917,departure,3210,0,0,0
3548.364890441256,arrival,3212,0,1,1
3548.364890441256,service_start,3212,0,1,1
3548.4872405567403,departure,3212,0,0,0
3548.5625366749127,arrival,3213,0,1,1
3548.5625366749127,service_start,3213,0,1,1
3549.02242468781,arrival,3214,0,2,2
3549.02242468781,service_start,3214,0,2,2
3549.254235791353,departure,3214,0,1,1
3549.6278192112854,departure,3213,0,0,0
3553.5864586784674,arrival,3215,0,1,1
3553.5864586784674,service_start,3215,0,1,1
3553.5898699298014,departure,3215,0,0,0
3554.704299598186,arrival,3216,0,1,1
3554.704299598186,service_start,3216,0,1,1
3555.457975298248,arrival,3217,0,2,2
3555.457975298248,service_start,3217,0,2,2
3555.611999849426,arrival,3218,1,2,3
3555.685123663822,arrival,3219,2,2,4
3555.9508252257947,arrival,3220,3,2,5
3556.198299261559,departure,3217,3,1,4
3556.198299261559,service_start,3218,2,2,4
3556.6645695514467,arrival,3221,3,2,5
3558.096138527788,departure,3218,3,1,4
3558.096138527788,service_start,3219,2,2,4
3558.354699191671,departure,3219,2,1,3
3558.354699191671,service_start,3220,1,2,3
3558.7750133041127,arrival,3222,2,2,4
3559.492446721111,arrival,3223,3,2,5
3559.8313791569894,arrival,3224,4,2,6
3560.1524221561717,departure,3220,4,1,5
3560.1524221561717,service_start,3221,3,2,5
3560.3366808134497,departure,3221,3,1,4
3560.3366808134497,service_start,3222,2,2,4
3560.7223343938062,arrival,3225,3,2,5
3561.7272402344333,departure,3222,3,1,4
3561.7272402344333,service_start,3223,2,2,4
3562.268397461282,departure,3216,2,1,3
3562.268397461282,service_start,3224,1,2,3
3562.269573068229,arrival,3226,2,2,4
3563.2395080902647,arrival,3227,3,2,5
3563.2962395247455,arrival,3228,4,2,6
3564.0144016765744,arrival,3229,5,2,7
3564.0149710200853,arrival,3230,6,2,8
3564.8941522982236,arrival,3231,7,2,9
3565.8865091328094,arrival,3232,8,2,10
3566.0524468510307,departure,3224,8,1,9
3566.0524468510307,service_start,3225,7,2,9
3566.1650346372053,departure,3225,7,1,8
3566.1650346372053,service_start,3226,6,2,8
3566.2713041826323,departure,3223,6,1,7
3566.2713041826323,service_start,3227,5,2,7
3567.3851443714107,departure,3226,5,1,6
3567.3851443714107,service_start,3228,4,2,6
3568.01527133168,departure,3227,4,1,5
3568.01527133168,service_start,3229,3,2,5
3568.315493954481,departure,3228,3,1,4
3568.315493954481,service_start,3230,2,2,4
3569.3124133604947,departure,3229,2,1,3
3569.3124133604947,service_start,3231,1,2,3
3569.3833005562533,departure,3230,1,1,2
3569.3833005562533,service_start,3232,0,2,2
3570.0913723948147,arrival,3233,1,2,3
3570.668331511162,departure,3231,1,1,2
3570.668331511162,service_start,3233,0,2,2
3570.996894889066,departure,3232,0,1,1
3571.0210601695585,arrival,3234,0,2,2
3571.0210601695585,service_start,3234,0,2,2
3571.302565731717,arrival,3235,1,2,3
3571.825844292312,departure,3233,1,1,2
3571.825844292312,service_start,3235,0,2,2
3572.0471407041564,arrival,3236,1,2,3
3572.467246238911,arrival,3237,2,2,4
3573.081586022821,departure,3234,2,1,3
3573.081586022821,service_start,3236,1,2,3
3573.394987177546,arrival,3238,2,2,4
3573.472676926992,departure,3236,2,1,3
3573.472676926992,service_start,3237,1,2,3
3574.104573383977,departure,3235,1,1,2
3574.104573383977,service_start,3238,0,2,2
3575.062407178364,departure,3238,0,1,1
3575.076974106532,departure,3237,0,0,0
3575.981452600028,arrival,3239,0,1,1
3575.981452600028,service_start,3239,0,1,1
3577.75826288058,arrival,3240,0,2,2
3577.75826288058,service_start,3240,0,2,2
3579.3551664638376,departure,3239,0,1,1
3579.3962765226997,arrival,3241,0,2,2
3579.3962765226997,service_start,3241,0,2,2
3580.2761238943685,departure,3241,0,1,1
3581.070433932298,arrival,3242,0,2,2
3581.070433932298,service_start,3242,0,2,2
3581.2549098260906,arrival,3243,1,2,3
3582.6896045883914,arrival,3244,2,2,4
3582.805109099104,departure,3240,2,1,3
3582.805109099104,service_start,3243,1,2,3
3583.604834037153,departure,3242,1,1,2
3583.604834037153,service_start,3244,0,2,2
3583.750124598702,arrival,3245,1,2,3
3584.0578530975804,departure,3244,1,1,2
3584.0578530975804,service_start,3245,0,2,2
3584.9901461490745,departure,3245,0,1,1
3585.2955019607252,departure,3243,0,0,0
3585.8175889296067,arrival,3246,0,1,1
3585.8175889296067,service_start,3246,0,1,1
3586.0294154768885,arrival,3247,0,2,2
3586.0294154768885,service_start,3247,0,2,2
3586.3069078605245,arrival,3248,1,2,3
3587.533979578023,departure,3246,1,1,2
3587.533979578023,service_start,3248,0,2,2
3588.1646951913876,arrival,3249,1,2,3
3588.4576211036556,arrival,3250,2,2,4
3588.602352469101,departure,3247,2,1,3
3588.602352469101,service_start,3249,1,2,3
3589.917135649982,departure,3249,1,1,2
3589.917135649982,service_start,3250,0,2,2
3591.9554343197224,arrival,3251,1,2,3
3592.0953463938013,departure,3250,1,1,2
3592.0953463938013,service_start,3251,0,2,2
3593.0040129571203,departure,3248,0,1,1
3594.3576890952845,arrival,3252,0,2,2
3594.3576890952845,service_start,3252,0,2,2
3594.85330938813,departure,3251,0,1,1
3595.192383765118,departure,3252,0,0,0
3595.5895954522807,arrival,3253,0,1,1
3595.5895954522807,service_start,3253,0,1,1
3596.3753096356477,departure,3253,0,0,0
3597.085939644766,arrival,3254,0,1,1
3597.085939644766,service_start,3254,0,1,1
3597.264946714558,departure,3254,0,0,0
3599.0706933838746,arrival,3255,0,1,1
3599.0706933838746,service_start,3255,0,1,1
3600.2250779880846,departure,3255,0,0,0
3602.4043642223805,arrival,3256,0,1,1
3602.4043642223805,service_start,3256,0,1,1
3602.499778857109,arrival,3257,0,2,2
3602.499778857109,service_start,3257,0,2,2
3603.193044314362,departure,3256,0,1,1
3603.4795489068683,departure,3257,0,0,0
3604.4100981079596,arrival,3258,0,1,1
3604.4100981079596,service_start,3258,0,1,1
3605.607774361971,arrival,3259,0,2,2
3605.607774361971,service_start,3259,0,2,2
3607.526185363145,arrival,3260,1,2,3
3607.983136725255,arrival,3261,2,2,4
3608.039513475415,departure,3258,2,1,3
3608.039513475415,service_start,3260,1,2,3
3608.134527006259,departure,3259,1,1,2
3608.134527006259,service_start,3261,0,2,2
3608.251853253028,arrival,3262,1,2,3
3608.934890638063,arrival,3263,2,2,4
3609.6312236149324,departure,3261,2,1,3
3609.6312236149324,service_start,3262,1,2,3
3611.0626094931945,arrival,3264,2,2,4
3611.1207696653655,departure,3260,2,1,3
3611.1207696653655,service_start,3263,1,2,3
3611.1521845578113,arrival,3265,2,2,4
3611.2157209513134,arrival,3266,3,2,5
3611.612296211183,arrival,3267,4,2,6
3611.915514211919,departure,3262,4,1,5
3611.915514211919,service_start,3264,3,2,5
3612.197314809747,arrival,3268,4,2,6
3612.4334504190674,arrival,3269,5,2,7
3612.7535667207735,arrival,3270,6,2,8
3613.682231934715,departure,3264,6,1,7
3613.682231934715,service_start,3265,5,2,7
3613.704437769933,departure,3265,5,1,6
3613.704437769933,service_start,3266,4,2,6
3615.073409677573,arrival,3271,5,2,7
3615.5339857755243,departure,3263,5,1,6
3615.5339857755243,service_start,3267,4,2,6
3616.1817455604405,departure,3267,4,1,5
3616.1817455604405,service_start,3268,3,2,5
3617.112447857389,departure,3268,3,1,4
3617.112447857389,service_start,3269,2,2,4
3617.939885529723,departure,3269,2,1,3
3617.939885529723,service_start,3270,1,2,3
3618.424061406502,departure,3266,1,1,2
3618.424061406502,service_start,3271,0,2,2
3618.4697383586567,arrival,3272,1,2,3
3618.914629767929,arrival,3273,2,2,4
3619.7393663545304,arrival,3274,3,2,5
3620.6369382941107,departure,3270,3,1,4
3620.6369382941107,service_start,3272,2,2,4
3621.085660756193,arrival,3275,3,2,5
3621.1956835773626,departure,3271,3,1,4
3621.1956835773626,service_start,3273,2,2,4
3621.592065460601,departure,3273,2,1,3
3621.592065460601,service_start,3274,1,2,3
3623.07847422477,arrival,3276,2,2,4
3623.151291774004,departure,3272,2,1,3
3623.151291774004,service_start,3275,1,2,3
3624.326958333412,arrival,3277,2,2,4
3625.829914008166,departure,3275,2,1,3
3625.829914008166,service_start,3276,1,2,3
3625.9360964856915,departure,3276,1,1,2
3625.9360964856915,service_start,3277,0,2,2
3628.956480550251,departure,3277,0,1,1
3631.4551183071744,arrival,3278,0,2,2
3631.4551183071744,service_start,3278,0,2,2
3631.6556909321944,departure,3278,0,1,1
3632.241840160024,arrival,3279,0,2,2
3632.241840160024,service_start,3279,0,2,2
3633.222273180208,arrival,3280,1,2,3
3633.8529562987546,departure,3279,1,1,2
3633.8529562987546,service_start,3280,0,2,2
3634.7830349960363,arrival,3281,1,2,3
3635.467185701454,arrival,3282,2,2,4
3636.2415952156052,arrival,3283,3,2,5
3636.7011373094583,departure,3280,3,1,4
3636.7011373094583,service_start,3281,2,2,4
3636.871929548809,arrival,3284,3,2,5
3636.952116913758,arrival,3285,4,2,6
3637.772503725923,departure,3281,4,1,5
3637.772503725923,service_start,3282,3,2,5
3638.4337236215815,departure,3282,3,1,4
3638.4337236215815,service_start,3283,2,2,4
3638.6968551473938,arrival,3286,3,2,5
3638.701124822968,arrival,3287,4,2,6
3638.9552326301437,departure,3283,4,1,5
3638.9552326301437,service_start,3284,3,2,5
3639.383249782428,arrival,3288,4,2,6
3640.553375406019,arrival,3289,5,2,7
3641.4235176546595,arrival,3290,6,2,8
3641.474520316013,departure,3284,6,1,7
3641.474520316013,service_start,3285,5,2,7
3641.6208383603816,departure,3274,5,1,6
3641.6208383603816,service_start,3286,4,2,6
3642.5111956926075,arrival,3291,5,2,7
3642.627311865003,departure,3286,5,1,6
3642.627311865003,service_start,3287,4,2,6
3643.259869832254,departure,3287,4,1,5
3643.259869832254,service_start,3288,3,2,5
3643.6747532732015,departure,3285,3,1,4
3643.6747532732015,service_start,3289,2,2,4
3643.8036979152957,departure,3289,2,1,3
3643.8036979152957,service_start,3290,1,2,3
3644.0375173275033,departure,3288,1,1,2
3644.0375173275033,service_start,3291,0,2,2
3644.3734385918656,arrival,3292,1,2,3
3644.8815139111252,arrival,3293,2,2,4
3644.9024767970905,departure,3291,2,1,3
3644.9024767970905,service_start,3292,1,2,3
3645.0150258688886,departure,3290,1,1,2
3645.0150258688886,service_start,3293,0,2,2
3645.3494092338633,departure,3293,0,1,1
3645.615274745978,arrival,3294,0,2,2
3645.615274745978,service_start,3294,0,2,2
3648.3922943165994,arrival,3295,1,2,3
3649.2931137362452,departure,3294,1,1,2
3649.2931137362452,service_start,3295,0,2,2
3649.345975672793,departure,3295,0,1,1
3649.357044912367,departure,3292,0,0,0
3649.707234857009,arrival,3296,0,1,1
3649.707234857009,service_start,3296,0,1,1
3650.272498849276,arrival,3297,0,2,2
3650.272498849276,service_start,3297,0,2,2
3650.67953263892,arrival,3298,1,2,3
3651.3108778006977,departure,3297,1,1,2
3651.3108778006977,service_start,3298,0,2,2
3651.5847267231375,departure,3298,0,1,1
3651.646692596204,arrival,3299,0,2,2
3651.646692596204,service_start,3299,0,2,2
3651.6654377252135,departure,3296,0,1,1
3651.9644215895855,departure,3299,0,0,0
3652.7259993743924,arrival,3300,0,1,1
3652.7259993743924,service_start,3300,0,1,1
3654.441329716939,arrival,3301,0,2,2
3654.441329716939,service_start,3301,0,2,2
3654.505766746867,arrival,3302,1,2,3
3654.7491459721655,arrival,3303,2,2,4
3657.4119496904577,departure,3301,2,1,3
3657.4119496904577,service_start,3302,1,2,3
3657.596705343628,arrival,3304,2,2,4
3658.3623122076665,arrival,3305,3,2,5
3658.828042495498,arrival,3306,4,2,6
3659.028191616519,arrival,3307,5,2,7
3659.2179329831183,arrival,3308,6,2,8
3659.417204305988,arrival,3309,7,2,9
3659.452491687449,arrival,3310,8,2,10
3659.737520777324,departure,3302,8,1,9
3659.737520777324,service_start,3303,7,2,9
3660.1794814594846,arrival,3311,8,2,10
3660.6718936613897,arrival,3312,9,2,11
3660.957321862544,departure,3303,9,1,10
3660.957321862544,service_start,3304,8,2,10
3662.5204476465906,departure,3300,8,1,9
3662.5204476465906,service_start,3305,7,2,9
3663.3622907090635,departure,3304,7,1,8
3663.3622907090635,service_start,3306,6,2,8
3663.9406591468255,departure,3306,6,1,7
3663.9406591468255,service_start,3307,5,2,7
3664.3083770720086,departure,3305,5,1,6
3664.3083770720086,service_start,3308,4,2,6
3664.3467670008663,arrival,3313,5,2,7
3664.418815563815,departure,3308,5,1,6
3664.418815563815,service_start,3309,4,2,6
3664.8497666022186,arrival,3314,5,2,7
3665.3756315448013,departure,3307,5,1,6
3665.3756315448013,service_start,3310,4,2,6
3665.8425816034546,arrival,3315,5,2,7
3666.086664781274,arrival,3316,6,2,8
3666.252905624852,arrival,3317,7,2,9
3666.985086508386,arrival,3318,8,2,10
3667.2759497122433,arrival,3319,9,2,11
3668.1221291375036,departure,3309,9,1,10
3668.1221291375036,service_start,3311,8,2,10
3670.245794822176,departure,3311,8,1,9
3670.245794822176,service_start,3312,7,2,9
3670.900623285349,departure,3310,7,1,8
3670.900623285349,service_start,3313,6,2,8
3672.9410691454023,arrival,3320,7,2,9
3673.9277374138596,departure,3313,7,1,8
3673.9277374138596,service_start,3314,6,2,8
3674.033404393904,arrival,3321,7,2,9
3674.6556800984804,arrival,3322,8,2,10
3674.661868499576,arrival,3323,9,2,11
3676.372584308229,arrival,3324,10,2,12
3678.0528516688496,arrival,3325,11,2,13
3679.4642225400958,arrival,3326,12,2,14
3680.473561694874,departure,3314,12,1,13
3680.473561694874,service_start,3315,11,2,13
3680.515100000906,arrival,3327,12,2,14
3680.794186210781,arrival,3328,13,2,15
3681.7970039748375,arrival,3329,14,2,16
3684.081792880535,departure,3315,14,1,15
3684.081792880535,service_start,3316,13,2,15
3684.721773294743,arrival,3330,14,2,16
3684.9796512678936,departure,3316,14,1,15
3684.9796512678936,service_start,3317,13,2,15
3685.2586258005676,arrival,3331,14,2,16
3685.3789539422864,departure,3312,14,1,15
3685.3789539422864,service_start,3318,13,2,15
3686.202858587298,departure,3317,13,1,14
3686.202858587298,service_start,3319,12,2,14
3687.1771700839236,arrival,3332,13,2,15
3687.677379878839,departure,3319,13,1,14
3687.677379878839,service_start,3320,12,2,14
3687.8291520961207,arrival,3333,13,2,15
3688.299983983945,arrival,3334,14,2,16
3689.163261474777,departure,3318,14,1,15
3689.163261474777,service_start,3321,13,2,15
3689.209828286017,departure,3321,13,1,14
3689.209828286017,service_start,3322,12,2,14
3691.4819250878822,arrival,3335,13,2,15
3692.6067578766297,departure,3320,13,1,14
3692.6067578766297,service_start,3323,12,2,14
3693.207523040103,departure,3322,12,1,13
3693.207523040103,service_start,3324,11,2,13
3694.5765357094765,arrival,3336,12,2,14
3695.6046024812144,arrival,3337,13,2,15
3695.906845832528,departure,3324,13,1,14
3695.906845832528,service_start,3325,12,2,14
3696.227452842637,departure,3325,12,1,13
3696.227452842637,service_start,3326,11,2,13
3697.578078256109,departure,3326,11,1,12
3697.578078256109,service_start,3327,10,2,12
3698.7387645259405,departure,3327,10,1,11
3698.7387645259405,service_start,3328,9,2,11
3698.9281385187815,arrival,3338,10,2,12
3698.9416679633287,arrival,3339,11,2,13
3699.134664021919,arrival,3340,12,2,14
3699.5148352523747,departure,3323,12,1,13
3699.5148352523747,service_start,3329,11,2,13
3701.35825313121,departure,3328,11,1,12
3701.35825313121,service_start,3330,10,2,12
3701.9063256374825,departure,3329,10,1,11
3701.9063256374825,service_start,3331,9,2,11
3702.6863391135644,departure,3330,9,1,10
3702.6863391135644,service_start,3332,8,2,10
3702.7064117849095,departure,3331,8,1,9
3702.7064117849095,service_start,3333,7,2,9
3703.920630688436,arrival,3341,8,2,10
3705.265251611812,arrival,3342,9,2,11
3706.3057326510793,arrival,3343,10,2,12
3706.336944753655,departure,3333,10,1,11
3706.336944753655,service_start,3334,9,2,11
3706.449502447602,departure,3334,9,1,10
3706.449502447602,service_start,3335,8,2,10
3706.552770214952,arrival,3344,9,2,11
3706.6083080847407,departure,3335,9,1,10
3706.6083080847407,service_start,3336,8,2,10
3707.1175739427713,departure,3332,8,1,9
3707.1175739427713,service_start,3337,7,2,9
3707.239973873478,arrival,3345,8,2,10
3708.306866945121,departure,3337,8,1,9
3708.306866945121,service_start,3338,7,2,9
3708.3208021216965,departure,3338,7,1,8
3708.3208021216965,service_start,3339,6,2,8
3708.8043412442016,arrival,3346,7,2,9
3708.9027394016384,arrival,3347,8,2,10
3708.945170478635,departure,3339,8,1,9
3708.945170478635,service_start,3340,7,2,9
3710.098226664935,arrival,3348,8,2,10
3710.5164514631774,arrival,3349,9,2,11
3710.842957185946,departure,3336,9,1,10
3710.842957185946,service_start,3341,8,2,10
3711.007094611452,arrival,3350,9,2,11
3711.28292148602,departure,3341,9,1,10
3711.28292148602,service_start,3342,8,2,10
3711.551002491646,arrival,3351,9,2,11
3711.976492487785,arrival,3352,10,2,12
3712.0510188628054,departure,3342,10,1,11
3712.0510188628054,service_start,3343,9,2,11
3713.1089882461442,departure,3343,9,1,10
3713.1089882461442,service_start,3344,8,2,10
3713.1231246749317,arrival,3353,9,2,11
3713.7009455003113,arrival,3354,10,2,12
3714.0425390718265,arrival,3355,11,2,13
3715.0193745100332,departure,3344,11,1,12
3715.0193745100332,service_start,3345,10,2,12
3715.911624406706,departure,3340,10,1,11
3715.911624406706,service_start,3346,9,2,11
3716.8729692280126,departure,3346,9,1,10
3716.8729692280126,service_start,3347,8,2,10
3716.8854118897098,arrival,3356,9,2,11
3716.9773375730006,arrival,3357,10,2,12
3718.0701031943195,arrival,3358,11,2,13
3718.7583624816093,arrival,3359,12,2,14
3718.8054761503604,departure,3347,12,1,13
3718.8054761503604,service_start,3348,11,2,13
3720.517107924441,arrival,3360,12,2,14
3720.57474786637,arrival,3361,13,2,15
3720.6639442829614,departure,3345,13,1,14
3720.6639442829614,service_start,3349,12,2,14
3721.257009809438,departure,3348,12,1,13
3721.257009809438,service_start,3350,11,2,13
3721.288076543697,arrival,3362,12,2,14
3722.2142057648725,arrival,3363,13,2,15
3722.442065660141,arrival,3364,14,2,16
3723.0902060599615,departure,3349,14,1,15
3723.0902060599615,service_start,3351,13,2,15
3724.482208049314,departure,3351,13,1,14
3724.482208049314,service_start,3352,12,2,14
3725.5268708322737,departure,3352,12,1,13
3725.5268708322737,service_start,3353,11,2,13
3725.696132666785,arrival,3365,12,2,14
3726.1373147727163,arrival,3366,13,2,15
3726.186144435973,departure,3350,13,1,14
3726.186144435973,service_start,3354,12,2,14
3726.75025731185,arrival,3367,13,2,15
3727.171672609682,arrival,3368,14,2,16
3727.1789541481003,departure,3353,14,1,15
3727.1789541481003,service_start,3355,13,2,15
3727.346168437982,departure,3354,13,1,14
3727.346168437982,service_start,3356,12,2,14
3728.837475085659,departure,3355,12,1,13
3728.837475085659,service_start,3357,11,2,13
3729.1108267383356,departure,3357,11,1,12
3729.1108267383356,service_start,3358,10,2,12
3729.592630608504,departure,3356,10,1,11
3729.592630608504,service_start,3359,9,2,11
3730.8248719598428,departure,3358,9,1,10
3730.8248719598428,service_start,3360,8,2,10
3731.7851424201567,departure,3359,8,1,9
3731.7851424201567,service_start,3361,7,2,9
3732.4738085503986,arrival,3369,8,2,10
3732.6745967695806,arrival,3370,9,2,11
3732.737651513225,departure,3361,9,1,10
3732.737651513225,service_start,3362,8,2,10
3733.409762517344,arrival,3371,9,2,11
3734.3430941220186,arrival,3372,10,2,12
3734.5294110974946,arrival,3373,11,2,13
3735.667709035108,departure,3362,11,1,12
3735.667709035108,service_start,3363,10,2,12
3735.711156660407,departure,3360,10,1,11
3735.711156660407,service_start,3364,9,2,11
3735.7257538703216,arrival,3374,10,2,12
3735.749073197394,arrival,3375,11,2,13
3736.2263346834898,departure,3364,11,1,12
3736.2263346834898,service_start,3365,10,2,12
3736.590162999593,departure,3365,10,1,11
3736.590162999593,service_start,3366,9,2,11
3737.944310968971,departure,3366,9,1,10
3737.944310968971,service_start,3367,8,2,10
3738.01730891123,arrival,3376,9,2,11
3738.463975584112,arrival,3377,10,2,12
3739.030350889843,departure,3367,10,1,11
3739.030350889843,service_start,3368,9,2,11
3740.65067429036,arrival,3378,10,2,12
3740.7237479691253,arrival,3379,11,2,13
3741.005762799499,arrival,3380,12,2,14
3741.028468423649,arrival,3381,13,2,15
3741.049036941055,arrival,3382,14,2,16
3742.163324924414,departure,3363,14,1,15
3742.163324924414,service_start,3369,13,2,15
3742.5576232218177,departure,3369,13,1,14
3742.5576232218177,service_start,3370,12,2,14
3743.1396409183853,arrival,3383,13,2,15
3743.8622162007414,departure,3370,13,1,14
3743.8622162007414,service_start,3371,12,2,14
3744.6201149742665,departure,3368,12,1,13
3744.6201149742665,service_start,3372,11,2,13
3746.094178143552,arrival,3384,12,2,14
3746.2490948930413,arrival,3385,13,2,15
3746.398408114522,arrival,3386,14,2,16
3748.857999566854,departure,3371,14,1,15
3748.857999566854,service_start,3373,13,2,15
3749.0268384514484,departure,3372,13,1,14
3749.0268384514484,service_start,3374,12,2,14
3749.0446321204868,departure,3373,12,1,13
3749.0446321204868,service_start,3375,11,2,13
3749.800014332202,arrival,3387,12,2,14
3750.5314662862397,arrival,3388,13,2,15
3750.655356270714,departure,3375,13,1,14
3750.655356270714,service_start,3376,12,2,14
3750.714440228283,arrival,3389,13,2,15
3751.0724887851743,arrival,3390,14,2,16
3751.234988648837,arrival,3391,15,2,17
3751.265992450182,arrival,3392,16,2,18
3751.652701318113,arrival,3393,17,2,19
3751.8056158897075,arrival,3394,18,2,20
3751.967557113377,departure,3376,18,1,19
3751.967557113377,service_start,3377,17,2,19
3752.02079743554,arrival,3395,18,2,20
3753.398050418756,departure,3374,18,1,19
3753.398050418756,service_start,3378,17,2,19
3753.50056005499,arrival,3396,18,2,20
3753.940934569731,arrival,3397,19,2,21
3755.07347978904,departure,3378,19,1,20
3755.07347978904,service_start,3379,18,2,20
3755.7547402446144,arrival,3398,19,2,21
3755.919406043504,arrival,3399,20,2,22
3756.1053511019654,departure,3377,20,1,21
3756.1053511019654,service_start,3380,19,2,21
3756.808535879259,arrival,3400,20,2,22
3757.096655067672,departure,3380,20,1,21
3757.096655067672,service_start,3381,19,2,21
3757.276253533041,arrival,3401,20,2,22
3757.332073455999,arrival,3402,21,2,23
3757.550129287349,arrival,3403,22,2,24
3758.7648084868483,arrival,3404,23,2,25
3759.499622231635,departure,3379,23,1,24
3759.499622231635,service_start,3382,22,2,24
3759.821658831748,departure,3381,22,1,23
3759.821658831748,service_start,3383,21,2,23
3760.40226171362,arrival,3405,22,2,24
3761.669053914914,arrival,3406,23,2,25
3762.770614245453,arrival,3407,24,2,26
3763.019333443701,arrival,3408,25,2,27
3763.3278932596404,arrival,3409,26,2,28
3763.588214891707,arrival,3410,27,2,29
3763.7611523949295,arrival,3411,28,2,30
3764.99539373884,arrival,3412,29,2,31
3765.229490167971,departure,3383,29,1,30
3765.229490167971,service_start,3384,28,2,30
3765.5048069534105,departure,3384,28,1,29
3765.5048069534105,service_start,3385,27,2,29
3766.0308522790574,departure,3385,27,1,28
3766.0308522790574,service_start,3386,26,2,28
3766.432079488015,arrival,3413,27,2,29
3767.0423015276065,departure,3386,27,1,28
3767.0423015276065,service_start,3387,26,2,28
3767.5255687049025,arrival,3414,27,2,29
3767.9341486032135,arrival,3415,28,2,30
3767.985641375035,arrival,3416,29,2,31
3768.197765121106,arrival,3417,30,2,32
3768.213950015158,departure,3382,30,1,31
3768.213950015158,service_start,3388,29,2,31
3768.226931651162,arrival,3418,30,2,32
3768.7269182854293,arrival,3419,31,2,33
3769.3607889703894,departure,3387,31,1,32
3769.3607889703894,service_start,3389,30,2,32
3769.7297052773038,arrival,3420,31,2,33
3769.764664514587,arrival,3421,32,2,34
3770.20574185833,arrival,3422,33,2,35
3770.8788526670537,arrival,3423,34,2,36
3771.2406413257377,arrival,3424,35,2,37
3771.959593869257,arrival,3425,36,2,38
3772.471741827895,departure,3389,36,1,37
3772.471741827895,service_start,3390,35,2,37
3772.5437623622834,departure,3388,35,1,36
3772.5437623622834,service_start,3391,34,2,36
3773.1785783698874,arrival,3426,35,2,37
3773.4811617533555,departure,3391,35,1,36
3773.4811617533555,service_start,3392,34,2,36
3773.8695079834374,arrival,3427,35,2,37
3774.83527659957,departure,3390,35,1,36
3774.83527659957,service_start,3393,34,2,36
3775.4774666246676,arrival,3428,35,2,37
3776.090524039816,arrival,3429,36,2,38
3776.347462608639,arrival,3430,37,2,39
3776.4689317611274,departure,3393,37,1,38
3776.4689317611274,service_start,3394,36,2,38
3776.6014017105795,arrival,3431,37,2,39
3777.8400574941666,arrival,3432,38,2,40
3778.0652447388434,departure,3394,38,1,39
3778.0652447388434,service_start,3395,37,2,39
3779.2361427114065,arrival,3433,38,2,40
3779.691698875294,arrival,3434,39,2,41
3779.7256037247066,departure,3395,39,1,40
3779.7256037247066,service_start,3396,38,2,40
3779.7459043703675,arrival,3435,39,2,41
3780.440056948011,arrival,3436,40,2,42
3780.885670621117,departure,3396,40,1,41
3780.885670621117,service_start,3397,39,2,41
3781.056321847091,arrival,3437,40,2,42
3781.326207163775,arrival,3438,41,2,43
3781.3979730468423,departure,3392,41,1,42
3781.3979730468423,service_start,3398,40,2,42
3782.0650728904693,departure,3398,40,1,41
3782.0650728904693,service_start,3399,39,2,41
3782.5301445007935,arrival,3439,40,2,42
3782.8407289828788,departure,3397,40,1,41
3782.8407289828788,service_start,3400,39,2,41
3783.0120915848015,departure,3399,39,1,40
3783.0120915848015,service_start,3401,38,2,40
3783.4406324783754,departure,3401,38,1,39
3783.4406324783754,service_start,3402,37,2,39
3784.0542375144014,departure,3400,37,1,38
3784.0542375144014,service_start,3403,36,2,38
3784.5358480306795,departure,3403,36,1,37
3784.5358480306795,service_start,3404,35,2,37
3785.0333776127695,arrival,3440,36,2,38
3785.4033841300984,arrival,3441,37,2,39
3785.43154842656,departure,3402,37,1,38
3785.43154842656,service_start,3405,36,2,38
3785.783696845571,departure,3404,36,1,37
3785.783696845571,service_start,3406,35,2,37
3786.0408651394923,departure,3405,35,1,36
3786.0408651394923,service_start,3407,34,2,36
3786.5114985944983,departure,3407,34,1,35
3786.5114985944983,service_start,3408,33,2,35
3786.7813704609043,departure,3408,33,1,34
3786.7813704609043,service_start,3409,32,2,34
3786.8764191493688,arrival,3442,33,2,35
3787.909422747668,departure,3409,33,1,34
3787.909422747668,service_start,3410,32,2,34
3787.9485545520565,arrival,3443,33,2,35
3789.508138476043,arrival,3444,34,2,36
3790.494455906701,arrival,3445,35,2,37
3790.9580612043164,departure,3406,35,1,36
3790.9580612043164,service_start,3411,34,2,36
3792.2264461535738,departure,3410,34,1,35
3792.2264461535738,service_start,3412,33,2,35
3793.0906858219637,departure,3411,33,1,34
3793.0906858219637,service_start,3413,32,2,34
3793.4915927487195,departure,3413,32,1,33
3793.4915927487195,service_start,3414,31,2,33
3793.861444435939,departure,3412,31,1,32
3793.861444435939,service_start,3415,30,2,32
3794.301833965652,departure,3414,30,1,31
3794.301833965652,service_start,3416,29,2,31
3794.3136156969445,departure,3416,29,1,30
3794.3136156969445,service_start,3417,28,2,30
3794.533752215658,departure,3415,28,1,29
3794.533752215658,service_start,3418,27,2,29
3794.578247141187,departure,3418,27,1,28
3794.578247141187,service_start,3419,26,2,28
3795.377140816412,arrival,3446,27,2,29
3795.763236504754,departure,3417,27,1,28
3795.763236504754,service_start,3420,26,2,28
3796.1793714662817,arrival,3447,27,2,29
3797.598791778867,arrival,3448,28,2,30
3798.0813455744023,arrival,3449,29,2,31
3799.994149372554,departure,3419,29,1,30
3799.994149372554,service_start,3421,28,2,30
3800.396664344775,departure,3421,28,1,29
3800.396664344775,service_start,3422,27,2,29
3800.4437113790236,arrival,3450,28,2,30
3800.8791135340175,arrival,3451,29,2,31
3802.3951323988854,arrival,3452,30,2,32
3802.715501110231,arrival,3453,31,2,33
3802.7331824036037,arrival,3454,32,2,34
3802.744588377854,departure,3420,32,1,33
3802.744588377854,service_start,3423,31,2,33
3802.867596287811,departure,3422,31,1,32
3802.867596287811,service_start,3424,30,2,32
3804.1872869622794,arrival,3455,31,2,33
3804.463859596571,departure,3423,31,1,32
3804.463859596571,service_start,3425,30,2,32
3805.7384613634767,arrival,3456,31,2,33
3806.0352237844295,departure,3424,31,1,32
3806.0352237844295,service_start,3426,30,2,32
3806.892222795541,departure,3425,30,1,31
3806.892222795541,service_start,3427,29,2,31
3807.166762733452,arrival,3457,30,2,32
3807.2425124064944,departure,3426,30,1,31
3807.2425124064944,service_start,3428,29,2,31
3808.322915151886,departure,3427,29,1,30
3808.322915151886,service_start,3429,28,2,30
3808.363599890456,arrival,3458,29,2,31
3809.907965478928,arrival,3459,30,2,32
3810.874921707341,departure,3428,30,1,31
3810.874921707341,service_start,3430,29,2,31
3810.9391315547973,arrival,3460,30,2,32
3811.250924639252,arrival,3461,31,2,33
3812.0435040876505,arrival,3462,32,2,34
3812.648781578476,departure,3430,32,1,33
3812.648781578476,service_start,3431,31,2,33
3813.0295682907604,departure,3429,31,1,32
3813.0295682907604,service_start,3432,30,2,32
3813.42554249694,arrival,3463,31,2,33
3813.485744022331,departure,3432,31,1,32
3813.485744022331,service_start,3433,30,2,32
3813.808175897801,arrival,3464,31,2,33
3813.9392167484352,departure,3433,31,1,32
3813.9392167484352,service_start,3434,30,2,32
3815.5035168800086,arrival,3465,31,2,33
3816.5401161800146,arrival,3466,32,2,34
3818.0964502426596,arrival,3467,33,2,35
3818.344022449352,departure,3434,33,1,34
3818.344022449352,service_start,3435,32,2,34
3818.493378606349,arrival,3468,33,2,35
3818.859729763154,arrival,3469,34,2,36
3819.008904682782,departure,3431,34,1,35
3819.008904682782,service_start,3436,33,2,35
3819.0899946578243,departure,3435,33,1,34
3819.0899946578243,service_start,3437,32,2,34
3819.230151369717,departure,3436,32,1,33
3819.230151369717,service_start,3438,31,2,33
3820.36581507186,arrival,3470,32,2,34
3820.9528461650134,departure,3437,32,1,33
3820.9528461650134,service_start,3439,31,2,33
3821.457872202972,departure,3439,31,1,32
3821.457872202972,service_start,3440,30,2,32
3821.471808006944,arrival,3471,31,2,33
3823.7480135451037,arrival,3472,32,2,34
3824.051861686091,arrival,3473,33,2,35
3824.1374542849935,departure,3438,33,1,34
3824.1374542849935,service_start,3441,32,2,34
3824.166329404091,departure,3440,32,1,33
3824.166329404091,service_start,3442,31,2,33
3825.3109772904,departure,3442,31,1,32
3825.3109772904,service_start,3443,30,2,32
3825.605258644246,arrival,3474,31,2,33
3825.857947619858,departure,3443,31,1,32
3825.857947619858,service_start,3444,30,2,32
3825.9042376613843,departure,3441,30,1,31
3825.9042376613843,service_start,3445,29,2,31
3826.530152696623,departure,3445,29,1,30
3826.530152696623,service_start,3446,28,2,30
3826.7878834830713,departure,3446,28,1,29
3826.7878834830713,service_start,3447,27,2,29
3827.8674526958243,departure,3444,27,1,28
3827.8674526958243,service_start,3448,26,2,28
3828.0044925662173,arrival,3475,27,2,29
3828.9228583758277,departure,3447,27,1,28
3828.9228583758277,service_start,3449,26,2,28
3829.8045656548143,arrival,3476,27,2,29
3830.4410288577146,arrival,3477,28,2,30
3830.632390557914,departure,3449,28,1,29
3830.632390557914,service_start,3450,27,2,29
3831.0954490275167,departure,3448,27,1,28
3831.0954490275167,service_start,3451,26,2,28
3833.0953553059007,departure,3450,26,1,27
3833.0953553059007,service_start,3452,25,2,27
3833.1903509038457,arrival,3478,26,2,28
3833.683639491709,departure,3451,26,1,27
3833.683639491709,service_start,3453,25,2,27
3834.3392762329386,departure,3452,25,1,26
3834.3392762329386,service_start,3454,24,2,26
3834.842925898116,arrival,3479,25,2,27
3835.132234530093,departure,3453,25,1,26
3835.132234530093,service_start,3455,24,2,26
3835.7375084440987,arrival,3480,25,2,27
3837.695324718437,arrival,3481,26,2,28
3837.7603490074976,departure,3455,26,1,27
3837.7603490074976,service_start,3456,25,2,27
3837.8989617591333,departure,3456,25,1,26
3837.8989617591333,service_start,3457,24,2,26
3840.063896223407,departure,3454,24,1,25
3840.063896223407,service_start,3458,23,2,25
3840.577614898952,departure,3458,23,1,24
3840.577614898952,service_start,3459,22,2,24
3840.6063486203584,arrival,3482,23,2,25
3842.0342834063786,departure,3457,23,1,24
3842.0342834063786,service_start,3460,22,2,24
3842.1444731865668,departure,3460,22,1,23
3842.1444731865668,service_start,3461,21,2,23
3842.490141600369,arrival,3483,22,2,24
3842.528161800833,arrival,3484,23,2,25
3842.6418159673967,departure,3461,23,1,24
3842.6418159673967,service_start,3462,22,2,24
3843.5653025249367,departure,3462,22,1,23
3843.5653025249367,service_start,3463,21,2,23
3844.1899692932657,arrival,3485,22,2,24
3844.5465378289045,arrival,3486,23,2,25
3844.64228005715,departure,3463,23,1,24
3844.64228005715,service_start,3464,22,2,24
3844.839666505642,departure,3464,22,1,23
3844.839666505642,service_start,3465,21,2,23
3845.2595479451347,arrival,3487,22,2,24
3846.5747047135305,arrival,3488,23,2,25
3847.416516113451,departure,3465,23,1,24
3847.416516113451,service_start,3466,22,2,24
3847.515195429377,departure,3466,22,1,23
3847.515195429377,service_start,3467,21,2,23
3847.5630188358623,departure,3459,21,1,22
3847.5630188358623,service_start,3468,20,2,22
3847.925594704603,departure,3468,20,1,21
3847.925594704603,service_start,3469,19,2,21
3848.380816445708,departure,3467,19,1,20
3848.380816445708,service_start,3470,18,2,20
3850.4028371346008,arrival,3489,19,2,21
3850.9424551377315,arrival,3490,20,2,22
3851.4532503806417,arrival,3491,21,2,23
3851.608402398131,arrival,3492,22,2,24
3852.277118558068,arrival,3493,23,2,25
3852.427274265869,departure,3469,23,1,24
3852.427274265869,service_start,3471,22,2,24
3852.5639967744364,departure,3471,22,1,23
3852.5639967744364,service_start,3472,21,2,23
3854.3728806788336,departure,3470,21,1,22
3854.3728806788336,service_start,3473,20,2,22
3854.644918460042,departure,3472,20,1,21
3854.644918460042,service_start,3474,19,2,21
3854.722957434868,arrival,3494,20,2,22
3854.7484423414007,arrival,3495,21,2,23
3855.108173681735,arrival,3496,22,2,24
3855.4244915652757,departure,3474,22,1,23
3855.4244915652757,service_start,3475,21,2,23
3855.8227560717714,arrival,3497,22,2,24
3856.568275069852,departure,3475,22,1,23
3856.568275069852,service_start,3476,21,2,23
3857.1033573935906,arrival,3498,22,2,24
3857.436500981783,departure,3473,22,1,23
3857.436500981783,service_start,3477,21,2,23
3858.4567605875313,departure,3477,21,1,22
3858.4567605875313,service_start,3478,20,2,22
3860.929542371849,arrival,3499,21,2,23
3861.3447548667264,departure,3476,21,1,22
3861.3447548667264,service_start,3479,20,2,22
3862.2615610972784,arrival,3500,21,2,23
3862.380093745146,arrival,3501,22,2,24
3862.4947215278808,arrival,3502,23,2,25
3863.0857701103896,arrival,3503,24,2,26
3863.8253746960695,departure,3478,24,1,25
3863.8253746960695,service_start,3480,23,2,25
3864.4497597500203,arrival,3504,24,2,26
3864.4840246545505,departure,3480,24,1,25
3864.4840246545505,service_start,3481,23,2,25
3864.889136881379,arrival,3505,24,2,26
3864.9388464116996,departure,3479,24,1,25
3864.9388464116996,service_start,3482,23,2,25
3865.4162970335274,arrival,3506,24,2,26
3865.7080338312417,departure,3481,24,1,25
3865.7080338312417,service_start,3483,23,2,25
3866.1220174500204,departure,3482,23,1,24
3866.1220174500204,service_start,3484,22,2,24
3867.483950078413,arrival,3507,23,2,25
3867.488853613073,arrival,3508,24,2,26
3867.5033421516414,departure,3483,24,1,25
3867.5033421516414,service_start,3485,23,2,25
3868.0163343927575,departure,3485,23,1,24
3868.0163343927575,service_start,3486,22,2,24
3868.2502965608983,departure,3486,22,1,23
3868.2502965608983,service_start,3487,21,2,23
3868.5387040332935,departure,3487,21,1,22
3868.5387040332935,service_start,3488,20,2,22
3868.717948768993,arrival,3509,21,2,23
3869.670596326561,departure,3488,21,1,22
3869.670596326561,service_start,3489,20,2,22
3869.902202342477,arrival,3510,21,2,23
3870.002568638681,departure,3484,21,1,22
3870.002568638681,service_start,3490,20,2,22
3870.151409756236,departure,3489,20,1,21
3870.151409756236,service_start,3491,19,2,21
3870.2533137615546,arrival,3511,20,2,22
3870.2800179884907,arrival,3512,21,2,23
3873.208666039099,arrival,3513,22,2,24
3874.1222334791564,departure,3490,22,1,23
3874.1222334791564,service_start,3492,21,2,23
3874.4824911312635,arrival,3514,22,2,24
3875.5499307931027,departure,3492,22,1,23
3875.5499307931027,service_start,3493,21,2,23
3876.455203188646,arrival,3515,22,2,24
3877.793600531584,departure,3491,22,1,23
3877.793600531584,service_start,3494,21,2,23
3877.868428912908,departure,3493,21,1,22
3877.868428912908,service_start,3495,20,2,22
3878.8765350740587,arrival,3516,21,2,23
3879.7901766681766,departure,3495,21,1,22
3879.7901766681766,service_start,3496,20,2,22
3879.820144877749,arrival,3517,21,2,23
3881.4197261575737,departure,3496,21,1,22
3881.4197261575737,service_start,3497,20,2,22
3881.5600148029266,arrival,3518,21,2,23
3882.043729798482,arrival,3519,22,2,24
3882.2604194167307,arrival,3520,23,2,25
3882.3918661649077,arrival,3521,24,2,26
3883.0542414189695,departure,3497,24,1,25
3883.0542414189695,service_start,3498,23,2,25
3884.128488765556,departure,3494,23,1,24
3884.128488765556,service_start,3499,22,2,24
3886.183108857206,arrival,3522,23,2,25
3886.3151964700082,departure,3498,23,1,24
3886.3151964700082,service_start,3500,22,2,24
3887.0502614808142,arrival,3523,23,2,25
3887.8603091484256,arrival,3524,24,2,26
3887.9453238167866,departure,3500,24,1,25
3887.9453238167866,service_start,3501,23,2,25
3888.045786655216,arrival,3525,24,2,26
3889.559904365282,arrival,3526,25,2,27
3889.9530891539553,departure,3501,25,1,26
3889.9530891539553,service_start,3502,24,2,26
3890.274691211792,departure,3499,24,1,25
3890.274691211792,service_start,3503,23,2,25
3890.567808695928,departure,3503,23,1,24
3890.567808695928,service_start,3504,22,2,24
3890.73451860452,departure,3502,22,1,23
3890.73451860452,service_start,3505,21,2,23
3890.9399807352265,departure,3505,21,1,22
3890.9399807352265,service_start,3506,20,2,22
3893.0895798088404,arrival,3527,21,2,23
3893.0933514823237,departure,3506,21,1,22
3893.0933514823237,service_start,3507,20,2,22
3893.103440096823,arrival,3528,21,2,23
3894.0659797326307,arrival,3529,22,2,24
3894.1701646166275,arrival,3530,23,2,25
3894.3394978653664,departure,3507,23,1,24
3894.3394978653664,service_start,3508,22,2,24
3894.513546030872,arrival,3531,23,2,25
3895.0415706974536,departure,3504,23,1,24
3895.0415706974536,service_start,3509,22,2,24
3895.756757164761,arrival,3532,23,2,25
3897.104074127963,arrival,3533,24,2,26
3897.1958260965125,arrival,3534,25,2,27
3897.3503023652984,departure,3509,25,1,26
3897.3503023652984,service_start,3510,24,2,26
3899.223442764143,arrival,3535,25,2,27
3899.375805327311,departure,3510,25,1,26
3899.375805327311,service_start,3511,24,2,26
3899.65965979076,departure,3511,24,1,25
3899.65965979076,service_start,3512,23,2,25
3899.7808919421673,departure,3512,23,1,24
3899.7808919421673,service_start,3513,22,2,24
3899.893375546923,arrival,3536,23,2,25
3900.1097166617374,arrival,3537,24,2,26
3900.14948766914,departure,3508,24,1,25
3900.14948766914,service_start,3514,23,2,25
3901.1659764112205,departure,3514,23,1,24
3901.1659764112205,service_start,3515,22,2,24
3901.439361065644,arrival,3538,23,2,25
3901.786430727172,departure,3515,23,1,24
3901.786430727172,service_start,3516,22,2,24
3901.9361260276823,arrival,3539,23,2,25
3902.459091541554,arrival,3540,24,2,26
3902.988162894229,arrival,3541,25,2,27
3905.4403190326643,arrival,3542,26,2,28
3907.1703287941577,arrival,3543,27,2,29
3908.3228439664244,departure,3513,27,1,28
3908.3228439664244,service_start,3517,26,2,28
3909.0646884168477,departure,3517,26,1,27
3909.0646884168477,service_start,3518,25,2,27
3909.2910228280584,arrival,3544,26,2,28
3909.646728029263,departure,3518,26,1,27
3909.646728029263,service_start,3519,25,2,27
3910.8005665228043,departure,3519,25,1,26
3910.8005665228043,service_start,3520,24,2,26
3911.7956738628513,arrival,3545,25,2,27
3912.763588510936,arrival,3546,26,2,28
3913.17880398377,arrival,3547,27,2,29
3913.4579115919887,departure,3520,27,1,28
3913.4579115919887,service_start,3521,26,2,28
3913.6205307996506,arrival,3548,27,2,29
3914.1477795468268,arrival,3549,28,2,30
3914.82354868836,departure,3521,28,1,29
3914.82354868836,service_start,3522,27,2,29
3915.4327124667143,departure,3522,27,1,28
3915.4327124667143,service_start,3523,26,2,28
3916.648484777469,departure,3516,26,1,27
3916.648484777469,service_start,3524,25,2,27
3917.558627852463,arrival,3550,26,2,28
3917.9008755855357,arrival,3551,27,2,29
3918.6282913382556,arrival,3552,28,2,30
3919.485653146058,departure,3523,28,1,29
3919.485653146058,service_start,3525,27,2,29
3920.1158785941207,departure,3524,27,1,28
3920.1158785941207,service_start,3526,26,2,28
3921.032942117046,departure,3526,26,1,27
3921.032942117046,service_start,3527,25,2,27
3921.0473318017075,departure,3525,25,1,26
3921.0473318017075,service_start,3528,24,2,26
3921.540422913969,arrival,3553,25,2,27
3921.683945044049,departure,3528,25,1,26
3921.683945044049,service_start,3529,24,2,26
3921.8753187413,arrival,3554,25,2,27
3922.139022316676,departure,3529,25,1,26
3922.139022316676,service_start,3530,24,2,26
3922.764626374762,departure,3530,24,1,25
3922.764626374762,service_start,3531,23,2,25
3924.5905011063496,arrival,3555,24,2,26
3924.7185895065672,arrival,3556,25,2,27
3924.896999413327,arrival,3557,26,2,28
3925.5278535184843,departure,3531,26,1,27
3925.5278535184843,service_start,3532,25,2,27
3925.8299542262657,arrival,3558,26,2,28
3927.2300081109147,arrival,3559,27,2,29
3927.41379442363,departure,3527,27,1,28
3927.41379442363,service_start,3533,26,2,28
3927.7984513456963,arrival,3560,27,2,29
3928.611683955495,arrival,3561,28,2,30
3928.9357606162434,arrival,3562,29,2,31
3929.4011887138245,arrival,3563,30,2,32
3929.8218692528476,departure,3532,30,1,31
3929.8218692528476,service_start,3534,29,2,31
3929.9838521558763,arrival,3564,30,2,32
3930.234465249168,departure,3533,30,1,31
3930.234465249168,service_start,3535,29,2,31
3930.704240143635,arrival,3565,30,2,32
3932.3236975201485,departure,3534,30,1,31
3932.3236975201485,service_start,3536,29,2,31
3932.6364671365045,departure,3535,29,1,30
3932.6364671365045,service_start,3537,28,2,30
3932.7059579521783,arrival,3566,29,2,31
3932.7640599146166,departure,3536,29,1,30
3932.7640599146166,service_start,3538,28,2,30
3932.970212120418,departure,3538,28,1,29
3932.970212120418,service_start,3539,27,2,29
3933.580613664791,departure,3539,27,1,28
3933.580613664791,service_start,3540,26,2,28
3933.6244911035,departure,3537,26,1,27
3933.6244911035,service_start,3541,25,2,27
3933.8579927421847,arrival,3567,26,2,28
3934.286468528973,departure,3540,26,1,27
3934.286468528973,service_start,3542,25,2,27
3934.6646309054586,arrival,3568,26,2,28
3935.6318803675504,arrival,3569,27,2,29
3935.910656789025,departure,3542,27,1,28
3935.910656789025,service_start,3543,26,2,28
3936.255614514457,arrival,3570,27,2,29
3936.2788405706897,departure,3543,27,1,28
3936.2788405706897,service_start,3544,26,2,28
3936.6446314474183,departure,3544,26,1,27
3936.6446314474183,service_start,3545,25,2,27
3936.9083651580795,arrival,3571,26,2,28
3937.496010453156,departure,3541,26,1,27
3937.496010453156,service_start,3546,25,2,27
3937.50119430186,departure,3546,25,1,26
3937.50119430186,service_start,3547,24,2,26
3937.529285524715,arrival,3572,25,2,27
3937.679930754352,departure,3545,25,1,26
3937.679930754352,service_start,3548,24,2,26
3937.858676024641,arrival,3573,25,2,27
3937.9483924969304,arrival,3574,26,2,28
3938.0265884908163,departure,3548,26,1,27
3938.0265884908163,service_start,3549,25,2,27
3938.041543024471,departure,3547,25,1,26
3938.041543024471,service_start,3550,24,2,26
3938.3992155293286,departure,3549,24,1,25
3938.3992155293286,service_start,3551,23,2,25
3938.5607479850505,departure,3550,23,1,24
3938.5607479850505,service_start,3552,22,2,24
3938.8086991678806,arrival,3575,23,2,25
3941.1367317757577,departure,3552,23,1,24
3941.1367317757577,service_start,3553,22,2,24
3941.7823590408902,departure,3553,22,1,23
3941.7823590408902,service_start,3554,21,2,23
3942.1069299148517,departure,3551,21,1,22
3942.1069299148517,service_start,3555,20,2,22
3942.108965667646,arrival,3576,21,2,23
3942.577578239952,arrival,3577,22,2,24
3942.7877642798435,departure,3554,22,1,23
3942.7877642798435,service_start,3556,21,2,23
3943.212644933588,departure,3555,21,1,22
3943.212644933588,service_start,3557,20,2,22
3944.459029886523,departure,3557,20,1,21
3944.459029886523,service_start,3558,19,2,21
3945.3763068649405,arrival,3578,20,2,22
3946.1760029935735,departure,3558,20,1,21
3946.1760029935735,service_start,3559,19,2,21
3946.494860082876,departure,3556,19,1,20
3946.494860082876,service_start,3560,18,2,20
3946.7264460996835,departure,3559,18,1,19
3946.7264460996835,service_start,3561,17,2,19
3946.745898365357,arrival,3579,18,2,20
3946.762050493805,departure,3561,18,1,19
3946.762050493805,service_start,3562,17,2,19
3946.9895165725807,arrival,3580,18,2,20
3949.33121480886,arrival,3581,19,2,21
3949.4215617442906,departure,3562,19,1,20
3949.4215617442906,service_start,3563,18,2,20
3949.9347008544414,arrival,3582,19,2,21
3950.727774881072,arrival,3583,20,2,22
3950.8900454138015,arrival,3584,21,2,23
3951.0635833983165,arrival,3585,22,2,24
3952.4567886932114,departure,3563,22,1,23
3952.4567886932114,service_start,3564,21,2,23
3952.8273341123254,arrival,3586,22,2,24
3954.295054376023,departure,3560,22,1,23
3954.295054376023,service_start,3565,21,2,23
3954.3290779479103,arrival,3587,22,2,24
3954.589519052663,departure,3565,22,1,23
3954.589519052663,service_start,3566,21,2,23
3954.9099805980013,departure,3566,21,1,22
3954.9099805980013,service_start,3567,20,2,22
3955.3691383871724,departure,3564,20,1,21
3955.3691383871724,service_start,3568,19,2,21
3955.421285587654,departure,3568,19,1,20
3955.421285587654,service_start,3569,18,2,20
3955.567457511679,arrival,3588,19,2,21
3955.651533631639,arrival,3589,20,2,22
3956.0384913296057,arrival,3590,21,2,23
3956.8649741391314,arrival,3591,22,2,24
3957.7695049454965,arrival,3592,23,2,25
3959.1016479036216,departure,3567,23,1,24
3959.1016479036216,service_start,3570,22,2,24
3959.745893937551,arrival,3593,23,2,25
3960.7040709029216,arrival,3594,24,2,26
3961.4863020290572,arrival,3595,25,2,27
3962.969697631435,departure,3569,25,1,26
3962.969697631435,service_start,3571,24,2,26
3963.4226609531956,arrival,3596,25,2,27
3963.6498284295712,departure,3571,25,1,26
3963.6498284295712,service_start,3572,24,2,26
3964.208039825806,departure,3570,24,1,25
3964.208039825806,service_start,3573,23,2,25
3964.421516048157,departure,3573,23,1,24
3964.421516048157,service_start,3574,22,2,24
3964.893569932209,arrival,3597,23,2,25
3966.013982710765,arrival,3598,24,2,26
3966.1790946442343,arrival,3599,25,2,27
3966.7061987649836,departure,3574,25,1,26
3966.7061987649836,service_start,3575,24,2,26
3967.1286295502914,departure,3572,24,1,25
3967.1286295502914,service_start,3576,23,2,25
3967.1495148188637,departure,3575,23,1,24
3967.1495148188637,service_start,3577,22,2,24
3967.6335120426766,arrival,3600,23,2,25
3968.112845981484,arrival,3601,24,2,26
3968.8612740016224,departure,3576,24,1,25
3968.8612740016224,service_start,3578,23,2,25
3969.0738681477656,departure,3577,23,1,24
3969.0738681477656,service_start,3579,22,2,24
3969.2729522892737,arrival,3602,23,2,25
3969.8482895142943,arrival,3603,24,2,26
3969.909758772166,arrival,3604,25,2,27
3971.7179454728907,departure,3579,25,1,26
3971.7179454728907,service_start,3580,24,2,26
3971.7637531892346,arrival,3605,25,2,27
3971.8209728146826,departure,3580,25,1,26
3971.8209728146826,service_start,3581,24,2,26
3971.865623188945,departure,3581,24,1,25
3971.865623188945,service_start,3582,23,2,25
3971.893727798167,arrival,3606,24,2,26
3972.14281250139,departure,3582,24,1,25
3972.14281250139,service_start,3583,23,2,25
3972.6801666401466,arrival,3607,24,2,26
3972.8844772564516,departure,3583,24,1,25
3972.8844772564516,service_start,3584,23,2,25
3973.43553366749,departure,3584,23,1,24
3973.43553366749,service_start,3585,22,2,24
3973.4770597675815,departure,3578,22,1,23
3973.4770597675815,service_start,3586,21,2,23
3973.8643901667506,departure,3585,21,1,22
3973.8643901667506,service_start,3587,20,2,22
3974.251629819448,arrival,3608,21,2,23
3974.58781696473,arrival,3609,22,2,24
3975.437435110606,departure,3587,22,1,23
3975.437435110606,service_start,3588,21,2,23
3975.7236745033474,arrival,3610,22,2,24
3975.9218092126766,arrival,3611,23,2,25
3976.5893814008055,arrival,3612,24,2,26
3976.705138516332,departure,3586,24,1,25
3976.705138516332,service_start,3589,23,2,25
3976.8309037867366,arrival,3613,24,2,26
3976.9836966412477,arrival,3614,25,2,27
3977.168078856408,departure,3589,25,1,26
3977.168078856408,service_start,3590,24,2,26
3977.4573425980816,departure,3588,24,1,25
3977.4573425980816,service_start,3591,23,2,25
3977.9775011991082,departure,3591,23,1,24
3977.9775011991082,service_start,3592,22,2,24
3978.6077660232086,departure,3592,22,1,23
3978.6077660232086,service_start,3593,21,2,23
3978.873129980301,departure,3593,21,1,22
3978.873129980301,service_start,3594,20,2,22
3978.931031282056,arrival,3615,21,2,23
3979.200212980348,arrival,3616,22,2,24
3980.4694684913225,arrival,3617,23,2,25
3980.736362976228,arrival,3618,24,2,26
3982.726939933638,arrival,3619,25,2,27
3983.1424030917265,arrival,3620,26,2,28
3983.348215472194,departure,3590,26,1,27
3983.348215472194,service_start,3595,25,2,27
3984.8836554416266,departure,3595,25,1,26
3984.8836554416266,service_start,3596,24,2,26
3985.0806866465878,departure,3596,24,1,25
3985.0806866465878,service_start,3597,23,2,25
3985.16744552131,departure,3594,23,1,24
3985.16744552131,service_start,3598,22,2,24
3985.692476395637,arrival,3621,23,2,25
3986.539550756221,departure,3597,23,1,24
3986.539550756221,service_start,3599,22,2,24
3986.7862338675127,departure,3599,22,1,23
3986.7862338675127,service_start,3600,21,2,23
3987.096655114796,arrival,3622,22,2,24
3987.2721045189087,arrival,3623,23,2,25
3987.559889677587,arrival,3624,24,2,26
3988.392097456585,arrival,3625,25,2,27
3988.4353652622917,arrival,3626,26,2,28
3988.459600709101,departure,3598,26,1,27
3988.459600709101,service_start,3601,25,2,27
3989.7321848350566,arrival,3627,26,2,28
3990.695855131664,arrival,3628,27,2,29
3991.2518744855015,arrival,3629,28,2,30
3991.276136067855,departure,3601,28,1,29
3991.276136067855,service_start,3602,27,2,29
3991.8838581082605,departure,3602,27,1,28
3991.8838581082605,service_start,3603,26,2,28
3991.9873267196945,departure,3600,26,1,27
3991.9873267196945,service_start,3604,25,2,27
3993.0768264760204,departure,3604,25,1,26
3993.0768264760204,service_start,3605,24,2,26
3993.6711117795203,arrival,3630,25,2,27
3994.1912405657285,arrival,3631,26,2,28
3994.518938796727,arrival,3632,27,2,29
3995.005365107854,arrival,3633,28,2,30
3995.2135406628927,arrival,3634,29,2,31
3996.3613205271713,departure,3603,29,1,30
3996.3613205271713,service_start,3606,28,2,30
3996.461388547527,departure,3606,28,1,29
3996.461388547527,service_start,3607,27,2,29
3996.9699445256033,departure,3605,27,1,28
3996.9699445256033,service_start,3608,26,2,28
3996.9775349553483,departure,3608,26,1,27
3996.9775349553483,service_start,3609,25,2,27
3997.162102564445,departure,3607,25,1,26
3997.162102564445,service_start,3610,24,2,26
3997.3018800530167,departure,3609,24,1,25
3997.3018800530167,service_start,3611,23,2,25
3998.148093578394,departure,3611,23,1,24
3998.148093578394,service_start,3612,22,2,24
3998.565570737055,departure,3612,22,1,23
3998.565570737055,service_start,3613,21,2,23
3998.6697428116145,arrival,3635,22,2,24
3998.804528727254,arrival,3636,23,2,25
3999.526940706415,departure,3613,23,1,24
3999.526940706415,service_start,3614,22,2,24
4000.483734862193,departure,3610,22,1,23
4000.483734862193,service_start,3615,21,2,23
4000.569034180556,departure,3615,21,1,22
4000.569034180556,service_start,3616,20,2,22
4001.8551888938573,departure,3614,20,1,21
4001.8551888938573,service_start,3617,19,2,21
4001.9176237902657,departure,3616,19,1,20
4001.9176237902657,service_start,3618,18,2,20
4002.5081888440877,departure,3617,18,1,19
4002.5081888440877,service_start,3619,17,2,19
4002.5090080368313,departure,3619,17,1,18
4002.5090080368313,service_start,3620,16,2,18
4002.785717758691,arrival,3637,17,2,19
4002.9223231483174,departure,3620,17,1,18
4002.9223231483174,service_start,3621,16,2,18
4003.088223437533,arrival,3638,17,2,19
4003.8432828400596,arrival,3639,18,2,20
4004.218274705139,departure,3621,18,1,19
4004.218274705139,service_start,3622,17,2,19
4004.686600304638,departure,3622,17,1,18
4004.686600304638,service_start,3623,16,2,18
4005.5078521549585,arrival,3640,17,2,19
4006.029432204306,arrival,3641,18,2,20
4006.1736318049634,arrival,3642,19,2,21
4006.343190649942,departure,3618,19,1,20
4006.343190649942,service_start,3624,18,2,20
4006.714543542104,arrival,3643,19,2,21
4007.1945731477917,departure,3624,19,1,20
4007.1945731477917,service_start,3625,18,2,20
4007.312374346955,departure,3623,18,1,19
4007.312374346955,service_start,3626,17,2,19
4007.7495669864106,departure,3626,17,1,18
4007.7495669864106,service_start,3627,16,2,18
4008.816628353519,arrival,3644,17,2,19
4009.567998807963,departure,3625,17,1,18
4009.567998807963,service_start,3628,16,2,18
4009.88657154771,departure,3628,16,1,17
4009.88657154771,service_start,3629,15,2,17
4010.0776417781503,arrival,3645,16,2,18
4010.1014944329,arrival,3646,17,2,19
4010.2489446247364,arrival,3647,18,2,20
4010.7988868394477,departure,3627,18,1,19
4010.7988868394477,service_start,3630,17,2,19
4011.2758459713273,arrival,3648,18,2,20
4011.8236640553614,arrival,3649,19,2,21
4012.4934316117838,departure,3630,19,1,20
4012.4934316117838,service_start,3631,18,2,20
4012.528441887526,departure,3629,18,1,19
4012.528441887526,service_start,3632,17,2,19
4012.6820227293974,departure,3632,17,1,18
4012.6820227293974,service_start,3633,16,2,18
4014.5980978234566,departure,3631,16,1,17
4014.5980978234566,service_start,3634,15,2,17
4014.9678343173196,departure,3633,15,1,16
4014.9678343173196,service_start,3635,14,2,16
4015.6853972944677,departure,3634,14,1,15
4015.6853972944677,service_start,3636,13,2,15
4016.1592807581033,arrival,3650,14,2,16
4017.4661027465086,arrival,3651,15,2,17
4017.4664698363054,departure,3636,15,1,16
4017.4664698363054,service_start,3637,14,2,16
4018.0212018950583,departure,3637,14,1,15
4018.0212018950583,service_start,3638,13,2,15
4018.182735554306,departure,3635,13,1,14
4018.182735554306,service_start,3639,12,2,14
4018.480395210249,departure,3638,12,1,13
4018.480395210249,service_start,3640,11,2,13
4018.907436417038,arrival,3652,12,2,14
4018.992639505681,departure,3640,12,1,13
4018.992639505681,service_start,3641,11,2,13
4019.2906394165234,departure,3639,11,1,12
4019.2906394165234,service_start,3642,10,2,12
4020.707367240889,arrival,3653,11,2,13
4020.928127375765,arrival,3654,12,2,14
4021.010852893143,departure,3642,12,1,13
4021.010852893143,service_start,3643,11,2,13
4021.139597671337,departure,3643,11,1,12
4021.139597671337,service_start,3644,10,2,12
4022.091719921822,departure,3641,10,1,11
4022.091719921822,service_start,3645,9,2,11
4022.712156096633,departure,3645,9,1,10
4022.712156096633,service_start,3646,8,2,10
4023.269232590059,departure,3646,8,1,9
4023.269232590059,service_start,3647,7,2,9
4024.781509427141,departure,3647,7,1,8
4024.781509427141,service_start,3648,6,2,8
4025.4387517621776,departure,3644,6,1,7
4025.4387517621776,service_start,3649,5,2,7
4026.6843361334413,departure,3649,5,1,6
4026.6843361334413,service_start,3650,4,2,6
4026.8920898270203,arrival,3655,5,2,7
4027.104354105077,arrival,3656,6,2,8
4027.248613040448,arrival,3657,7,2,9
4027.8707847602545,departure,3648,7,1,8
4027.8707847602545,service_start,3651,6,2,8
4027.918717909994,arrival,3658,7,2,9
4028.0690099757585,departure,3650,7,1,8
4028.0690099757585,service_start,3652,6,2,8
4029.729155862472,arrival,3659,7,2,9
4030.0008089757903,departure,3651,7,1,8
4030.0008089757903,service_start,3653,6,2,8
4030.0836927775,arrival,3660,7,2,9
4030.57119868686,arrival,3661,8,2,10
4030.8470127390597,departure,3652,8,1,9
4030.8470127390597,service_start,3654,7,2,9
4031.2062685766905,arrival,3662,8,2,10
4031.2741103610338,departure,3653,8,1,9
4031.2741103610338,service_start,3655,7,2,9
4031.41244247751,departure,3655,7,1,8
4031.41244247751,service_start,3656,6,2,8
4031.901364286888,departure,3656,6,1,7
4031.901364286888,service_start,3657,5,2,7
4032.0517668094662,arrival,3663,6,2,8
4032.4425001340082,arrival,3664,7,2,9
4032.6001236167185,departure,3654,7,1,8
4032.6001236167185,service_start,3658,6,2,8
4033.2440457260163,departure,3657,6,1,7
4033.2440457260163,service_start,3659,5,2,7
4033.324330964246,departure,3658,5,1,6
4033.324330964246,service_start,3660,4,2,6
4033.8772171068063,arrival,3665,5,2,7
4033.957154896871,arrival,3666,6,2,8
4034.2392309036204,arrival,3667,7,2,9
4034.9806075603437,departure,3659,7,1,8
4034.9806075603437,service_start,3661,6,2,8
4035.127929417341,departure,3661,6,1,7
4035.127929417341,service_start,3662,5,2,7
4035.382917870117,arrival,3668,6,2,8
4035.4424956648095,arrival,3669,7,2,9
4035.6024430295215,arrival,3670,8,2,10
4035.8254935465047,arrival,3671,9,2,11
4035.8601099990738,departure,3660,9,1,10
4035.8601099990738,service_start,3663,8,2,10
4035.8790744104344,arrival,3672,9,2,11
4036.7850161892156,departure,3663,9,1,10
4036.7850161892156,service_start,3664,8,2,10
4037.695106230762,arrival,3673,9,2,11
4038.091049699383,departure,3662,9,1,10
4038.091049699383,service_start,3665,8,2,10
4038.990657770658,arrival,3674,9,2,11
4039.2600177306226,departure,3665,9,1,10
4039.2600177306226,service_start,3666,8,2,10
4040.604748921586,departure,3666,8,1,9
4040.604748921586,service_start,3667,7,2,9
4040.7547421223103,departure,3667,7,1,8
4040.7547421223103,service_start,3668,6,2,8
4041.9214619072045,departure,3668,6,1,7
4041.9214619072045,service_start,3669,5,2,7
4042.7503234697374,departure,3669,5,1,6
4042.7503234697374,service_start,3670,4,2,6
4044.016202082616,arrival,3675,5,2,7
4044.4168824285,departure,3670,5,1,6
4044.4168824285,service_start,3671,4,2,6
4044.804434841924,arrival,3676,5,2,7
4045.307433042451,arrival,3677,6,2,8
4046.1738170801814,arrival,3678,7,2,9
4046.3447517202344,arrival,3679,8,2,10
4046.429944203058,arrival,3680,9,2,11
4046.9889318081982,departure,3671,9,1,10
4046.9889318081982,service_start,3672,8,2,10
4048.042179514829,departure,3672,8,1,9
4048.042179514829,service_start,3673,7,2,9
4049.100999272687,arrival,3681,8,2,10
4049.1281499055035,departure,3664,8,1,9
4049.1281499055035,service_start,3674,7,2,9
4049.6436780038694,departure,3673,7,1,8
4049.6436780038694,service_start,3675,6,2,8
4049.9948472789592,departure,3675,6,1,7
4049.9948472789592,service_start,3676,5,2,7
4050.368644323095,arrival,3682,6,2,8
4050.8457550145436,arrival,3683,7,2,9
4051.3544030612225,arrival,3684,8,2,10
4051.6914174219764,arrival,3685,9,2,11
4053.2750509446387,arrival,3686,10,2,12
4053.622104947049,departure,3676,10,1,11
4053.622104947049,service_start,3677,9,2,11
4053.6963814250435,departure,3677,9,1,10
4053.6963814250435,service_start,3678,8,2,10
4053.8186277011746,arrival,3687,9,2,11
4054.0090607146144,departure,3674,9,1,10
4054.0090607146144,service_start,3679,8,2,10
4054.1536394498007,departure,3678,8,1,9
4054.1536394498007,service_start,3680,7,2,9
4054.395481132443,departure,3679,7,1,8
4054.395481132443,service_start,3681,6,2,8
4055.2492993441533,departure,3681,6,1,7
4055.2492993441533,service_start,3682,5,2,7
4055.757502266315,arrival,3688,6,2,8
4056.3270895736023,departure,3682,6,1,7
4056.3270895736023,service_start,3683,5,2,7
4056.978511027313,departure,3680,5,1,6
4056.978511027313,service_start,3684,4,2,6
4057.4105596649583,departure,3683,4,1,5
4057.4105596649583,service_start,3685,3,2,5
4058.0510410185275,arrival,3689,4,2,6
4058.6406557635114,departure,3685,4,1,5
4058.6406557635114,service_start,3686,3,2,5
4059.3232119699705,arrival,3690,4,2,6
4059.3680224683453,arrival,3691,5,2,7
4059.48077170169,arrival,3692,6,2,8
4060.464499582948,arrival,3693,7,2,9
4061.5145948055383,arrival,3694,8,2,10
4061.724178289139,departure,3684,8,1,9
4061.724178289139,service_start,3687,7,2,9
4063.121227060043,arrival,3695,8,2,10
4063.6436716339635,departure,3686,8,1,9
4063.6436716339635,service_start,3688,7,2,9
4063.6517350732856,departure,3688,7,1,8
4063.6517350732856,service_start,3689,6,2,8
4064.530285209226,arrival,3696,7,2,9
4064.7595169279084,departure,3689,7,1,8
4064.7595169279084,service_start,3690,6,2,8
4065.341652970952,arrival,3697,7,2,9
4065.411235014143,arrival,3698,8,2,10
4065.7818993615983,arrival,3699,9,2,11
4065.816981940245,arrival,3700,10,2,12
4066.508844333004,arrival,3701,11,2,13
4067.8613264208,departure,3687,11,1,12
4067.8613264208,service_start,3691,10,2,12
4068.299406649354,departure,3690,10,1,11
4068.299406649354,service_start,3692,9,2,11
4068.650590853802,arrival,3702,10,2,12
4069.216075063178,arrival,3703,11,2,13
4069.3879588226278,arrival,3704,12,2,14
4070.2454240972997,arrival,3705,13,2,15
4070.3124231960155,arrival,3706,14,2,16
4070.5697444991442,departure,3691,14,1,15
4070.5697444991442,service_start,3693,13,2,15
4071.900712897934,arrival,3707,14,2,16
4073.0019011216714,arrival,3708,15,2,17
4073.2487259442005,departure,3692,15,1,16
4073.2487259442005,service_start,3694,14,2,16
4073.860929651661,departure,3694,14,1,15
4073.860929651661,service_start,3695,13,2,15
4073.978522907548,departure,3695,13,1,14
4073.978522907548,service_start,3696,12,2,14
4074.917112861209,arrival,3709,13,2,15
4075.105089593217,arrival,3710,14,2,16
4076.4726096233735,departure,3696,14,1,15
4076.4726096233735,service_start,3697,13,2,15
4076.9531105656233,arrival,3711,14,2,16
4077.341546544922,departure,3697,14,1,15
4077.341546544922,service_start,3698,13,2,15
4078.5329786154966,arrival,3712,14,2,16
4078.586848190707,departure,3698,14,1,15
4078.586848190707,service_start,3699,13,2,15
4078.824911178023,departure,3693,13,1,14
4078.824911178023,service_start,3700,12,2,14
4078.8920143749933,departure,3699,12,1,13
4078.8920143749933,service_start,3701,11,2,13
4079.8194478350915,departure,3700,11,1,12
4079.8194478350915,service_start,3702,10,2,12
4080.029414089724,arrival,3713,11,2,13
4080.044218620495,arrival,3714,12,2,14
4081.0756243508113,departure,3701,12,1,13
4081.0756243508113,service_start,3703,11,2,13
4081.0975889208125,departure,3702,11,1,12
4081.0975889208125,service_start,3704,10,2,12
4081.2014554612297,arrival,3715,11,2,13
4081.2747344000545,departure,3704,11,1,12
4081.2747344000545,service_start,3705,10,2,12
4081.377899737238,departure,3703,10,1,11
4081.377899737238,service_start,3706,9,2,11
4081.5347525052734,departure,3706,9,1,10
4081.5347525052734,service_start,3707,8,2,10
4081.757592479507,arrival,3716,9,2,11
4081.7821638036257,departure,3707,9,1,10
4081.7821638036257,service_start,3708,8,2,10
4081.932604037875,departure,3705,8,1,9
4081.932604037875,service_start,3709,7,2,9
4082.178807217332,arrival,3717,8,2,10
4082.4005218382163,departure,3708,8,1,9
4082.4005218382163,service_start,3710,7,2,9
4082.4182828046733,departure,3709,7,1,8
4082.4182828046733,service_start,3711,6,2,8
4083.491683376824,departure,3710,6,1,7
4083.491683376824,service_start,3712,5,2,7
4084.8115467544603,arrival,3718,6,2,8
4084.905131092024,arrival,3719,7,2,9
4085.191275653085,arrival,3720,8,2,10
4085.56880971395,departure,3712,8,1,9
4085.56880971395,service_start,3713,7,2,9
4085.612334363469,departure,3711,7,1,8
4085.612334363469,service_start,3714,6,2,8
4085.631017539185,departure,3714,6,1,7
4085.631017539185,service_start,3715,5,2,7
4085.8694511378017,departure,3715,5,1,6
4085.8694511378017,service_start,3716,4,2,6
4085.93102877946,departure,3716,4,1,5
4085.93102877946,service_start,3717,3,2,5
4085.9512912153727,arrival,3721,4,2,6
4086.2988611287437,departure,3717,4,1,5
4086.2988611287437,service_start,3718,3,2,5
4086.8395882174727,arrival,3722,4,2,6
4087.467482621634,departure,3713,4,1,5
4087.467482621634,service_start,3719,3,2,5
4087.5458118111255,arrival,3723,4,2,6
4087.573450466576,departure,3719,4,1,5
4087.573450466576,service_start,3720,3,2,5
4087.593095694598,arrival,3724,4,2,6
4088.188782611828,departure,3718,4,1,5
4088.188782611828,service_start,3721,3,2,5
4088.419258444937,arrival,3725,4,2,6
4088.473183900497,arrival,3726,5,2,7
4089.9293072062464,departure,3721,5,1,6
4089.9293072062464,service_start,3722,4,2,6
4089.9517594635845,departure,3720,4,1,5
4089.9517594635845,service_start,3723,3,2,5
4090.6549840949197,arrival,3727,4,2,6
4091.041465210052,departure,3723,4,1,5
4091.041465210052,service_start,3724,3,2,5
4091.1825622799306,departure,3724,3,1,4
4091.1825622799306,service_start,3725,2,2,4
4092.3337129496886,departure,3725,2,1,3
4092.3337129496886,service_start,3726,1,2,3
4092.4208170021193,departure,3722,1,1,2
4092.4208170021193,service_start,3727,0,2,2
4093.196379265373,arrival,3728,1,2,3
4095.8733174572194,departure,3726,1,1,2
4095.8733174572194,service_start,3728,0,2,2
4096.6358516773425,departure,3728,0,1,1
4098.0300570941645,arrival,3729,0,2,2
4098.0300570941645,service_start,3729,0,2,2
4098.066073054477,arrival,3730,1,2,3
4098.548836341721,departure,3727,1,1,2
4098.548836341721,service_start,3730,0,2,2
4098.568285044115,arrival,3731,1,2,3
4099.200549545318,departure,3729,1,1,2
4099.200549545318,service_start,3731,0,2,2
4099.7688838514805,arrival,3732,1,2,3
4099.946738457179,arrival,3733,2,2,4
4099.952010020274,arrival,3734,3,2,5
4100.254592146485,arrival,3735,4,2,6
4100.575506635936,arrival,3736,5,2,7
4100.952866338966,departure,3731,5,1,6
4100.952866338966,service_start,3732,4,2,6
4101.24233128635,arrival,3737,5,2,7
4101.317729225827,departure,3730,5,1,6
4101.317729225827,service_start,3733,4,2,6
4103.226667617168,arrival,3738,5,2,7
4103.917442039802,departure,3732,5,1,6
4103.917442039802,service_start,3734,4,2,6
4105.018025400979,arrival,3739,5,2,7
4105.143640787944,arrival,3740,6,2,8
4105.209059267383,departure,3733,6,1,7
4105.209059267383,service_start,3735,5,2,7
4106.277495722113,arrival,3741,6,2,8
4106.831120207857,arrival,3742,7,2,9
4106.9574621712845,arrival,3743,8,2,10
4107.779086437794,departure,3734,8,1,9
4107.779086437794,service_start,3736,7,2,9
4108.502695487257,departure,3736,7,1,8
4108.502695487257,service_start,3737,6,2,8
4109.382493117121,departure,3737,6,1,7
4109.382493117121,service_start,3738,5,2,7
4109.393266845075,arrival,3744,6,2,8
4110.546287334368,arrival,3745,7,2,9
4110.719916099668,departure,3738,7,1,8
4110.719916099668,service_start,3739,6,2,8
4110.8410005171145,arrival,3746,7,2,9
4111.183716162775,departure,3739,7,1,8
4111.183716162775,service_start,3740,6,2,8
4111.339427413038,departure,3740,6,1,7
4111.339427413038,service_start,3741,5,2,7
4112.3152095208425,arrival,3747,6,2,8
4112.379247971768,arrival,3748,7,2,9
4113.190179557463,arrival,3749,8,2,10
4113.278758176756,arrival,3750,9,2,11
4114.860870825817,arrival,3751,10,2,12
4115.195289352352,departure,3741,10,1,11
4115.195289352352,service_start,3742,9,2,11
4118.015471914838,departure,3735,9,1,10
4118.015471914838,service_start,3743,8,2,10
4118.327214946265,arrival,3752,9,2,11
4118.826372809114,arrival,3753,10,2,12
4119.2065062191805,departure,3743,10,1,11
4119.2065062191805,service_start,3744,9,2,11
4119.3929918684125,arrival,3754,10,2,12
4120.157160418893,departure,3742,10,1,11
4120.157160418893,service_start,3745,9,2,11
4120.213706312348,arrival,3755,10,2,12
4121.264109137973,departure,3745,10,1,11
4121.264109137973,service_start,3746,9,2,11
4121.987510854502,arrival,3756,10,2,12
4122.264283025168,departure,3746,10,1,11
4122.264283025168,service_start,3747,9,2,11
4122.5083041273165,departure,3744,9,1,10
4122.5083041273165,service_start,3748,8,2,10
4122.574159754384,arrival,3757,9,2,11
4123.8182360139635,arrival,3758,10,2,12
4124.8280468562225,arrival,3759,11,2,13
4124.9576895503415,departure,3748,11,1,12
4124.9576895503415,service_start,3749,10,2,12
4125.6925646857735,departure,3747,10,1,11
4125.6925646857735,service_start,3750,9,2,11
4125.781337089887,arrival,3760,10,2,12
4125.97506866035,departure,3750,10,1,11
4125.97506866035,service_start,3751,9,2,11
4126.418409845499,departure,3749,9,1,10
4126.418409845499,service_start,3752,8,2,10
4126.680893596911,departure,3751,8,1,9
4126.680893596911,service_start,3753,7,2,9
4127.287319377645,arrival,3761,8,2,10
4128.550015580894,departure,3753,8,1,9
4128.550015580894,service_start,3754,7,2,9
4130.491395842828,departure,3752,7,1,8
4130.491395842828,service_start,3755,6,2,8
4131.290676171941,arrival,3762,7,2,9
4131.302652060169,departure,3755,7,1,8
4131.302652060169,service_start,3756,6,2,8
4131.323446194136,departure,3754,6,1,7
4131.323446194136,service_start,3757,5,2,7
4131.366405434855,arrival,3763,6,2,8
4131.602910809851,departure,3756,6,1,7
4131.602910809851,service_start,3758,5,2,7
4132.189176505283,arrival,3764,6,2,8
4132.474595657186,arrival,3765,7,2,9
4132.790799700428,departure,3757,7,1,8
4132.790799700428,service_start,3759,6,2,8
4133.86963716039,departure,3759,6,1,7
4133.86963716039,service_start,3760,5,2,7
4134.149190190979,departure,3760,5,1,6
4134.149190190979,service_start,3761,4,2,6
4134.71599333979,arrival,3766,5,2,7
4134.869293080053,departure,3761,5,1,6
4134.869293080053,service_start,3762,4,2,6
4135.021202110265,departure,3762,4,1,5
4135.021202110265,service_start,3763,3,2,5
4135.160448579228,departure,3758,3,1,4
4135.160448579228,service_start,3764,2,2,4
4136.5002823741725,departure,3764,2,1,3
4136.5002823741725,service_start,3765,1,2,3
4136.552318620332,departure,3765,1,1,2
4136.552318620332,service_start,3766,0,2,2
4137.153556320364,departure,3766,0,1,1
4137.235209473271,arrival,3767,0,2,2
4137.235209473271,service_start,3767,0,2,2
4138.390922599794,departure,3767,0,1,1
4139.976820514897,arrival,3768,0,2,2
4139.976820514897,service_start,3768,0,2,2
4140.157592866605,departure,3763,0,1,1
4142.334386350658,departure,3768,0,0,0
4144.004841792399,arrival,3769,0,1,1
4144.004841792399,service_start,3769,0,1,1
4144.366946419978,arrival,3770,0,2,2
4144.366946419978,service_start,3770,0,2,2
4145.965085604899,departure,3769,0,1,1
4146.639221962099,departure,3770,0,0,0
4148.2856847212815,arrival,3771,0,1,1
4148.2856847212815,service_start,3771,0,1,1
4148.81890629171,arrival,3772,0,2,2
4148.81890629171,service_start,3772,0,2,2
4149.005821197068,departure,3771,0,1,1
4150.072603482471,arrival,3773,0,2,2
4150.072603482471,service_start,3773,0,2,2
4150.608358478291,arrival,3774,1,2,3
4150.690134648998,departure,3772,1,1,2
4150.690134648998,service_start,3774,0,2,2
4151.143712963765,arrival,3775,1,2,3
4151.64869023968,departure,3774,1,1,2
4151.64869023968,service_start,3775,0,2,2
4151.899705192598,departure,3775,0,1,1
4152.907782026655,arrival,3776,0,2,2
4152.907782026655,service_start,3776,0,2,2
4153.494754172756,arrival,3777,1,2,3
4155.1672690726455,departure,3773,1,1,2
4155.1672690726455,service_start,3777,0,2,2
4156.216214417925,arrival,3778,1,2,3
4157.117266850796,departure,3776,1,1,2
4157.117266850796,service_start,3778,0,2,2
4157.842933690787,arrival,3779,1,2,3
4157.856340882975,departure,3778,1,1,2
4157.856340882975,service_start,3779,0,2,2
4159.091170174935,departure,3779,0,1,1
4159.2044904666345,arrival,3780,0,2,2
4159.2044904666345,service_start,3780,0,2,2
4159.398961443817,departure,3780,0,1,1
4161.495373293906,arrival,3781,0,2,2
4161.495373293906,service_start,3781,0,2,2
4161.541241329099,departure,3781,0,1,1
4161.75228923068,arrival,3782,0,2,2
4161.75228923068,service_start,3782,0,2,2
4161.969505357554,arrival,3783,1,2,3
4162.5715625303765,departure,3777,1,1,2
4162.5715625303765,service_start,3783,0,2,2
4163.5238015313025,arrival,3784,1,2,3
4163.554436062096,arrival,3785,2,2,4
4165.564524337498,departure,3782,2,1,3
4165.564524337498,service_start,3784,1,2,3
4165.584183142186,departure,3783,1,1,2
4165.584183142186,service_start,3785,0,2,2
4166.107696073844,departure,3784,0,1,1
4166.452060686973,arrival,3786,0,2,2
4166.452060686973,service_start,3786,0,2,2
4166.71565911973,arrival,3787,1,2,3
4166.892233582692,departure,3785,1,1,2
4166.892233582692,service_start,3787,0,2,2
4167.43729617972,departure,3787,0,1,1
4167.443551513483,arrival,3788,0,2,2
4167.443551513483,service_start,3788,0,2,2
4168.197811141907,arrival,3789,1,2,3
4168.563036361637,arrival,3790,2,2,4
4168.87189022602,arrival,3791,3,2,5
4169.631914724307,arrival,3792,4,2,6
4169.748655297231,arrival,3793,5,2,7
4170.799385207734,departure,3786,5,1,6
4170.799385207734,service_start,3789,4,2,6
4171.066692821886,departure,3788,4,1,5
4171.066692821886,service_start,3790,3,2,5
4171.871258848724,departure,3789,3,1,4
4171.871258848724,service_start,3791,2,2,4
4171.946063144998,arrival,3794,3,2,5
4172.8956307970375,departure,3790,3,1,4
4172.8956307970375,service_start,3792,2,2,4
4173.223020536458,arrival,3795,3,2,5
4174.455017261073,arrival,3796,4,2,6
4174.574116475747,departure,3792,4,1,5
4174.574116475747,service_start,3793,3,2,5
4175.332111637028,arrival,3797,4,2,6
4175.970433312954,departure,3791,4,1,5
4175.970433312954,service_start,3794,3,2,5
4176.354325958038,departure,3794,3,1,4
4176.354325958038,service_start,3795,2,2,4
4176.409820531437,arrival,3798,3,2,5
4176.527313459417,arrival,3799,4,2,6
4177.361895049245,arrival,3800,5,2,7
4177.645425927064,departure,3795,5,1,6
4177.645425927064,service_start,3796,4,2,6
4177.913408441331,arrival,3801,5,2,7
4178.4517260776865,arrival,3802,6,2,8
4179.293211879835,departure,3796,6,1,7
4179.293211879835,service_start,3797,5,2,7
4181.383171686408,departure,3797,5,1,6
4181.383171686408,service_start,3798,4,2,6
4181.548920661103,arrival,3803,5,2,7
4181.970177026738,arrival,3804,6,2,8
4182.334266463954,arrival,3805,7,2,9
4183.203103638845,departure,3798,7,1,8
4183.203103638845,service_start,3799,6,2,8
4183.344487828246,departure,3799,6,1,7
4183.344487828246,service_start,3800,5,2,7
4183.624468215493,departure,3800,5,1,6
4183.624468215493,service_start,3801,4,2,6
4184.768599254934,departure,3793,4,1,5
4184.768599254934,service_start,3802,3,2,5
4185.20009557109,arrival,3806,4,2,6
4186.012168455099,arrival,3807,5,2,7
4186.061547228141,arrival,3808,6,2,8
4186.977036603485,departure,3802,6,1,7
4186.977036603485,service_start,3803,5,2,7
4187.501832761002,arrival,3809,6,2,8
4187.68733675869,departure,3801,6,1,7
4187.68733675869,service_start,3804,5,2,7
4189.295954884785,arrival,3810,6,2,8
4189.528552099158,departure,3804,6,1,7
4189.528552099158,service_start,3805,5,2,7
4189.621404527518,departure,3803,5,1,6
4189.621404527518,service_start,3806,4,2,6
4189.9173585527615,arrival,3811,5,2,7
4190.040321182257,arrival,3812,6,2,8
4190.255743487921,arrival,3813,7,2,9
4190.688868918559,departure,3806,7,1,8
4190.688868918559,service_start,3807,6,2,8
4190.786209237713,arrival,3814,7,2,9
4191.094681304861,departure,3807,7,1,8
4191.094681304861,service_start,3808,6,2,8
4191.220171462897,arrival,3815,7,2,9
4191.295851555113,arrival,3816,8,2,10
4191.4746487300245,arrival,3817,9,2,11
4191.891574974027,departure,3808,9,1,10
4191.891574974027,service_start,3809,8,2,10
4191.9044151418075,arrival,3818,9,2,11
4191.941150356749,departure,3809,9,1,10
4191.941150356749,service_start,3810,8,2,10
4193.3004279313145,arrival,3819,9,2,11
4193.4287016176695,arrival,3820,10,2,12
4193.503273153292,departure,3805,10,1,11
4193.503273153292,service_start,3811,9,2,11
4193.859475167408,departure,3810,9,1,10
4193.859475167408,service_start,3812,8,2,10
4194.701714422462,arrival,3821,9,2,11
4195.261721965482,arrival,3822,10,2,12
4196.455853953688,arrival,3823,11,2,13
4196.5706328850765,arrival,3824,12,2,14
4196.720795350072,departure,3811,12,1,13
4196.720795350072,service_start,3813,11,2,13
4196.814319966505,arrival,3825,12,2,14
4197.277238045688,arrival,3826,13,2,15
4197.2854707428805,departure,3812,13,1,14
4197.2854707428805,service_start,3814,12,2,14
4197.9383118078385,arrival,3827,13,2,15
4198.736260846051,departure,3813,13,1,14
4198.736260846051,service_start,3815,12,2,14
4198.834069060827,departure,3815,12,1,13
4198.834069060827,service_start,3816,11,2,13
4199.257758192243,departure,3814,11,1,12
4199.257758192243,service_start,3817,10,2,12
4199.62930312341,arrival,3828,11,2,13
4200.137939915941,departure,3816,11,1,12
4200.137939915941,service_start,3818,10,2,12
4200.152254475037,departure,3817,10,1,11
4200.152254475037,service_start,3819,9,2,11
4200.7763920585085,arrival,3829,10,2,12
4201.5760634099115,departure,3819,10,1,11
4201.5760634099115,service_start,3820,9,2,11
4201.781384686952,arrival,3830,10,2,12
4202.177474925861,departure,3818,10,1,11
4202.177474925861,service_start,3821,9,2,11
4202.336191068659,arrival,3831,10,2,12
4202.362407154457,departure,3820,10,1,11
4202.362407154457,service_start,3822,9,2,11
4204.229266344543,arrival,3832,10,2,12
4204.486546982272,departure,3821,10,1,11
4204.486546982272,service_start,3823,9,2,11
4205.296729423635,arrival,3833,10,2,12
4205.556980238051,departure,3823,10,1,11
4205.556980238051,service_start,3824,9,2,11
4205.9542145711,arrival,3834,10,2,12
4205.9750853329,departure,3824,10,1,11
4205.9750853329,service_start,3825,9,2,11
4206.599094582945,departure,3822,9,1,10
4206.599094582945,service_start,3826,8,2,10
4206.778980028517,departure,3826,8,1,9
4206.778980028517,service_start,3827,7,2,9
4207.994979986891,departure,3825,7,1,8
4207.994979986891,service_start,3828,6,2,8
4208.497251458208,arrival,3835,7,2,9
4208.6064900600595,arrival,3836,8,2,10
4209.549668347025,departure,3827,8,1,9
4209.549668347025,service_start,3829,7,2,9
4210.3325252248005,departure,3828,7,1,8
4210.3325252248005,service_start,3830,6,2,8
4210.439789311918,arrival,3837,7,2,9
4210.5810199165,arrival,3838,8,2,10
4211.181347305596,departure,3830,8,1,9
4211.181347305596,service_start,3831,7,2,9
4211.389353735779,departure,3831,7,1,8
4211.389353735779,service_start,3832,6,2,8
4212.019715600688,arrival,3839,7,2,9
4212.570736978382,arrival,3840,8,2,10
4212.952883631304,departure,3829,8,1,9
4212.952883631304,service_start,3833,7,2,9
4213.125451143854,departure,3832,7,1,8
4213.125451143854,service_start,3834,6,2,8
4214.0532295401035,arrival,3841,7,2,9
4214.154963826445,departure,3833,7,1,8
4214.154963826445,service_start,3835,6,2,8
4214.76892719743,departure,3835,6,1,7
4214.76892719743,service_start,3836,5,2,7
4215.0257040767465,arrival,3842,6,2,8
4215.241425642287,arrival,3843,7,2,9
4216.77796328334,departure,3836,7,1,8
4216.77796328334,service_start,3837,6,2,8
4217.106173066341,arrival,3844,7,2,9
4217.832489193595,arrival,3845,8,2,10
4218.196759034892,arrival,3846,9,2,11
4218.5985795808,arrival,3847,10,2,12
4218.71737170314,arrival,3848,11,2,13
4218.865542756554,arrival,3849,12,2,14
4219.276742685534,departure,3837,12,1,13
4219.276742685534,service_start,3838,11,2,13
4219.9941271070975,departure,3838,11,1,12
4219.9941271070975,service_start,3839,10,2,12
4220.268895140274,departure,3839,10,1,11
4220.268895140274,service_start,3840,9,2,11
4223.097187627411,arrival,3850,10,2,12
4224.199474589681,arrival,3851,11,2,13
4224.236720261969,departure,3840,11,1,12
4224.236720261969,service_start,3841,10,2,12
4224.418357390869,arrival,3852,11,2,13
4225.0935635927435,departure,3841,11,1,12
4225.0935635927435,service_start,3842,10,2,12
4225.403855700293,departure,3834,10,1,11
4225.403855700293,service_start,3843,9,2,11
4225.663063672123,arrival,3853,10,2,12
4225.703847896958,arrival,3854,11,2,13
4225.884372037561,departure,3842,11,1,12
4225.884372037561,service_start,3844,10,2,12
4226.174652623285,departure,3843,10,1,11
4226.174652623285,service_start,3845,9,2,11
4226.217577053691,arrival,3855,10,2,12
4226.859372690673,arrival,3856,11,2,13
4226.926632547681,departure,3845,11,1,12
4226.926632547681,service_start,3846,10,2,12
4226.967641786625,arrival,3857,11,2,13
4228.073641363136,departure,3846,11,1,12
4228.073641363136,service_start,3847,10,2,12
4228.484503515502,arrival,3858,11,2,13
4228.68301701392,departure,3844,11,1,12
4228.68301701392,service_start,3848,10,2,12
4228.903174649783,departure,3847,10,1,11
4228.903174649783,service_start,3849,9,2,11
4229.058481574367,arrival,3859,10,2,12
4230.390882938306,departure,3848,10,1,11
4230.390882938306,service_start,3850,9,2,11
4230.500850203554,departure,3850,9,1,10
4230.500850203554,service_start,3851,8,2,10
4232.610954384903,arrival,3860,9,2,11
4232.740185742936,arrival,3861,10,2,12
4232.961141357587,departure,3851,10,1,11
4232.961141357587,service_start,3852,9,2,11
4233.029446742113,arrival,3862,10,2,12
4233.242337206183,departure,3849,10,1,11
4233.242337206183,service_start,3853,9,2,11
4233.396360167461,arrival,3863,10,2,12
4234.009745311702,departure,3853,10,1,11
4234.009745311702,service_start,3854,9,2,11
4234.5090690943625,departure,3852,9,1,10
4234.5090690943625,service_start,3855,8,2,10
4235.15673172379,arrival,3864,9,2,11
4235.215317666468,departure,3855,9,1,10
4235.215317666468,service_start,3856,8,2,10
4235.920553044492,arrival,3865,9,2,11
4236.893059735829,arrival,3866,10,2,12
4237.214840677992,departure,3856,10,1,11
4237.214840677992,service_start,3857,9,2,11
4237.508571761522,arrival,3867,10,2,12
4238.656116492178,departure,3857,10,1,11
4238.656116492178,service_start,3858,9,2,11
4238.66330298721,arrival,3868,10,2,12
4239.534688017576,departure,3854,10,1,11
4239.534688017576,service_start,3859,9,2,11
4239.6265146482,departure,3859,9,1,10
4239.6265146482,service_start,3860,8,2,10
4239.664418797501,departure,3858,8,1,9
4239.664418797501,service_start,3861,7,2,9
4239.6699165060345,departure,3861,7,1,8
4239.6699165060345,service_start,3862,6,2,8
4239.697142718875,departure,3860,6,1,7
4239.697142718875,service_start,3863,5,2,7
4240.163433390745,arrival,3869,6,2,8
4240.512316803262,arrival,3870,7,2,9
4241.472329149672,departure,3862,7,1,8
4241.472329149672,service_start,3864,6,2,8
4241.518333359988,departure,3864,6,1,7
4241.518333359988,service_start,3865,5,2,7
4241.6990266044095,arrival,3871,6,2,8
4243.165952862658,arrival,3872,7,2,9
4243.480861324587,arrival,3873,8,2,10
4245.433157856446,arrival,3874,9,2,11
4245.742304370598,arrival,3875,10,2,12
4245.829341326236,departure,3863,10,1,11
4245.829341326236,service_start,3866,9,2,11
4245.868530408839,departure,3865,9,1,10
4245.868530408839,service_start,3867,8,2,10
4246.161660236885,departure,3867,8,1,9
4246.161660236885,service_start,3868,7,2,9
4246.560725492616,departure,3868,7,1,8
4246.560725492616,service_start,3869,6,2,8
4246.7045973487075,departure,3866,6,1,7
4246.7045973487075,service_start,3870,5,2,7
4247.0894383101895,arrival,3876,6,2,8
4247.147971298867,arrival,3877,7,2,9
4247.688712939385,departure,3869,7,1,8
4247.688712939385,service_start,3871,6,2,8
4247.813538050546,departure,3870,6,1,7
4247.813538050546,service_start,3872,5,2,7
4248.2713376343,departure,3872,5,1,6
4248.2713376343,service_start,3873,4,2,6
4248.486156900262,departure,3873,4,1,5
4248.486156900262,service_start,3874,3,2,5
4248.690312809181,departure,3871,3,1,4
4248.690312809181,service_start,3875,2,2,4
4249.330412549976,departure,3874,2,1,3
4249.330412549976,service_start,3876,1,2,3
4249.71314312746,departure,3876,1,1,2
4249.71314312746,service_start,3877,0,2,2
4249.874665248866,arrival,3878,1,2,3
4250.999272363599,arrival,3879,2,2,4
4251.276436268209,arrival,3880,3,2,5
4251.6942158045995,arrival,3881,4,2,6
4252.0226677392375,departure,3877,4,1,5
4252.0226677392375,service_start,3878,3,2,5
4252.327043035056,departure,3878,3,1,4
4252.327043035056,service_start,3879,2,2,4
4253.198611588391,arrival,3882,3,2,5
4253.3824469580195,arrival,3883,4,2,6
4256.652730847625,departure,3879,4,1,5
4256.652730847625,service_start,3880,3,2,5
4257.062431370469,arrival,3884,4,2,6
4257.371908514517,departure,3875,4,1,5
4257.371908514517,service_start,3881,3,2,5
4257.537466979873,arrival,3885,4,2,6
4257.726056076401,departure,3881,4,1,5
4257.726056076401,service_start,3882,3,2,5
4258.463765464024,arrival,3886,4,2,6
4259.340080294072,arrival,3887,5,2,7
4259.756727734454,arrival,3888,6,2,8
4259.782506457062,arrival,3889,7,2,9
4260.213050606519,arrival,3890,8,2,10
4261.338801347514,departure,3882,8,1,9
4261.338801347514,service_start,3883,7,2,9
4261.495633034668,arrival,3891,8,2,10
4262.411013553676,arrival,3892,9,2,11
4262.428215479712,arrival,3893,10,2,12
4262.479904682866,departure,3883,10,1,11
4262.479904682866,service_start,3884,9,2,11
4262.910489852157,departure,3880,9,1,10
4262.910489852157,service_start,3885,8,2,10
4262.950836941274,arrival,3894,9,2,11
4263.121254074772,departure,3885,9,1,10
4263.121254074772,service_start,3886,8,2,10
4263.5909935489,departure,3886,8,1,9
4263.5909935489,service_start,3887,7,2,9
4264.70444828503,departure,3887,7,1,8
4264.70444828503,service_start,3888,6,2,8
4265.624902837817,departure,3884,6,1,7
4265.624902837817,service_start,3889,5,2,7
4265.803004268873,arrival,3895,6,2,8
4266.690706373971,arrival,3896,7,2,9
4267.288757839155,arrival,3897,8,2,10
4267.977014320013,departure,3888,8,1,9
4267.977014320013,service_start,3890,7,2,9
4268.10468449812,departure,3889,7,1,8
4268.10468449812,service_start,3891,6,2,8
4268.326225454133,arrival,3898,7,2,9
4268.373644950842,arrival,3899,8,2,10
4269.380357849547,departure,3891,8,1,9
4269.380357849547,service_start,3892,7,2,9
4270.54501866949,arrival,3900,8,2,10
4270.78517078152,arrival,3901,9,2,11
4271.425085772886,arrival,3902,10,2,12
4271.870749822149,arrival,3903,11,2,13
4272.064962603375,departure,3892,11,1,12
4272.064962603375,service_start,3893,10,2,12
4272.162479629048,departure,3890,10,1,11
4272.162479629048,service_start,3894,9,2,11
4272.682447546374,departure,3893,9,1,10
4272.682447546374,service_start,3895,8,2,10
4273.070133149014,departure,3894,8,1,9
4273.070133149014,service_start,3896,7,2,9
4273.789467811666,departure,3895,7,1,8
4273.789467811666,service_start,3897,6,2,8
4274.261028821682,departure,3897,6,1,7
4274.261028821682,service_start,3898,5,2,7
4274.47339029436,arrival,3904,6,2,8
4274.511529952699,departure,3898,6,1,7
4274.511529952699,service_start,3899,5,2,7
4275.400735659452,arrival,3905,6,2,8
4275.919035214528,departure,3896,6,1,7
4275.919035214528,service_start,3900,5,2,7
4276.619886476338,departure,3900,5,1,6
4276.619886476338,service_start,3901,4,2,6
4276.636523786661,arrival,3906,5,2,7
4276.640651685822,arrival,3907,6,2,8
4276.795029827482,arrival,3908,7,2,9
4277.492373985845,departure,3899,7,1,8
4277.492373985845,service_start,3902,6,2,8
4277.999781481514,departure,3901,6,1,7
4277.999781481514,service_start,3903,5,2,7
4278.1970882711075,arrival,3909,6,2,8
4278.242015776582,departure,3902,6,1,7
4278.242015776582,service_start,3904,5,2,7
4278.876148616407,arrival,3910,6,2,8
4279.1756566814975,arrival,3911,7,2,9
4279.285596546317,arrival,3912,8,2,10
4279.689443949452,departure,3904,8,1,9
4279.689443949452,service_start,3905,7,2,9
4280.460672116173,departure,3905,7,1,8
4280.460672116173,service_start,3906,6,2,8
4281.00743702269,departure,3906,6,1,7
4281.00743702269,service_start,3907,5,2,7
4281.649781061111,departure,3903,5,1,6
4281.649781061111,service_start,3908,4,2,6
4282.506553915039,arrival,3913,5,2,7
4282.803712351633,arrival,3914,6,2,8
4283.514639049392,departure,3907,6,1,7
4283.514639049392,service_start,3909,5,2,7
4283.96280099619,departure,3908,5,1,6
4283.96280099619,service_start,3910,4,2,6
4284.817331488656,arrival,3915,5,2,7
4284.973112836389,departure,3909,5,1,6
4284.973112836389,service_start,3911,4,2,6
4285.13646888665,arrival,3916,5,2,7
4285.708397697494,departure,3911,5,1,6
4285.708397697494,service_start,3912,4,2,6
4288.055814681412,departure,3912,4,1,5
4288.055814681412,service_start,3913,3,2,5
4288.985218840355,arrival,3917,4,2,6
4289.590553834133,departure,3910,4,1,5
4289.590553834133,service_start,3914,3,2,5
4290.219272687692,departure,3913,3,1,4
4290.219272687692,service_start,3915,2,2,4
4291.166062463919,arrival,3918,3,2,5
4291.488322340405,arrival,3919,4,2,6
4291.676987342626,departure,3915,4,1,5
4291.676987342626,service_start,3916,3,2,5
4292.549018692861,departure,3916,3,1,4
4292.549018692861,service_start,3917,2,2,4
4292.593874548706,arrival,3920,3,2,5
4292.828427935511,departure,3914,3,1,4
4292.828427935511,service_start,3918,2,2,4
4293.848517061221,arrival,3921,3,2,5
4295.610782812599,arrival,3922,4,2,6
4296.398699720321,arrival,3923,5,2,7
4296.477781903335,departure,3917,5,1,6
4296.477781903335,service_start,3919,4,2,6
4296.999668874946,arrival,3924,5,2,7
4297.165422071817,departure,3919,5,1,6
4297.165422071817,service_start,3920,4,2,6
4297.470464004166,arrival,3925,5,2,7
4297.989551055943,departure,3918,5,1,6
4297.989551055943,service_start,3921,4,2,6
4298.777818522774,arrival,3926,5,2,7
4299.46292674627,arrival,3927,6,2,8
4300.023228211576,departure,3921,6,1,7
4300.023228211576,service_start,3922,5,2,7
4301.242490583044,arrival,3928,6,2,8
4301.490633999239,departure,3920,6,1,7
4301.490633999239,service_start,3923,5,2,7
4302.6641802558,arrival,3929,6,2,8
4302.721853140212,arrival,3930,7,2,9
4305.221990404854,arrival,3931,8,2,10
4306.036837717699,arrival,3932,9,2,11
4306.383924199023,departure,3922,9,1,10
4306.383924199023,service_start,3924,8,2,10
4307.186316310308,arrival,3933,9,2,11
4308.0937675899695,departure,3924,9,1,10
4308.0937675899695,service_start,3925,8,2,10
4308.109729084415,departure,3923,8,1,9
4308.109729084415,service_start,3926,7,2,9
4308.248523375895,arrival,3934,8,2,10
4308.366058315976,arrival,3935,9,2,11
4309.069357385944,departure,3926,9,1,10
4309.069357385944,service_start,3927,8,2,10
4309.407021822887,arrival,3936,9,2,11
4309.664909712941,arrival,3937,10,2,12
4309.816907622978,departure,3925,10,1,11
4309.816907622978,service_start,3928,9,2,11
4310.371152362773,departure,3928,9,1,10
4310.371152362773,service_start,3929,8,2,10
4310.604770427327,departure,3929,8,1,9
4310.604770427327,service_start,3930,7,2,9
4310.636301518175,departure,3927,7,1,8
4310.636301518175,service_start,3931,6,2,8
4310.860758367669,departure,3931,6,1,7
4310.860758367669,service_start,3932,5,2,7
4311.657084714409,arrival,3938,6,2,8
4311.891025429784,arrival,3939,7,2,9
4312.211706522487,departure,3930,7,1,8
4312.211706522487,service_start,3933,6,2,8
4312.22579293806,arrival,3940,7,2,9
4313.987156218631,departure,3932,7,1,8
4313.987156218631,service_start,3934,6,2,8
4314.838898491775,arrival,3941,7,2,9
4314.901114110175,departure,3933,7,1,8
4314.901114110175,service_start,3935,6,2,8
4315.230760138125,arrival,3942,7,2,9
4315.61640026967,arrival,3943,8,2,10
4315.993827183768,arrival,3944,9,2,11
4316.23833736341,departure,3935,9,1,10
4316.23833736341,service_start,3936,8,2,10
4316.436770687817,departure,3936,8,1,9
4316.436770687817,service_start,3937,7,2,9
4316.501112027099,departure,3937,7,1,8
4316.501112027099,service_start,3938,6,2,8
4316.61437588782,departure,3934,6,1,7
4316.61437588782,service_start,3939,5,2,7
4316.771673126523,departure,3939,5,1,6
4316.771673126523,service_start,3940,4,2,6
4317.708916983486,arrival,3945,5,2,7
4317.812773524405,departure,3940,5,1,6
4317.812773524405,service_start,3941,4,2,6
4318.730092514243,arrival,3946,5,2,7
4318.827832905488,arrival,3947,6,2,8
4318.993392035538,arrival,3948,7,2,9
4318.996489686382,departure,3941,7,1,8
4318.996489686382,service_start,3942,6,2,8
4319.6468586720775,arrival,3949,7,2,9
4319.671539439985,departure,3942,7,1,8
4319.671539439985,service_start,3943,6,2,8
4320.576544131994,arrival,3950,7,2,9
4320.99012075047,departure,3943,7,1,8
4320.99012075047,service_start,3944,6,2,8
4321.310639878519,arrival,3951,7,2,9
4321.692718456296,arrival,3952,8,2,10
4321.702340592874,departure,3944,8,1,9
4321.702340592874,service_start,3945,7,2,9
4322.329420471185,departure,3945,7,1,8
4322.329420471185,service_start,3946,6,2,8
4322.406062781393,arrival,3953,7,2,9
4322.41946983105,arrival,3954,8,2,10
4322.667411118214,departure,3946,8,1,9
4322.667411118214,service_start,3947,7,2,9
4323.239700563925,departure,3938,7,1,8
4323.239700563925,service_start,3948,6,2,8
4323.490043437756,arrival,3955,7,2,9
4324.0245742925445,departure,3947,7,1,8
4324.0245742925445,service_start,3949,6,2,8
4324.237772853831,arrival,3956,7,2,9
4324.372336212195,departure,3948,7,1,8
4324.372336212195,service_start,3950,6,2,8
4324.447317344839,arrival,3957,7,2,9
4324.516387247209,departure,3950,7,1,8
4324.516387247209,service_start,3951,6,2,8
4324.973822170475,arrival,3958,7,2,9
4325.042683246344,departure,3951,7,1,8
4325.042683246344,service_start,3952,6,2,8
4326.890373537844,arrival,3959,7,2,9
4327.207089236251,departure,3949,7,1,8
4327.207089236251,service_start,3953,6,2,8
4327.556596547952,departure,3952,6,1,7
4327.556596547952,service_start,3954,5,2,7
4328.838069100258,arrival,3960,6,2,8
4329.181439204005,departure,3954,6,1,7
4329.181439204005,service_start,3955,5,2,7
4329.517468989027,departure,3953,5,1,6
4329.517468989027,service_start,3956,4,2,6
4329.6526353040135,arrival,3961,5,2,7
4329.926170424366,arrival,3962,6,2,8
4330.469871867086,departure,3955,6,1,7
4330.469871867086,service_start,3957,5,2,7
4330.479260358105,arrival,3963,6,2,8
4331.2897468070005,departure,3957,6,1,7
4331.2897468070005,service_start,3958,5,2,7
4331.714860807874,departure,3956,5,1,6
4331.714860807874,service_start,3959,4,2,6
4332.319624388468,departure,3959,4,1,5
4332.319624388468,service_start,3960,3,2,5
4332.402500353581,departure,3960,3,1,4
4332.402500353581,service_start,3961,2,2,4
4333.330474419333,arrival,3964,3,2,5
4333.693608632727,arrival,3965,4,2,6
4334.555603430363,arrival,3966,5,2,7
4335.742799793549,departure,3961,5,1,6
4335.742799793549,service_start,3962,4,2,6
4336.11005095303,arrival,3967,5,2,7
4337.17155519623,arrival,3968,6,2,8
4337.230321008702,arrival,3969,7,2,9
4337.710493050487,departure,3962,7,1,8
4337.710493050487,service_start,3963,6,2,8
4338.985724931191,arrival,3970,7,2,9
4339.022183174342,arrival,3971,8,2,10
4339.023239935076,arrival,3972,9,2,11
4339.461551364472,arrival,3973,10,2,12
4339.750788904121,departure,3958,10,1,11
4339.750788904121,service_start,3964,9,2,11
4340.311949757903,departure,3964,9,1,10
4340.311949757903,service_start,3965,8,2,10
4340.42009465129,arrival,3974,9,2,11
4341.1263180313435,departure,3965,9,1,10
4341.1263180313435,service_start,3966,8,2,10
4341.705634809125,arrival,3975,9,2,11
4341.892769590184,departure,3966,9,1,10
4341.892769590184,service_start,3967,8,2,10
4342.475329153429,departure,3963,8,1,9
4342.475329153429,service_start,3968,7,2,9
4342.796283617503,departure,3968,7,1,8
4342.796283617503,service_start,3969,6,2,8
4342.818181993605,arrival,3976,7,2,9
4342.872497148676,departure,3969,7,1,8
4342.872497148676,service_start,3970,6,2,8
4343.231966443809,departure,3970,6,1,7
4343.231966443809,service_start,3971,5,2,7
4343.278400424044,arrival,3977,6,2,8
4343.350791497338,arrival,3978,7,2,9
4344.33945943563,departure,3967,7,1,8
4344.33945943563,service_start,3972,6,2,8
4345.159872296735,departure,3972,6,1,7
4345.159872296735,service_start,3973,5,2,7
4345.711345414978,arrival,3979,6,2,8
4347.164265240398,departure,3973,6,1,7
4347.164265240398,service_start,3974,5,2,7
4347.822306423356,arrival,3980,6,2,8
4347.846625135555,departure,3971,6,1,7
4347.846625135555,service_start,3975,5,2,7
4348.574896217156,arrival,3981,6,2,8
4348.799072052724,arrival,3982,7,2,9
4348.814633258694,arrival,3983,8,2,10
4349.638599784476,departure,3974,8,1,9
4349.638599784476,service_start,3976,7,2,9
4349.87744664089,departure,3976,7,1,8
4349.87744664089,service_start,3977,6,2,8
4351.920285501247,departure,3977,6,1,7
4351.920285501247,service_start,3978,5,2,7
4352.4722245897765,departure,3978,5,1,6
4352.4722245897765,service_start,3979,4,2,6
4352.856819986839,arrival,3984,5,2,7
4353.334580951405,departure,3979,5,1,6
4353.334580951405,service_start,3980,4,2,6
4354.223124088839,arrival,3985,5,2,7
4354.300031584817,departure,3980,5,1,6
4354.300031584817,service_start,3981,4,2,6
4354.752744594209,departure,3975,4,1,5
4354.752744594209,service_start,3982,3,2,5
4354.924253747794,departure,3982,3,1,4
4354.924253747794,service_start,3983,2,2,4
4355.827105671334,departure,3983,2,1,3
4355.827105671334,service_start,3984,1,2,3
4356.089599950658,arrival,3986,2,2,4
4356.900967206396,arrival,3987,3,2,5
4357.138205559635,departure,3981,3,1,4
4357.138205559635,service_start,3985,2,2,4
4358.342487924252,departure,3984,2,1,3
4358.342487924252,service_start,3986,1,2,3
4358.531539230828,departure,3986,1,1,2
4358.531539230828,service_start,3987,0,2,2
4359.685632078939,arrival,3988,1,2,3
4360.28086311673,departure,3987,1,1,2
4360.28086311673,service_start,3988,0,2,2
4361.19626061335,departure,3985,0,1,1
4361.585020732958,arrival,3989,0,2,2
4361.585020732958,service_start,3989,0,2,2
4361.868957181491,arrival,3990,1,2,3
4362.09036500057,departure,3988,1,1,2
4362.09036500057,service_start,3990,0,2,2
4362.0919657742725,departure,3990,0,1,1
4363.844866737082,arrival,3991,0,2,2
4363.844866737082,service_start,3991,0,2,2
4364.213003211408,departure,3991,0,1,1
4364.423658625277,arrival,3992,0,2,2
4364.423658625277,service_start,3992,0,2,2
4364.626807650009,arrival,3993,1,2,3
4364.9734899477935,departure,3989,1,1,2
4364.9734899477935,service_start,3993,0,2,2
4365.303069917137,arrival,3994,1,2,3
4365.6109521996095,departure,3992,1,1,2
4365.6109521996095,service_start,3994,0,2,2
4366.064251063724,departure,3993,0,1,1
4366.118306004793,arrival,3995,0,2,2
4366.118306004793,service_start,3995,0,2,2
4366.688554986955,departure,3995,0,1,1
4368.7941266988155,departure,3994,0,0,0
4375.288275866395,arrival,3996,0,1,1
4375.288275866395,service_start,3996,0,1,1
4375.607589578067,departure,3996,0,0,0
4379.8782023498225,arrival,3997,0,1,1
4379.8782023498225,service_start,3997,0,1,1
4380.120447222974,arrival,3998,0,2,2
4380.120447222974,service_start,3998,0,2,2
4380.989963633701,departure,3998,0,1,1
4381.168858746298,arrival,3999,0,2,2
4381.168858746298,service_start,3999,0,2,2
4381.171534298279,arrival,4000,1,2,3
4381.618088089556,arrival,4001,2,2,4
4382.6329709633,arrival,4002,3,2,5
4383.276094176035,arrival,4003,4,2,6
4383.859410088129,arrival,4004,5,2,7
4384.294229875912,departure,3997,5,1,6
4384.294229875912,service_start,4000,4,2,6
4384.4719453229345,departure,3999,4,1,5
4384.4719453229345,service_start,4001,3,2,5
4384.643049615158,departure,4001,3,1,4
4384.643049615158,service_start,4002,2,2,4
4384.78209760852,arrival,4005,3,2,5
4385.74915088314,departure,4000,3,1,4
4385.74915088314,service_start,4003,2,2,4
4386.863990523917,arrival,4006,3,2,5
4387.266558571124,arrival,4007,4,2,6
4388.428081186793,departure,4003,4,1,5
4388.428081186793,service_start,4004,3,2,5
4388.887508373748,arrival,4008,4,2,6
4388.942844115512,departure,4004,4,1,5
4388.942844115512,service_start,4005,3,2,5
4389.562996003193,departure,4002,3,1,4
4389.562996003193,service_start,4006,2,2,4
4389.711944907398,departure,4005,2,1,3
4389.711944907398,service_start,4007,1,2,3
4390.9430821922215,departure,4006,1,1,2
4390.9430821922215,service_start,4008,0,2,2
4391.69166308484,arrival,4009,1,2,3
4391.720246906063,departure,4008,1,1,2
4391.720246906063,service_start,4009,0,2,2
4391.785770743188,arrival,4010,1,2,3
4391.855738927448,arrival,4011,2,2,4
4392.035451861204,departure,4009,2,1,3
4392.035451861204,service_start,4010,1,2,3
4392.357042449934,departure,4007,1,1,2
4392.357042449934,service_start,4011,0,2,2
4392.509724853473,departure,4010,0,1,1
4393.150577957295,departure,4011,0,0,0
4397.909991613759,arrival,4012,0,1,1
4397.909991613759,service_start,4012,0,1,1
4399.309142268356,departure,4012,0,0,0
4399.6165158876975,arrival,4013,0,1,1
4399.6165158876975,service_start,4013,0,1,1
4399.759403220343,departure,4013,0,0,0
4401.713005961456,arrival,4014,0,1,1
4401.713005961456,service_start,4014,0,1,1
4402.0949526473605,departure,4014,0,0,0
4402.889782183361,arrival,4015,0,1,1
4402.889782183361,service_start,4015,0,1,1
4403.289532091858,arrival,4016,0,2,2
4403.289532091858,service_start,4016,0,2,2
4403.50457434535,arrival,4017,1,2,3
4403.841324463023,arrival,4018,2,2,4
4404.084516998253,arrival,4019,3,2,5
4404.625283638622,arrival,4020,4,2,6
4404.86570531097,arrival,4021,5,2,7
4405.317732488177,departure,4015,5,1,6
4405.317732488177,service_start,4017,4,2,6
4407.221175896413,departure,4016,4,1,5
4407.221175896413,service_start,4018,3,2,5
4409.0795864170095,departure,4017,3,1,4
4409.0795864170095,service_start,4019,2,2,4
4409.707720737857,arrival,4022,3,2,5
4410.100860835215,arrival,4023,4,2,6
4410.253969797321,departure,4018,4,1,5
4410.253969797321,service_start,4020,3,2,5
4410.3004164640315,arrival,4024,4,2,6
4410.38603840839,arrival,4025,5,2,7
4413.4000073111465,departure,4019,5,1,6
4413.4000073111465,service_start,4021,4,2,6
4413.797624313754,departure,4020,4,1,5
4413.797624313754,service_start,4022,3,2,5
4414.703468533909,arrival,4026,4,2,6
4415.6867723017285,departure,4022,4,1,5
4415.6867723017285,service_start,4023,3,2,5
4415.713913869279,arrival,4027,4,2,6
4416.09587271667,arrival,4028,5,2,7
4416.68081450115,arrival,4029,6,2,8
4417.085695583971,departure,4023,6,1,7
4417.085695583971,service_start,4024,5,2,7
4417.2112088632975,departure,4024,5,1,6
4417.2112088632975,service_start,4025,4,2,6
4417.42745946748,departure,4025,4,1,5
4417.42745946748,service_start,4026,3,2,5
4418.746451900469,arrival,4030,4,2,6
4420.457524311105,arrival,4031,5,2,7
4420.588370068982,departure,4026,5,1,6
4420.588370068982,service_start,4027,4,2,6
4420.630889085758,departure,4021,4,1,5
4420.630889085758,service_start,4028,3,2,5
4421.182302299143,arrival,4032,4,2,6
4421.733556929087,departure,4027,4,1,5
4421.733556929087,service_start,4029,3,2,5
4422.355745239121,departure,4029,3,1,4
4422.355745239121,service_start,4030,2,2,4
4423.023753317832,arrival,4033,3,2,5
4423.310527698733,arrival,4034,4,2,6
4423.797055382331,arrival,4035,5,2,7
4424.206449237471,departure,4028,5,1,6
4424.206449237471,service_start,4031,4,2,6
4425.261289164816,arrival,4036,5,2,7
4425.750255861805,departure,4030,5,1,6
4425.750255861805,service_start,4032,4,2,6
4426.644080771687,arrival,4037,5,2,7
4427.215513560681,arrival,4038,6,2,8
4427.287056727328,departure,4031,6,1,7
4427.287056727328,service_start,4033,5,2,7
4427.372966329224,arrival,4039,6,2,8
4428.704288959501,departure,4032,6,1,7
4428.704288959501,service_start,4034,5,2,7
4429.787685537129,departure,4033,5,1,6
4429.787685537129,service_start,4035,4,2,6
4432.150590584974,arrival,4040,5,2,7
4432.180847612552,departure,4034,5,1,6
4432.180847612552,service_start,4036,4,2,6
4432.823251707779,departure,4036,4,1,5
4432.823251707779,service_start,4037,3,2,5
4433.432190894328,arrival,4041,4,2,6
4433.632486374553,arrival,4042,5,2,7
4433.77542942532,departure,4035,5,1,6
4433.77542942532,service_start,4038,4,2,6
4433.779908392097,arrival,4043,5,2,7
4433.840229987215,departure,4037,5,1,6
4433.840229987215,service_start,4039,4,2,6
4434.844336452339,departure,4039,4,1,5
4434.844336452339,service_start,4040,3,2,5
4434.879774625525,departure,4038,3,1,4
4434.879774625525,service_start,4041,2,2,4
4435.819985928538,departure,4041,2,1,3
4435.819985928538,service_start,4042,1,2,3
4436.7823659666155,arrival,4044,2,2,4
4436.890260267458,departure,4040,2,1,3
4436.890260267458,service_start,4043,1,2,3
4438.359281262237,arrival,4045,2,2,4
4438.381332865174,departure,4043,2,1,3
4438.381332865174,service_start,4044,1,2,3
4439.6700871070125,departure,4042,1,1,2
4439.6700871070125,service_start,4045,0,2,2
4439.752858500855,arrival,4046,1,2,3
4441.655347997037,departure,4045,1,1,2
4441.655347997037,service_start,4046,0,2,2
4443.29233793453,departure,4046,0,1,1
4443.5569374158995,departure,4044,0,0,0
4445.097077820369,arrival,4047,0,1,1
4445.097077820369,service_start,4047,0,1,1
4445.392655262012,arrival,4048,0,2,2
4445.392655262012,service_start,4048,0,2,2
4446.004271786016,departure,4047,0,1,1
4447.095328319175,departure,4048,0,0,0
4447.295641602072,arrival,4049,0,1,1
4447.295641602072,service_start,4049,0,1,1
4448.836160353322,arrival,4050,0,2,2
4448.836160353322,service_start,4050,0,2,2
4449.146441153544,departure,4050,0,1,1
4449.4446033895865,arrival,4051,0,2,2
4449.4446033895865,service_start,4051,0,2,2
4449.842672457366,departure,4051,0,1,1
4450.336627359429,arrival,4052,0,2,2
4450.336627359429,service_start,4052,0,2,2
4453.289217385964,arrival,4053,1,2,3
4454.159783199899,departure,4049,1,1,2
4454.159783199899,service_start,4053,0,2,2
4454.316969869964,departure,4052,0,1,1
4455.47264227967,departure,4053,0,0,0
4455.587924050067,arrival,4054,0,1,1
4455.587924050067,service_start,4054,0,1,1
4455.778843578065,arrival,4055,0,2,2
4455.778843578065,service_start,4055,0,2,2
4456.282081083622,arrival,4056,1,2,3
4457.723088048053,departure,4054,1,1,2
4457.723088048053,service_start,4056,0,2,2
4459.425152033436,departure,4056,0,1,1
4460.309302291688,arrival,4057,0,2,2
4460.309302291688,service_start,4057,0,2,2
4460.479894133546,departure,4055,0,1,1
4461.237671472885,arrival,4058,0,2,2
4461.237671472885,service_start,4058,0,2,2
4461.390833159429,arrival,4059,1,2,3
4461.731074469159,departure,4058,1,1,2
4461.731074469159,service_start,4059,0,2,2
4462.574679018146,departure,4059,0,1,1
4463.4969730459325,departure,4057,0,0,0
4466.103613500678,arrival,4060,0,1,1
4466.103613500678,service_start,4060,0,1,1
4470.765873111605,arrival,4061,0,2,2
4470.765873111605,service_start,4061,0,2,2
4470.776353656104,departure,4060,0,1,1
4470.979361251383,arrival,4062,0,2,2
4470.979361251383,service_start,4062,0,2,2
4471.698400493814,departure,4062,0,1,1
4471.877758423934,arrival,4063,0,2,2
4471.877758423934,service_start,4063,0,2,2
4473.306478648131,departure,4061,0,1,1
4473.375003300119,arrival,4064,0,2,2
4473.375003300119,service_start,4064,0,2,2
4473.443520697604,departure,4064,0,1,1
4474.4033360230815,arrival,4065,0,2,2
4474.4033360230815,service_start,4065,0,2,2
4474.877744890402,departure,4065,0,1,1
4474.8858547875925,departure,4063,0,0,0
4475.211095223306,arrival,4066,0,1,1
4475.211095223306,service_start,4066,0,1,1
4475.714341605201,departure,4066,0,0,0
4476.294123207244,arrival,4067,0,1,1
4476.294123207244,service_start,4067,0,1,1
4476.641670221325,arrival,4068,0,2,2
4476.641670221325,service_start,4068,0,2,2
4477.83186056702,arrival,4069,1,2,3
4479.166792529334,departure,4068,1,1,2
4479.166792529334,service_start,4069,0,2,2
4480.599159304611,arrival,4070,1,2,3
4480.760228860131,departure,4067,1,1,2
4480.760228860131,service_start,4070,0,2,2
4481.928154724978,departure,4070,0,1,1
4482.587365892055,departure,4069,0,0,0
4486.36984875992,arrival,4071,0,1,1
4486.36984875992,service_start,4071,0,1,1
4486.748252248221,arrival,4072,0,2,2
4486.748252248221,service_start,4072,0,2,2
4486.792702010771,arrival,4073,1,2,3
4487.240078465974,arrival,4074,2,2,4
4487.560439163597,arrival,4075,3,2,5
4487.763983015203,arrival,4076,4,2,6
4488.561824487459,arrival,4077,5,2,7
4488.975279317653,arrival,4078,6,2,8
4489.256111054489,arrival,4079,7,2,9
4489.257295590948,departure,4071,7,1,8
4489.257295590948,service_start,4073,6,2,8
4490.440399667907,arrival,4080,7,2,9
4491.5357984067405,arrival,4081,8,2,10
4491.940580308337,arrival,4082,9,2,11
4492.613927625129,departure,4073,9,1,10
4492.613927625129,service_start,4074,8,2,10
4494.161147443115,arrival,4083,9,2,11
4494.177630909512,departure,4072,9,1,10
4494.177630909512,service_start,4075,8,2,10
4494.952613951028,arrival,4084,9,2,11
4495.147510612936,arrival,4085,10,2,12
4497.206461620558,departure,4075,10,1,11
4497.206461620558,service_start,4076,9,2,11
4497.311291118334,arrival,4086,10,2,12
4497.880479529968,arrival,4087,11,2,13
4497.918953052303,departure,4076,11,1,12
4497.918953052303,service_start,4077,10,2,12
4498.648091136298,departure,4077,10,1,11
4498.648091136298,service_start,4078,9,2,11
4498.724318158001,departure,4074,9,1,10
4498.724318158001,service_start,4079,8,2,10
4498.742682956778,arrival,4088,9,2,11
4499.703881345679,departure,4078,9,1,10
4499.703881345679,service_start,4080,8,2,10
4500.526817353978,departure,4079,8,1,9
4500.526817353978,service_start,4081,7,2,9
4500.906699781027,departure,4080,7,1,8
4500.906699781027,service_start,4082,6,2,8
4501.6285857102275,departure,4082,6,1,7
4501.6285857102275,service_start,4083,5,2,7
4501.677431238305,arrival,4089,6,2,8
4503.497326112064,departure,4083,6,1,7
4503.497326112064,service_start,4084,5,2,7
4504.563241057836,departure,4084,5,1,6
4504.563241057836,service_start,4085,4,2,6
4505.484372854456,arrival,4090,5,2,7
4506.10634340328,arrival,4091,6,2,8
4506.114748933066,arrival,4092,7,2,9
4506.204009545276,arrival,4093,8,2,10
4506.528905655742,arrival,4094,9,2,11
4506.806983142475,departure,4085,9,1,10
4506.806983142475,service_start,4086,8,2,10
4507.115479746357,departure,4086,8,1,9
4507.115479746357,service_start,4087,7,2,9
4507.130398950448,arrival,4095,8,2,10
4508.1328715951895,departure,4081,8,1,9
4508.1328715951895,service_start,4088,7,2,9
4508.284736038666,departure,4088,7,1,8
4508.284736038666,service_start,4089,6,2,8
4509.027572261128,arrival,4096,7,2,9
4509.111326498264,departure,4087,7,1,8
4509.111326498264,service_start,4090,6,2,8
4509.487319204546,arrival,4097,7,2,9
4510.873857379867,departure,4089,7,1,8
4510.873857379867,service_start,4091,6,2,8
4511.239952733863,departure,4091,6,1,7
4511.239952733863,service_start,4092,5,2,7
4512.104822193969,departure,4092,5,1,6
4512.104822193969,service_start,4093,4,2,6
4512.373503321639,departure,4090,4,1,5
4512.373503321639,service_start,4094,3,2,5
4512.380187828719,arrival,4098,4,2,6
4512.888195222661,departure,4094,4,1,5
4512.888195222661,service_start,4095,3,2,5
4513.23250441249,arrival,4099,4,2,6
4513.598551129212,arrival,4100,5,2,7
4513.66748297831,departure,4095,5,1,6
4513.66748297831,service_start,4096,4,2,6
4514.041787538474,departure,4093,4,1,5
4514.041787538474,service_start,4097,3,2,5
4515.117261442912,departure,4096,3,1,4
4515.117261442912,service_start,4098,2,2,4
4515.289192508021,arrival,4101,3,2,5
4515.504951246517,departure,4098,3,1,4
4515.504951246517,service_start,4099,2,2,4
4515.836728212362,arrival,4102,3,2,5
4515.882266514211,departure,4099,3,1,4
4515.882266514211,service_start,4100,2,2,4
4517.083785613805,arrival,4103,3,2,5
4517.132200912831,departure,4097,3,1,4
4517.132200912831,service_start,4101,2,2,4
4517.158725747121,departure,4100,2,1,3
4517.158725747121,service_start,4102,1,2,3
4517.3821143755695,departure,4101,1,1,2
4517.3821143755695,service_start,4103,0,2,2
4517.69988007775,arrival,4104,1,2,3
4518.242853781262,arrival,4105,2,2,4
4519.083593861801,arrival,4106,3,2,5
4519.571870858214,departure,4103,3,1,4
4519.571870858214,service_start,4104,2,2,4
4520.2643171585305,arrival,4107,3,2,5
4520.514815434465,arrival,4108,4,2,6
4520.670287348145,arrival,4109,5,2,7
4520.7136270008605,departure,4102,5,1,6
4520.7136270008605,service_start,4105,4,2,6
4521.234805892321,arrival,4110,5,2,7
4521.623788834064,departure,4104,5,1,6
4521.623788834064,service_start,4106,4,2,6
4521.648656120798,arrival,4111,5,2,7
4522.29770824486,arrival,4112,6,2,8
4523.361537189809,arrival,4113,7,2,9
4523.860219997593,arrival,4114,8,2,10
4523.967188227213,departure,4106,8,1,9
4523.967188227213,service_start,4107,7,2,9
4524.064833016475,arrival,4115,8,2,10
4524.4986652907,departure,4105,8,1,9
4524.4986652907,service_start,4108,7,2,9
4525.30136701219,arrival,4116,8,2,10
4525.402096808439,departure,4107,8,1,9
4525.402096808439,service_start,4109,7,2,9
4525.7536583610035,arrival,4117,8,2,10
4526.2846317386675,departure,4109,8,1,9
4526.2846317386675,service_start,4110,7,2,9
4527.562062687299,arrival,4118,8,2,10
4528.14933709818,arrival,4119,9,2,11
4529.639639744052,arrival,4120,10,2,12
4530.02406020008,arrival,4121,11,2,13
4533.190392532951,arrival,4122,12,2,14
4533.34982104067,arrival,4123,13,2,15
4533.453894457105,departure,4108,13,1,14
4533.453894457105,service_start,4111,12,2,14
4533.630277382766,departure,4110,12,1,13
4533.630277382766,service_start,4112,11,2,13
4533.807653456221,departure,4111,11,1,12
4533.807653456221,service_start,4113,10,2,12
4534.205755030273,departure,4112,10,1,11
4534.205755030273,service_start,4114,9,2,11
4534.8124706849285,arrival,4124,10,2,12
4535.034960820949,arrival,4125,11,2,13
4535.419135735068,arrival,4126,12,2,14
4535.562938352414,departure,4114,12,1,13
4535.562938352414,service_start,4115,11,2,13
4535.643260899075,arrival,4127,12,2,14
4535.677557333314,arrival,4128,13,2,15
4535.963187497796,arrival,4129,14,2,16
4537.112687728455,departure,4113,14,1,15
4537.112687728455,service_start,4116,13,2,15
4537.817586635981,arrival,4130,14,2,16
4538.087802591499,departure,4115,14,1,15
4538.087802591499,service_start,4117,13,2,15
4538.33492389133,departure,4116,13,1,14
4538.33492389133,service_start,4118,12,2,14
4538.853032050101,departure,4118,12,1,13
4538.853032050101,service_start,4119,11,2,13
4539.306323453474,departure,4117,11,1,12
4539.306323453474,service_start,4120,10,2,12
4540.105581128812,departure,4119,10,1,11
4540.105581128812,service_start,4121,9,2,11
4540.208187507412,departure,4121,9,1,10
4540.208187507412,service_start,4122,8,2,10
4540.427333636744,departure,4120,8,1,9
4540.427333636744,service_start,4123,7,2,9
4540.69093917734,departure,4123,7,1,8
4540.69093917734,service_start,4124,6,2,8
4541.024686069198,departure,4124,6,1,7
4541.024686069198,service_start,4125,5,2,7
4541.287420421019,arrival,4131,6,2,8
4541.486114652172,departure,4125,6,1,7
4541.486114652172,service_start,4126,5,2,7
4541.603616143113,arrival,4132,6,2,8
4541.640482590021,arrival,4133,7,2,9
4542.41755796711,departure,4126,7,1,8
4542.41755796711,service_start,4127,6,2,8
4542.61634026358,departure,4127,6,1,7
4542.61634026358,service_start,4128,5,2,7
4542.833400822921,departure,4128,5,1,6
4542.833400822921,service_start,4129,4,2,6
4543.139975920638,arrival,4134,5,2,7
4543.153359006026,departure,4129,5,1,6
4543.153359006026,service_start,4130,4,2,6
4543.760934302673,departure,4122,4,1,5
4543.760934302673,service_start,4131,3,2,5
4544.060462897716,arrival,4135,4,2,6
4544.431013966263,departure,4131,4,1,5
4544.431013966263,service_start,4132,3,2,5
4544.848143925702,arrival,4136,4,2,6
4547.065276905243,arrival,4137,5,2,7
4548.006819802232,arrival,4138,6,2,8
4548.288695696697,arrival,4139,7,2,9
4549.421948819068,departure,4132,7,1,8
4549.421948819068,service_start,4133,6,2,8
4549.871240168025,arrival,4140,7,2,9
4549.955678555335,departure,4130,7,1,8
4549.955678555335,service_start,4134,6,2,8
4550.074963703171,arrival,4141,7,2,9
4551.039526231272,departure,4134,7,1,8
4551.039526231272,service_start,4135,6,2,8
4552.714349816416,arrival,4142,7,2,9
4553.314385942053,arrival,4143,8,2,10
4553.596752570407,departure,4135,8,1,9
4553.596752570407,service_start,4136,7,2,9
4553.644303397137,arrival,4144,8,2,10
4553.867869292638,departure,4136,8,1,9
4553.867869292638,service_start,4137,7,2,9
4554.106954037684,arrival,4145,8,2,10
4554.546390153584,departure,4137,8,1,9
4554.546390153584,service_start,4138,7,2,9
4554.645445965125,arrival,4146,8,2,10
4554.839071989646,departure,4138,8,1,9
4554.839071989646,service_start,4139,7,2,9
4555.072373480414,departure,4133,7,1,8
4555.072373480414,service_start,4140,6,2,8
4555.578027297945,arrival,4147,7,2,9
4556.158884327212,departure,4139,7,1,8
4556.158884327212,service_start,4141,6,2,8
4557.00691481186,departure,4141,6,1,7
4557.00691481186,service_start,4142,5,2,7
4557.425299868891,arrival,4148,6,2,8
4558.2798350461735,departure,4140,6,1,7
4558.2798350461735,service_start,4143,5,2,7
4558.4651361874785,arrival,4149,6,2,8
4558.878893074457,arrival,4150,7,2,9
4558.940811012634,arrival,4151,8,2,10
4559.153692179863,departure,4142,8,1,9
4559.153692179863,service_start,4144,7,2,9
4561.019666831934,arrival,4152,8,2,10
4561.252003292631,departure,4144,8,1,9
4561.252003292631,service_start,4145,7,2,9
4562.967282660609,departure,4145,7,1,8
4562.967282660609,service_start,4146,6,2,8
4563.222053314726,arrival,4153,7,2,9
4563.2413566615305,departure,4146,7,1,8
4563.2413566615305,service_start,4147,6,2,8
4564.047195725758,arrival,4154,7,2,9
4564.447354911255,arrival,4155,8,2,10
4565.141737467175,arrival,4156,9,2,11
4566.3011020490385,departure,4147,9,1,10
4566.3011020490385,service_start,4148,8,2,10
4566.449419176766,arrival,4157,9,2,11
4566.575172767138,arrival,4158,10,2,12
4567.129442609867,arrival,4159,11,2,13
4567.261485287617,departure,4143,11,1,12
4567.261485287617,service_start,4149,10,2,12
4568.325882723218,departure,4149,10,1,11
4568.325882723218,service_start,4150,9,2,11
4568.669568539176,arrival,4160,10,2,12
4568.950502789737,arrival,4161,11,2,13
4569.33667576426,arrival,4162,12,2,14
4569.40681657895,departure,4150,12,1,13
4569.40681657895,service_start,4151,11,2,13
4570.253788503413,departure,4148,11,1,12
4570.253788503413,service_start,4152,10,2,12
4570.611418042718,departure,4151,10,1,11
4570.611418042718,service_start,4153,9,2,11
4570.972652463177,arrival,4163,10,2,12
4571.56558798837,departure,4152,10,1,11
4571.56558798837,service_start,4154,9,2,11
4571.662016577506,departure,4154,9,1,10
4571.662016577506,service_start,4155,8,2,10
4572.135511760613,arrival,4164,9,2,11
4572.184780445562,arrival,4165,10,2,12
4572.684787899385,departure,4153,10,1,11
4572.684787899385,service_start,4156,9,2,11
4573.506815523097,departure,4156,9,1,10
4573.506815523097,service_start,4157,8,2,10
4574.134176507969,arrival,4166,9,2,11
4574.348976279649,departure,4155,9,1,10
4574.348976279649,service_start,4158,8,2,10
4575.018760293496,departure,4157,8,1,9
4575.018760293496,service_start,4159,7,2,9
4575.705573637273,arrival,4167,8,2,10
4575.740742713446,departure,4158,8,1,9
4575.740742713446,service_start,4160,7,2,9
4577.606358587967,arrival,4168,8,2,10
4577.813845619694,departure,4159,8,1,9
4577.813845619694,service_start,4161,7,2,9
4577.942805005095,arrival,4169,8,2,10
4579.379354103252,departure,4160,8,1,9
4579.379354103252,service_start,4162,7,2,9
4579.538367997916,arrival,4170,8,2,10
4579.575797565218,departure,4161,8,1,9
4579.575797565218,service_start,4163,7,2,9
4582.074967488575,departure,4162,7,1,8
4582.074967488575,service_start,4164,6,2,8
4582.844155878861,arrival,4171,7,2,9
4582.957119064903,departure,4164,7,1,8
4582.957119064903,service_start,4165,6,2,8
4583.011681554691,departure,4165,6,1,7
4583.011681554691,service_start,4166,5,2,7
4583.779425614125,arrival,4172,6,2,8
4584.364877722868,arrival,4173,7,2,9
4584.40244020389,arrival,4174,8,2,10
4584.425599866031,departure,4166,8,1,9
4584.425599866031,service_start,4167,7,2,9
4585.174491550373,arrival,4175,8,2,10
4586.147542714104,arrival,4176,9,2,11
4586.2860706488555,departure,4167,9,1,10
4586.2860706488555,service_start,4168,8,2,10
4586.47456532087,arrival,4177,9,2,11
4586.774366013397,arrival,4178,10,2,12
4586.847511661582,arrival,4179,11,2,13
4587.61811664219,arrival,4180,12,2,14
4587.936250009187,departure,4168,12,1,13
4587.936250009187,service_start,4169,11,2,13
4588.092287238659,departure,4169,11,1,12
4588.092287238659,service_start,4170,10,2,12
4588.2481597310825,arrival,4181,11,2,13
4588.603366320188,arrival,4182,12,2,14
4588.737372686532,departure,4163,12,1,13
4588.737372686532,service_start,4171,11,2,13
4588.900509968814,departure,4170,11,1,12
4588.900509968814,service_start,4172,10,2,12
4588.986504341968,departure,4171,10,1,11
4588.986504341968,service_start,4173,9,2,11
4589.400093559595,arrival,4183,10,2,12
4589.763780634575,arrival,4184,11,2,13
4592.083251604585,departure,4173,11,1,12
4592.083251604585,service_start,4174,10,2,12
4592.1482771646615,departure,4174,10,1,11
4592.1482771646615,service_start,4175,9,2,11
4592.494642248886,departure,4175,9,1,10
4592.494642248886,service_start,4176,8,2,10
4592.602748997761,arrival,4185,9,2,11
4592.797755098866,arrival,4186,10,2,12
4594.053721629833,departure,4172,10,1,11
4594.053721629833,service_start,4177,9,2,11
4594.997010690083,arrival,4187,10,2,12
4595.398894503127,departure,4177,10,1,11
4595.398894503127,service_start,4178,9,2,11
4596.142876889782,arrival,4188,10,2,12
4596.677005001429,arrival,4189,11,2,13
4597.283359119684,departure,4178,11,1,12
4597.283359119684,service_start,4179,10,2,12
4598.269694921569,departure,4179,10,1,11
4598.269694921569,service_start,4180,9,2,11
4598.296217307916,departure,4176,9,1,10
4598.296217307916,service_start,4181,8,2,10
4599.868607210188,departure,4181,8,1,9
4599.868607210188,service_start,4182,7,2,9
4600.554018761194,departure,4182,7,1,8
4600.554018761194,service_start,4183,6,2,8
4601.377341722322,arrival,4190,7,2,9
4601.910401815375,departure,4183,7,1,8
4601.910401815375,service_start,4184,6,2,8
4602.06889253536,departure,4184,6,1,7
4602.06889253536,service_start,4185,5,2,7
4602.67833570746,departure,4180,5,1,6
4602.67833570746,service_start,4186,4,2,6
4602.743334710481,arrival,4191,5,2,7
4603.1151502036355,departure,4186,5,1,6
4603.1151502036355,service_start,4187,4,2,6
4603.445662693544,departure,4185,4,1,5
4603.445662693544,service_start,4188,3,2,5
4603.909699263849,departure,4187,3,1,4
4603.909699263849,service_start,4189,2,2,4
4604.233909695541,departure,4189,2,1,3
4604.233909695541,service_start,4190,1,2,3
4604.434137564868,arrival,4192,2,2,4
4605.079130382019,departure,4190,2,1,3
4605.079130382019,service_start,4191,1,2,3
4605.371249188719,departure,4191,1,1,2
4605.371249188719,service_start,4192,0,2,2
4607.065507400315,departure,4188,0,1,1
4607.46885851551,arrival,4193,0,2,2
4607.46885851551,service_start,4193,0,2,2
4607.710486725895,departure,4193,0,1,1
4610.661284602258,arrival,4194,0,2,2
4610.661284602258,service_start,4194,0,2,2
4610.680693043419,arrival,4195,1,2,3
4610.768548881768,arrival,4196,2,2,4
4611.295535809531,arrival,4197,3,2,5
4612.594263402688,arrival,4198,4,2,6
4612.686537750334,departure,4192,4,1,5
4612.686537750334,service_start,4195,3,2,5
4612.852013564285,arrival,4199,4,2,6
4612.942971345748,departure,4194,4,1,5
4612.942971345748,service_start,4196,3,2,5
4613.554149123351,departure,4196,3,1,4
4613.554149123351,service_start,4197,2,2,4
4613.688272364295,arrival,4200,3,2,5
4613.709679895154,arrival,4201,4,2,6
4614.467471181675,arrival,4202,5,2,7
4615.009935812911,departure,4195,5,1,6
4615.009935812911,service_start,4198,4,2,6
4616.318811031183,departure,4198,4,1,5
4616.318811031183,service_start,4199,3,2,5
4617.519253243655,departure,4197,3,1,4
4617.519253243655,service_start,4200,2,2,4
4618.367195119911,departure,4199,2,1,3
4618.367195119911,service_start,4201,1,2,3
4618.48607451397,departure,4200,1,1,2
4618.48607451397,service_start,4202,0,2,2
4619.763791943616,departure,4201,0,1,1
4620.102594217082,departure,4202,0,0,0
4623.52823296345,arrival,4203,0,1,1
4623.52823296345,service_start,4203,0,1,1
4623.629546694993,arrival,4204,0,2,2
4623.629546694993,service_start,4204,0,2,2
4623.844625729914,arrival,4205,1,2,3
4624.229117525616,departure,4203,1,1,2
4624.229117525616,service_start,4205,0,2,2
4625.351044838635,departure,4205,0,1,1
4625.881415104719,arrival,4206,0,2,2
4625.881415104719,service_start,4206,0,2,2
4627.20611512488,departure,4206,0,1,1
4627.844233370697,departure,4204,0,0,0
4628.590918230601,arrival,4207,0,1,1
4628.590918230601,service_start,4207,0,1,1
4628.69908504816,arrival,4208,0,2,2
4628.69908504816,service_start,4208,0,2,2
4629.1235496336585,departure,4207,0,1,1
4629.199179556978,arrival,4209,0,2,2
4629.199179556978,service_start,4209,0,2,2
4629.589108074528,departure,4208,0,1,1
4630.79783811523,arrival,4210,0,2,2
4630.79783811523,service_start,4210,0,2,2
4631.639883948882,departure,4210,0,1,1
4632.762272480952,arrival,4211,0,2,2
4632.762272480952,service_start,4211,0,2,2
4632.890788072616,departure,4211,0,1,1
4633.238554834899,arrival,4212,0,2,2
4633.238554834899,service_start,4212,0,2,2
4633.553247801039,arrival,4213,1,2,3
4634.136942525809,arrival,4214,2,2,4
4636.648465552999,arrival,4215,3,2,5
4637.746561979326,departure,4209,3,1,4
4637.746561979326,service_start,4213,2,2,4
4638.906730429864,arrival,4216,3,2,5
4639.176844963918,arrival,4217,4,2,6
4639.181416533226,departure,4213,4,1,5
4639.181416533226,service_start,4214,3,2,5
4639.275548167209,arrival,4218,4,2,6
4639.2971317340825,departure,4212,4,1,5
4639.2971317340825,service_start,4215,3,2,5
4639.645196539175,departure,4215,3,1,4
4639.645196539175,service_start,4216,2,2,4
4640.0488632561455,arrival,4219,3,2,5
4640.085354506872,departure,4214,3,1,4
4640.085354506872,service_start,4217,2,2,4
4640.472672623374,departure,4217,2,1,3
4640.472672623374,service_start,4218,1,2,3
4641.253507836583,departure,4218,1,1,2
4641.253507836583,service_start,4219,0,2,2
4641.5824935576775,departure,4219,0,1,1
4642.740730631161,arrival,4220,0,2,2
4642.740730631161,service_start,4220,0,2,2
4642.82386404882,departure,4216,0,1,1
4646.544157142206,departure,4220,0,0,0
4647.163832119728,arrival,4221,0,1,1
4647.163832119728,service_start,4221,0,1,1
4647.475159670497,departure,4221,0,0,0
4647.571255124148,arrival,4222,0,1,1
4647.571255124148,service_start,4222,0,1,1
4648.121400614024,arrival,4223,0,2,2
4648.121400614024,service_start,4223,0,2,2
4648.551184986841,departure,4222,0,1,1
4649.064618374039,arrival,4224,0,2,2
4649.064618374039,service_start,4224,0,2,2
4649.289653026163,departure,4223,0,1,1
4650.420571983181,arrival,4225,0,2,2
4650.420571983181,service_start,4225,0,2,2
4652.017666252559,arrival,4226,1,2,3
4652.032822823334,departure,4224,1,1,2
4652.032822823334,service_start,4226,0,2,2
4652.751058732413,departure,4225,0,1,1
4653.1706588696115,arrival,4227,0,2,2
4653.1706588696115,service_start,4227,0,2,2
4654.111203987395,departure,4227,0,1,1
4654.8445167213295,departure,4226,0,0,0
4655.264232220872,arrival,4228,0,1,1
4655.264232220872,service_start,4228,0,1,1
4656.025963727734,arrival,4229,0,2,2
4656.025963727734,service_start,4229,0,2,2
4657.025727060496,departure,4229,0,1,1
4657.140965537154,arrival,4230,0,2,2
4657.140965537154,service_start,4230,0,2,2
4657.14174550505,departure,4230,0,1,1
4657.195337619736,arrival,4231,0,2,2
4657.195337619736,service_start,4231,0,2,2
4657.648710135551,arrival,4232,1,2,3
4658.264202001593,departure,4228,1,1,2
4658.264202001593,service_start,4232,0,2,2
4658.31236035168,arrival,4233,1,2,3
4659.1368550511015,departure,4231,1,1,2
4659.1368550511015,service_start,4233,0,2,2
4659.265544580911,departure,4232,0,1,1
4659.892857501491,departure,4233,0,0,0
4662.63996093397,arrival,4234,0,1,1
4662.63996093397,service_start,4234,0,1,1
4663.464588770389,departure,4234,0,0,0
4663.535520525229,arrival,4235,0,1,1
4663.535520525229,service_start,4235,0,1,1
4664.362824702516,departure,4235,0,0,0
4665.212346795726,arrival,4236,0,1,1
4665.212346795726,service_start,4236,0,1,1
4666.381561781131,arrival,4237,0,2,2
4666.381561781131,service_start,4237,0,2,2
4667.38230192185,arrival,4238,1,2,3
4668.119882296928,departure,4237,1,1,2
4668.119882296928,service_start,4238,0,2,2
4668.163422633217,arrival,4239,1,2,3
4668.779705998599,arrival,4240,2,2,4
4668.952922502337,arrival,4241,3,2,5
4669.0724933565025,arrival,4242,4,2,6
4669.627309927469,arrival,4243,5,2,7
4669.696812838637,departure,4238,5,1,6
4669.696812838637,service_start,4239,4,2,6
4671.061816669642,arrival,4244,5,2,7
4672.16326551089,arrival,4245,6,2,8
4672.307957657849,arrival,4246,7,2,9
4673.015489840373,departure,4239,7,1,8
4673.015489840373,service_start,4240,6,2,8
4673.899648734222,departure,4236,6,1,7
4673.899648734222,service_start,4241,5,2,7
4675.625679413571,arrival,4247,6,2,8
4675.703289527836,departure,4241,6,1,7
4675.703289527836,service_start,4242,5,2,7
4675.784104521268,arrival,4248,6,2,8
4676.0522518755915,arrival,4249,7,2,9
4676.381701519909,departure,4240,7,1,8
4676.381701519909,service_start,4243,6,2,8
4676.582611988879,arrival,4250,7,2,9
4677.639553075335,arrival,4251,8,2,10
4678.369287591449,arrival,4252,9,2,11
4678.887594161495,departure,4242,9,1,10
4678.887594161495,service_start,4244,8,2,10
4679.163818446527,departure,4243,8,1,9
4679.163818446527,service_start,4245,7,2,9
4679.298958120713,departure,4245,7,1,8
4679.298958120713,service_start,4246,6,2,8
4679.397569360617,arrival,4253,7,2,9
4679.423991364971,departure,4244,7,1,8
4679.423991364971,service_start,4247,6,2,8
4679.568591536585,arrival,4254,7,2,9
4679.693055567762,arrival,4255,8,2,10
4680.402398416269,departure,4247,8,1,9
4680.402398416269,service_start,4248,7,2,9
4680.804869169746,arrival,4256,8,2,10
4680.9920341936395,arrival,4257,9,2,11
4682.169641780824,arrival,4258,10,2,12
4682.743987169071,departure,4246,10,1,11
4682.743987169071,service_start,4249,9,2,11
4683.097859909324,arrival,4259,10,2,12
4683.39233359663,arrival,4260,11,2,13
4684.343089738257,departure,4249,11,1,12
4684.343089738257,service_start,4250,10,2,12
4684.880078841464,arrival,4261,11,2,13
4685.571404820085,arrival,4262,12,2,14
4685.995233274806,departure,4248,12,1,13
4685.995233274806,service_start,4251,11,2,13
4686.158069912239,departure,4250,11,1,12
4686.158069912239,service_start,4252,10,2,12
4686.936381750628,arrival,4263,11,2,13
4687.665231086382,departure,4251,11,1,12
4687.665231086382,service_start,4253,10,2,12
4687.985374796056,arrival,4264,11,2,13
4688.145228409659,arrival,4265,12,2,14
4688.2371233108215,departure,4253,12,1,13
4688.2371233108215,service_start,4254,11,2,13
4688.450502523015,arrival,4266,12,2,14
4688.64530353049,departure,4254,12,1,13
4688.64530353049,service_start,4255,11,2,13
4689.0526631769035,departure,4255,11,1,12
4689.0526631769035,service_start,4256,10,2,12
4689.841341007813,arrival,4267,11,2,13
4689.925016692161,arrival,4268,12,2,14
4690.180788278731,arrival,4269,13,2,15
4690.4703167358575,arrival,4270,14,2,16
4692.258277741073,arrival,4271,15,2,17
4692.476327961834,departure,4252,15,1,16
4692.476327961834,service_start,4257,14,2,16
4692.738451813611,departure,4256,14,1,15
4692.738451813611,service_start,4258,13,2,15
4693.061754199983,arrival,4272,14,2,16
4693.726924757272,arrival,4273,15,2,17
4693.7993774932775,departure,4258,15,1,16
4693.7993774932775,service_start,4259,14,2,16
4693.995069448289,departure,4259,14,1,15
4693.995069448289,service_start,4260,13,2,15
4694.692784781096,arrival,4274,14,2,16
4695.730432198811,departure,4260,14,1,15
4695.730432198811,service_start,4261,13,2,15
4695.756924024556,arrival,4275,14,2,16
4695.792973307021,departure,4261,14,1,15
4695.792973307021,service_start,4262,13,2,15
4697.430887447722,departure,4262,13,1,14
4697.430887447722,service_start,4263,12,2,14
4698.950256133733,departure,4257,12,1,13
4698.950256133733,service_start,4264,11,2,13
4699.336963899407,arrival,4276,12,2,14
4699.605316812961,departure,4264,12,1,13
4699.605316812961,service_start,4265,11,2,13
4700.197264727341,departure,4263,11,1,12
4700.197264727341,service_start,4266,10,2,12
4701.3260072034445,departure,4266,10,1,11
4701.3260072034445,service_start,4267,9,2,11
4701.3812480746565,arrival,4277,10,2,12
4701.394228897085,departure,4265,10,1,11
4701.394228897085,service_start,4268,9,2,11
4703.131184323813,arrival,4278,10,2,12
4704.371646730528,arrival,4279,11,2,13
4704.620597735975,departure,4267,11,1,12
4704.620597735975,service_start,4269,10,2,12
4705.759017730847,departure,4268,10,1,11
4705.759017730847,service_start,4270,9,2,11
4705.838623743322,departure,4269,9,1,10
4705.838623743322,service_start,4271,8,2,10
4706.786862259367,arrival,4280,9,2,11
4707.579568740024,departure,4270,9,1,10
4707.579568740024,service_start,4272,8,2,10
4707.89573653714,departure,4272,8,1,9
4707.89573653714,service_start,4273,7,2,9
4708.603744194154,departure,4271,7,1,8
4708.603744194154,service_start,4274,6,2,8
4709.053296572657,arrival,4281,7,2,9
4709.162454862728,arrival,4282,8,2,10
4709.3381633321405,departure,4274,8,1,9
4709.3381633321405,service_start,4275,7,2,9
4709.7885954597805,arrival,4283,8,2,10
4710.4859888027295,arrival,4284,9,2,11
4710.561426377035,departure,4275,9,1,10
4710.561426377035,service_start,4276,8,2,10
4711.437306809982,departure,4276,8,1,9
4711.437306809982,service_start,4277,7,2,9
4711.544714361857,arrival,4285,8,2,10
4712.01201864392,arrival,4286,9,2,11
4712.146852497254,departure,4273,9,1,10
4712.146852497254,service_start,4278,8,2,10
4712.174238796381,departure,4278,8,1,9
4712.174238796381,service_start,4279,7,2,9
4712.930169130098,departure,4277,7,1,8
4712.930169130098,service_start,4280,6,2,8
4713.375276440949,departure,4280,6,1,7
4713.375276440949,service_start,4281,5,2,7
4713.939588510175,departure,4279,5,1,6
4713.939588510175,service_start,4282,4,2,6
4716.122102675358,arrival,4287,5,2,7
4716.297770691835,arrival,4288,6,2,8
4716.638872756571,arrival,4289,7,2,9
4717.665463244859,arrival,4290,8,2,10
4717.7279797766505,arrival,4291,9,2,11
4717.839585993261,arrival,4292,10,2,12
4718.029095234742,departure,4281,10,1,11
4718.029095234742,service_start,4283,9,2,11
4718.297081041065,arrival,4293,10,2,12
4719.056556019338,arrival,4294,11,2,13
4719.812385776133,arrival,4295,12,2,14
4720.40621101458,departure,4282,12,1,13
4720.40621101458,service_start,4284,11,2,13
4721.496973589892,departure,4284,11,1,12
4721.496973589892,service_start,4285,10,2,12
4721.7673703053315,arrival,4296,11,2,13
4722.061350498787,departure,4283,11,1,12
4722.061350498787,service_start,4286,10,2,12
4722.444907414567,departure,4285,10,1,11
4722.444907414567,service_start,4287,9,2,11
4722.763663128683,departure,4286,9,1,10
4722.763663128683,service_start,4288,8,2,10
4723.035655839128,departure,4288,8,1,9
4723.035655839128,service_start,4289,7,2,9
4723.919919092727,departure,4289,7,1,8
4723.919919092727,service_start,4290,6,2,8
4724.285406862816,arrival,4297,7,2,9
4724.954844651123,departure,4287,7,1,8
4724.954844651123,service_start,4291,6,2,8
4726.062983469363,departure,4290,6,1,7
4726.062983469363,service_start,4292,5,2,7
4726.344266338364,departure,4291,5,1,6
4726.344266338364,service_start,4293,4,2,6
4726.369745969455,arrival,4298,5,2,7
4726.444447574577,arrival,4299,6,2,8
4726.547564527177,departure,4293,6,1,7
4726.547564527177,service_start,4294,5,2,7
4727.122602285482,arrival,4300,6,2,8
4727.409346916061,arrival,4301,7,2,9
4727.512625485578,arrival,4302,8,2,10
4727.675269708873,departure,4294,8,1,9
4727.675269708873,service_start,4295,7,2,9
4728.412250035634,departure,4292,7,1,8
4728.412250035634,service_start,4296,6,2,8
4728.773290879657,arrival,4303,7,2,9
4729.197602133935,departure,4296,7,1,8
4729.197602133935,service_start,4297,6,2,8
4729.221814598934,departure,4295,6,1,7
4729.221814598934,service_start,4298,5,2,7
4730.700403313538,departure,4297,5,1,6
4730.700403313538,service_start,4299,4,2,6
4731.051748467105,departure,4299,4,1,5
4731.051748467105,service_start,4300,3,2,5
4731.3004833393,departure,4300,3,1,4
4731.3004833393,service_start,4301,2,2,4
4731.664858795145,arrival,4304,3,2,5
4731.790242404293,arrival,4305,4,2,6
4732.016781720449,departure,4301,4,1,5
4732.016781720449,service_start,4302,3,2,5
4732.343750081533,arrival,4306,4,2,6
4732.981373353489,arrival,4307,5,2,7
4733.328180498956,arrival,4308,6,2,8
4735.755623139425,departure,4302,6,1,7
4735.755623139425,service_start,4303,5,2,7
4735.862201499102,departure,4303,5,1,6
4735.862201499102,service_start,4304,4,2,6
4737.170055068915,departure,4298,4,1,5
4737.170055068915,service_start,4305,3,2,5
4737.197327686464,departure,4304,3,1,4
4737.197327686464,service_start,4306,2,2,4
4737.6431357816455,arrival,4309,3,2,5
4737.6798095348995,arrival,4310,4,2,6
4738.262232296234,departure,4305,4,1,5
4738.262232296234,service_start,4307,3,2,5
4739.369570990731,departure,4307,3,1,4
4739.369570990731,service_start,4308,2,2,4
4739.948707067347,departure,4306,2,1,3
4739.948707067347,service_start,4309,1,2,3
4740.01052427275,departure,4308,1,1,2
4740.01052427275,service_start,4310,0,2,2
4740.849808515338,departure,4309,0,1,1
4742.878867089361,arrival,4311,0,2,2
4742.878867089361,service_start,4311,0,2,2
4745.10967519701,arrival,4312,1,2,3
4745.17374184709,departure,4311,1,1,2
4745.17374184709,service_start,4312,0,2,2
4745.321208704679,departure,4312,0,1,1
4746.886849010338,arrival,4313,0,2,2
4746.886849010338,service_start,4313,0,2,2
4748.498118770946,arrival,4314,1,2,3
4748.786684129065,arrival,4315,2,2,4
4749.426736356606,departure,4313,2,1,3
4749.426736356606,service_start,4314,1,2,3
4749.722500382507,departure,4310,1,1,2
4749.722500382507,service_start,4315,0,2,2
4750.220306481789,departure,4314,0,1,1
4752.653893034115,arrival,4316,0,2,2
4752.653893034115,service_start,4316,0,2,2
4752.738198913978,departure,4316,0,1,1
4752.776207359622,arrival,4317,0,2,2
4752.776207359622,service_start,4317,0,2,2
4753.749841416742,arrival,4318,1,2,3
4754.136701834613,arrival,4319,2,2,4
4754.408447796429,arrival,4320,3,2,5
4754.850750058766,departure,4315,3,1,4
4754.850750058766,service_start,4318,2,2,4
4756.355186540075,departure,4318,2,1,3
4756.355186540075,service_start,4319,1,2,3
4757.0947790460095,departure,4319,1,1,2
4757.0947790460095,service_start,4320,0,2,2
4757.226007671938,departure,4320,0,1,1
4757.980271995329,departure,4317,0,0,0
4758.901720888798,arrival,4321,0,1,1
4758.901720888798,service_start,4321,0,1,1
4758.991397314236,arrival,4322,0,2,2
4758.991397314236,service_start,4322,0,2,2
4759.17011728202,arrival,4323,1,2,3
4759.587163854818,arrival,4324,2,2,4
4759.777730218339,arrival,4325,3,2,5
4760.295580831863,arrival,4326,4,2,6
4760.343751933522,arrival,4327,5,2,7
4760.5673857567635,arrival,4328,6,2,8
4762.649136120428,arrival,4329,7,2,9
4763.1124948272145,departure,4321,7,1,8
4763.1124948272145,service_start,4323,6,2,8
4764.432003534738,departure,4322,6,1,7
4764.432003534738,service_start,4324,5,2,7
4765.080319260549,arrival,4330,6,2,8
4765.497873685409,arrival,4331,7,2,9
4765.568070430078,arrival,4332,8,2,10
4766.388647659576,arrival,4333,9,2,11
4766.862627039088,arrival,4334,10,2,12
4767.083471530053,arrival,4335,11,2,13
4767.195734707187,arrival,4336,12,2,14
4767.648288745668,departure,4323,12,1,13
4767.648288745668,service_start,4325,11,2,13
4767.659645771005,departure,4325,11,1,12
4767.659645771005,service_start,4326,10,2,12
4767.842475739792,arrival,4337,11,2,13
4767.928276779564,arrival,4338,12,2,14
4768.080876158371,departure,4326,12,1,13
4768.080876158371,service_start,4327,11,2,13
4768.11451188262,arrival,4339,12,2,14
4768.499868424295,arrival,4340,13,2,15
4768.682202217927,arrival,4341,14,2,16
4768.784492077697,arrival,4342,15,2,17
4768.932920086201,departure,4327,15,1,16
4768.932920086201,service_start,4328,14,2,16
4769.72464505073,arrival,4343,15,2,17
4770.7412513755435,departure,4328,15,1,16
4770.7412513755435,service_start,4329,14,2,16
4771.540821820819,departure,4329,14,1,15
4771.540821820819,service_start,4330,13,2,15
4771.545064605167,arrival,4344,14,2,16
4772.940132650464,departure,4324,14,1,15
4772.940132650464,service_start,4331,13,2,15
4773.130260752094,arrival,4345,14,2,16
4773.789334336978,arrival,4346,15,2,17
4773.9693155278,arrival,4347,16,2,18
4773.970910019918,arrival,4348,17,2,19
4775.075879932586,departure,4330,17,1,18
4775.075879932586,service_start,4332,16,2,18
4775.954676232924,departure,4332,16,1,17
4775.954676232924,service_start,4333,15,2,17
4776.226147479018,departure,4331,15,1,16
4776.226147479018,service_start,4334,14,2,16
4776.2658977366145,arrival,4349,15,2,17
4777.109173908462,arrival,4350,16,2,18
4777.825862725274,arrival,4351,17,2,19
4778.344162022478,arrival,4352,18,2,20
4778.496393280501,departure,4334,18,1,19
4778.496393280501,service_start,4335,17,2,19
4778.986650331753,departure,4333,17,1,18
4778.986650331753,service_start,4336,16,2,18
4779.128314044626,arrival,4353,17,2,19
4779.8804940214895,departure,4336,17,1,18
4779.8804940214895,service_start,4337,16,2,18
4780.128778470148,departure,4335,16,1,17
4780.128778470148,service_start,4338,15,2,17
4780.555538031342,departure,4337,15,1,16
4780.555538031342,service_start,4339,14,2,16
4780.63458077089,departure,4339,14,1,15
4780.63458077089,service_start,4340,13,2,15
4781.201129035453,departure,4340,13,1,14
4781.201129035453,service_start,4341,12,2,14
4782.032430461642,arrival,4354,13,2,15
4782.033695717135,departure,4338,13,1,14
4782.033695717135,service_start,4342,12,2,14
4782.051921650482,departure,4341,12,1,13
4782.051921650482,service_start,4343,11,2,13
4782.179031374567,arrival,4355,12,2,14
4782.458007959139,departure,4342,12,1,13
4782.458007959139,service_start,4344,11,2,13
4782.474053150753,arrival,4356,12,2,14
4782.931658691061,arrival,4357,13,2,15
4783.376249988642,departure,4343,13,1,14
4783.376249988642,service_start,4345,12,2,14
4784.285733169551,departure,4344,12,1,13
4784.285733169551,service_start,4346,11,2,13
4784.449766982902,departure,4346,11,1,12
4784.449766982902,service_start,4347,10,2,12
4784.4678468071015,departure,4345,10,1,11
4784.4678468071015,service_start,4348,9,2,11
4784.470744540918,departure,4348,9,1,10
4784.470744540918,service_start,4349,8,2,10
4785.21120133309,arrival,4358,9,2,11
4786.907641854186,departure,4347,9,1,10
4786.907641854186,service_start,4350,8,2,10
4786.925488157259,arrival,4359,9,2,11
4787.474587770811,departure,4350,9,1,10
4787.474587770811,service_start,4351,8,2,10
4788.037630774542,arrival,4360,9,2,11
4788.224149541209,arrival,4361,10,2,12
4788.274694174736,arrival,4362,11,2,13
4788.53786546724,departure,4351,11,1,12
4788.53786546724,service_start,4352,10,2,12
4789.092828175028,arrival,4363,11,2,13
4789.363222762795,arrival,4364,12,2,14
4789.488024576257,arrival,4365,13,2,15
4789.620153261514,arrival,4366,14,2,16
4790.263084020794,arrival,4367,15,2,17
4790.471844952907,departure,4352,15,1,16
4790.471844952907,service_start,4353,14,2,16
4792.466240467718,departure,4349,14,1,15
4792.466240467718,service_start,4354,13,2,15
4792.9457134579725,departure,4353,13,1,14
4792.9457134579725,service_start,4355,12,2,14
4793.933795815195,departure,4354,12,1,13
4793.933795815195,service_start,4356,11,2,13
4794.949941246109,arrival,4368,12,2,14
4795.2649002960925,departure,4356,12,1,13
4795.2649002960925,service_start,4357,11,2,13
4795.59546857294,departure,4357,11,1,12
4795.59546857294,service_start,4358,10,2,12
4795.690483217904,departure,4355,10,1,11
4795.690483217904,service_start,4359,9,2,11
4796.097622332837,arrival,4369,10,2,12
4796.779735674198,departure,4359,10,1,11
4796.779735674198,service_start,4360,9,2,11
4797.196612482879,arrival,4370,10,2,12
4797.706263064457,arrival,4371,11,2,13
4798.040972964331,arrival,4372,12,2,14
4798.248553668228,arrival,4373,13,2,15
4799.357801100037,arrival,4374,14,2,16
4800.491756873997,arrival,4375,15,2,17
4800.563526361879,arrival,4376,16,2,18
4800.7590076075985,departure,4360,16,1,17
4800.7590076075985,service_start,4361,15,2,17
4801.622815598961,departure,4358,15,1,16
4801.622815598961,service_start,4362,14,2,16
4802.066694325482,departure,4361,14,1,15
4802.066694325482,service_start,4363,13,2,15
4802.791555203956,arrival,4377,14,2,16
4803.446845874241,arrival,4378,15,2,17
4803.595483149758,departure,4363,15,1,16
4803.595483149758,service_start,4364,14,2,16
4804.103579365131,departure,4362,14,1,15
4804.103579365131,service_start,4365,13,2,15
4805.2142749768245,departure,4365,13,1,14
4805.2142749768245,service_start,4366,12,2,14
4806.267992345621,departure,4364,12,1,13
4806.267992345621,service_start,4367,11,2,13
4806.799492279741,departure,4366,11,1,12
4806.799492279741,service_start,4368,10,2,12
4807.094774652311,departure,4368,10,1,11
4807.094774652311,service_start,4369,9,2,11
4807.132226949886,arrival,4379,10,2,12
4807.9556141287385,departure,4367,10,1,11
4807.9556141287385,service_start,4370,9,2,11
4808.313288432331,departure,4369,9,1,10
4808.313288432331,service_start,4371,8,2,10
4809.758542748558,departure,4370,8,1,9
4809.758542748558,service_start,4372,7,2,9
4810.062716769312,arrival,4380,8,2,10
4811.167057736804,arrival,4381,9,2,11
4811.195480582606,arrival,4382,10,2,12
4811.37467017881,departure,4372,10,1,11
4811.37467017881,service_start,4373,9,2,11
4811.9683019440245,departure,4371,9,1,10
4811.9683019440245,service_start,4374,8,2,10
4812.432368243888,departure,4373,8,1,9
4812.432368243888,service_start,4375,7,2,9
4813.330666933884,departure,4374,7,1,8
4813.330666933884,service_start,4376,6,2,8
4813.444688324131,departure,4376,6,1,7
4813.444688324131,service_start,4377,5,2,7
4813.989017427919,departure,4375,5,1,6
4813.989017427919,service_start,4378,4,2,6
4814.22381994158,arrival,4383,5,2,7
4815.380816512288,arrival,4384,6,2,8
4815.719543425639,arrival,4385,7,2,9
4816.454761791922,departure,4378,7,1,8
4816.454761791922,service_start,4379,6,2,8
4816.737533873521,arrival,4386,7,2,9
4817.625562614412,departure,4379,7,1,8
4817.625562614412,service_start,4380,6,2,8
4817.69963353746,arrival,4387,7,2,9
4817.745683022687,arrival,4388,8,2,10
4818.687543785431,arrival,4389,9,2,11
4819.015292659524,departure,4377,9,1,10
4819.015292659524,service_start,4381,8,2,10
4819.321058220566,departure,4380,8,1,9
4819.321058220566,service_start,4382,7,2,9
4819.57969717291,arrival,4390,8,2,10
4819.645047608626,arrival,4391,9,2,11
4821.451154201247,arrival,4392,10,2,12
4822.146021404868,departure,4381,10,1,11
4822.146021404868,service_start,4383,9,2,11
4822.843725792869,departure,4382,9,1,10
4822.843725792869,service_start,4384,8,2,10
4823.237170217586,departure,4384,8,1,9
4823.237170217586,service_start,4385,7,2,9
4823.586102968441,arrival,4393,8,2,10
4824.036739090816,departure,4383,8,1,9
4824.036739090816,service_start,4386,7,2,9
4824.598022011167,departure,4385,7,1,8
4824.598022011167,service_start,4387,6,2,8
4825.19429382193,arrival,4394,7,2,9
4825.93483729436,arrival,4395,8,2,10
4826.475027562121,departure,4386,8,1,9
4826.475027562121,service_start,4388,7,2,9
4826.984593809532,departure,4387,7,1,8
4826.984593809532,service_start,4389,6,2,8
4827.054789063106,arrival,4396,7,2,9
4827.282432138309,arrival,4397,8,2,10
4827.316976005362,departure,4389,8,1,9
4827.316976005362,service_start,4390,7,2,9
4828.367846402867,departure,4388,7,1,8
4828.367846402867,service_start,4391,6,2,8
4829.138726002761,arrival,4398,7,2,9
4829.522344044519,departure,4391,7,1,8
4829.522344044519,service_start,4392,6,2,8
4829.5853661063065,departure,4390,6,1,7
4829.5853661063065,service_start,4393,5,2,7
4829.705487120787,departure,4392,5,1,6
4829.705487120787,service_start,4394,4,2,6
4829.856712239305,departure,4393,4,1,5
4829.856712239305,service_start,4395,3,2,5
4830.249688434942,departure,4395,3,1,4
4830.249688434942,service_start,4396,2,2,4
4831.034170218928,arrival,4399,3,2,5
4831.278753090774,departure,4394,3,1,4
4831.278753090774,service_start,4397,2,2,4
4831.580332745714,arrival,4400,3,2,5
4831.722725014139,arrival,4401,4,2,6
4832.015437818002,arrival,4402,5,2,7
4832.296929770292,departure,4397,5,1,6
4832.296929770292,service_start,4398,4,2,6
4832.304858292777,arrival,4403,5,2,7
4832.337137967864,departure,4398,5,1,6
4832.337137967864,service_start,4399,4,2,6
4833.948036933062,departure,4399,4,1,5
4833.948036933062,service_start,4400,3,2,5
4834.14751887002,arrival,4404,4,2,6
4834.642111358428,arrival,4405,5,2,7
4834.75816358652,arrival,4406,6,2,8
4835.8923723440685,departure,4400,6,1,7
4835.8923723440685,service_start,4401,5,2,7
4836.182784405402,departure,4396,5,1,6
4836.182784405402,service_start,4402,4,2,6
4836.608043665923,departure,4401,4,1,5
4836.608043665923,service_start,4403,3,2,5
4836.61839863812,arrival,4407,4,2,6
4837.614255069324,departure,4402,4,1,5
4837.614255069324,service_start,4404,3,2,5
4837.988940404771,departure,4404,3,1,4
4837.988940404771,service_start,4405,2,2,4
4838.278624779644,departure,4403,2,1,3
4838.278624779644,service_start,4406,1,2,3
4839.453838276375,arrival,4408,2,2,4
4840.152058170642,departure,4405,2,1,3
4840.152058170642,service_start,4407,1,2,3
4840.216749870814,departure,4406,1,1,2
4840.216749870814,service_start,4408,0,2,2
4840.289117444488,arrival,4409,1,2,3
4842.995705483221,arrival,4410,2,2,4
4843.7949299067395,departure,4408,2,1,3
4843.7949299067395,service_start,4409,1,2,3
4843.9022890992865,arrival,4411,2,2,4
4843.992899900015,arrival,4412,3,2,5
4844.165873690194,departure,4407,3,1,4
4844.165873690194,service_start,4410,2,2,4
4844.270328899526,departure,4410,2,1,3
4844.270328899526,service_start,4411,1,2,3
4844.378889309713,arrival,4413,2,2,4
4844.763541463229,arrival,4414,3,2,5
4845.499445869895,arrival,4415,4,2,6
4845.501969730459,departure,4411,4,1,5
4845.501969730459,service_start,4412,3,2,5
4845.669072512785,arrival,4416,4,2,6
4846.028930206272,arrival,4417,5,2,7
4847.132593550571,arrival,4418,6,2,8
4848.174869538422,departure,4409,6,1,7
4848.174869538422,service_start,4413,5,2,7
4848.699752864244,departure,4412,5,1,6
4848.699752864244,service_start,4414,4,2,6
4848.883050204948,departure,4413,4,1,5
4848.883050204948,service_start,4415,3,2,5
4849.64286617039,departure,4414,3,1,4
4849.64286617039,service_start,4416,2,2,4
4849.753643531979,arrival,4419,3,2,5
4850.776906183584,departure,4416,3,1,4
4850.776906183584,service_start,4417,2,2,4
4851.062279788318,arrival,4420,3,2,5
4851.359056344127,arrival,4421,4,2,6
4852.668947002086,departure,4417,4,1,5
4852.668947002086,service_start,4418,3,2,5
4852.684404499355,arrival,4422,4,2,6
4853.10152859472,arrival,4423,5,2,7
4853.362749354022,departure,4418,5,1,6
4853.362749354022,service_start,4419,4,2,6
4853.780902715251,departure,4415,4,1,5
4853.780902715251,service_start,4420,3,2,5
4854.179958619248,departure,4419,3,1,4
4854.179958619248,service_start,4421,2,2,4
4854.53678765628,departure,4421,2,1,3
4854.53678765628,service_start,4422,1,2,3
4855.907447070339,arrival,4424,2,2,4
4856.134902495956,departure,4420,2,1,3
4856.134902495956,service_start,4423,1,2,3
4857.297876411164,departure,4422,1,1,2
4857.297876411164,service_start,4424,0,2,2
4858.297634503631,departure,4423,0,1,1
4858.3576680623855,arrival,4425,0,2,2
4858.3576680623855,service_start,4425,0,2,2
4858.7564746908165,arrival,4426,1,2,3
4858.75780733914,arrival,4427,2,2,4
4859.162476462069,arrival,4428,3,2,5
4859.906753408132,arrival,4429,4,2,6
4860.902955309975,arrival,4430,5,2,7
4861.1092144327695,departure,4425,5,1,6
4861.1092144327695,service_start,4426,4,2,6
4861.20867684857,arrival,4431,5,2,7
4862.481781867731,departure,4426,5,1,6
4862.481781867731,service_start,4427,4,2,6
4862.790923624173,departure,4427,4,1,5
4862.790923624173,service_start,4428,3,2,5
4863.050071244983,arrival,4432,4,2,6
4863.212988101974,departure,4424,4,1,5
4863.212988101974,service_start,4429,3,2,5
4863.2218612467195,arrival,4433,4,2,6
4863.286673251535,arrival,4434,5,2,7
4863.837693718731,departure,4429,5,1,6
4863.837693718731,service_start,4430,4,2,6
4864.108479301235,arrival,4435,5,2,7
4864.948631712126,departure,4430,5,1,6
4864.948631712126,service_start,4431,4,2,6
4865.578363206264,departure,4431,4,1,5
4865.578363206264,service_start,4432,3,2,5
4866.224871509263,arrival,4436,4,2,6
4866.378120295442,departure,4428,4,1,5
4866.378120295442,service_start,4433,3,2,5
4866.609638579751,arrival,4437,4,2,6
4866.744819812312,arrival,4438,5,2,7
4866.842369705844,arrival,4439,6,2,8
4868.924508322078,arrival,4440,7,2,9
4869.067713265554,departure,4432,7,1,8
4869.067713265554,service_start,4434,6,2,8
4869.329803743251,arrival,4441,7,2,9
4869.860120381868,arrival,4442,8,2,10
4870.086075438543,departure,4434,8,1,9
4870.086075438543,service_start,4435,7,2,9
4871.42766713444,arrival,4443,8,2,10
4873.360435992193,arrival,4444,9,2,11
4873.519211947253,arrival,4445,10,2,12
4873.93869573217,departure,4435,10,1,11
4873.93869573217,service_start,4436,9,2,11
4874.196060528553,arrival,4446,10,2,12
4875.361883842367,departure,4436,10,1,11
4875.361883842367,service_start,4437,9,2,11
4876.0253423715885,arrival,4447,10,2,12
4877.212914514505,departure,4433,10,1,11
4877.212914514505,service_start,4438,9,2,11
4878.167394195724,arrival,4448,10,2,12
4879.798079883867,departure,4438,10,1,11
4879.798079883867,service_start,4439,9,2,11
4879.945432129434,departure,4439,9,1,10
4879.945432129434,service_start,4440,8,2,10
4880.15781037212,arrival,4449,9,2,11
4880.248414845128,departure,4440,9,1,10
4880.248414845128,service_start,4441,8,2,10
4880.842357839397,arrival,4450,9,2,11
4880.93473567071,departure,4441,9,1,10
4880.93473567071,service_start,4442,8,2,10
4881.355418283749,arrival,4451,9,2,11
4882.2971683892465,arrival,4452,10,2,12
4882.577032897965,departure,4442,10,1,11
4882.577032897965,service_start,4443,9,2,11
4882.586576558216,departure,4437,9,1,10
4882.586576558216,service_start,4444,8,2,10
4882.8037949080635,arrival,4453,9,2,11
4883.090027766034,departure,4444,9,1,10
4883.090027766034,service_start,4445,8,2,10
4883.215054261555,arrival,4454,9,2,11
4884.8261527760915,departure,4443,9,1,10
4884.8261527760915,service_start,4446,8,2,10
4884.907278916641,arrival,4455,9,2,11
4885.769542550776,arrival,4456,10,2,12
4886.097878074874,departure,4445,10,1,11
4886.097878074874,service_start,4447,9,2,11
4887.241724842488,departure,4447,9,1,10
4887.241724842488,service_start,4448,8,2,10
4888.244056066832,departure,4446,8,1,9
4888.244056066832,service_start,4449,7,2,9
4889.6983101299065,departure,4448,7,1,8
4889.6983101299065,service_start,4450,6,2,8
4890.154152261184,arrival,4457,7,2,9
4890.963306357505,arrival,4458,8,2,10
4891.023805625545,departure,4450,8,1,9
4891.023805625545,service_start,4451,7,2,9
4891.131064624258,arrival,4459,8,2,10
4891.18375278652,arrival,4460,9,2,11
4891.379318164584,departure,4451,9,1,10
4891.379318164584,service_start,4452,8,2,10
4891.878795047498,arrival,4461,9,2,11
4892.871714382937,arrival,4462,10,2,12
4892.965399333746,arrival,4463,11,2,13
4894.7878971963355,departure,4452,11,1,12
4894.7878971963355,service_start,4453,10,2,12
4896.216864336513,arrival,4464,11,2,13
4897.059623658569,departure,4449,11,1,12
4897.059623658569,service_start,4454,10,2,12
4897.603891205497,arrival,4465,11,2,13
4898.308349540748,departure,4454,11,1,12
4898.308349540748,service_start,4455,10,2,12
4898.719262781067,arrival,4466,11,2,13
4899.004570906208,departure,4453,11,1,12
4899.004570906208,service_start,4456,10,2,12
4899.417853849366,departure,4456,10,1,11
4899.417853849366,service_start,4457,9,2,11
4901.2519685204425,departure,4457,9,1,10
4901.2519685204425,service_start,4458,8,2,10
4901.556525508001,arrival,4467,9,2,11
4902.093336297211,arrival,4468,10,2,12
4903.127868603513,departure,4458,10,1,11
4903.127868603513,service_start,4459,9,2,11
4903.86569911808,arrival,4469,10,2,12
4904.242804790596,departure,4459,10,1,11
4904.242804790596,service_start,4460,9,2,11
4906.697596256157,arrival,4470,10,2,12
4906.974640742572,arrival,4471,11,2,13
4907.468891707278,departure,4460,11,1,12
4907.468891707278,service_start,4461,10,2,12
4908.507703478083,departure,4455,10,1,11
4908.507703478083,service_start,4462,9,2,11
4908.545474426344,departure,4462,9,1,10
4908.545474426344,service_start,4463,8,2,10
4908.810210712114,departure,4461,8,1,9
4908.810210712114,service_start,4464,7,2,9
4908.850136930559,arrival,4472,8,2,10
4909.05208050728,departure,4463,8,1,9
4909.05208050728,service_start,4465,7,2,9
4909.090185511373,departure,4464,7,1,8
4909.090185511373,service_start,4466,6,2,8
4909.804943409692,departure,4465,6,1,7
4909.804943409692,service_start,4467,5,2,7
4909.993480519645,arrival,4473,6,2,8
4910.807796367758,arrival,4474,7,2,9
4911.389730118142,arrival,4475,8,2,10
4911.4317389792595,arrival,4476,9,2,11
4912.537007746546,departure,4467,9,1,10
4912.537007746546,service_start,4468,8,2,10
4914.431470757575,departure,4468,8,1,9
4914.431470757575,service_start,4469,7,2,9
4914.639628212068,arrival,4477,8,2,10
4915.218178938451,arrival,4478,9,2,11
4915.6514379767095,arrival,4479,10,2,12
4916.430762389857,departure,4469,10,1,11
4916.430762389857,service_start,4470,9,2,11
4917.196062864829,departure,4466,9,1,10
4917.196062864829,service_start,4471,8,2,10
4917.372582857692,departure,4470,8,1,9
4917.372582857692,service_start,4472,7,2,9
4917.669271986081,departure,4472,7,1,8
4917.669271986081,service_start,4473,6,2,8
4917.899199072939,arrival,4480,7,2,9
4918.047278396667,arrival,4481,8,2,10
4918.051546599881,departure,4471,8,1,9
4918.051546599881,service_start,4474,7,2,9
4919.462943760191,departure,4474,7,1,8
4919.462943760191,service_start,4475,6,2,8
4920.743134289176,arrival,4482,7,2,9
4922.226565514757,departure,4475,7,1,8
4922.226565514757,service_start,4476,6,2,8
4922.603042761744,arrival,4483,7,2,9
4922.623702473517,departure,4476,7,1,8
4922.623702473517,service_start,4477,6,2,8
4923.703857210208,arrival,4484,7,2,9
4923.757105031594,departure,4477,7,1,8
4923.757105031594,service_start,4478,6,2,8
4924.370286729918,departure,4473,6,1,7
4924.370286729918,service_start,4479,5,2,7
4924.85760534098,departure,4478,5,1,6
4924.85760534098,service_start,4480,4,2,6
4924.971873644148,departure,4479,4,1,5
4924.971873644148,service_start,4481,3,2,5
4926.520522240277,arrival,4485,4,2,6
4926.723165710375,arrival,4486,5,2,7
4927.00536535469,departure,4480,5,1,6
4927.00536535469,service_start,4482,4,2,6
4927.29024195914,arrival,4487,5,2,7
4927.330291272647,arrival,4488,6,2,8
4927.344839981956,departure,4481,6,1,7
4927.344839981956,service_start,4483,5,2,7
4927.758042390078,departure,4482,5,1,6
4927.758042390078,service_start,4484,4,2,6
4928.107081941936,departure,4484,4,1,5
4928.107081941936,service_start,4485,3,2,5
4928.227158246248,departure,4483,3,1,4
4928.227158246248,service_start,4486,2,2,4
4928.774427777199,departure,4485,2,1,3
4928.774427777199,service_start,4487,1,2,3
4928.819899865029,arrival,4489,2,2,4
4929.060257048185,arrival,4490,3,2,5
4930.000083850678,arrival,4491,4,2,6
4930.268697104523,arrival,4492,5,2,7
4930.520674330005,arrival,4493,6,2,8
4932.027072542792,departure,4487,6,1,7
4932.027072542792,service_start,4488,5,2,7
4932.615284002382,departure,4486,5,1,6
4932.615284002382,service_start,4489,4,2,6
4933.036407932537,departure,4489,4,1,5
4933.036407932537,service_start,4490,3,2,5
4933.702180238972,arrival,4494,4,2,6
4934.575707702391,arrival,4495,5,2,7
4934.699183937638,departure,4488,5,1,6
4934.699183937638,service_start,4491,4,2,6
4936.7489164078015,departure,4491,4,1,5
4936.7489164078015,service_start,4492,3,2,5
4936.875777269386,arrival,4496,4,2,6
4936.999390647945,departure,4492,4,1,5
4936.999390647945,service_start,4493,3,2,5
4937.0903634234455,departure,4493,3,1,4
4937.0903634234455,service_start,4494,2,2,4
4937.224717148297,departure,4494,2,1,3
4937.224717148297,service_start,4495,1,2,3
4937.501060613854,departure,4495,1,1,2
4937.501060613854,service_start,4496,0,2,2
4939.479682366705,departure,4490,0,1,1
4940.274339011764,arrival,4497,0,2,2
4940.274339011764,service_start,4497,0,2,2
4940.56847133858,departure,4497,0,1,1
4940.964502286865,arrival,4498,0,2,2
4940.964502286865,service_start,4498,0,2,2
4941.227625680048,departure,4498,0,1,1
4942.086229392,departure,4496,0,0,0
4943.080216510894,arrival,4499,0,1,1
4943.080216510894,service_start,4499,0,1,1
4944.358640804013,arrival,4500,0,2,2
4944.358640804013,service_start,4500,0,2,2
4946.584158970774,departure,4500,0,1,1
4947.635177738852,arrival,4501,0,2,2
4947.635177738852,service_start,4501,0,2,2
4947.835228858435,departure,4501,0,1,1
4948.7227081405845,arrival,4502,0,2,2
4948.7227081405845,service_start,4502,0,2,2
4948.872158127226,departure,4502,0,1,1
4949.0293995636885,arrival,4503,0,2,2
4949.0293995636885,service_start,4503,0,2,2
4950.414324273462,arrival,4504,1,2,3
4950.5986690966965,departure,4499,1,1,2
4950.5986690966965,service_start,4504,0,2,2
4950.611467297622,departure,4504,0,1,1
4950.9125222011035,arrival,4505,0,2,2
4950.9125222011035,service_start,4505,0,2,2
4950.9609285701345,arrival,4506,1,2,3
4951.273481690557,arrival,4507,2,2,4
4951.471075592045,arrival,4508,3,2,5
4951.813238947619,departure,4505,3,1,4
4951.813238947619,service_start,4506,2,2,4
4951.98363807074,departure,4506,2,1,3
4951.98363807074,service_start,4507,1,2,3
4952.489847892004,arrival,4509,2,2,4
4954.445675058472,arrival,4510,3,2,5
4956.329088458709,arrival,4511,4,2,6
4956.7680440244,arrival,4512,5,2,7
4957.165044500603,departure,4507,5,1,6
4957.165044500603,service_start,4508,4,2,6
4957.564744613356,arrival,4513,5,2,7
4957.973856483482,departure,4508,5,1,6
4957.973856483482,service_start,4509,4,2,6
4958.513504140863,departure,4503,4,1,5
4958.513504140863,service_start,4510,3,2,5
4958.714053108641,arrival,4514,4,2,6
4959.066281306156,departure,4509,4,1,5
4959.066281306156,service_start,4511,3,2,5
4959.232207091037,departure,4511,3,1,4
4959.232207091037,service_start,4512,2,2,4
4959.479561742119,arrival,4515,3,2,5
4960.243312170575,arrival,4516,4,2,6
4960.3168575348645,departure,4510,4,1,5
4960.3168575348645,service_start,4513,3,2,5
4960.886468341122,arrival,4517,4,2,6
4961.569094877966,departure,4513,4,1,5
4961.569094877966,service_start,4514,3,2,5
4961.904241315863,arrival,4518,4,2,6
4961.912278775343,departure,4514,4,1,5
4961.912278775343,service_start,4515,3,2,5
4962.564306408957,arrival,4519,4,2,6
4963.756229103828,arrival,4520,5,2,7
4964.622439640565,departure,4515,5,1,6
4964.622439640565,service_start,4516,4,2,6
4965.291660780658,arrival,4521,5,2,7
4966.664895556354,arrival,4522,6,2,8
4967.107305848753,arrival,4523,7,2,9
4967.334178053575,departure,4512,7,1,8
4967.334178053575,service_start,4517,6,2,8
4969.452294001866,arrival,4524,7,2,9
4969.644539916684,departure,4516,7,1,8
4969.644539916684,service_start,4518,6,2,8
4969.81424253503,arrival,4525,7,2,9
4970.023686162941,departure,4517,7,1,8
4970.023686162941,service_start,4519,6,2,8
4970.869996191965,arrival,4526,7,2,9
4971.977954386781,arrival,4527,8,2,10
4972.104066906081,arrival,4528,9,2,11
4972.24719032486,arrival,4529,10,2,12
4972.404523293734,departure,4518,10,1,11
4972.404523293734,service_start,4520,9,2,11
4972.851226837097,departure,4519,9,1,10
4972.851226837097,service_start,4521,8,2,10
4977.208247212604,departure,4521,8,1,9
4977.208247212604,service_start,4522,7,2,9
4977.400482244224,arrival,4530,8,2,10
4978.553668489988,arrival,4531,9,2,11
4980.435101889497,arrival,4532,10,2,12
4980.8467126571695,departure,4520,10,1,11
4980.8467126571695,service_start,4523,9,2,11
4981.490692322538,departure,4522,9,1,10
4981.490692322538,service_start,4524,8,2,10
4981.920204241147,arrival,4533,9,2,11
4981.955398398987,departure,4523,9,1,10
4981.955398398987,service_start,4525,8,2,10
4982.030335962665,arrival,4534,9,2,11
4982.448438242128,arrival,4535,10,2,12
4982.4486696650065,departure,4524,10,1,11
4982.4486696650065,service_start,4526,9,2,11
4983.5812155048025,arrival,4536,10,2,12
4983.611455938716,arrival,4537,11,2,13
4983.652220201046,arrival,4538,12,2,14
4984.518571619054,arrival,4539,13,2,15
4984.930915499869,arrival,4540,14,2,16
4985.240702343648,departure,4525,14,1,15
4985.240702343648,service_start,4527,13,2,15
4985.363490409656,arrival,4541,14,2,16
4986.031103391993,arrival,4542,15,2,17
4986.048894186209,departure,4526,15,1,16
4986.048894186209,service_start,4528,14,2,16
4986.08328702506,arrival,4543,15,2,17
4986.519109482304,departure,4527,15,1,16
4986.519109482304,service_start,4529,14,2,16
4986.547584345278,departure,4529,14,1,15
4986.547584345278,service_start,4530,13,2,15
4986.755099548594,departure,4528,13,1,14
4986.755099548594,service_start,4531,12,2,14
4986.89669207707,departure,4531,12,1,13
4986.89669207707,service_start,4532,11,2,13
4987.473513586105,arrival,4544,12,2,14
4988.450334643988,arrival,4545,13,2,15
4988.637237089807,arrival,4546,14,2,16
4988.64073526911,arrival,4547,15,2,17
4991.0089065230595,arrival,4548,16,2,18
4991.219966935585,arrival,4549,17,2,19
4992.167871507233,departure,4530,17,1,18
4992.167871507233,service_start,4533,16,2,18
4992.864878121229,departure,4532,16,1,17
4992.864878121229,service_start,4534,15,2,17
4993.137639951626,arrival,4550,16,2,18
4993.838788412507,departure,4533,16,1,17
4993.838788412507,service_start,4535,15,2,17
4994.132971429592,departure,4534,15,1,16
4994.132971429592,service_start,4536,14,2,16
4994.2418314459455,departure,4536,14,1,15
4994.2418314459455,service_start,4537,13,2,15
4994.248867977049,arrival,4551,14,2,16
4994.728052155284,arrival,4552,15,2,17
4995.227569127238,arrival,4553,16,2,18
4995.610123078861,arrival,4554,17,2,19
4996.760831381171,departure,4535,17,1,18
4996.760831381171,service_start,4538,16,2,18
4997.168699969364,arrival,4555,17,2,19
4998.534073711699,departure,4537,17,1,18
4998.534073711699,service_start,4539,16,2,18
4998.668522503737,arrival,4556,17,2,19
4999.000132114855,arrival,4557,18,2,20
4999.210333051613,departure,4539,18,1,19
4999.210333051613,service_start,4540,17,2,19
4999.655049484855,departure,4538,17,1,18
4999.655049484855,service_start,4541,16,2,18
4999.9265631766575,departure,4540,16,1,17
4999.9265631766575,service_start,4542,15,2,17
5000.817754655322,arrival,4558,16,2,18
5001.517302017309,departure,4542,16,1,17
5001.517302017309,service_start,4543,15,2,17
5001.724512994554,departure,4541,15,1,16
5001.724512994554,service_start,4544,14,2,16
5002.0508659064935,arrival,4559,15,2,17
5002.610977174959,arrival,4560,16,2,18
5002.787711046747,arrival,4561,17,2,19
5003.334582509058,arrival,4562,18,2,20
5003.417164257652,arrival,4563,19,2,21
5004.851437946576,arrival,4564,20,2,22
5005.332088820816,departure,4544,20,1,21
5005.332088820816,service_start,4545,19,2,21
5005.695538654441,departure,4545,19,1,20
5005.695538654441,service_start,4546,18,2,20
5005.998514687795,arrival,4565,19,2,21
5007.063316697426,departure,4546,19,1,20
5007.063316697426,service_start,4547,18,2,20
5007.178254073923,arrival,4566,19,2,21
5008.116979395371,departure,4547,19,1,20
5008.116979395371,service_start,4548,18,2,20
5009.633818485731,arrival,4567,19,2,21
5010.343965645689,departure,4548,19,1,20
5010.343965645689,service_start,4549,18,2,20
5010.843825041872,departure,4543,18,1,19
5010.843825041872,service_start,4550,17,2,19
5012.235052329525,departure,4549,17,1,18
5012.235052329525,service_start,4551,16,2,18
5012.754549450296,arrival,4568,17,2,19
5013.31812010238,arrival,4569,18,2,20
5013.491994495431,departure,4551,18,1,19
5013.491994495431,service_start,4552,17,2,19
5013.857275416336,arrival,4570,18,2,20
5014.035209259286,departure,4552,18,1,19
5014.035209259286,service_start,4553,17,2,19
5014.8891911058845,departure,4553,17,1,18
5014.8891911058845,service_start,4554,16,2,18
5015.061899666771,arrival,4571,17,2,19
5015.349908569148,arrival,4572,18,2,20
5016.057293421289,departure,4550,18,1,19
5016.057293421289,service_start,4555,17,2,19
5016.29190472603,departure,4555,17,1,18
5016.29190472603,service_start,4556,16,2,18
5016.379790672166,departure,4554,16,1,17
5016.379790672166,service_start,4557,15,2,17
5016.658393352853,arrival,4573,16,2,18
5017.6550228803,arrival,4574,17,2,19
5018.012247156335,arrival,4575,18,2,20
5018.382747425374,departure,4556,18,1,19
5018.382747425374,service_start,4558,17,2,19
5018.387418283067,departure,4558,17,1,18
5018.387418283067,service_start,4559,16,2,18
5018.598238236029,departure,4559,16,1,17
5018.598238236029,service_start,4560,15,2,17
5019.280390634806,departure,4557,15,1,16
5019.280390634806,service_start,4561,14,2,16
5019.478394743077,arrival,4576,15,2,17
5019.868464899136,arrival,4577,16,2,18
5019.968748764491,departure,4561,16,1,17
5019.968748764491,service_start,4562,15,2,17
5020.727572996962,departure,4562,15,1,16
5020.727572996962,service_start,4563,14,2,16
5021.568181076357,arrival,4578,15,2,17
5021.682810287781,arrival,4579,16,2,18
5022.829416573794,departure,4563,16,1,17
5022.829416573794,service_start,4564,15,2,17
5023.447048822653,departure,4564,15,1,16
5023.447048822653,service_start,4565,14,2,16
5024.93210970044,departure,4560,14,1,15
5024.93210970044,service_start,4566,13,2,15
5025.163294907166,arrival,4580,14,2,16
5025.771606205083,arrival,4581,15,2,17
5025.890784017432,arrival,4582,16,2,18
5026.168644405925,departure,4566,16,1,17
5026.168644405925,service_start,4567,15,2,17
5026.485899182035,departure,4567,15,1,16
5026.485899182035,service_start,4568,14,2,16
5027.368409157303,arrival,4583,15,2,17
5027.683547228325,departure,4565,15,1,16
5027.683547228325,service_start,4569,14,2,16
5028.718431329677,departure,4568,14,1,15
5028.718431329677,service_start,4570,13,2,15
5028.890571925876,departure,4570,13,1,14
5028.890571925876,service_start,4571,12,2,14
5030.346693397127,departure,4571,12,1,13
5030.346693397127,service_start,4572,11,2,13
5030.842752904793,arrival,4584,12,2,14
5031.224398747996,departure,4572,12,1,13
5031.224398747996,service_start,4573,11,2,13
5031.589795876839,arrival,4585,12,2,14
5031.841810007819,arrival,4586,13,2,15
5032.985415754275,arrival,4587,14,2,16
5033.412709628633,arrival,4588,15,2,17
5033.6153210561115,arrival,4589,16,2,18
5033.85574427714,departure,4569,16,1,17
5033.85574427714,service_start,4574,15,2,17
5034.314683920592,arrival,4590,16,2,18
5035.047415015625,arrival,4591,17,2,19
5035.781155182958,departure,4573,17,1,18
5035.781155182958,service_start,4575,16,2,18
5035.872471710828,arrival,4592,17,2,19
5036.129013427136,departure,4575,17,1,18
5036.129013427136,service_start,4576,16,2,18
5036.537421905414,departure,4576,16,1,17
5036.537421905414,service_start,4577,15,2,17
5036.857278914609,arrival,4593,16,2,18
5037.600924420389,departure,4577,16,1,17
5037.600924420389,service_start,4578,15,2,17
5037.766800643103,arrival,4594,16,2,18
5038.440453176781,arrival,4595,17,2,19
5038.9965777519255,departure,4574,17,1,18
5038.9965777519255,service_start,4579,16,2,18
5040.028277390665,departure,4579,16,1,17
5040.028277390665,service_start,4580,15,2,17
5040.977010706835,arrival,4596,16,2,18
5041.295861311186,departure,4580,16,1,17
5041.295861311186,service_start,4581,15,2,17
5042.370482237837,departure,4578,15,1,16
5042.370482237837,service_start,4582,14,2,16
5043.086297112034,departure,4582,14,1,15
5043.086297112034,service_start,4583,13,2,15
5043.611966130222,departure,4583,13,1,14
5043.611966130222,service_start,4584,12,2,14
5045.151539587198,arrival,4597,13,2,15
5045.894222342629,departure,4584,13,1,14
5045.894222342629,service_start,4585,12,2,14
5046.179905883039,arrival,4598,13,2,15
5046.316606648473,departure,4585,13,1,14
5046.316606648473,service_start,4586,12,2,14
5047.488860188983,arrival,4599,13,2,15
5048.276915467823,arrival,4600,14,2,16
5048.376964262104,departure,4581,14,1,15
5048.376964262104,service_start,4587,13,2,15
5048.9007529757455,arrival,4601,14,2,16
5049.142308150286,arrival,4602,15,2,17
5050.312372885605,arrival,4603,16,2,18
5050.4234097060325,arrival,4604,17,2,19
5052.692976470533,departure,4586,17,1,18
5052.692976470533,service_start,4588,16,2,18
5054.5739419786905,arrival,4605,17,2,19
5055.128172313135,departure,4587,17,1,18
5055.128172313135,service_start,4589,16,2,18
5055.7533583503255,departure,4589,16,1,17
5055.7533583503255,service_start,4590,15,2,17
5055.911810247152,arrival,4606,16,2,18
5056.26009675064,arrival,4607,17,2,19
5056.310927417391,arrival,4608,18,2,20
5057.257271895004,departure,4590,18,1,19
5057.257271895004,service_start,4591,17,2,19
5057.26448548485,arrival,4609,18,2,20
5058.163993982764,arrival,4610,19,2,21
5058.3472631116265,departure,4588,19,1,20
5058.3472631116265,service_start,4592,18,2,20
5058.562196255513,departure,4591,18,1,19
5058.562196255513,service_start,4593,17,2,19
5058.826847775849,arrival,4611,18,2,20
5059.020065471185,departure,4592,18,1,19
5059.020065471185,service_start,4594,17,2,19
5059.864682462661,departure,4593,17,1,18
5059.864682462661,service_start,4595,16,2,18
5061.11284782802,arrival,4612,17,2,19
5062.43093400874,departure,4594,17,1,18
5062.43093400874,service_start,4596,16,2,18
5062.562515991538,departure,4595,16,1,17
5062.562515991538,service_start,4597,15,2,17
5062.974677596401,departure,4597,15,1,16
5062.974677596401,service_start,4598,14,2,16
5064.34967744293,departure,4598,14,1,15
5064.34967744293,service_start,4599,13,2,15
5065.351983204691,departure,4596,13,1,14
5065.351983204691,service_start,4600,12,2,14
5065.6424013598935,arrival,4613,13,2,15
5066.0035731138805,arrival,4614,14,2,16
5066.509313976946,arrival,4615,15,2,17
5066.834933501867,arrival,4616,16,2,18
5068.321482289566,arrival,4617,17,2,19
5069.3736943431095,arrival,4618,18,2,20
5069.4532037581785,arrival,4619,19,2,21
5069.5670927459905,departure,4599,19,1,20
5069.5670927459905,service_start,4601,18,2,20
5070.570125887976,arrival,4620,19,2,21
5071.409401878718,departure,4600,19,1,20
5071.409401878718,service_start,4602,18,2,20
5072.460596237007,arrival,4621,19,2,21
5072.766414678193,arrival,4622,20,2,22
5072.781052055297,departure,4601,20,1,21
5072.781052055297,service_start,4603,19,2,21
5073.039769852103,departure,4602,19,1,20
5073.039769852103,service_start,4604,18,2,20
5073.892916057309,departure,4603,18,1,19
5073.892916057309,service_start,4605,17,2,19
5074.165778169627,departure,4605,17,1,18
5074.165778169627,service_start,4606,16,2,18
5074.553584546087,departure,4604,16,1,17
5074.553584546087,service_start,4607,15,2,17
5075.997795555026,departure,4607,15,1,16
5075.997795555026,service_start,4608,14,2,16
5076.35655872042,departure,4608,14,1,15
5076.35655872042,service_start,4609,13,2,15
5077.086349559093,departure,4606,13,1,14
5077.086349559093,service_start,4610,12,2,14
5077.192372384462,arrival,4623,13,2,15
5078.475164325957,departure,4609,13,1,14
5078.475164325957,service_start,4611,12,2,14
5079.005747885133,departure,4610,12,1,13
5079.005747885133,service_start,4612,11,2,13
5079.265845391918,departure,4612,11,1,12
5079.265845391918,service_start,4613,10,2,12
5079.89855714222,departure,4611,10,1,11
5079.89855714222,service_start,4614,9,2,11
5080.084167375966,departure,4614,9,1,10
5080.084167375966,service_start,4615,8,2,10
5080.392750184094,departure,4613,8,1,9
5080.392750184094,service_start,4616,7,2,9
5080.474009097461,arrival,4624,8,2,10
5080.5547341661095,departure,4616,8,1,9
5080.5547341661095,service_start,4617,7,2,9
5080.776185560623,arrival,4625,8,2,10
5080.851263769509,arrival,4626,9,2,11
5081.504962207329,arrival,4627,10,2,12
5082.141302117618,departure,4615,10,1,11
5082.141302117618,service_start,4618,9,2,11
5082.413985201102,arrival,4628,10,2,12
5082.961739745776,arrival,4629,11,2,13
5083.300153360353,departure,4617,11,1,12
5083.300153360353,service_start,4619,10,2,12
5083.5472238104285,arrival,4630,11,2,13
5088.00028968407,arrival,4631,12,2,14
5088.121444149576,departure,4619,12,1,13
5088.121444149576,service_start,4620,11,2,13
5089.593170843956,arrival,4632,12,2,14
5090.290244465403,arrival,4633,13,2,15
5091.559269519582,departure,4620,13,1,14
5091.559269519582,service_start,4621,12,2,14
5093.083082084112,arrival,4634,13,2,15
5094.44976406132,departure,4621,13,1,14
5094.44976406132,service_start,4622,12,2,14
5095.717706887575,arrival,4635,13,2,15
5096.264538808015,departure,4618,13,1,14
5096.264538808015,service_start,4623,12,2,14
5096.329052635852,departure,4623,12,1,13
5096.329052635852,service_start,4624,11,2,13
5101.519739837486,arrival,4636,12,2,14
5102.162473249284,arrival,4637,13,2,15
5102.297479274417,departure,4622,13,1,14
5102.297479274417,service_start,4625,12,2,14
5102.698699869673,arrival,4638,13,2,15
5103.153862997209,arrival,4639,14,2,16
5103.297750481305,departure,4625,14,1,15
5103.297750481305,service_start,4626,13,2,15
5104.2294715885155,arrival,4640,14,2,16
5104.300976817688,arrival,4641,15,2,17
5104.507053826075,departure,4624,15,1,16
5104.507053826075,service_start,4627,14,2,16
5104.541718041469,arrival,4642,15,2,17
5105.983841321381,departure,4627,15,1,16
5105.983841321381,service_start,4628,14,2,16
5106.351085035775,departure,4626,14,1,15
5106.351085035775,service_start,4629,13,2,15
5106.387035707505,departure,4628,13,1,14
5106.387035707505,service_start,4630,12,2,14
5106.7790738997655,departure,4630,12,1,13
5106.7790738997655,service_start,4631,11,2,13
5106.856904972372,departure,4631,11,1,12
5106.856904972372,service_start,4632,10,2,12
5107.607256729174,arrival,4643,11,2,13
5107.865531540809,arrival,4644,12,2,14
5108.549182696434,departure,4629,12,1,13
5108.549182696434,service_start,4633,11,2,13
5108.897810478675,departure,4633,11,1,12
5108.897810478675,service_start,4634,10,2,12
5109.609823824431,departure,4632,10,1,11
5109.609823824431,service_start,4635,9,2,11
5110.526814734885,arrival,4645,10,2,12
5111.300450159056,departure,4635,10,1,11
5111.300450159056,service_start,4636,9,2,11
5112.522155156948,departure,4636,9,1,10
5112.522155156948,service_start,4637,8,2,10
5112.6685269740565,arrival,4646,9,2,11
5112.9249580641335,departure,4634,9,1,10
5112.9249580641335,service_start,4638,8,2,10
5112.984960647616,arrival,4647,9,2,11
5113.20460576182,departure,4638,9,1,10
5113.20460576182,service_start,4639,8,2,10
5113.270493281224,arrival,4648,9,2,11
5114.511900128889,arrival,4649,10,2,12
5114.988910253866,departure,4637,10,1,11
5114.988910253866,service_start,4640,9,2,11
5115.191539007581,departure,4639,9,1,10
5115.191539007581,service_start,4641,8,2,10
5115.426783402064,departure,4641,8,1,9
5115.426783402064,service_start,4642,7,2,9
5115.662912286116,arrival,4650,8,2,10
5116.203311255026,departure,4640,8,1,9
5116.203311255026,service_start,4643,7,2,9
5116.676773086931,departure,4642,7,1,8
5116.676773086931,service_start,4644,6,2,8
5118.1804722245215,departure,4643,6,1,7
5118.1804722245215,service_start,4645,5,2,7
5119.033727013126,arrival,4651,6,2,8
5119.442568776876,departure,4644,6,1,7
5119.442568776876,service_start,4646,5,2,7
5120.055025987235,departure,4646,5,1,6
5120.055025987235,service_start,4647,4,2,6
5120.0880908678055,departure,4647,4,1,5
5120.0880908678055,service_start,4648,3,2,5
5120.252675786455,departure,4648,3,1,4
5120.252675786455,service_start,4649,2,2,4
5121.441815558499,departure,4649,2,1,3
5121.441815558499,service_start,4650,1,2,3
5121.4763541174,departure,4650,1,1,2
5121.4763541174,service_start,4651,0,2,2
5121.486705890716,arrival,4652,1,2,3
5121.657616320101,arrival,4653,2,2,4
5122.877307997335,arrival,4654,3,2,5
5123.998325809278,arrival,4655,4,2,6
5124.303424187902,arrival,4656,5,2,7
5124.794493635052,departure,4651,5,1,6
5124.794493635052,service_start,4652,4,2,6
5125.537387378266,arrival,4657,5,2,7
5126.048835945962,departure,4652,5,1,6
5126.048835945962,service_start,4653,4,2,6
5126.300155833689,departure,4645,4,1,5
5126.300155833689,service_start,4654,3,2,5
5127.388768865097,arrival,4658,4,2,6
5127.688123867293,departure,4653,4,1,5
5127.688123867293,service_start,4655,3,2,5
5127.996091210807,departure,4655,3,1,4
5127.996091210807,service_start,4656,2,2,4
5129.341557423704,arrival,4659,3,2,5
5129.730602237201,arrival,4660,4,2,6
5130.218270957126,arrival,4661,5,2,7
5132.023408831498,arrival,4662,6,2,8
5132.2560999213165,arrival,4663,7,2,9
5133.234165007015,departure,4656,7,1,8
5133.234165007015,service_start,4657,6,2,8
5135.11082424903,departure,4654,6,1,7
5135.11082424903,service_start,4658,5,2,7
5135.22855577786,departure,4658,5,1,6
5135.22855577786,service_start,4659,4,2,6
5135.363497436555,arrival,4664,5,2,7
5135.695418804954,departure,4657,5,1,6
5135.695418804954,service_start,4660,4,2,6
5136.453118536244,departure,4659,4,1,5
5136.453118536244,service_start,4661,3,2,5
5136.5558249435135,arrival,4665,4,2,6
5137.129194019894,departure,4661,4,1,5
5137.129194019894,service_start,4662,3,2,5
5137.287872173337,departure,4662,3,1,4
5137.287872173337,service_start,4663,2,2,4
5138.255775707889,arrival,4666,3,2,5
5139.619361589127,departure,4660,3,1,4
5139.619361589127,service_start,4664,2,2,4
5140.826425316741,arrival,4667,3,2,5
5141.667544378697,arrival,4668,4,2,6
5141.9231484698585,arrival,4669,5,2,7
5142.192621240084,departure,4664,5,1,6
5142.192621240084,service_start,4665,4,2,6
5142.4257832554695,departure,4663,4,1,5
5142.4257832554695,service_start,4666,3,2,5
5142.7077211136975,departure,4665,3,1,4
5142.7077211136975,service_start,4667,2,2,4
5143.049424619651,departure,4666,2,1,3
5143.049424619651,service_start,4668,1,2,3
5143.108424615989,departure,4667,1,1,2
5143.108424615989,service_start,4669,0,2,2
5143.363488683123,arrival,4670,1,2,3
5143.658126093149,arrival,4671,2,2,4
5144.250009432761,arrival,4672,3,2,5
5144.980142292625,arrival,4673,4,2,6
5145.025359128994,arrival,4674,5,2,7
5145.372659913392,arrival,4675,6,2,8
5145.648386014196,departure,4669,6,1,7
5145.648386014196,service_start,4670,5,2,7
5145.6708053441735,departure,4668,5,1,6
5145.6708053441735,service_start,4671,4,2,6
5145.886825562599,departure,4670,4,1,5
5145.886825562599,service_start,4672,3,2,5
5146.029351509058,arrival,4676,4,2,6
5146.94803286841,departure,4671,4,1,5
5146.94803286841,service_start,4673,3,2,5
5147.640477316434,departure,4672,3,1,4
5147.640477316434,service_start,4674,2,2,4
5147.9390378422495,arrival,4677,3,2,5
5148.273106713117,departure,4674,3,1,4
5148.273106713117,service_start,4675,2,2,4
5148.736323012979,departure,4673,2,1,3
5148.736323012979,service_start,4676,1,2,3
5149.587316698854,arrival,4678,2,2,4
5149.598384998987,departure,4675,2,1,3
5149.598384998987,service_start,4677,1,2,3
5150.354621026093,arrival,4679,2,2,4
5150.590340647961,departure,4677,2,1,3
5150.590340647961,service_start,4678,1,2,3
5150.919031244946,departure,4678,1,1,2
5150.919031244946,service_start,4679,0,2,2
5150.951985511853,arrival,4680,1,2,3
5151.075338161081,departure,4679,1,1,2
5151.075338161081,service_start,4680,0,2,2
5151.2072874670575,departure,4676,0,1,1
5151.249821657961,arrival,4681,0,2,2
5151.249821657961,service_start,4681,0,2,2
5151.531683321598,arrival,4682,1,2,3
5151.656911454334,arrival,4683,2,2,4
5152.949804059477,arrival,4684,3,2,5
5153.544504312224,arrival,4685,4,2,6
5153.6516381550055,arrival,4686,5,2,7
5154.661011947373,arrival,4687,6,2,8
5154.870643166022,departure,4680,6,1,7
5154.870643166022,service_start,4682,5,2,7
5155.070160041188,departure,4681,5,1,6
5155.070160041188,service_start,4683,4,2,6
5156.863749701865,arrival,4688,5,2,7
5156.900842096164,departure,4682,5,1,6
5156.900842096164,service_start,4684,4,2,6
5158.334417243395,departure,4684,4,1,5
5158.334417243395,service_start,4685,3,2,5
5159.5105603656775,departure,4683,3,1,4
5159.5105603656775,service_start,4686,2,2,4
5159.523507616126,arrival,4689,3,2,5
5161.018856922536,departure,4686,3,1,4
5161.018856922536,service_start,4687,2,2,4
5161.413249852143,arrival,4690,3,2,5
5161.432236029794,departure,4685,3,1,4
5161.432236029794,service_start,4688,2,2,4
5162.1726648895465,departure,4688,2,1,3
5162.1726648895465,service_start,4689,1,2,3
5162.255632367868,arrival,4691,2,2,4
5162.640806625487,departure,4689,2,1,3
5162.640806625487,service_start,4690,1,2,3
5163.066134297714,arrival,4692,2,2,4
5163.611269892154,arrival,4693,3,2,5
5164.052298970684,departure,4687,3,1,4
5164.052298970684,service_start,4691,2,2,4
5164.601732005921,arrival,4694,3,2,5
5164.851443011903,departure,4691,3,1,4
5164.851443011903,service_start,4692,2,2,4
5164.9867945723145,arrival,4695,3,2,5
5165.8237156421455,departure,4692,3,1,4
5165.8237156421455,service_start,4693,2,2,4
5166.495552577621,arrival,4696,3,2,5
5166.605967318676,departure,4693,3,1,4
5166.605967318676,service_start,4694,2,2,4
5167.380398051121,arrival,4697,3,2,5
5167.734147970217,arrival,4698,4,2,6
5168.171559283019,arrival,4699,5,2,7
5169.430686069858,arrival,4700,6,2,8
5169.931139942176,arrival,4701,7,2,9
5170.414408271221,arrival,4702,8,2,10
5170.621908617358,arrival,4703,9,2,11
5171.744612698964,departure,4690,9,1,10
5171.744612698964,service_start,4695,8,2,10
5171.781699189882,departure,4695,8,1,9
5171.781699189882,service_start,4696,7,2,9
5172.061266038039,departure,4696,7,1,8
5172.061266038039,service_start,4697,6,2,8
5172.637758201356,arrival,4704,7,2,9
5174.382479422806,departure,4694,7,1,8
5174.382479422806,service_start,4698,6,2,8
5174.531408578521,departure,4698,6,1,7
5174.531408578521,service_start,4699,5,2,7
5174.934883315313,arrival,4705,6,2,8
5175.15711785768,arrival,4706,7,2,9
5176.58946950551,departure,4697,7,1,8
5176.58946950551,service_start,4700,6,2,8
5177.771796607372,departure,4700,6,1,7
5177.771796607372,service_start,4701,5,2,7
5178.46252045452,departure,4699,5,1,6
5178.46252045452,service_start,4702,4,2,6
5178.492315471718,departure,4701,4,1,5
5178.492315471718,service_start,4703,3,2,5
5178.65888941998,departure,4703,3,1,4
5178.65888941998,service_start,4704,2,2,4
5179.062847790723,departure,4702,2,1,3
5179.062847790723,service_start,4705,1,2,3
5179.776860697897,departure,4705,1,1,2
5179.776860697897,service_start,4706,0,2,2
5180.454932496302,departure,4706,0,1,1
5181.413539479401,arrival,4707,0,2,2
5181.413539479401,service_start,4707,0,2,2
5182.08023486604,arrival,4708,1,2,3
5184.365415487434,arrival,4709,2,2,4
5184.571862611055,arrival,4710,3,2,5
5185.072235793605,departure,4704,3,1,4
5185.072235793605,service_start,4708,2,2,4
5185.6502700064775,arrival,4711,3,2,5
5186.039831900287,departure,4708,3,1,4
5186.039831900287,service_start,4709,2,2,4
5186.237869274417,departure,4709,2,1,3
5186.237869274417,service_start,4710,1,2,3
5187.3282613757265,departure,4710,1,1,2
5187.3282613757265,service_start,4711,0,2,2
5187.395270004032,departure,4711,0,1,1
5187.888260453387,arrival,4712,0,2,2
5187.888260453387,service_start,4712,0,2,2
5188.112191084951,arrival,4713,1,2,3
5188.704973772559,departure,4707,1,1,2
5188.704973772559,service_start,4713,0,2,2
5188.912049470131,arrival,4714,1,2,3
5189.035554588149,departure,4712,1,1,2
5189.035554588149,service_start,4714,0,2,2
5189.095079296495,departure,4714,0,1,1
5189.105417884781,arrival,4715,0,2,2
5189.105417884781,service_start,4715,0,2,2
5189.59531185673,arrival,4716,1,2,3
5189.770328168306,departure,4713,1,1,2
5189.770328168306,service_start,4716,0,2,2
5189.9762650783805,arrival,4717,1,2,3
5190.218156410271,arrival,4718,2,2,4
5190.354598585131,arrival,4719,3,2,5
5191.0256924498835,arrival,4720,4,2,6
5191.731515499676,arrival,4721,5,2,7
5191.842079157991,departure,4715,5,1,6
5191.842079157991,service_start,4717,4,2,6
5192.00721343231,departure,4717,4,1,5
5192.00721343231,service_start,4718,3,2,5
5192.391531166061,arrival,4722,4,2,6
5193.980243546584,arrival,4723,5,2,7
5193.992339345624,departure,4718,5,1,6
5193.992339345624,service_start,4719,4,2,6
5194.866170265182,departure,4719,4,1,5
5194.866170265182,service_start,4720,3,2,5
5195.175658841515,arrival,4724,4,2,6
5195.2804972553195,departure,4720,4,1,5
5195.2804972553195,service_start,4721,3,2,5
5196.220262740102,arrival,4725,4,2,6
5196.426241783687,departure,4716,4,1,5
5196.426241783687,service_start,4722,3,2,5
5197.014437180744,departure,4721,3,1,4
5197.014437180744,service_start,4723,2,2,4
5197.1270782269,arrival,4726,3,2,5
5197.382453474365,departure,4723,3,1,4
5197.382453474365,service_start,4724,2,2,4
5197.904973060225,departure,4724,2,1,3
5197.904973060225,service_start,4725,1,2,3
5198.084673675174,arrival,4727,2,2,4
5198.723344626638,departure,4722,2,1,3
5198.723344626638,service_start,4726,1,2,3
5199.1690730555165,departure,4726,1,1,2
5199.1690730555165,service_start,4727,0,2,2
5199.557525117211,departure,4725,0,1,1
5199.8989732853315,arrival,4728,0,2,2
5199.8989732853315,service_start,4728,0,2,2
5200.584639730253,arrival,4729,1,2,3
5201.44340835243,departure,4727,1,1,2
5201.44340835243,service_start,4729,0,2,2
5201.798897266317,arrival,4730,1,2,3
5202.579968607259,departure,4729,1,1,2
5202.579968607259,service_start,4730,0,2,2
5203.149103323442,arrival,4731,1,2,3
5203.498477934205,arrival,4732,2,2,4
5203.764310478291,departure,4728,2,1,3
5203.764310478291,service_start,4731,1,2,3
5203.79566599381,departure,4731,1,1,2
5203.79566599381,service_start,4732,0,2,2
5204.190350325263,arrival,4733,1,2,3
5204.202248725699,arrival,4734,2,2,4
5205.658208083694,arrival,4735,3,2,5
5207.219639326345,arrival,4736,4,2,6
5208.685441843768,arrival,4737,5,2,7
5209.7728150992725,arrival,4738,6,2,8
5210.013654899186,arrival,4739,7,2,9
5210.442079180537,arrival,4740,8,2,10
5210.474859027329,arrival,4741,9,2,11
5210.528772054576,departure,4732,9,1,10
5210.528772054576,service_start,4733,8,2,10
5210.916732469182,arrival,4742,9,2,11
5211.703193967924,arrival,4743,10,2,12
5212.822759563536,arrival,4744,11,2,13
5213.073619810225,arrival,4745,12,2,14
5213.131699256331,departure,4730,12,1,13
5213.131699256331,service_start,4734,11,2,13
5213.23484860475,arrival,4746,12,2,14
5213.263122041,departure,4733,12,1,13
5213.263122041,service_start,4735,11,2,13
5213.513618064681,arrival,4747,12,2,14
5214.093122054701,departure,4735,12,1,13
5214.093122054701,service_start,4736,11,2,13
5214.450897408438,arrival,4748,12,2,14
5215.449692475073,arrival,4749,13,2,15
5215.716125795601,departure,4734,13,1,14
5215.716125795601,service_start,4737,12,2,14
5216.11895978199,arrival,4750,13,2,15
5216.12276356369,arrival,4751,14,2,16
5217.1498978362615,arrival,4752,15,2,17
5217.367034415589,arrival,4753,16,2,18
5217.447359900974,departure,4736,16,1,17
5217.447359900974,service_start,4738,15,2,17
5217.9598215666665,departure,4738,15,1,16
5217.9598215666665,service_start,4739,14,2,16
5218.197840263529,arrival,4754,15,2,17
5218.273556098215,arrival,4755,16,2,18
5218.638188440706,arrival,4756,17,2,19
5219.450051838457,arrival,4757,18,2,20
5220.277389155066,departure,4739,18,1,19
5220.277389155066,service_start,4740,17,2,19
5221.46001387025,departure,4740,17,1,18
5221.46001387025,service_start,4741,16,2,18
5222.417299331477,arrival,4758,17,2,19
5223.34310842443,arrival,4759,18,2,20
5223.462494000853,departure,4737,18,1,19
5223.462494000853,service_start,4742,17,2,19
5223.573437827994,arrival,4760,18,2,20
5224.473937086275,departure,4742,18,1,19
5224.473937086275,service_start,4743,17,2,19
5225.335696454316,departure,4743,17,1,18
5225.335696454316,service_start,4744,16,2,18
5227.770036331899,arrival,4761,17,2,19
5227.970860319062,departure,4744,17,1,18
5227.970860319062,service_start,4745,16,2,18
5228.13772013772,departure,4741,16,1,17
5228.13772013772,service_start,4746,15,2,17
5228.576666983254,arrival,4762,16,2,18
5229.874164538862,arrival,4763,17,2,19
5231.342465731102,arrival,4764,18,2,20
5231.948363944014,arrival,4765,19,2,21
5232.722283978166,arrival,4766,20,2,22
5233.467349782991,arrival,4767,21,2,23
5233.971956808937,departure,4745,21,1,22
5233.971956808937,service_start,4747,20,2,22
5234.590922253059,departure,4747,20,1,21
5234.590922253059,service_start,4748,19,2,21
5235.740513760172,arrival,4768,20,2,22
5236.946091727503,arrival,4769,21,2,23
5237.261014914446,departure,4746,21,1,22
5237.261014914446,service_start,4749,20,2,22
5237.697617544139,departure,4748,20,1,21
5237.697617544139,service_start,4750,19,2,21
5237.992212574996,arrival,4770,20,2,22
5238.660327485859,departure,4750,20,1,21
5238.660327485859,service_start,4751,19,2,21
5238.807970698239,arrival,4771,20,2,22
5239.557501859606,departure,4751,20,1,21
5239.557501859606,service_start,4752,19,2,21
5239.8427728215365,arrival,4772,20,2,22
5239.88878590515,arrival,4773,21,2,23
5240.192886354728,departure,4752,21,1,22
5240.192886354728,service_start,4753,20,2,22
5240.663315345057,arrival,4774,21,2,23
5241.580457168929,departure,4749,21,1,22
5241.580457168929,service_start,4754,20,2,22
5241.639731412983,departure,4753,20,1,21
5241.639731412983,service_start,4755,19,2,21
5241.839485935005,departure,4754,19,1,20
5241.839485935005,service_start,4756,18,2,20
5242.869496796463,departure,4755,18,1,19
5242.869496796463,service_start,4757,17,2,19
5243.506206442158,departure,4757,17,1,18
5243.506206442158,service_start,4758,16,2,18
5244.032419858371,arrival,4775,17,2,19
5244.432778853111,arrival,4776,18,2,20
5244.5816023771,arrival,4777,19,2,21
5245.550610160685,arrival,4778,20,2,22
5246.607609079856,departure,4758,20,1,21
5246.607609079856,service_start,4759,19,2,21
5247.294319364404,arrival,4779,20,2,22
5247.8093302796415,departure,4756,20,1,21
5247.8093302796415,service_start,4760,19,2,21
5249.040572218866,arrival,4780,20,2,22
5249.279846738875,arrival,4781,21,2,23
5251.281831966022,arrival,4782,22,2,24
5251.884491708089,departure,4759,22,1,23
5251.884491708089,service_start,4761,21,2,23
5252.97021904501,departure,4760,21,1,22
5252.97021904501,service_start,4762,20,2,22
5253.572076008037,arrival,4783,21,2,23
5253.731904030803,departure,4761,21,1,22
5253.731904030803,service_start,4763,20,2,22
5254.068690672552,departure,4763,20,1,21
5254.068690672552,service_start,4764,19,2,21
5254.35372889596,departure,4764,19,1,20
5254.35372889596,service_start,4765,18,2,20
5254.375668205894,arrival,4784,19,2,21
5254.600566366779,arrival,4785,20,2,22
5254.927361017467,arrival,4786,21,2,23
5255.130922116605,departure,4765,21,1,22
5255.130922116605,service_start,4766,20,2,22
5255.871476475982,arrival,4787,21,2,23
5255.9258588979865,arrival,4788,22,2,24
5256.548702958443,departure,4766,22,1,23
5256.548702958443,service_start,4767,21,2,23
5257.8601520500315,departure,4762,21,1,22
5257.8601520500315,service_start,4768,20,2,22
5258.616044275182,arrival,4789,21,2,23
5259.060847300629,arrival,4790,22,2,24
5259.098100312916,arrival,4791,23,2,25
5259.5719697844515,departure,4768,23,1,24
5259.5719697844515,service_start,4769,22,2,24
5260.517922835293,arrival,4792,23,2,25
5260.689954218122,departure,4767,23,1,24
5260.689954218122,service_start,4770,22,2,24
5262.838754352651,arrival,4793,23,2,25
5263.201363067255,departure,4770,23,1,24
5263.201363067255,service_start,4771,22,2,24
5263.218411060642,departure,4771,22,1,23
5263.218411060642,service_start,4772,21,2,23
5263.342130065926,departure,4769,21,1,22
5263.342130065926,service_start,4773,20,2,22
5263.633494424088,arrival,4794,21,2,23
5263.863945300503,arrival,4795,22,2,24
5264.335855233648,arrival,4796,23,2,25
5264.581446504244,arrival,4797,24,2,26
5265.147453847409,departure,4773,24,1,25
5265.147453847409,service_start,4774,23,2,25
5265.253036047834,departure,4772,23,1,24
5265.253036047834,service_start,4775,22,2,24
5265.413906632061,departure,4775,22,1,23
5265.413906632061,service_start,4776,21,2,23
5265.960586514958,departure,4774,21,1,22
5265.960586514958,service_start,4777,20,2,22
5266.302219029235,departure,4777,20,1,21
5266.302219029235,service_start,4778,19,2,21
5266.521355587706,departure,4778,19,1,20
5266.521355587706,service_start,4779,18,2,20
5267.729940721594,arrival,4798,19,2,21
5267.8103326736355,departure,4776,19,1,20
5267.8103326736355,service_start,4780,18,2,20
5267.940706412011,arrival,4799,19,2,21
5268.394857241126,arrival,4800,20,2,22
5268.574766687177,departure,4780,20,1,21
5268.574766687177,service_start,4781,19,2,21
5269.057532405424,arrival,4801,20,2,22
5269.864097216082,departure,4779,20,1,21
5269.864097216082,service_start,4782,19,2,21
5269.867700233149,arrival,4802,20,2,22
5270.398882970827,departure,4781,20,1,21
5270.398882970827,service_start,4783,19,2,21
5270.766409024671,departure,4782,19,1,20
5270.766409024671,service_start,4784,18,2,20
5271.446298050403,arrival,4803,19,2,21
5271.57619438971,arrival,4804,20,2,22
5271.6990118759895,departure,4783,20,1,21
5271.6990118759895,service_start,4785,19,2,21
5271.78726032131,departure,4784,19,1,20
5271.78726032131,service_start,4786,18,2,20
5274.315822492314,departure,4786,18,1,19
5274.315822492314,service_start,4787,17,2,19
5275.174196953351,departure,4785,17,1,18
5275.174196953351,service_start,4788,16,2,18
5275.608879625491,departure,4788,16,1,17
5275.608879625491,service_start,4789,15,2,17
5276.019994774388,departure,4789,15,1,16
5276.019994774388,service_start,4790,14,2,16
5276.095819136107,departure,4790,14,1,15
5276.095819136107,service_start,4791,13,2,15
5276.5118910016035,departure,4787,13,1,14
5276.5118910016035,service_start,4792,12,2,14
5279.677794484816,arrival,4805,13,2,15
5280.765736907573,arrival,4806,14,2,16
5280.9781831248965,arrival,4807,15,2,17
5281.269999944864,departure,4791,15,1,16
5281.269999944864,service_start,4793,14,2,16
5281.323384755669,arrival,4808,15,2,17
5281.393168325977,departure,4792,15,1,16
5281.393168325977,service_start,4794,14,2,16
5282.46076391777,arrival,4809,15,2,17
5282.568222454373,arrival,4810,16,2,18
5283.272244917984,departure,4794,16,1,17
5283.272244917984,service_start,4795,15,2,17
5283.450178457855,arrival,4811,16,2,18
5283.514180539777,arrival,4812,17,2,19
5285.069788494054,departure,4795,17,1,18
5285.069788494054,service_start,4796,16,2,18
5285.124378777043,departure,4796,16,1,17
5285.124378777043,service_start,4797,15,2,17
5287.277455025556,departure,4793,15,1,16
5287.277455025556,service_start,4798,14,2,16
5287.500152614978,arrival,4813,15,2,17
5287.971382752994,arrival,4814,16,2,18
5288.821104947203,arrival,4815,17,2,19
5289.051011266266,arrival,4816,18,2,20
5289.517016350999,departure,4797,18,1,19
5289.517016350999,service_start,4799,17,2,19
5289.539035040208,arrival,4817,18,2,20
5289.839614757249,departure,4798,18,1,19
5289.839614757249,service_start,4800,17,2,19
5289.940872333084,arrival,4818,18,2,20
5291.827308328861,arrival,4819,19,2,21
5291.874396900423,departure,4800,19,1,20
5291.874396900423,service_start,4801,18,2,20
5292.097704160293,departure,4799,18,1,19
5292.097704160293,service_start,4802,17,2,19
5292.499305850121,arrival,4820,18,2,20
5292.92053005151,departure,4801,18,1,19
5292.92053005151,service_start,4803,17,2,19
5293.290432748685,arrival,4821,18,2,20
5293.510277448319,arrival,4822,19,2,21
5293.815788859518,arrival,4823,20,2,22
5296.095181806961,arrival,4824,21,2,23
5296.705827352079,departure,4803,21,1,22
5296.705827352079,service_start,4804,20,2,22
5297.18241130561,departure,4804,20,1,21
5297.18241130561,service_start,4805,19,2,21
5298.079008363848,arrival,4825,20,2,22
5298.79472210068,departure,4805,20,1,21
5298.79472210068,service_start,4806,19,2,21
5299.497616455807,arrival,4826,20,2,22
5299.915130099839,arrival,4827,21,2,23
5300.429807185509,departure,4802,21,1,22
5300.429807185509,service_start,4807,20,2,22
5300.559355702109,arrival,4828,21,2,23
5300.912416390902,departure,4806,21,1,22
5300.912416390902,service_start,4808,20,2,22
5301.053027470065,arrival,4829,21,2,23
5301.083273886714,departure,4808,21,1,22
5301.083273886714,service_start,4809,20,2,22
5301.719407224932,departure,4807,20,1,21
5301.719407224932,service_start,4810,19,2,21
5302.034193607935,departure,4809,19,1,20
5302.034193607935,service_start,4811,18,2,20
5302.477594573755,departure,4811,18,1,19
5302.477594573755,service_start,4812,17,2,19
5302.63298582946,arrival,4830,18,2,20
5302.8194885104385,departure,4810,18,1,19
5302.8194885104385,service_start,4813,17,2,19
5303.794535077934,arrival,4831,18,2,20
5304.042182539118,departure,4812,18,1,19
5304.042182539118,service_start,4814,17,2,19
5304.0713140964135,departure,4814,17,1,18
5304.0713140964135,service_start,4815,16,2,18
5304.369987720059,departure,4813,16,1,17
5304.369987720059,service_start,4816,15,2,17
5305.165932809953,arrival,4832,16,2,18
5306.1345039017315,arrival,4833,17,2,19
5306.681814318983,departure,4816,17,1,18
5306.681814318983,service_start,4817,16,2,18
5308.091607203443,departure,4815,16,1,17
5308.091607203443,service_start,4818,15,2,17
5308.999417195237,arrival,4834,16,2,18
5309.3256638522835,arrival,4835,17,2,19
5310.973534171023,arrival,4836,18,2,20
5311.807750043387,departure,4817,18,1,19
5311.807750043387,service_start,4819,17,2,19
5312.0482796035285,departure,4819,17,1,18
5312.0482796035285,service_start,4820,16,2,18
5312.585795084796,arrival,4837,17,2,19
5313.091883006332,arrival,4838,18,2,20
5313.37959651746,arrival,4839,19,2,21
5313.612369682065,departure,4820,19,1,20
5313.612369682065,service_start,4821,18,2,20
5314.005915594373,arrival,4840,19,2,21
5314.081517768037,arrival,4841,20,2,22
5314.089110098421,arrival,4842,21,2,23
5314.779861640528,departure,4818,21,1,22
5314.779861640528,service_start,4822,20,2,22
5315.430407962409,arrival,4843,21,2,23
5315.680946240812,arrival,4844,22,2,24
5316.204613853503,arrival,4845,23,2,25
5316.743935572685,departure,4821,23,1,24
5316.743935572685,service_start,4823,22,2,24
5317.131823735176,arrival,4846,23,2,25
5317.165250976929,departure,4823,23,1,24
5317.165250976929,service_start,4824,22,2,24
5318.142022420419,departure,4822,22,1,23
5318.142022420419,service_start,4825,21,2,23
5318.202950404243,arrival,4847,22,2,24
5319.533236867048,departure,4824,22,1,23
5319.533236867048,service_start,4826,21,2,23
5320.802895515028,arrival,4848,22,2,24
5320.987755694233,departure,4826,22,1,23
5320.987755694233,service_start,4827,21,2,23
5321.051785504766,departure,4827,21,1,22
5321.051785504766,service_start,4828,20,2,22
5323.326052687219,departure,4828,20,1,21
5323.326052687219,service_start,4829,19,2,21
5324.439717826073,departure,4825,19,1,20
5324.439717826073,service_start,4830,18,2,20
5324.53768138517,arrival,4849,19,2,21
5327.895567078852,departure,4829,19,1,20
5327.895567078852,service_start,4831,18,2,20
5328.20887046372,departure,4830,18,1,19
5328.20887046372,service_start,4832,17,2,19
5328.451828130687,departure,4832,17,1,18
5328.451828130687,service_start,4833,16,2,18
5329.316192600653,arrival,4850,17,2,19
5329.700897747549,arrival,4851,18,2,20
5330.1462653922235,departure,4833,18,1,19
5330.1462653922235,service_start,4834,17,2,19
5330.795098356852,departure,4831,17,1,18
5330.795098356852,service_start,4835,16,2,18
5332.4787178047845,arrival,4852,17,2,19
5332.5584167329835,departure,4834,17,1,18
5332.5584167329835,service_start,4836,16,2,18
5333.857673395143,arrival,4853,17,2,19
5334.313758532165,arrival,4854,18,2,20
5334.5153326017025,departure,4835,18,1,19
5334.5153326017025,service_start,4837,17,2,19
5334.564436108069,arrival,4855,18,2,20
5334.624413993846,departure,4836,18,1,19
5334.624413993846,service_start,4838,17,2,19
5335.675504303307,arrival,4856,18,2,20
5336.335368994933,arrival,4857,19,2,21
5338.006271719392,departure,4838,19,1,20
5338.006271719392,service_start,4839,18,2,20
5338.81362758958,arrival,4858,19,2,21
5339.077623072566,arrival,4859,20,2,22
5339.60497364983,departure,4837,20,1,21
5339.60497364983,service_start,4840,19,2,21
5340.362253710498,departure,4840,19,1,20
5340.362253710498,service_start,4841,18,2,20
5340.739643707496,arrival,4860,19,2,21
5342.230741181689,arrival,4861,20,2,22
5342.349017679679,arrival,4862,21,2,23
5344.295210562919,departure,4841,21,1,22
5344.295210562919,service_start,4842,20,2,22
5344.5835948463055,departure,4839,20,1,21
5344.5835948463055,service_start,4843,19,2,21
5344.702858253146,arrival,4863,20,2,22
5344.994942780166,arrival,4864,21,2,23
5345.101648630644,departure,4843,21,1,22
5345.101648630644,service_start,4844,20,2,22
5345.192903552809,arrival,4865,21,2,23
5345.630179145382,departure,4844,21,1,22
5345.630179145382,service_start,4845,20,2,22
5346.293294176246,departure,4842,20,1,21
5346.293294176246,service_start,4846,19,2,21
5346.999150686521,arrival,4866,20,2,22
5347.198944716989,arrival,4867,21,2,23
5347.408664731588,departure,4846,21,1,22
5347.408664731588,service_start,4847,20,2,22
5348.619381082694,departure,4847,20,1,21
5348.619381082694,service_start,4848,19,2,21
5349.69442308999,departure,4848,19,1,20
5349.69442308999,service_start,4849,18,2,20
5350.032292303398,arrival,4868,19,2,21
5350.043414872091,arrival,4869,20,2,22
5350.0848043615015,departure,4849,20,1,21
5350.0848043615015,service_start,4850,19,2,21
5350.142203285645,departure,4850,19,1,20
5350.142203285645,service_start,4851,18,2,20
5350.380470609613,arrival,4870,19,2,21
5350.981301083687,departure,4851,19,1,20
5350.981301083687,service_start,4852,18,2,20
5351.0269018069075,arrival,4871,19,2,21
5351.6497153283435,arrival,4872,20,2,22
5352.635753782536,departure,4845,20,1,21
5352.635753782536,service_start,4853,19,2,21
5352.650387573219,arrival,4873,20,2,22
5353.719682820357,departure,4853,20,1,21
5353.719682820357,service_start,4854,19,2,21
5353.872300940008,arrival,4874,20,2,22
5354.082378744749,departure,4852,20,1,21
5354.082378744749,service_start,4855,19,2,21
5355.868580819662,departure,4854,19,1,20
5355.868580819662,service_start,4856,18,2,20
5358.43862555614,departure,4855,18,1,19
5358.43862555614,service_start,4857,17,2,19
5358.944510368734,arrival,4875,18,2,20
5359.1996032716825,arrival,4876,19,2,21
5359.330698795504,arrival,4877,20,2,22
5360.073969775712,departure,4857,20,1,21
5360.073969775712,service_start,4858,19,2,21
5360.366192402594,departure,4856,19,1,20
5360.366192402594,service_start,4859,18,2,20
5360.544890562978,departure,4858,18,1,19
5360.544890562978,service_start,4860,17,2,19
5362.092382002747,departure,4860,17,1,18
5362.092382002747,service_start,4861,16,2,18
5362.2709834308325,arrival,4878,17,2,19
5362.299788448459,arrival,4879,18,2,20
5362.580962491594,departure,4861,18,1,19
5362.580962491594,service_start,4862,17,2,19
5362.969608145081,departure,4862,17,1,18
5362.969608145081,service_start,4863,16,2,18
5363.238016466565,departure,4859,16,1,17
5363.238016466565,service_start,4864,15,2,17
5364.158186788541,departure,4864,15,1,16
5364.158186788541,service_start,4865,14,2,16
5364.187476092972,arrival,4880,15,2,17
5364.526399934092,arrival,4881,16,2,18
5364.9930422524685,arrival,4882,17,2,19
5365.654342096499,departure,4865,17,1,18
5365.654342096499,service_start,4866,16,2,18
5367.326631426668,departure,4863,16,1,17
5367.326631426668,service_start,4867,15,2,17
5367.352127324263,departure,4867,15,1,16
5367.352127324263,service_start,4868,14,2,16
5367.5342922520595,departure,4866,14,1,15
5367.5342922520595,service_start,4869,13,2,15
5368.237394581421,departure,4869,13,1,14
5368.237394581421,service_start,4870,12,2,14
5368.722759614367,arrival,4883,13,2,15
5368.8429892643035,departure,4868,13,1,14
5368.8429892643035,service_start,4871,12,2,14
5369.464209876238,departure,4870,12,1,13
5369.464209876238,service_start,4872,11,2,13
5369.681104783993,departure,4872,11,1,12
5369.681104783993,service_start,4873,10,2,12
5370.134941813225,arrival,4884,11,2,13
5370.392988640238,departure,4873,11,1,12
5370.392988640238,service_start,4874,10,2,12
5370.550567164512,departure,4874,10,1,11
5370.550567164512,service_start,4875,9,2,11
5370.598222471162,arrival,4885,10,2,12
5370.817454767256,departure,4875,10,1,11
5370.817454767256,service_start,4876,9,2,11
5371.462417447435,departure,4876,9,1,10
5371.462417447435,service_start,4877,8,2,10
5371.590708630502,arrival,4886,9,2,11
5371.664121064106,arrival,4887,10,2,12
5372.09460565588,departure,4871,10,1,11
5372.09460565588,service_start,4878,9,2,11
5372.278980788242,departure,4878,9,1,10
5372.278980788242,service_start,4879,8,2,10
5372.524431477699,arrival,4888,9,2,11
5372.893999558374,departure,4879,9,1,10
5372.893999558374,service_start,4880,8,2,10
5373.51081653255,arrival,4889,9,2,11
5375.154095584802,arrival,4890,10,2,12
5375.470010350225,arrival,4891,11,2,13
5376.12893255875,departure,4877,11,1,12
5376.12893255875,service_start,4881,10,2,12
5377.097097479971,arrival,4892,11,2,13
5377.883308594142,departure,4881,11,1,12
5377.883308594142,service_start,4882,10,2,12
5378.525291813297,arrival,4893,11,2,13
5379.086485578532,departure,4880,11,1,12
5379.086485578532,service_start,4883,10,2,12
5379.098672331777,departure,4883,10,1,11
5379.098672331777,service_start,4884,9,2,11
5379.664504946333,arrival,4894,10,2,12
5379.964524793053,departure,4884,10,1,11
5379.964524793053,service_start,4885,9,2,11
5380.4762281281355,arrival,4895,10,2,12
5382.176596592871,arrival,4896,11,2,13
5382.483639737135,arrival,4897,12,2,14
5382.714253329801,departure,4885,12,1,13
5382.714253329801,service_start,4886,11,2,13
5382.912579837391,arrival,4898,12,2,14
5382.957880706391,departure,4886,12,1,13
5382.957880706391,service_start,4887,11,2,13
5383.013817586404,departure,4887,11,1,12
5383.013817586404,service_start,4888,10,2,12
5383.018360337489,departure,4888,10,1,11
5383.018360337489,service_start,4889,9,2,11
5383.133387872433,arrival,4899,10,2,12
5384.558526112321,arrival,4900,11,2,13
5385.270080830774,arrival,4901,12,2,14
5385.417916956616,departure,4882,12,1,13
5385.417916956616,service_start,4890,11,2,13
5385.99176640037,departure,4889,11,1,12
5385.99176640037,service_start,4891,10,2,12
5386.449349574758,departure,4891,10,1,11
5386.449349574758,service_start,4892,9,2,11
5386.904278759508,arrival,4902,10,2,12
5387.470571842922,departure,4892,10,1,11
5387.470571842922,service_start,4893,9,2,11
5388.199140632336,arrival,4903,10,2,12
5388.337764394189,departure,4893,10,1,11
5388.337764394189,service_start,4894,9,2,11
5388.554500047638,departure,4890,9,1,10
5388.554500047638,service_start,4895,8,2,10
5389.344708192412,arrival,4904,9,2,11
5389.492732667243,departure,4895,9,1,10
5389.492732667243,service_start,4896,8,2,10
5389.776107555511,departure,4894,8,1,9
5389.776107555511,service_start,4897,7,2,9
5390.3366298987485,departure,4897,7,1,8
5390.3366298987485,service_start,4898,6,2,8
5390.677263830892,departure,4896,6,1,7
5390.677263830892,service_start,4899,5,2,7
5391.501633154708,arrival,4905,6,2,8
5391.847883623796,arrival,4906,7,2,9
5393.099245532471,departure,4898,7,1,8
5393.099245532471,service_start,4900,6,2,8
5393.1811362250855,departure,4899,6,1,7
5393.1811362250855,service_start,4901,5,2,7
5393.775814497956,arrival,4907,6,2,8
5394.380460210416,arrival,4908,7,2,9
5394.896647876963,departure,4900,7,1,8
5394.896647876963,service_start,4902,6,2,8
5395.630238254986,departure,4902,6,1,7
5395.630238254986,service_start,4903,5,2,7
5395.75634789223,arrival,4909,6,2,8
5396.044145309249,arrival,4910,7,2,9
5397.0414934614555,departure,4901,7,1,8
5397.0414934614555,service_start,4904,6,2,8
5397.120169586521,departure,4903,6,1,7
5397.120169586521,service_start,4905,5,2,7
5398.0163531569615,departure,4905,5,1,6
5398.0163531569615,service_start,4906,4,2,6
5398.550546726981,departure,4904,4,1,5
5398.550546726981,service_start,4907,3,2,5
5398.743779628996,arrival,4911,4,2,6
5398.777399713313,arrival,4912,5,2,7
5399.317998886861,departure,4907,5,1,6
5399.317998886861,service_start,4908,4,2,6
5400.425871485528,arrival,4913,5,2,7
5400.555200716258,departure,4906,5,1,6
5400.555200716258,service_start,4909,4,2,6
5400.968420588854,arrival,4914,5,2,7
5401.09293255558,arrival,4915,6,2,8
5401.79827266326,arrival,4916,7,2,9
5401.918942199845,arrival,4917,8,2,10
5402.036880985161,arrival,4918,9,2,11
5402.086200290853,departure,4909,9,1,10
5402.086200290853,service_start,4910,8,2,10
5402.207392207629,departure,4908,8,1,9
5402.207392207629,service_start,4911,7,2,9
5402.210629207754,arrival,4919,8,2,10
5402.255680981888,arrival,4920,9,2,11
5402.361328999181,departure,4910,9,1,10
5402.361328999181,service_start,4912,8,2,10
5402.443193534335,departure,4912,8,1,9
5402.443193534335,service_start,4913,7,2,9
5403.3460347197615,arrival,4921,8,2,10
5403.843407754873,arrival,4922,9,2,11
5404.275879824284,departure,4911,9,1,10
5404.275879824284,service_start,4914,8,2,10
5404.28003437065,arrival,4923,9,2,11
5405.867364768398,arrival,4924,10,2,12
5405.908393675879,departure,4914,10,1,11
5405.908393675879,service_start,4915,9,2,11
5405.929920822143,arrival,4925,10,2,12
5407.3146137293925,arrival,4926,11,2,13
5407.900692791388,arrival,4927,12,2,14
5408.999381574219,departure,4913,12,1,13
5408.999381574219,service_start,4916,11,2,13
5409.634934290169,departure,4916,11,1,12
5409.634934290169,service_start,4917,10,2,12
5409.649014909325,departure,4915,10,1,11
5409.649014909325,service_start,4918,9,2,11
5410.168110172841,departure,4918,9,1,10
5410.168110172841,service_start,4919,8,2,10
5410.228829350787,arrival,4928,9,2,11
5410.256885465054,departure,4919,9,1,10
5410.256885465054,service_start,4920,8,2,10
5410.608863959433,arrival,4929,9,2,11
5410.743367331762,departure,4920,9,1,10
5410.743367331762,service_start,4921,8,2,10
5411.111558247181,departure,4921,8,1,9
5411.111558247181,service_start,4922,7,2,9
5411.863509776388,departure,4917,7,1,8
5411.863509776388,service_start,4923,6,2,8
5412.172468877977,arrival,4930,7,2,9
5412.693679536534,arrival,4931,8,2,10
5413.050861040772,departure,4922,8,1,9
5413.050861040772,service_start,4924,7,2,9
5413.139770729816,departure,4923,7,1,8
5413.139770729816,service_start,4925,6,2,8
5413.512519864998,departure,4925,6,1,7
5413.512519864998,service_start,4926,5,2,7
5413.9205056118735,departure,4926,5,1,6
5413.9205056118735,service_start,4927,4,2,6
5414.795425574675,arrival,4932,5,2,7
5415.628120129004,arrival,4933,6,2,8
5416.136556802607,departure,4924,6,1,7
5416.136556802607,service_start,4928,5,2,7
5416.774886768108,arrival,4934,6,2,8
5416.880922086527,departure,4928,6,1,7
5416.880922086527,service_start,4929,5,2,7
5417.632300754818,arrival,4935,6,2,8
5418.0373182913945,arrival,4936,7,2,9
5418.174211301162,arrival,4937,8,2,10
5420.223260614726,arrival,4938,9,2,11
5420.820519282954,departure,4927,9,1,10
5420.820519282954,service_start,4930,8,2,10
5420.95940990038,departure,4930,8,1,9
5420.95940990038,service_start,4931,7,2,9
5421.06350381012,arrival,4939,8,2,10
5421.220274682671,departure,4931,8,1,9
5421.220274682671,service_start,4932,7,2,9
5422.5603686477325,arrival,4940,8,2,10
5422.58677108718,arrival,4941,9,2,11
5423.178669128194,departure,4929,9,1,10
5423.178669128194,service_start,4933,8,2,10
5423.823935843529,arrival,4942,9,2,11
5425.34381952143,arrival,4943,10,2,12
5425.528203605293,arrival,4944,11,2,13
5427.0965512968205,departure,4933,11,1,12
5427.0965512968205,service_start,4934,10,2,12
5427.5661299918165,departure,4934,10,1,11
5427.5661299918165,service_start,4935,9,2,11
5428.943907008696,arrival,4945,10,2,12
5429.311588198392,departure,4932,10,1,11
5429.311588198392,service_start,4936,9,2,11
5429.637818649583,departure,4936,9,1,10
5429.637818649583,service_start,4937,8,2,10
5429.867940640319,arrival,4946,9,2,11
5430.403284976486,arrival,4947,10,2,12
5430.437867676393,departure,4935,10,1,11
5430.437867676393,service_start,4938,9,2,11
5430.968776262097,arrival,4948,10,2,12
5433.660301554192,departure,4938,10,1,11
5433.660301554192,service_start,4939,9,2,11
5434.8309902546025,departure,4939,9,1,10
5434.8309902546025,service_start,4940,8,2,10
5434.961770040774,arrival,4949,9,2,11
5435.760960782724,arrival,4950,10,2,12
5435.769673920788,arrival,4951,11,2,13
5435.831701400983,arrival,4952,12,2,14
5436.449106996094,arrival,4953,13,2,15
5436.478733601299,arrival,4954,14,2,16
5437.720113372684,arrival,4955,15,2,17
5438.196556912077,departure,4940,15,1,16
5438.196556912077,service_start,4941,14,2,16
5439.063660147945,departure,4941,14,1,15
5439.063660147945,service_start,4942,13,2,15
5439.086059523226,departure,4937,13,1,14
5439.086059523226,service_start,4943,12,2,14
5439.339622557066,departure,4943,12,1,13
5439.339622557066,service_start,4944,11,2,13
5440.9436048055095,arrival,4956,12,2,14
5441.2486139340945,arrival,4957,13,2,15
5441.262076065546,arrival,4958,14,2,16
5441.397703582568,arrival,4959,15,2,17
5441.8212562531535,arrival,4960,16,2,18
5441.833878812857,arrival,4961,17,2,19
5442.302357037259,departure,4942,17,1,18
5442.302357037259,service_start,4945,16,2,18
5443.200211640435,departure,4945,16,1,17
5443.200211640435,service_start,4946,15,2,17
5443.695074636036,departure,4946,15,1,16
5443.695074636036,service_start,4947,14,2,16
5443.721581651075,arrival,4962,15,2,17
5444.449123492398,arrival,4963,16,2,18
5445.028195368448,departure,4944,16,1,17
5445.028195368448,service_start,4948,15,2,17
5445.392344592826,arrival,4964,16,2,18
5446.2048818195735,departure,4948,16,1,17
5446.2048818195735,service_start,4949,15,2,17
5446.560476343198,arrival,4965,16,2,18
5446.900751322697,departure,4949,16,1,17
5446.900751322697,service_start,4950,15,2,17
5446.985868136324,departure,4950,15,1,16
5446.985868136324,service_start,4951,14,2,16
5447.510070172912,departure,4947,14,1,15
5447.510070172912,service_start,4952,13,2,15
5448.441777954165,departure,4952,13,1,14
5448.441777954165,service_start,4953,12,2,14
5448.516540042093,departure,4953,12,1,13
5448.516540042093,service_start,4954,11,2,13
5449.215783063624,departure,4951,11,1,12
5449.215783063624,service_start,4955,10,2,12
5449.762402167874,departure,4954,10,1,11
5449.762402167874,service_start,4956,9,2,11
5450.600687294465,arrival,4966,10,2,12
5451.41123286629,departure,4956,10,1,11
5451.41123286629,service_start,4957,9,2,11
5452.5899695036405,departure,4957,9,1,10
5452.5899695036405,service_start,4958,8,2,10
5452.884242012243,arrival,4967,9,2,11
5453.685994474532,departure,4958,9,1,10
5453.685994474532,service_start,4959,8,2,10
5454.817182715578,arrival,4968,9,2,11
5454.822291006094,arrival,4969,10,2,12
5455.8034340369495,arrival,4970,11,2,13
5456.493509092374,arrival,4971,12,2,14
5457.827523321987,departure,4955,12,1,13
5457.827523321987,service_start,4960,11,2,13
5458.539653727916,arrival,4972,12,2,14
5458.611467673808,departure,4959,12,1,13
5458.611467673808,service_start,4961,11,2,13
5458.671072195934,arrival,4973,12,2,14
5458.880026484678,arrival,4974,13,2,15
5459.0291625844,arrival,4975,14,2,16
5459.803926555832,arrival,4976,15,2,17
5459.940739834153,arrival,4977,16,2,18
5460.0812089777555,departure,4961,16,1,17
5460.0812089777555,service_start,4962,15,2,17
5461.674508158219,departure,4962,15,1,16
5461.674508158219,service_start,4963,14,2,16
5462.024347412229,departure,4963,14,1,15
5462.024347412229,service_start,4964,13,2,15
5462.122436949041,departure,4964,13,1,14
5462.122436949041,service_start,4965,12,2,14
5462.200832247414,arrival,4978,13,2,15
5462.991608269944,departure,4960,13,1,14
5462.991608269944,service_start,4966,12,2,14
5465.6369373378175,departure,4965,12,1,13
5465.6369373378175,service_start,4967,11,2,13
5466.549968683986,departure,4966,11,1,12
5466.549968683986,service_start,4968,10,2,12
5466.709151814228,departure,4968,10,1,11
5466.709151814228,service_start,4969,9,2,11
5467.056298260377,departure,4969,9,1,10
5467.056298260377,service_start,4970,8,2,10
5467.222636305293,arrival,4979,9,2,11
5467.666439129263,departure,4970,9,1,10
5467.666439129263,service_start,4971,8,2,10
5468.832865837432,arrival,4980,9,2,11
5469.458760990137,departure,4971,9,1,10
5469.458760990137,service_start,4972,8,2,10
5469.482216700057,departure,4972,8,1,9
5469.482216700057,service_start,4973,7,2,9
5469.631906578245,departure,4967,7,1,8
5469.631906578245,service_start,4974,6,2,8
5469.903823280773,departure,4973,6,1,7
5469.903823280773,service_start,4975,5,2,7
5470.863452449058,departure,4975,5,1,6
5470.863452449058,service_start,4976,4,2,6
5470.86455416403,departure,4974,4,1,5
5470.86455416403,service_start,4977,3,2,5
5471.4154388168945,arrival,4981,4,2,6
5471.566712400678,arrival,4982,5,2,7
5472.022616635663,departure,4977,5,1,6
5472.022616635663,service_start,4978,4,2,6
5473.509416802318,departure,4978,4,1,5
5473.509416802318,service_start,4979,3,2,5
5473.7683859426315,arrival,4983,4,2,6
5473.996970075174,departure,4976,4,1,5
5473.996970075174,service_start,4980,3,2,5
5474.046972826871,arrival,4984,4,2,6
5474.814227956848,departure,4980,4,1,5
5474.814227956848,service_start,4981,3,2,5
5475.5920066985955,departure,4981,3,1,4
5475.5920066985955,service_start,4982,2,2,4
5475.600432829782,departure,4979,2,1,3
5475.600432829782,service_start,4983,1,2,3
5475.871712894756,arrival,4985,2,2,4
5476.074178777942,arrival,4986,3,2,5
5476.871484493506,arrival,4987,4,2,6
5477.553293665409,arrival,4988,5,2,7
5479.346501816857,arrival,4989,6,2,8
5480.279628161131,arrival,4990,7,2,9
5480.430524456814,departure,4982,7,1,8
5480.430524456814,service_start,4984,6,2,8
5481.1158077315595,departure,4983,6,1,7
5481.1158077315595,service_start,4985,5,2,7
5481.376711854605,arrival,4991,6,2,8
5482.759150707716,departure,4984,6,1,7
5482.759150707716,service_start,4986,5,2,7
5483.247404016618,arrival,4992,6,2,8
5483.546041061069,arrival,4993,7,2,9
5485.2977606394215,arrival,4994,8,2,10
5485.437827259669,arrival,4995,9,2,11
5485.4999504615025,departure,4986,9,1,10
5485.4999504615025,service_start,4987,8,2,10
5486.006207703916,arrival,4996,9,2,11
5486.022588609233,arrival,4997,10,2,12
5486.310113722302,departure,4987,10,1,11
5486.310113722302,service_start,4988,9,2,11
5486.631755057071,arrival,4998,10,2,12
5486.733675152782,departure,4988,10,1,11
5486.733675152782,service_start,4989,9,2,11
5486.8659623405065,departure,4985,9,1,10
5486.8659623405065,service_start,4990,8,2,10
5487.625416062929,arrival,4999,9,2,11
5487.759916585155,arrival,5000,10,2,12
5489.203143498814,departure,4989,10,1,11
5489.203143498814,service_start,4991,9,2,11
5491.486046897115,departure,4991,9,1,10
5491.486046897115,service_start,4992,8,2,10
5491.558031259729,departure,4992,8,1,9
5491.558031259729,service_start,4993,7,2,9
5493.7808717832095,departure,4990,7,1,8
5493.7808717832095,service_start,4994,6,2,8
5493.798181170432,departure,4994,6,1,7
5493.798181170432,service_start,4995,5,2,7
5494.37273139416,departure,4995,5,1,6
5494.37273139416,service_start,4996,4,2,6
5496.305979903451,departure,4993,4,1,5
5496.305979903451,service_start,4997,3,2,5
5497.842793132575,departure,4996,3,1,4
5497.842793132575,service_start,4998,2,2,4
5497.96793074987,departure,4997,2,1,3
5497.96793074987,service_start,4999,1,2,3
5498.6816797303645,departure,4999,1,1,2
5498.6816797303645,service_start,5000,0,2,2
5499.5054435440825,departure,5000,0,1,1
5500.069104052537,departure,4998,0,0,0
