id,arrival_time,service_start,departure_time,wait_time,service_time,system_time,server_id
1,0.14518451436852475,0.14518451436852475,0.953382066227811,0.0,0.8081975518592862,0.8081975518592862,1
2,1.1000661868600816,1.1000661868600816,1.2354529452088474,0.0,0.13538675834876576,0.1353867583487658,1
3,1.1668865652358247,1.1668865652358247,2.260933551976625,0.0,1.0940469867408003,1.0940469867408003,2
4,3.2459128344266497,3.2459128344266497,4.662535470124265,0.0,1.4166226356976148,1.4166226356976153,1
5,5.090964448049499,5.090964448049499,6.565156906612177,0.0,1.4741924585626778,1.474192458562678,1
6,6.233076117915141,6.233076117915141,11.53961579300244,0.0,5.306539675087298,5.306539675087299,2
7,7.00042418448044,7.00042418448044,13.088900542984039,0.0,6.0884763585036,6.088476358503599,1
8,9.074576189206887,11.53961579300244,19.307252509987514,2.465039603795553,7.767636716985073,10.232676320780627,2
9,12.07251491874033,13.088900542984039,14.67747086403558,1.0163856242437088,1.5885703210515414,2.6049559452952504,1
10,12.589468762893906,14.67747086403558,15.965902484445337,2.088002101141674,1.288431620409757,3.3764337215514306,1
11,14.084051791984876,15.965902484445337,17.598808397432826,1.8818506924604606,1.6329059129874874,3.5147566054479498,1
12,16.71739540360808,17.598808397432826,19.207656980560817,0.8814129938247461,1.6088485831279897,2.4902615769527365,1
13,17.764608590828,19.207656980560817,20.066189386408723,1.443048389732816,0.8585324058479079,2.3015807955807226,1
14,19.34885807784739,19.34885807784739,20.104195165880917,0.0,0.7553370880335293,0.755337088033528,2
15,21.846809836465457,21.846809836465457,22.40076522527965,0.0,0.5539553888141899,0.5539553888141917,1
16,22.46027498777888,22.46027498777888,23.58973028284597,0.0,1.1294552950670873,1.129455295067089,1
17,23.006576846012432,23.006576846012432,24.15412890667174,0.0,1.1475520606593086,1.147552060659308,2
18,23.958308829178918,23.958308829178918,27.813500310783358,0.0,3.85519148160444,3.8551914816044395,1
19,24.751230404420415,24.751230404420415,29.637207834900448,0.0,4.885977430480032,4.8859774304800325,2
20,25.2583448452439,27.813500310783358,29.597506792167422,2.555155465539457,1.7840064813840657,4.339161946923522,1
21,27.862054218245664,29.597506792167422,32.48492197034061,1.7354525739217586,2.8874151781731836,4.622867752094944,1
22,28.266776353198757,29.637207834900448,32.14786364815122,1.37043148170169,2.510655813250773,3.881087294952465,2
23,29.944329728919207,32.14786364815122,35.76659914400032,2.203533919232015,3.618735495849094,5.822269415081109,2
24,31.904830245787654,32.48492197034061,34.06828620823623,0.580091724552954,1.5833642378956214,2.1634559624485767,1
25,33.5002078437942,34.06828620823623,46.93893238590455,0.5680783644420302,12.870646177668322,13.43872454211035,1
26,35.341783905664116,35.76659914400032,38.74220131025656,0.42481523833620116,2.975602166256245,3.400417404592446,2
27,35.64677270657071,38.74220131025656,41.27389371407564,3.0954286036858534,2.5316924038190813,5.6271210075049325,2
28,43.24037918332416,43.24037918332416,43.422559653604495,0.0,0.1821804702803386,0.18218047028033624,2
29,44.13662465966471,44.13662465966471,50.10831477609577,0.0,5.9716901164310565,5.971690116431056,2
30,44.51576453542256,46.93893238590455,47.32023809770424,2.4231678504819882,0.3813057117996935,2.8044735622816788,1
31,47.53028135464897,47.53028135464897,48.01450268934312,0.0,0.4842213346941471,0.48422133469414774,1
32,48.32900949875172,48.32900949875172,49.19501638535387,0.0,0.8660068866021485,0.8660068866021504,1
33,48.6531068449221,49.19501638535387,52.676698584223,0.5419095404317673,3.4816821988691333,4.0235917393008975,1
34,49.042173131133424,50.10831477609577,50.71357534371217,1.066141644962343,0.6052605676164083,1.671402212578748,2
35,50.23858764406882,50.71357534371217,50.796701077419364,0.47498769964334997,0.08312573370719456,0.5581134333505418,2
36,51.25217434960348,51.25217434960348,55.34111370302839,0.0,4.088939353424913,4.088939353424912,2
37,52.11135442046897,52.676698584223,53.0313148899089,0.5653441637540269,0.35461630568590435,0.9199604694399284,1
38,52.469979767676676,53.0313148899089,53.770975556707654,0.5613351222322223,0.7396606667987549,1.3009957890309778,1
39,54.93018003146598,54.93018003146598,54.95487285257846,0.0,0.02469282111247758,0.024692821112481056,1
40,54.931480194671096,54.95487285257846,57.08167379292564,0.023392657907365333,2.126800940347179,2.150193598254546,1
41,55.81623456341551,55.81623456341551,55.91557984243843,0.0,0.09934527902291816,0.0993452790229199,2
42,57.02659366715851,57.02659366715851,58.01970583388794,0.0,0.9931121667294315,0.993112166729432,2
43,57.1448864264991,57.1448864264991,61.70037797606597,0.0,4.555491549566875,4.555491549566874,1
44,59.11143872924298,59.11143872924298,59.1543351831471,0.0,0.042896453904116866,0.042896453904120335,2
45,59.78139344373495,59.78139344373495,61.02928436344711,0.0,1.2478909197121606,1.2478909197121624,2
46,60.259573192602375,61.02928436344711,61.457870029086294,0.7697111708447366,0.4285856656391794,1.1982968364839195,2
47,62.52512936434472,62.52512936434472,65.60123384382474,0.0,3.0761044794800294,3.0761044794800227,1
48,63.0842191035656,63.0842191035656,66.58913544298343,0.0,3.5049163394178304,3.504916339417832,2
49,63.9840495166401,65.60123384382474,70.86736413453188,1.6171843271846456,5.266130290707142,6.883314617891784,1
50,64.91217323996551,66.58913544298343,67.92432217422822,1.676962203017922,1.3351867312447925,3.0121489342627115,2
51,65.8425517254135,67.92432217422822,69.34210051436042,2.081770448814723,1.4177783401322026,3.4995487889469246,2
52,66.77738847070545,69.34210051436042,77.00440136261044,2.5647120436549784,7.662300848250014,10.227012891904991,2
53,67.16427921428432,70.86736413453188,73.90221253576968,3.703084920247562,3.034848401237788,6.737933321485357,1
54,68.75574773179792,73.90221253576968,73.96165277735011,5.146464803971753,0.05944024158043224,5.205905045552186,1
55,70.41394905445405,73.96165277735011,76.55256584183117,3.5477037228960597,2.5909130644810636,6.138616787377117,1
56,71.27277527275659,76.55256584183117,79.30745821403178,5.279790569074578,2.7548923722006085,8.034682941275193,1
57,72.52130754255876,77.00440136261044,77.2641411532262,4.483093820051678,0.2597397906157738,4.7428336106674465,2
58,72.91150983804137,77.2641411532262,79.80787331792183,4.352631315184837,2.5437321646956295,6.896363479880463,2
59,74.27609207859435,79.30745821403178,79.3192596757603,5.0313661354374375,0.011801461728519449,5.0431675971659615,1
60,74.28305005161708,79.3192596757603,81.46668204674863,5.0362096241432255,2.1474223709883185,7.183631995131549,1
61,77.21731886902457,79.80787331792183,79.89708181544252,2.590554448897265,0.08920849752069201,2.679762946417952,2
62,77.63923518016686,79.89708181544252,81.98573521878195,2.257846635275655,2.088653403339431,4.3465000386150905,2
63,77.70708934914124,81.46668204674863,82.98510090101301,3.7595926976073883,1.5184188542643768,5.278011551871771,1
64,78.43237143146678,81.98573521878195,84.7246111345384,3.5533637873151775,2.7388759157564593,6.29223970307163,2
65,80.76700001143797,82.98510090101301,88.9169348907868,2.218100889575041,5.931833989773798,8.149934879348834,1
66,81.9312350784116,84.7246111345384,86.03439732801296,2.793376056126803,1.3097861934745552,4.103162249601354,2
67,82.22319670095425,86.03439732801296,87.52794239912622,3.81120062705871,1.4935450711132572,5.3047456981719705,2
68,82.49450011641711,87.52794239912622,92.36748409893052,5.033442282709103,4.839541699804297,9.872983982513404,2
69,83.46107303251068,88.9169348907868,92.3237682546298,5.455861858276123,3.406833363842987,8.862695222119115,1
70,85.73804713448628,92.3237682546298,93.15507107376102,6.585721120143518,0.8313028191312273,7.417023939274742,1
71,86.02114012654837,92.36748409893052,92.98779532736438,6.346343972382144,0.6203112284338667,6.966655200816007,2
72,88.54463765718594,92.98779532736438,93.6935196677743,4.4431576701784365,0.7057243404099143,5.148882010588352,2
73,88.69394097408455,93.15507107376102,99.35513529101272,4.461130099676467,6.200064217251689,10.66119431692816,1
74,90.40583615322772,93.6935196677743,94.5413861169621,3.287683514546572,0.8478664491878105,4.135549963734377,2
75,90.43849594598684,94.5413861169621,99.44449276920469,4.102890170975257,4.903106652242582,9.005996823217842,2
76,92.19082876219807,99.35513529101272,101.50481155674068,7.164306528814649,2.149676265727962,9.31398279454261,1
77,94.22345105093174,99.44449276920469,102.10814293042657,5.221041718272943,2.663650161221888,7.884691879494824,2
78,97.39829184403615,101.50481155674068,102.4016617167386,4.106519712704525,0.8968501599979222,5.00336987270245,1
79,98.18839974200827,102.10814293042657,108.56690428749762,3.9197431884182947,6.458761357071055,10.37850454548935,2
80,98.25446070094918,102.4016617167386,106.03972597960114,4.14720101578942,3.638064262862542,7.785265278651963,1
81,98.68031945222988,106.03972597960114,113.84849861922393,7.359406527371263,7.808772639622783,15.168179166994051,1
82,99.24478091963127,108.56690428749762,110.27761547237631,9.322123367866354,1.710711184878688,11.032834552745044,2
83,100.60630653842475,110.27761547237631,111.33105135501536,9.671308933951565,1.0534358826390433,10.724744816590615,2
84,101.17127457327102,111.33105135501536,111.71184353585497,10.159776781744341,0.38079218083961175,10.540568962583947,2
85,101.71371111950829,111.71184353585497,112.87095135020928,9.998132416346678,1.1591078143543214,11.157240230700992,2
86,102.50408601858229,112.87095135020928,113.15128216293245,10.366865331626997,0.2803308127231659,10.647196144350161,2
87,102.99173604263913,113.15128216293245,114.81275776238077,10.159546120293314,1.661475599448318,11.821021719741637,2
88,103.10994942644611,113.84849861922393,114.1404565315843,10.738549192777825,0.29195791236037255,11.030507105138199,1
89,103.42293907464911,114.1404565315843,117.62687064293912,10.717517456935198,3.4864141113548164,14.203931568290017,1
90,104.16917741630448,114.81275776238077,115.23268485748252,10.643580346076291,0.4199270951017624,11.063507441178047,2
91,104.78641344096997,115.23268485748252,115.27710354059427,10.446271416512559,0.04441868311174073,10.490690099624302,2
92,106.67376962505607,115.27710354059427,118.7547632694556,8.603333915538201,3.4776597288613234,12.080993644399527,2
93,108.23738775921534,117.62687064293912,118.44124558949751,9.389482883723787,0.8143749465583919,10.203857830282175,1
94,108.95244500024583,118.44124558949751,118.4621007877896,9.488800589251682,0.02085519829207832,9.509655787543764,1
95,109.8895004511248,118.4621007877896,131.10957605000078,8.572600336664792,12.647475262211184,21.22007559887598,1
96,110.8812324112186,118.7547632694556,118.92210062992893,7.87353085823699,0.16733736047334416,8.04086821871033,2
97,111.2776222228154,118.92210062992893,119.5834613940717,7.644478407113539,0.6613607641427741,8.30583917125631,2
98,111.38401355061342,119.5834613940717,120.19398647882608,8.199447843458287,0.6105250847543682,8.809972928212659,2
99,112.46589284996006,120.19398647882608,120.53028503671638,7.72809362886602,0.3362985578902984,8.064392186756322,2
100,114.41099714627727,120.53028503671638,121.20604733738334,6.119287890439111,0.675762300666963,6.795050191106071,2
101,114.66347334952846,121.20604733738334,121.31045320248028,6.54257398785488,0.10440586509693628,6.646979852951816,2
102,114.77939653783352,121.31045320248028,122.25020975565276,6.531056664646755,0.9397565531724925,7.4708132178192415,2
103,115.45620241952203,122.25020975565276,124.72741190961878,6.794007336130733,2.477202153966012,9.271209490096751,2
104,115.67900209064233,124.72741190961878,127.38921394152142,9.048409818976452,2.6618020319026345,11.710211850879091,2
105,116.95251293007551,127.38921394152142,131.56483377976934,10.436701011445905,4.175619838247933,14.61232084969383,2
106,118.26572959348545,131.10957605000078,131.23103005540602,12.843846456515337,0.12145400540523521,12.965300461920577,1
107,118.70254514477803,131.23103005540602,133.12266545035953,12.528484910627995,1.8916353949534976,14.420120305581506,1
108,118.97498932294562,131.56483377976934,132.69459800267694,12.589844456823727,1.1297642229075995,13.719608679731323,2
109,119.35927977339536,132.69459800267694,132.84182353953972,13.335318229281583,0.14722553686277337,13.48254376614436,2
110,122.63318875644141,132.84182353953972,133.98659326059305,10.208634783098304,1.1447697210533447,11.35340450415164,2
111,123.16103772177503,133.12266545035953,138.53583953254596,9.961627728584503,5.413174082186432,15.374801810770933,1
112,123.5383398856955,133.98659326059305,135.5726923390747,10.448253374897547,1.586099078481644,12.0343524533792,2
113,128.26838191560878,135.5726923390747,136.16839046139344,7.304310423465921,0.5956981223187459,7.900008545784658,2
114,129.04302244846338,136.16839046139344,137.47215668149522,7.125368012930068,1.3037662201017646,8.429134233031846,2
115,129.76531244424385,137.47215668149522,140.20359671689212,7.706844237251374,2.7314400353968877,10.438284272648275,2
116,129.8293111461212,138.53583953254596,140.80338131695402,8.706528386424765,2.267541784408064,10.974070170832817,1
117,129.94168529248586,140.20359671689212,140.55810251174125,10.261911424406264,0.35450579484911976,10.616417219255396,2
118,130.31885781833287,140.55810251174125,140.7763853187973,10.23924469340838,0.21828280705604988,10.457527500464437,2
119,130.77274742886544,140.7763853187973,141.09496296366686,10.003637889931866,0.31857764486955203,10.322215534801416,2
120,131.24863404692894,140.80338131695402,142.2595279570502,9.554747270025075,1.4561466400961947,11.010893910121268,1
121,131.40220875243745,141.09496296366686,144.9308740062162,9.692754211229413,3.835911042549321,13.52866525377874,2
122,133.26910922851846,142.2595279570502,142.56049429298136,8.99041872853175,0.3009663359311511,9.2913850644629,1
123,133.27825918533443,142.56049429298136,144.0918787736619,9.282235107646926,1.53138448068053,10.81361958832747,1
124,133.9361871997911,144.0918787736619,145.39362618411582,10.155691573870797,1.3017474104539115,11.45743898432471,1
125,135.24028482736554,144.9308740062162,148.41976684027205,9.690589178850644,3.488892834055854,13.179482012906504,2
126,135.26402788337145,145.39362618411582,145.67360489613256,10.129598300744362,0.2799787120167427,10.409577012761105,1
127,136.53248396309226,145.67360489613256,147.99011849868023,9.141120933040298,2.31651360254768,11.457634535587971,1
128,137.78864521605294,147.99011849868023,149.27888654517832,10.20147328262729,1.2887680464980986,11.490241329125382,1
129,140.052761136961,148.41976684027205,150.1764606985691,8.367005703311037,1.7566938582970506,10.123699561608078,2
130,140.78752510803994,149.27888654517832,149.87584462754177,8.49136143713838,0.596958082363451,9.088319519501823,1
131,141.67904059818443,149.87584462754177,154.79115916794035,8.196804029357338,4.9153145403985885,13.112118569755921,1
132,143.18094501377055,150.1764606985691,151.98035144427345,6.995515684798534,1.8038907457043571,8.799406430502899,2
133,143.70712139675032,151.98035144427345,153.43509105096896,8.273230047523128,1.4547396066955132,9.72796965421864,2
134,145.20800271068416,153.43509105096896,154.29078448631466,8.227088340284809,0.85569343534569,9.082781775630508,2
135,145.70984041943296,154.29078448631466,160.81560798471014,8.580944066881699,6.524823498395477,15.105767565277176,2
136,148.81342678477466,154.79115916794035,157.40410899383028,5.977732383165687,2.6129498258899413,8.590682209055615,1
137,149.9626568992265,157.40410899383028,159.41924610216415,7.44145209460379,2.015137108333883,9.456589202937664,1
138,150.1394719136427,159.41924610216415,159.43049449448088,9.279774188521458,0.011248392316736577,9.291022580838188,1
139,150.45441498673847,159.43049449448088,160.2327553036155,8.976079507742412,0.8022608091346312,9.778340316877035,1
140,150.91402566065537,160.2327553036155,160.8329480818834,9.318729642960136,0.6001927782678752,9.918922421228018,1
141,151.79197333894044,160.81560798471014,163.00205698463094,9.023634645769704,2.1864489999207954,11.210083645690503,2
142,152.91507214781439,160.8329480818834,164.77750234848014,7.917875934069002,3.9445542665967395,11.862430200665756,1
143,153.28845710533554,163.00205698463094,165.86730356906241,9.713599879295401,2.8652465844314823,12.578846463726876,2
144,154.76166647435724,164.77750234848014,167.00300721797535,10.0158358741229,2.225504869495221,12.24134074361811,1
145,155.9329227302342,165.86730356906241,167.5019635572316,9.934380838828218,1.6346599881691752,11.569040826997394,2
146,159.4729691409937,167.00300721797535,168.04816275852954,7.53003807698164,1.045155540554192,8.575193617535831,1
147,164.31289491674767,167.5019635572316,168.21415277443984,3.1890686404839244,0.7121892172082368,3.9012578576921726,2
148,165.88664528001905,168.04816275852954,169.56108006934,2.16151747851049,1.5129173108104417,3.674434789320941,1
149,166.48270245928666,168.21415277443984,168.39008210179364,1.7314503151531824,0.17592932735379352,1.9073796425069816,2
150,167.42251993437208,168.39008210179364,171.42136378259409,0.967562167421562,3.031281680800435,3.998843848222009,2
151,173.2964182127889,173.2964182127889,173.33528793850437,0.0,0.03886972571547581,0.03886972571547176,1
152,175.8209345631091,175.8209345631091,176.32888939781677,0.0,0.5079548347076708,0.5079548347076752,1
153,176.0062717686276,176.0062717686276,176.32393799292527,0.0,0.3176662242976545,0.31766622429765334,2
154,179.035791698919,179.035791698919,180.1388924651002,0.0,1.1031007661812078,1.1031007661811998,1
155,179.37848236577986,179.37848236577986,180.35378970539443,0.0,0.9753073396145658,0.9753073396145737,2
156,179.7885468012863,180.1388924651002,183.22297378850794,0.3503456638139255,3.0840813234077427,3.4344269872216557,1
157,180.03490730163452,180.35378970539443,181.037078466283,0.3188824037599147,0.6832887608885698,1.0021711646484732,2
158,184.52430914917133,184.52430914917133,186.98820514926607,0.0,2.463896000094721,2.463896000094735,1
159,184.64815154292774,184.64815154292774,192.53592031242397,0.0,7.887768769496225,7.887768769496233,2
160,185.54652848334177,186.98820514926607,188.18008931030974,1.441676665924291,1.191884161043677,2.6335608269679653,1
161,186.3189746107916,188.18008931030974,188.2892531219788,1.86111469951814,0.10916381166904902,1.970278511187189,1
162,187.4296813742286,188.2892531219788,189.56271280161576,0.8595717477501807,1.2734596796369662,2.1330314273871522,1
163,189.26882418967853,189.56271280161576,190.87731449760045,0.29388861193723415,1.3146016959846898,1.608490307921926,1
164,191.1594503137858,191.1594503137858,193.11321440187902,0.0,1.953764088093198,1.9537640880932088,1
165,191.27688026898443,192.53592031242397,194.4681857391212,1.2590400434395406,1.9322654266972357,3.1913054701367685,2
166,191.36175768098556,193.11321440187902,199.30500790132976,1.751456720893458,6.191793499450725,7.943250220344197,1
167,193.44758697200797,194.4681857391212,196.77026897192948,1.0205987671132277,2.302083232808286,3.322681999921514,2
168,193.88962005593345,196.77026897192948,200.12883937423416,2.8806489159960336,3.3585704023046796,6.239219318300712,2
169,194.80068158283623,199.30500790132976,203.65621008563875,4.504326318493526,4.3512021843089945,8.855528502802514,1
170,194.90654490981686,200.12883937423416,201.16240299736708,5.222294464417303,1.0335636231329106,6.255858087550223,2
171,196.26728806615074,201.16240299736708,201.39897711051287,4.895114931216341,0.23657411314579843,5.131689044362133,2
172,196.34190520798285,201.39897711051287,201.82545909984418,5.057071902530026,0.42648198933131043,5.483553891861334,2
173,197.00145629225653,201.82545909984418,202.31010975463334,4.824002807587647,0.48465065478915076,5.30865346237681,2
174,197.00681717073974,202.31010975463334,203.0957600423382,5.303292583893608,0.7856502877048644,6.088942871598476,2
175,198.0489635291409,203.0957600423382,203.17736681533904,5.046796513197307,0.08160677300081749,5.128403286198136,2
176,198.960349198502,203.17736681533904,204.57452303280658,4.21701761683704,1.3971562174675503,5.61417383430458,2
177,199.4601684699403,203.65621008563875,203.89919778903572,4.196041615698448,0.2429877033969845,4.439029319095425,1
178,201.06926352808216,203.89919778903572,204.5089772756056,2.8299342609535643,0.6097794865698697,3.4397137475234274,1
179,203.0354660380243,204.5089772756056,204.6991786637007,1.4735112375812776,0.19020138809511505,1.6637126256763963,1
180,203.60066558047993,204.57452303280658,205.37131668455402,0.973857452326655,0.7967936517474323,1.7706511040740907,2
181,204.2607691150884,204.6991786637007,205.33250706864618,0.43840954861229875,0.6333284049454678,1.071737953557772,1
182,204.5028862469071,205.33250706864618,205.404876082523,0.8296208217390699,0.07236901387681792,0.9019898356158933,1
183,205.72556212755157,205.72556212755157,207.61221885091433,0.0,1.8866567233627651,1.886656723362762,1
184,205.86833889708385,205.86833889708385,206.34636052680258,0.0,0.47802162971873885,0.4780216297187394,2
185,207.46461641817703,207.46461641817703,218.13027374221983,0.0,10.665657324042801,10.665657324042797,2
186,207.8030066905166,207.8030066905166,208.76576834343967,0.0,0.962761652923061,0.9627616529230636,1
187,207.8599665555702,208.76576834343967,209.88253939544873,0.9058017878694784,1.1167710520090695,2.022572839878535,1
188,208.73420029541543,209.88253939544873,214.40484478129326,1.1483391000332972,4.522305385844545,5.67064448587783,1
189,209.37518601048583,214.40484478129326,215.13130274532796,5.02965877080743,0.7264579640346818,5.756116734842124,1
190,209.87867155011037,215.13130274532796,215.39153767726935,5.252631195217589,0.26023493194140224,5.512866127158986,1
191,212.41194117807308,215.39153767726935,217.72347533649645,2.9795964991962762,2.331937659227104,5.31153415842337,1
192,214.330313063343,217.72347533649645,220.86278722250978,3.3931622731534503,3.1393118860133193,6.532474159166782,1
193,214.36651180913023,218.13027374221983,218.1682671997105,3.7637619330895973,0.037993457490658675,3.8017553905802686,2
194,216.26471830910657,218.1682671997105,219.361144799352,1.903548890603929,1.1928775996414878,3.0964264902454204,2
195,217.46086257959476,219.361144799352,221.07050248437747,1.90028221975723,1.7093576850254686,3.6096399047827106,2
196,222.0523710641546,222.0523710641546,223.97346878034713,0.0,1.921097716192534,1.92109771619252,1
197,223.204542253605,223.204542253605,225.0392567929498,0.0,1.834714539344787,1.8347145393447875,2
198,224.96596330732214,224.96596330732214,227.37086302953816,0.0,2.404899722216011,2.4048997222160153,1
199,228.21302839544734,228.21302839544734,228.29651260495345,0.0,0.08348420950611139,0.08348420950611057,1
200,231.45913540470283,231.45913540470283,232.92790482875043,0.0,1.4687694240475915,1.4687694240475935,1
201,232.25660365117508,232.25660365117508,233.2268194734963,0.0,0.9702158223212355,0.9702158223212223,2
202,233.915180158089,233.915180158089,235.0143613605953,0.0,1.0991812025063097,1.0991812025063155,1
203,235.09024013103252,235.09024013103252,235.81344313880237,0.0,0.7232030077698518,0.7232030077698539,1
204,235.61386011042623,235.61386011042623,237.41352822317404,0.0,1.7996681127478136,1.7996681127478098,2
205,235.96354257965228,235.96354257965228,236.84576458540465,0.0,0.8822220057523614,0.882222005752368,1
206,239.48445166417207,239.48445166417207,239.64620925404643,0.0,0.16175758987434546,0.1617575898743553,1
207,240.1537954218728,240.1537954218728,240.62205041893404,0.0,0.46825499706124424,0.4682549970612513,1
208,240.16340689590055,240.16340689590055,241.07405747936906,0.0,0.9106505834685136,0.9106505834685095,2
209,241.7364924789003,241.7364924789003,246.56579019870514,0.0,4.829297719804853,4.829297719804856,1
210,244.65915731841096,244.65915731841096,247.95990050967396,0.0,3.3007431912629897,3.3007431912629954,2
211,247.0762648911535,247.0762648911535,247.2160470912002,0.0,0.1397822000467119,0.13978220004671016,1
212,247.1921417375466,247.2160470912002,250.3527148764937,0.023905353653617567,3.136667785293504,3.1605731389471146,1
213,248.51240448319376,248.51240448319376,250.23312701697682,0.0,1.7207225337830474,1.7207225337830607,2
214,248.56847552801682,250.23312701697682,251.34617729406506,1.6646514889600041,1.1130502770882462,2.7777017660482386,2
215,251.77677047479568,251.77677047479568,252.40027506827084,0.0,0.6235045934751711,0.6235045934751611,1
216,252.0314116930936,252.0314116930936,255.7572957556469,0.0,3.725884062553317,3.7258840625533196,2
217,254.44619405400738,254.44619405400738,254.60336481448576,0.0,0.1571707604783769,0.15717076047837963,1
218,254.575116942768,254.60336481448576,255.061688397581,0.02824787171775256,0.4583235830952644,0.4865714548130029,1
219,257.49901511083897,257.49901511083897,258.8941482216904,0.0,1.3951331108514395,1.3951331108514182,1
220,258.4915937377179,258.4915937377179,259.7022395371021,0.0,1.2106457993842188,1.2106457993842241,2
221,259.4692414799265,259.4692414799265,259.7897233523643,0.0,0.32048187243783066,0.3204818724378242,1
222,260.6486327120341,260.6486327120341,261.29923039147525,0.0,0.6505976794411281,0.6505976794411481,1
223,261.576039349247,261.576039349247,262.6997145312929,0.0,1.1236751820458977,1.1236751820458721,1
224,267.88554679059706,267.88554679059706,272.53590455172895,0.0,4.650357761131879,4.650357761131886,1
225,268.10625101494225,268.10625101494225,268.70180471073024,0.0,0.5955536957879703,0.5955536957879985,2
226,271.039397187355,271.039397187355,271.3994183804017,0.0,0.3600211930466703,0.3600211930466912,2
227,271.22905057726086,271.3994183804017,271.4243074824959,0.17036780314083444,0.024889102094221068,0.19525690523505546,2
228,271.4881221340981,271.4881221340981,274.1805569333737,0.0,2.6924347992755986,2.6924347992755884,2
229,271.90472571698365,272.53590455172895,273.0456821680497,0.6311788347452989,0.5097776163207993,1.1409564510660744,1
230,271.9530599632192,273.0456821680497,274.61721315835376,1.0926222048305476,1.5715309903040664,2.6641531951345883,1
231,273.5238038760767,274.1805569333737,274.23148724231595,0.6567530572969531,0.050930308942298504,0.7076833662392232,2
232,275.72550358946444,275.72550358946444,276.186700500692,0.0,0.4611969112275269,0.461196911227546,1
233,279.9919311078227,279.9919311078227,284.2202999341994,0.0,4.228368826376624,4.228368826376652,1
234,281.28006804499256,281.28006804499256,282.5322338399633,0.0,1.2521657949707374,1.252165794970722,2
235,281.6805578584935,282.5322338399633,286.46862658383156,0.8516759814697821,3.9363927438682778,4.788068725338064,2
236,283.35499706946325,284.2202999341994,285.56631524792806,0.8653028647361225,1.3460153137286959,2.2113181784648077,1
237,283.72357967617666,285.56631524792806,286.91574349504685,1.8427355717514047,1.3494282471187908,3.192163818870199,1
238,287.51113348417147,287.51113348417147,287.8552989910246,0.0,0.34416550685311514,0.3441655068531304,1
239,287.51565674052745,287.51565674052745,288.3608778579224,0.0,0.8452211173949351,0.8452211173949422,2
240,288.02019903222345,288.02019903222345,288.28521126445577,0.0,0.265012232232346,0.26501223223232273,1
241,289.53499564937397,289.53499564937397,292.3670088256251,0.0,2.8320131762510896,2.8320131762511096,1
242,290.5094889290965,290.5094889290965,292.0262056488471,0.0,1.5167167197506282,1.5167167197506046,2
243,290.60058560904776,292.0262056488471,293.8862118891086,1.4256200397993553,1.860006240261495,3.2856262800608533,2
244,292.99276357510035,292.99276357510035,295.4243901297876,0.0,2.4316265546872007,2.4316265546872273,1
245,294.1271959406368,294.1271959406368,296.76265321771024,0.0,2.6354572770734266,2.635457277073442,2
246,294.6437488414499,295.4243901297876,297.17323875414104,0.7806412883376765,1.7488486243534824,2.529489912691133,1
247,295.6679603894569,296.76265321771024,298.47515505355784,1.0946928282533577,1.7125018358475772,2.8071946641009617,2
248,295.72924094328187,297.17323875414104,298.5398764469973,1.4439978108591731,1.3666376928562813,2.810635503715446,1
249,297.05346041846735,298.47515505355784,299.6834613100377,1.421694635090489,1.2083062564798812,2.6300008915703756,2
250,297.0647017435473,298.5398764469973,299.6821820355567,1.4751747034500227,1.142305588559414,2.617480292009418,1
251,299.2901198576485,299.6821820355567,301.79908013689493,0.3920621779082012,2.116898101338206,2.5089602792464234,1
252,301.7342173927317,301.7342173927317,301.94772285985476,0.0,0.21350546712304463,0.2135054671230705,2
253,302.5594327438529,302.5594327438529,302.92214253148876,0.0,0.362709787635867,0.3627097876358789,1
254,306.86010450138514,306.86010450138514,310.00826688361525,0.0,3.1481623822301104,3.1481623822301117,1
255,307.22691484948507,307.22691484948507,308.4262150627813,0.0,1.1993002132962278,1.199300213296226,2
256,310.80033828235645,310.80033828235645,316.8402641642468,0.0,6.0399258818903,6.039925881890326,1
257,311.65656759479685,311.65656759479685,317.39899067556587,0.0,5.742423080768987,5.742423080769015,2
258,312.2363162925946,316.8402641642468,317.9974497755153,4.603947871652167,1.1571856112685268,5.761133482920684,1
259,312.49646661609177,317.39899067556587,322.24168119619264,4.9025240594741035,4.842690520626799,9.745214580100878,2
260,313.7037880756235,317.9974497755153,318.27039613447994,4.2936616998918,0.27294635896462227,4.5666080588564455,1
261,313.7586332352177,318.27039613447994,320.00474106609397,4.511762899262237,1.7343449316140243,6.246107830876269,1
262,315.43581535003824,320.00474106609397,320.33609799892844,4.56892571605573,0.3313569328344726,4.900282648890197,1
263,316.18486179585494,320.33609799892844,321.3853059338947,4.151236203073495,1.0492079349662422,5.200444138039757,1
264,316.2774307060162,321.3853059338947,324.98351315693395,5.1078752278784805,3.5982072230392412,8.706082450917734,1
265,316.2805845415045,322.24168119619264,322.89933300597835,5.961096654688163,0.6576518097856845,6.618748464473867,2
266,316.7392768593191,322.89933300597835,329.8932791200896,6.160056146659258,6.993946114111216,13.154002260770483,2
267,317.1765349698937,324.98351315693395,326.48885705183767,7.806978187040272,1.5053438949037194,9.31232208194399,1
268,317.25437860014944,326.48885705183767,327.3848170343949,9.234478451688233,0.8959599825572406,10.130438434245491,1
269,317.70826570191144,327.3848170343949,328.4406769304448,9.676551332483484,1.055859896049867,10.732411228533351,1
270,317.8331376718733,328.4406769304448,328.82189208448057,10.607539258571478,0.3812151540357702,10.98875441260725,1
271,318.2314636025057,328.82189208448057,334.8811811635913,10.590428481974868,6.059289079110724,16.649717561085595,1
272,318.25705936927676,329.8932791200896,331.70493466853753,11.636219750812813,1.8116555484479502,13.447875299260772,2
273,318.4322968985093,331.70493466853753,332.6998694754984,13.272637770028211,0.9949348069608714,14.267572576989096,2
274,321.90019300920613,332.6998694754984,334.64478733996356,10.799676466292283,1.9449178644651628,12.744594330757423,2
275,322.4337244389384,334.64478733996356,334.7155418102075,12.211062901025173,0.07075447024396836,12.281817371269142,2
276,322.8846059490521,334.7155418102075,334.9737796245586,11.83093586115541,0.2582378143510339,12.089173675506458,2
277,323.680248925128,334.8811811635913,340.3806101425644,11.200932238463281,5.499428978973118,16.70036121743641,1
278,325.0861218368406,334.9737796245586,336.62533162642455,9.887657787717956,1.6515520018659962,11.539209789583936,2
279,325.10310941682553,336.62533162642455,336.70195616854005,11.522222209599022,0.07662454211549337,11.598846751714518,2
280,326.8270305166067,336.70195616854005,338.1360282775415,9.874925651933324,1.4340721090014683,11.308997760934801,2
281,330.9915061754309,338.1360282775415,338.1560371638446,7.144522102110614,0.0200088863030437,7.164530988413674,2
282,331.86909799650516,338.1560371638446,338.8502960786025,6.286939167339426,0.6942589147579487,6.9811980820973645,2
283,333.50718020188697,338.8502960786025,341.91597680707514,5.343115876715558,3.0656807284725875,8.408796605188172,2
284,333.75425400212555,340.3806101425644,340.4266570093566,6.626356140438872,0.04604686679213336,6.672403007231026,1
285,334.25344612131227,340.4266570093566,341.0524203036229,6.173210888044309,0.6257632942663263,6.798974182310644,1
286,334.7002355468336,341.0524203036229,345.248384798877,6.352184756789313,4.195964495254068,10.548149252043402,1
287,339.4002256403284,341.91597680707514,346.40276151915344,2.5157511667467247,4.486784712078328,7.002535878825029,2
288,339.96339187339163,345.248384798877,350.9439914839913,5.284992925485369,5.695606685114264,10.980599610599654,1
289,340.71635934026034,346.40276151915344,350.5686024656213,5.686402178893104,4.165840946467885,9.852243125360985,2
290,342.18011905675183,350.5686024656213,353.1895549198016,8.38848340886949,2.620952454180276,11.00943586304976,2
291,343.2570837095864,350.9439914839913,351.5789962081153,7.686907774404858,0.6350047241240272,8.321912498528889,1
292,344.1296168067361,351.5789962081153,354.5814050875272,7.44937940137919,3.002408879411886,10.45178828079105,1
293,344.7204463142216,353.1895549198016,353.68443993613096,8.469108605580004,0.4948850163293778,8.963993621909367,2
294,345.11480036530645,353.68443993613096,356.1796860221902,8.569639570824506,2.4952460860592462,11.064885656883746,2
295,345.38529285645717,354.5814050875272,355.4056643774864,9.196112231070003,0.8242592899592084,10.020371521029233,1
296,347.3101775002851,355.4056643774864,357.7361861802089,8.095486877201324,2.3305218027225028,10.426008679923825,1
297,347.4692287361462,356.1796860221902,357.19141906536134,8.710457286044004,1.011733043171143,9.722190329215152,2
298,348.402909485164,357.19141906536134,359.3712028397647,8.788509580197342,2.179783774403375,10.96829335460069,2
299,349.5105425600638,357.7361861802089,358.6067135999644,8.225643620145092,0.8705274197554931,9.096171039900582,1
300,349.89770927629644,358.6067135999644,358.86084976914515,8.709004323667955,0.2541361691807556,8.963140492848709,1
301,349.96564202853114,358.86084976914515,362.6091420978296,8.895207740614012,3.7482923286844194,12.643500069298454,1
302,352.0903612254122,359.3712028397647,360.2338729123143,7.280841614352482,0.8626700725496512,8.143511686902116,2
303,352.39313897595116,360.2338729123143,363.07632235085765,7.840733936363165,2.842449438543339,10.683183374906491,2
304,352.5989966177075,362.6091420978296,366.728749341214,10.010145480122105,4.119607243384368,14.129752723506499,1
305,353.0911081324745,363.07632235085765,369.4737228015801,9.985214218383135,6.397400450722417,16.38261466910558,2
306,353.6565832730928,366.728749341214,371.69128048117994,13.072166068121192,4.96253113996598,18.034697208087152,1
307,354.59557580518657,369.4737228015801,374.2841807740096,14.878146996393525,4.8104579724295204,19.68860496882303,2
308,354.8602250842355,371.69128048117994,371.7056808990616,16.831055396944464,0.014400417881639609,16.845455814826096,1
309,354.8932146718498,371.7056808990616,371.9481351102215,16.812466227211758,0.24245421115992155,17.054920438371653,1
310,355.1798706635742,371.9481351102215,372.0877243631002,16.768264446647265,0.1395892528787653,16.907853699526015,1
311,355.84156170414394,372.0877243631002,372.97210035275583,16.24616265895628,0.8843759896555957,17.13053864861189,1
312,356.0245022712265,372.97210035275583,373.9162031938242,16.94759808152935,0.9441028410683574,17.891700922597693,1
313,356.0324040982072,373.9162031938242,374.1800893812702,17.88379909561695,0.2638861874460206,18.14768528306297,1
314,356.4184134181754,374.1800893812702,385.0259321759196,17.761675963094774,10.845842794649391,28.607518757744174,1
315,356.4542698056731,374.2841807740096,379.88283272461956,17.829910968336492,5.598651950609949,23.428562918946454,2
316,357.5436034539796,379.88283272461956,383.44841478833877,22.339229270639976,3.565582063719183,25.90481133435918,2
317,358.003736249292,383.44841478833877,384.4049997075698,25.444678539046777,0.9565849192310579,26.40126345827781,2
318,358.62092546448014,384.4049997075698,387.7016048074457,25.784074243089663,3.296605099875897,29.08067934296554,2
319,358.832273748748,385.0259321759196,387.1967848163254,26.193658427171613,2.17085264040584,28.36451106757744,1
320,359.28235026700963,387.1967848163254,396.89319498389676,27.914434549315786,9.69641016757132,37.61084471688713,1
321,361.3320586837481,387.7016048074457,390.4441394549146,26.369546123697603,2.7425346474689296,29.112080771166518,2
322,361.47727926888257,390.4441394549146,392.00272747689166,28.966860186032022,1.5585880219770811,30.525448208009095,2
323,361.87699793879165,392.00272747689166,392.06232562633346,30.125729538100018,0.059598149441811285,30.185327687541815,2
324,363.0144642141377,392.06232562633346,397.6101959346654,29.047861412195743,5.547870308331922,34.59573172052768,2
325,363.39260695673056,396.89319498389676,400.79055972562395,33.5005880271662,3.8973647417271815,37.39795276889339,1
326,364.35167619385777,397.6101959346654,400.17284475150655,33.25851974080763,2.5626488168411354,35.821168557648775,2
327,364.8635684506488,400.17284475150655,401.00393923905574,35.30927630085773,0.8310944875491918,36.140370788406926,2
328,365.7527701733081,400.79055972562395,401.8550824745102,35.03778955231587,1.0645227488862743,36.10231230120212,1
329,366.92038196969787,401.00393923905574,404.06658346476524,34.08355726935787,3.062644225709488,37.14620149506737,2
330,367.1390985629765,401.8550824745102,402.23290654322034,34.71598391153367,0.37782406871015467,35.09380798024381,1
331,367.280270352781,402.23290654322034,403.37982812263425,34.952636190439364,1.1469215794139074,36.09955776985328,1
332,368.49329577001055,403.37982812263425,404.36551721496824,34.8865323526237,0.9856890923340094,35.87222144495769,1
333,368.6512666213415,404.06658346476524,406.01806833035783,35.41531684342374,1.9514848655926036,37.36680170901633,2
334,370.90546139236,404.36551721496824,404.5557021645736,33.46005582260824,0.19018494960534285,33.65024077221358,1
335,371.18805178634705,404.5557021645736,405.09099278190746,33.36765037822653,0.5352906173338762,33.902940995560414,1
336,374.61809978227967,405.09099278190746,405.7743184627667,30.47289299962779,0.6833256808592367,31.15621868048703,1
337,374.8875488744143,405.7743184627667,407.24696310253415,30.886769588352422,1.472644639767429,32.359414228119874,1
338,375.5187619278786,406.01806833035783,407.48620501440786,30.49930640247925,1.4681366840500234,31.967443086529272,2
339,375.5542162768073,407.24696310253415,407.74960311328584,31.69274682572683,0.5026400107517011,32.19538683647852,1
340,375.81011550994435,407.48620501440786,409.70913311966973,31.676089504463505,2.2229281052618943,33.89901760972538,2
341,375.9960399741035,407.74960311328584,410.75723839657763,31.753563139182347,3.0076352832917914,34.76119842247414,1
342,376.2063220114732,409.70913311966973,417.07708830498404,33.50281110819651,7.367955185314339,40.870766293510826,2
343,376.95114487402844,410.75723839657763,412.7361411967728,33.80609352254919,1.9789028001951854,35.78499632274435,1
344,378.7026022413134,412.7361411967728,414.2525337642794,34.03353895545939,1.5163925675066392,35.549931522966006,1
345,379.69703253548886,414.2525337642794,414.3197329480705,34.55550122879055,0.06719918379107997,34.62270041258165,1
346,381.5121441470403,414.3197329480705,418.30232419986305,32.80758880103019,3.9825912517925293,36.790180052822734,1
347,382.4920918594003,417.07708830498404,417.49247206476906,34.58499644558373,0.4153837597849875,35.00038020536874,2
348,384.1733306165027,417.49247206476906,419.6032717092176,33.31914144826635,2.110799644448548,35.4299410927149,2
349,384.2063654077174,418.30232419986305,420.9764371243975,34.095958792145666,2.6741129245344424,36.77007171668009,1
350,384.84549834758997,419.6032717092176,423.60893440437917,34.75777336162764,4.00566269516154,38.7634360567892,2
351,387.14126155165343,420.9764371243975,421.41478413235177,33.83517557274405,0.4383470079543028,34.27352258069834,1
352,389.3777786071883,421.41478413235177,421.9810775897255,32.037005525163465,0.5662934573737332,32.60329898253718,1
353,389.63167007787996,421.9810775897255,424.04081569939467,32.34940751184553,2.0597381096691683,34.40914562151471,1
354,390.18501206760266,423.60893440437917,425.58907191595455,33.42392233677651,1.9801375115753623,35.40405984835189,2
355,390.1949339823525,424.04081569939467,425.40711951646887,33.845881717042175,1.3663038170741948,35.21218553411637,1
356,390.5889758845093,425.40711951646887,427.5120205060214,34.81814363195957,2.104900989552515,36.923044621512076,1
357,391.8240791041582,425.58907191595455,426.5257592264499,33.76499281179633,0.9366873104953682,34.70168012229169,2
358,392.09418177202775,426.5257592264499,429.7214114400683,34.431577454422154,3.1956522136184446,37.62722966804057,2
359,393.86079296059125,427.5120205060214,427.6390151516013,33.65122754543012,0.1269946455799226,33.77822219101006,1
360,394.63523277022,427.6390151516013,428.7392052339556,33.00378238138131,1.100190082354301,34.1039724637356,1
361,395.81629207618386,428.7392052339556,429.1067737107659,32.922913157771745,0.3675684768102969,33.29048163458202,1
362,396.9732188022675,429.1067737107659,429.1592221809579,32.133554908498354,0.05244847019199215,32.18600337869037,1
363,398.0089356307147,429.1592221809579,429.41117097367504,31.15028655024321,0.25194879271713433,31.402235342960353,1
364,399.9024219471318,429.41117097367504,431.4716122657024,29.508749026543228,2.0604412920273294,31.569190318570577,1
365,400.6570535175872,429.7214114400683,433.6752396049039,29.064357922481122,3.9538281648355644,33.01818608731668,2
366,401.66145447768787,431.4716122657024,432.59585691575006,29.81015778801452,1.1242446500476868,30.934402438062193,1
367,402.4219614434755,432.59585691575006,433.53774835174426,30.17389547227458,0.9418914359941721,31.115786908268774,1
368,403.08502817813786,433.53774835174426,434.7775040170651,30.452720173606394,1.2397556653208337,31.692475838927237,1
369,403.3870652472949,433.6752396049039,434.77854168175895,30.288174357608966,1.1033020768550763,31.39147643446404,2
370,408.5012627982888,434.7775040170651,435.98925727960113,26.276241218776306,1.2117532625360268,27.48799448131234,1
371,408.55268827688343,434.77854168175895,438.2813693019231,26.225853404875522,3.5028276201641555,29.72868102503969,2
372,409.4261592132706,435.98925727960113,436.4166898372825,26.563098066330554,0.42743255768135285,26.99053062401191,1
373,410.22719378430213,436.4166898372825,438.6446600732953,26.18949605298036,2.2279702360128484,28.417466288993182,1
374,411.15550482108176,438.2813693019231,438.5501851358913,27.125864480841358,0.2688158339681763,27.394680314809534,2
375,412.9668022641766,438.5501851358913,441.54193615276864,25.58338287171472,2.9917510168773642,28.575133888592063,2
376,413.6898758188474,438.6446600732953,442.5094455938892,24.95478425444793,3.86478552059392,28.819569775041828,1
377,414.07302203746667,441.54193615276864,443.1881625203619,27.46891411530197,1.6462263675932511,29.115140482895242,2
378,415.54387205591905,442.5094455938892,442.62544757234826,26.965573537970158,0.11600197845906489,27.08157551642921,1
379,417.42588725195657,442.62544757234826,442.7869841946188,25.199560320391697,0.16153662227052834,25.361096942662243,1
380,419.2471605729593,442.7869841946188,442.7993294891905,23.539823621659536,0.012345294571655582,23.55216891623121,1
381,419.44464381578547,442.7993294891905,443.7288250594254,23.354685673405015,0.9294955702348839,24.28418124363992,1
382,424.90685430074177,443.1881625203619,445.26397669783205,18.281308219620144,2.075814177470114,20.35712239709028,2
383,426.65743650953146,443.7288250594254,451.74377902006444,17.071388549893925,8.014953960639025,25.086342510532972,1
384,427.8844665547446,445.26397669783205,447.4566734437174,17.37951014308743,2.192696745885376,19.5722068889728,2
385,428.20102462844534,447.4566734437174,448.88834711298057,19.25564881527208,1.4316736692631287,20.68732248453523,2
386,429.46260494611755,448.88834711298057,454.52633403931776,19.425742166863017,5.637986926337213,25.06372909320021,2
387,429.4693743468409,451.74377902006444,451.7541967330797,22.274404673223557,0.010417713015248289,22.28482238623883,1
388,429.7062827555927,451.7541967330797,452.3604978706373,22.047913977486985,0.6063011375576055,22.654215115044565,1
389,430.6022017827137,452.3604978706373,452.72908230553645,21.75829608792361,0.3685844348991345,22.126880522822773,1
390,432.78656175427795,452.72908230553645,452.9500076817683,19.942520551258497,0.2209253762318577,20.16344592749033,1
391,432.7961655904534,452.9500076817683,453.79173449016827,20.153842091314857,0.8417268083999982,20.99556889971484,1
392,436.06640753979883,453.79173449016827,454.62610226128584,17.725326950369436,0.8343677711175885,18.559694721487006,1
393,437.68943214924883,454.52633403931776,454.6543173811154,16.83690189006893,0.12798334179765494,16.96488523186656,2
394,438.6874049161261,454.62610226128584,456.588911448824,15.93869734515971,1.962809187538164,17.90150653269785,1
395,439.2592514242807,454.6543173811154,456.6428212839336,15.395065956834685,1.9885039028182179,17.38356985965288,2
396,439.2904884866341,456.588911448824,456.7353821041122,17.298422962189875,0.14647065528822903,17.4448936174781,1
397,441.56031700489785,456.6428212839336,460.4614633506069,15.082504279035732,3.81864206667331,18.901146345709037,2
398,442.65154246025367,456.7353821041122,457.72324364329285,14.08383964385854,0.9878615391806489,15.071701183039181,1
399,444.16346600721073,457.72324364329285,458.51027233536405,13.559777636082117,0.7870286920711986,14.34680632815332,1
400,446.26921312636546,458.51027233536405,461.78889837659233,12.241059208998593,3.2786260412282764,15.519685250226871,1
401,446.2881127765375,460.4614633506069,464.05397415920663,14.173350574069389,3.5925108085997204,17.76586138266913,2
402,446.60478924022823,461.78889837659233,463.82461998073626,15.1841091363641,2.035721604143951,17.21983074050803,1
403,448.46738409977826,463.82461998073626,464.113690043829,15.357235880958001,0.28907006309276434,15.646305944050766,1
404,450.7230745616555,464.05397415920663,466.8921513472634,13.330899597551138,2.838177188056764,16.1690767856079,2
405,451.69188292231473,464.113690043829,464.33934216800225,12.421807121514291,0.22565212417322125,12.647459245687514,1
406,452.63294024719494,464.33934216800225,469.2297825260707,11.70640192080731,4.8904403580684805,16.596842278875783,1
407,454.5517447276787,466.8921513472634,467.30847103239455,12.340406619584712,0.41631968513118095,12.756726304715869,2
408,454.81255646032207,467.30847103239455,468.20727747818063,12.49591457207248,0.8988064457860555,13.394721017858558,2
409,455.653913422217,468.20727747818063,470.41526700664144,12.553364055963641,2.207989528460801,14.761353584424455,2
410,455.79061521139556,469.2297825260707,471.1430560811297,13.43916731467516,1.9132735550589977,15.352440869734153,1
411,455.8976279652888,470.41526700664144,470.87293545363906,14.517639041352652,0.45766844699759096,14.975307488350268,2
412,455.9449678460178,470.87293545363906,470.9208756715006,14.92796760762127,0.0479402178615391,14.975907825482807,2
413,456.0497994541199,470.9208756715006,470.96607670763916,14.871076217380676,0.045201036138556465,14.91627725351924,2
414,456.89894582861314,470.96607670763916,473.88288964065663,14.067130879026024,2.9168129330174852,16.983943812043492,2
415,458.81122387939627,471.1430560811297,471.36330756059067,12.331832201733448,0.22025147946095575,12.552083681194404,1
416,458.9393567313339,471.36330756059067,479.8022391893763,12.423950829256796,8.438931628785609,20.862882458042407,1
417,459.2618104626962,473.88288964065663,476.1312309351237,14.62107917796044,2.248341294467077,16.86942047242752,2
418,462.2052059454728,476.1312309351237,477.4301797862864,13.926024989650898,1.298948851162645,15.224973840813561,2
419,462.83921725922767,477.4301797862864,479.3487184722547,14.590962527058707,1.9185386859682971,16.509501213027022,2
420,464.05660324310975,479.3487184722547,485.92290009752674,15.29211522914494,6.574181625272051,21.866296854416987,2
421,464.10669520117744,479.8022391893763,481.08709736916774,15.695543988198835,1.284858179791474,16.98040216799029,1
422,465.4420509132543,481.08709736916774,481.24156777013656,15.645046455913416,0.15447040096880355,15.799516856882235,1
423,466.4872064237536,481.24156777013656,481.45144112551856,14.75436134638295,0.20987335538200047,14.964234701764951,1
424,468.26488930657973,481.45144112551856,485.73607586314273,13.186551818938824,4.284634737624157,17.471186556562998,1
425,468.69492204596605,485.73607586314273,485.89873615551824,17.041153817176678,0.16266029237547763,17.203814109552184,1
426,469.934769239728,485.89873615551824,492.1850643554274,15.963966915790252,6.286328199909152,22.25029511569943,1
427,470.2768045859865,485.92290009752674,487.4397530545315,15.646095511540238,1.5168529570047393,17.162948468544982,2
428,471.14528993380173,487.4397530545315,489.72613884680356,16.294463120729745,2.2863857922720587,18.58084891300183,2
429,472.07273340233854,489.72613884680356,489.8252300545956,17.653405444465022,0.09909120779202484,17.752496652257037,2
430,472.74888230008304,489.8252300545956,492.43846916987013,17.07634775451254,2.6132391152745265,19.689586869787092,2
431,473.6034130855819,492.1850643554274,496.6688640588168,18.58165126984551,4.483799703389375,23.065450973234874,1
432,473.84041114777216,492.43846916987013,497.40415872622344,18.598058022097973,4.965689556353299,23.563747578451284,2
433,474.6470608619558,496.6688640588168,498.3571156531019,22.021803196860958,1.6882515942851584,23.710054791146092,1
434,477.2361883906365,497.40415872622344,500.3107388242927,20.167970335586915,2.906580098069229,23.074550433656157,2
435,482.47197555153434,498.3571156531019,498.54643640401895,15.885140101567572,0.189320750917014,16.074460852484606,1
436,485.2232553751295,498.54643640401895,505.56873808386746,13.32318102888945,7.022301679848527,20.34548270873796,1
437,485.364853682178,500.3107388242927,504.20855304741684,14.945885142114662,3.897814223124157,18.84369936523882,2
438,485.9374780791988,504.20855304741684,504.3254128050011,18.271074968218045,0.11685975758427827,18.387934725802324,2
439,486.438204096079,504.3254128050011,506.3388266998356,17.887208708922117,2.0134138948344544,19.900622603756574,2
440,486.6179609886418,505.56873808386746,506.9591475659084,18.950777095225646,1.3904094820409458,20.34118657726657,1
441,486.6510319149921,506.3388266998356,510.28694339597075,19.687794784843504,3.9481166961351755,23.635911480978677,2
442,487.51206487883053,506.9591475659084,508.1709615312281,19.447082687077852,1.2118139653196975,20.658896652397573,1
443,488.60453435645013,508.1709615312281,509.1627135234391,19.56642717477797,0.9917519922110164,20.558179166988964,1
444,489.4466813397242,509.1627135234391,514.4434907092731,19.7160321837149,5.280777185834035,24.996809369548885,1
445,489.9074152356372,510.28694339597075,518.5326612590607,20.379528160333564,8.245717863089961,28.625246023423472,2
446,491.8371327569998,514.4434907092731,516.8857774896849,22.6063579522733,2.4422867804118424,25.04864473268509,1
447,493.3006667204732,516.8857774896849,517.4966573050725,23.585110769211667,0.6108798153876162,24.195990584599315,1
448,497.51677959961495,517.4966573050725,519.3951541894697,19.979877705457568,1.8984968843971686,21.878374589854786,1
449,497.53294461158475,518.5326612590607,521.5744861931117,20.999716647475907,3.0418249340510584,24.041541581526985,2
450,498.0611487732138,519.3951541894697,524.056936958339,21.334005416255934,4.661782768869256,25.99578818512515,1
451,498.13831179557684,521.5744861931117,522.6579682700111,23.4361743975349,1.0834820768994224,24.51965647443427,2
452,498.28797715831405,522.6579682700111,525.0458895349477,24.36999111169706,2.3879212649366393,26.75791237663367,2
453,499.2159881845359,524.056936958339,525.445225647012,24.840948773803063,1.38828868867306,26.22923746247608,1
454,500.050540704621,525.0458895349477,525.9245791508205,24.99534883032669,0.8786896158727343,25.87403844619945,2
455,502.11010310250373,525.445225647012,529.2431167636693,23.335122544508238,3.7978911166572606,27.133013661165535,1
456,503.9638940887657,525.9245791508205,527.3420585244978,21.96068506205478,1.4174793736773645,23.378164435732117,2
457,506.8578299249525,527.3420585244978,528.4518885421704,20.484228599545304,1.1098300176726017,21.59405861721791,2
458,508.1441088844325,528.4518885421704,529.7053925839683,20.30777965773791,1.2535040417978751,21.561283699535807,2
459,508.35381920852086,529.2431167636693,529.4520580032975,20.889297555148403,0.20894123962821629,21.09823879477659,1
460,508.7775796912776,529.4520580032975,529.5652491372517,20.674478312019858,0.11319113395426866,20.78766944597413,1
461,509.4154666121271,529.5652491372517,529.6703518170395,20.149782525124635,0.10510267978786089,20.254885204912455,1
462,510.1927283200437,529.6703518170395,531.9419616611257,19.477623496995818,2.2716098440861368,21.749233341081947,1
463,510.23881250527245,529.7053925839683,531.8210437284379,19.46658007869587,2.1156511444695987,21.582231223165422,2
464,510.4419803548286,531.8210437284379,532.4308262435401,21.379063373609256,0.6097825151022478,21.988845888711467,2
465,510.49673164544583,531.9419616611257,532.1689728813051,21.44523001567984,0.2270112201793806,21.672241235859246,1
466,511.3722235466038,532.1689728813051,534.0934825659725,20.796749334701303,1.9245096846674055,22.721259019368745,1
467,512.6863788809133,532.4308262435401,532.7662983498927,19.74444736262683,0.33547210635259783,20.079919468979483,2
468,515.4346936655567,532.7662983498927,533.1197808466756,17.33160468433607,0.3534824967828088,17.685087181118888,2
469,516.2835001351417,533.1197808466756,533.4217711185942,16.836280711533846,0.30199027191863775,17.138270983452458,2
470,517.1624415824604,533.4217711185942,546.6986718217208,16.259329536133805,13.276900703126683,29.536230239260476,2
471,518.0090247430785,534.0934825659725,536.2071332108516,16.084457822894024,2.113650644879045,18.198108467773068,1
472,523.7736405211591,536.2071332108516,536.8401791562504,12.433492689692457,0.6330459453988261,13.06653863509132,1
473,524.5300589954995,536.8401791562504,545.2046777357043,12.310120160750898,8.364498579453924,20.674618740204778,1
474,525.6244753047387,545.2046777357043,545.2589965507975,19.58020243096564,0.054318815093192044,19.634521246058853,1
475,525.7784998660686,545.2589965507975,546.2940449472356,19.480496684728905,1.0350483964380965,20.515545081167033,1
476,527.2857585088547,546.2940449472356,546.3730897935295,19.008286438380992,0.07904484629391516,19.08733128467486,1
477,528.518590914092,546.3730897935295,548.0741411096689,17.85449887943753,1.7010513161393652,19.55555019557687,1
478,530.0873168087036,546.6986718217208,549.620556885981,16.61135501301726,2.9218850642601906,19.53324007727747,2
479,531.8285457901871,548.0741411096689,549.474755602145,16.24559531948171,1.4006144924761548,17.646209811957874,1
480,533.8577950568795,549.474755602145,550.7417846772602,15.616960545265556,1.2670290751151578,16.883989620380703,1
481,534.5414819793758,549.620556885981,556.0670511427786,15.079074906605229,6.446494256797567,21.525569163402793,2
482,535.1197647698966,550.7417846772602,551.0131060218646,15.622019907363551,0.2713213446044599,15.893341251967968,1
483,535.5280754308891,551.0131060218646,554.8095175514337,15.485030590975498,3.7964115295691334,19.281442120544625,1
484,535.5935160878015,554.8095175514337,556.0525851152217,19.21600146363221,1.243067563788072,20.45906902742024,1
485,535.6550858866075,556.0525851152217,559.6112999452323,20.397499228614265,3.5587148300105618,23.956214058624823,1
486,538.0102866319426,556.0670511427786,556.0810568174661,18.056764510836047,0.01400567468748204,18.070770185523543,2
487,538.0830928270561,556.0810568174661,560.4663076246715,17.99796399040997,4.385250807205363,22.383214797615324,2
488,538.2782981429714,559.6112999452323,560.5309146806408,21.333001802260924,0.9196147354084105,22.252616537669383,1
489,538.6902233387038,560.4663076246715,561.5149293141525,21.776084285967613,1.0486216894810143,22.824705975448637,2
490,538.7616982537297,560.5309146806408,560.8269994831478,21.769216426911044,0.2960848025070197,22.065301229418083,1
491,541.2476885370206,560.8269994831478,562.4195395516886,19.57931094612718,1.5925400685408067,21.171851014667936,1
492,544.4339092102898,561.5149293141525,563.0411539109119,17.08102010386267,1.5262245967594363,18.607244700622118,2
493,544.968138856033,562.4195395516886,562.4883584851834,17.451400695655593,0.06881893349489432,17.52021962915046,1
494,545.0265139254931,562.4883584851834,567.2551638438897,17.46184455969035,4.766805358706272,22.228649918396627,1
495,545.3822417566572,563.0411539109119,566.0382264918078,17.658912154254722,2.9970725808959107,20.655984735150582,2
496,546.0536854516278,566.0382264918078,571.8847720348411,19.984541040180034,5.846545543033407,25.83108658321339,2
497,547.2242034295101,567.2551638438897,567.3771487568712,20.030960414379592,0.12198491298151995,20.152945327361067,1
498,547.4023198675685,567.3771487568712,573.3897324843817,19.97482888930267,6.012583727510571,25.98741261681323,1
499,548.9992719806331,571.8847720348411,571.897964634677,22.885500054208023,0.013192599835888157,22.898692654043884,2
500,553.2267111230103,571.897964634677,572.5295321508382,18.67125351166669,0.6315675161611941,19.302821027827918,2
501,555.4777065188744,572.5295321508382,581.4820449819738,17.05182563196388,8.952512831135559,26.00433846309943,2
502,555.790165520852,573.3897324843817,574.3678760282982,17.599566963529696,0.9781435439163875,18.577710507446113,1
503,558.8961607835676,574.3678760282982,580.1128475161875,15.471715244730603,5.744971487889249,21.216686732619905,1
504,559.1640727381271,580.1128475161875,584.8196919743349,20.948774778060397,4.706844458147442,25.655619236207826,1
505,561.0433865884855,581.4820449819738,586.0408720738196,20.438658393488254,4.558827091845795,24.997485485334096,2
506,561.4738645353149,584.8196919743349,589.3845678581037,23.345827439020013,4.5648758837688055,27.910703322788777,1
507,562.8102782183904,586.0408720738196,586.5845350312591,23.23059385542922,0.5436629574393987,23.774256812868657,2
508,565.0771119879179,586.5845350312591,593.6279951081814,21.50742304334119,7.043460076922313,28.550883120263506,2
509,565.5113986800908,589.3845678581037,593.4813104994697,23.87316917801286,4.09674264136603,27.969911819378922,1
510,566.1084080076483,593.4813104994697,593.9377025563236,27.372902491821378,0.4563920568539549,27.829294548675307,1
511,566.4505062415333,593.6279951081814,594.0694874969292,27.177488866648105,0.4414923887479078,27.618981255395965,2
512,568.2939540162374,593.9377025563236,594.2638730060486,25.64374854008622,0.32617044972496095,25.969918989811163,1
513,568.4998801070809,594.0694874969292,600.0824863458295,25.56960738984833,6.0129988489001835,31.582606238748554,2
514,568.5321080250751,594.2638730060486,594.8605291905264,25.73176498097348,0.5966561844778564,26.328421165451346,1
515,569.7020979272646,594.8605291905264,596.6331442650677,25.158431263261832,1.772615074541206,26.93104633780308,1
516,570.4870241422892,596.6331442650677,603.85075501056,26.146120122778484,7.217610745492222,33.36373086827075,1
517,571.1708253422133,600.0824863458295,600.8709449403647,28.911661003616132,0.7884585945352041,29.700119598151332,2
518,571.2203388244833,600.8709449403647,600.9517817656405,29.650606115881374,0.08083682527577561,29.731442941157184,2
519,575.6109433986039,600.9517817656405,602.2327609371988,25.340838367036554,1.2809791715582814,26.621817538594883,2
520,579.2008504326491,602.2327609371988,606.6830527569056,23.031910504549728,4.450291819706804,27.48220232425649,2
521,579.7822618488999,603.85075501056,604.9053085385777,24.068493161660058,1.0545535280177345,25.123046689677835,1
522,579.9788824933025,604.9053085385777,606.1631525062622,24.926426045275207,1.2578439676844602,26.1842700129597,1
523,580.4190048553725,606.1631525062622,606.5887616904782,25.744147650889772,0.42560918421599,26.169756835105773,1
524,583.0021232818956,606.5887616904782,607.4020844934721,23.586638408582644,0.8133228029939105,24.39996121157651,1
525,585.0827139893044,606.6830527569056,611.1402741555795,21.600338767601215,4.457221398673898,26.057560166275152,2
526,585.4917848544994,607.4020844934721,617.57223216396,21.910299638972674,10.170147670487987,32.080447309460624,1
527,585.7714609890594,611.1402741555795,611.7104053044333,25.368813166520113,0.5701311488538077,25.938944315373874,2
528,586.5264819518868,611.7104053044333,614.519018887943,25.183923352546458,2.8086135835098327,27.99253693605624,2
529,586.8000196495392,614.519018887943,621.092231704461,27.718999238403853,6.573212816518,34.29221205492183,2
530,586.8031730295252,617.57223216396,617.9023029569767,30.769059134434883,0.3300707930165542,31.099129927451486,1
531,586.8151431898866,617.9023029569767,618.2395267723338,31.087159767090043,0.33722381535706164,31.42438358244715,1
532,587.0651415807711,618.2395267723338,620.1321254615804,31.174385191562692,1.8925986892466324,33.06698388080929,1
533,588.2675500467127,620.1321254615804,622.813837302125,31.86457541486766,2.6817118405445974,34.54628725541227,1
534,589.2815416872888,621.092231704461,621.4025820893577,31.810690017172192,0.3103503848967013,32.12104040206884,2
535,589.7162613017405,621.4025820893577,624.8455284792019,31.686320787617205,3.442946389844247,35.12926717746143,2
536,591.8050524589058,622.813837302125,624.5613096782872,31.008784843219132,1.7474723761622444,32.75625721938138,1
537,592.9155449471612,624.5613096782872,628.1808568178195,31.645764731126064,3.619547139532297,35.265311870658365,1
538,593.3074369511764,624.8455284792019,627.5139331459424,31.53809152802546,2.6684046667404293,34.20649619476592,2
539,593.6286222277575,627.5139331459424,631.8147384821549,33.885310918184814,4.300805336212508,38.18611625439735,2
540,596.3832662745359,628.1808568178195,629.3804108862972,31.797590543283604,1.199554068477756,32.997144611761314,1
541,597.6175620869542,629.3804108862972,631.9644582808538,31.762848799343033,2.584047394556552,34.346896193899624,1
542,598.3486515836088,631.8147384821549,632.6037220799342,33.46608689854611,0.788983597779345,34.2550704963254,2
543,599.278874018479,631.9644582808538,635.9144609082509,32.685584262374846,3.950002627397065,36.63558688977196,1
544,599.7149993308382,632.6037220799342,634.0450749815454,32.88872274909602,1.4413529016112299,34.33007565070727,2
545,600.2457020681724,634.0450749815454,635.0558470074817,33.79937291337308,1.010772025936208,34.81014493930934,2
546,601.0851073048073,635.0558470074817,635.7584804927387,33.97073970267445,0.7026334852570033,34.673373187931475,2
547,601.7264636440743,635.7584804927387,637.0162918381375,34.0320168486644,1.2578113453987738,35.28982819406315,2
548,602.3263937421167,635.9144609082509,635.9359085308746,33.58806716613424,0.021447622623679562,33.609514788757906,1
549,604.8093317697627,635.9359085308746,636.8223115737381,31.12657676111189,0.8864030428635603,32.01297980397544,1
550,606.3402031358739,636.8223115737381,637.5403435875565,30.482108437864213,0.7180320138184052,31.200140451682614,1
551,609.5291237292095,637.0162918381375,646.078081003945,27.487168108928017,9.061789165807596,36.548957274735585,2
552,609.6242233112912,637.5403435875565,639.3031626106795,27.91612027626536,1.7628190231229313,29.678939299388276,1
553,609.9244039663521,639.3031626106795,640.4843213832497,29.378758644327377,1.1811587725702442,30.559917416897633,1
554,611.0880772303824,640.4843213832497,642.1677662031182,29.396244152867325,1.683444819868449,31.079688972735767,1
555,611.466808840242,642.1677662031182,642.3159677904438,30.700957362876125,0.1482015873256712,30.84915895020174,1
556,613.5567608898966,642.3159677904438,643.1732072526643,28.759206900547156,0.8572394622204408,29.616446362767647,1
557,614.0822312528985,643.1732072526643,644.0096183869414,29.09097599976576,0.8364111342770779,29.927387134042874,1
558,614.919790025527,644.0096183869414,648.4279936884998,29.089828361414334,4.418375301558445,33.50820366297273,1
559,616.4851965240507,646.078081003945,646.3770628983256,29.592884479894337,0.29898189438053446,29.891866374274855,2
560,616.5629762996357,646.3770628983256,651.570776504553,29.81408659868987,5.193713606227447,35.00780020491732,2
561,616.8604481926255,648.4279936884998,651.34446324913,31.567545495874242,2.9164695606302105,34.484015056504404,1
562,617.2775798247475,651.34446324913,654.3682341824934,34.06688342438247,3.0237709333635205,37.09065435774596,1
563,617.8758398811177,651.570776504553,652.714683120273,33.6949366234353,1.1439066157199727,34.83884323915527,2
564,618.5487900454077,652.714683120273,653.7836267832913,34.16589307486527,1.0689436630183504,35.2348367378836,2
565,618.6999721683999,653.7836267832913,656.509987143955,35.08365461489143,2.7263603606636733,37.81001497555508,2
566,619.7173703954929,654.3682341824934,656.1151692438721,34.6508637870005,1.7469350613786288,36.397798848379125,1
567,621.3912262740653,656.1151692438721,661.3582252525754,34.723942969806785,5.243056008703325,39.966998978510105,1
568,621.3978796184142,656.509987143955,656.645163451034,35.11210752554075,0.13517630707903,35.247283832619814,2
569,621.8783640354507,656.645163451034,656.9600064796828,34.766799415583364,0.31484302864870883,35.0816424442321,2
570,622.6395878083571,656.9600064796828,662.9628428530614,34.32041867132568,6.002836373378628,40.3232550447043,2
571,625.9011224450767,661.3582252525754,661.6080501448098,35.4571028074987,0.24982489223439092,35.706927699733114,1
572,626.5941856529221,661.6080501448098,661.8192748697609,35.013864491887716,0.21122472495111316,35.225089216838796,1
573,626.9424267948447,661.8192748697609,665.2503433966596,34.87684807491621,3.4310685268986783,38.307916601814895,1
574,627.1051753562451,662.9628428530614,665.9306111383428,35.85766749681625,2.9677682852814264,38.82543578209766,2
575,627.6374888992086,665.2503433966596,667.2361971141513,37.61285449745094,1.9858537174917172,39.59870821494269,1
576,628.9496907289209,665.9306111383428,666.1728657862512,36.980920409421856,0.24225464790846,37.22317505733031,2
577,629.4640355856958,666.1728657862512,670.5860966106376,36.70883020055544,4.413230824386394,41.122061024941786,2
578,629.7399216987153,667.2361971141513,672.3376343439718,37.496275415436,5.1014372298205055,42.59771264525648,1
579,631.6533843043746,670.5860966106376,674.684000682025,38.93271230626294,4.097904071387451,43.030616377650404,2
580,634.2695291149025,672.3376343439718,674.3692132943628,38.06810522906926,2.03157895039099,40.09968417946027,1
581,634.5762356872145,674.3692132943628,679.551611105407,39.79297760714826,5.182397811044174,44.97537541819247,1
582,636.0092778502593,674.684000682025,674.9090681918796,38.674722831765735,0.2250675098545184,38.899790341620246,2
583,636.9376922017167,674.9090681918796,676.4240016970427,37.97137599016287,1.5149335051632222,39.486309495326054,2
584,640.0335508186633,676.4240016970427,680.1947610762059,36.3904508783794,3.7707593791630845,40.16121025754251,2
585,640.6742243042834,679.551611105407,680.3533704613601,38.877386801123635,0.8017593559531123,39.67914615707673,1
586,641.457742231985,680.1947610762059,680.2234630385825,38.73701884422087,0.02870196237662537,38.76572080659753,2
587,643.1636743002787,680.2234630385825,681.6264848971713,37.05978873830384,1.4030218585888001,38.46281059689261,2
588,644.4157243844516,680.3533704613601,683.9819062865969,35.93764607690855,3.6285358252367272,39.56618190214533,1
589,644.9255122701727,681.6264848971713,684.5582216781273,36.70097262699858,2.931736780956034,39.63270940795462,2
590,648.3546321469601,683.9819062865969,684.7785170707795,35.627274139636825,0.7966107841825965,36.4238849238194,1
591,651.5165062236257,684.5582216781273,691.7118500706981,33.04171545450163,7.153628392570811,40.19534384707242,2
592,652.1725480667981,684.7785170707795,684.8928870131015,32.605969003981386,0.11436994232200917,32.7203389463034,1
593,653.7480994217593,684.8928870131015,685.9001386035467,31.14478759134215,1.0072515904452046,32.15203918178736,1
594,653.8609029971432,685.9001386035467,685.9055812055901,32.03923560640351,0.005442602043498448,32.04467820844695,1
595,654.9867003821012,685.9055812055901,686.3932542464707,30.918880823488962,0.4876730408806313,31.406553864369585,1
596,662.5076683319857,686.3932542464707,686.7738035568115,23.88558591448509,0.38054931034067296,24.266135224825803,1
597,663.1584101494124,686.7738035568115,687.4992358120018,23.615393407399097,0.7254322551903492,24.340825662589396,1
598,664.9203479046042,687.4992358120018,687.815933678781,22.57888790739753,0.3166978667791843,22.895585774176766,1
599,665.1627918782939,687.815933678781,689.7821909406754,22.653141800487106,1.9662572618943481,24.61939906238149,1
600,669.7781627507659,689.7821909406754,690.8115989166337,20.00402818990949,1.029407975958319,21.033436165867784,1
601,670.1666832919628,690.8115989166337,702.3325454041668,20.64491562467083,11.520946487533145,32.16586211220397,1
602,670.8672115421275,691.7118500706981,693.3021064363456,20.844638528570613,1.5902563656474844,22.434894894218132,2
603,670.9979319472801,693.3021064363456,696.3677399185774,22.30417448906553,3.0656334822317794,25.36980797129729,2
604,671.1574043416487,696.3677399185774,696.952319185263,25.210335576928742,0.5845792666856133,25.79491484361438,2
605,672.5020685830709,696.952319185263,698.798275418221,24.450250602192114,1.845956232957918,26.296206835150087,2
606,673.0109214876293,698.798275418221,705.7248441501073,25.787353930591735,6.926568731886305,32.71392266247801,2
607,674.3525348600891,702.3325454041668,703.3969365885649,27.980010544077686,1.0643911843980727,29.044401728475805,1
608,676.1195972645965,703.3969365885649,706.8043537485472,27.277339323968476,3.4074171599822938,30.684756483950764,1
609,676.6761354688116,705.7248441501073,711.4045945417558,29.048708681295693,5.679750391648554,34.72845907294425,2
610,677.3381364251258,706.8043537485472,707.3409354077403,29.46621732342146,0.5365816591930699,30.002798982614536,1
611,679.4511951865112,707.3409354077403,709.4045017009156,27.88974022122909,2.0635662931752865,29.953306514404403,1
612,681.9372766121674,709.4045017009156,710.5142557412504,27.46722508874825,1.1097540403347703,28.576979129083043,1
613,682.7235004084323,710.5142557412504,711.6444289745057,27.790755332818094,1.1301732332553323,28.92092856607337,1
614,685.3530773472365,711.4045945417558,712.2268208258027,26.051517194519306,0.8222262840469022,26.87374347856621,2
615,686.5526872285878,711.6444289745057,711.7851825624562,25.09174174591783,0.14075358795046458,25.232495333868314,1
616,687.6030776965049,711.7851825624562,712.6015894772466,24.18210486595126,0.8164069147904393,24.99851178074175,1
617,687.9247062991446,712.2268208258027,714.3000443138467,24.3021145266581,2.0732234880439844,26.375338014702038,2
618,688.3966284475398,712.6015894772466,714.5646298306401,24.20496102970685,1.9630403533934655,26.168001383100318,1
619,689.6885470541918,714.3000443138467,715.2672472719676,24.611497259654925,0.9672029581208494,25.578700217775804,2
620,690.165432884904,714.5646298306401,717.8465424619085,24.399196945736094,3.2819126312683666,27.681109577004463,1
621,693.6170190911578,715.2672472719676,719.5277771318737,21.65022818080979,4.260529859906115,25.910758040715905,2
622,693.76909305094,717.8465424619085,718.5513950363957,24.077449410968484,0.7048525744871696,24.78230198545566,1
623,693.8240811001431,718.5513950363957,719.308315810673,24.727313936252585,0.7569207742773039,25.484234710529904,1
624,694.2653149168251,719.308315810673,720.2771943059156,25.043000893847875,0.9688784952426408,26.011879389090495,1
625,694.929701715672,719.5277771318737,720.2958497672984,24.59807541620171,0.7680726354246873,25.366148051626396,2
626,695.5486430494032,720.2771943059156,722.6576899905015,24.728551256512446,2.380495684585877,27.109046941098313,1
627,696.7869143818925,720.2958497672984,720.3467262461417,23.508935385405834,0.05087647884328819,23.559811864249127,2
628,697.2846628794853,720.3467262461417,721.7026615806095,23.06206336665639,1.3559353344678682,24.417998701124247,2
629,698.8224715381923,721.7026615806095,721.9265238240788,22.88019004241721,0.22386224346927652,23.104052285886496,2
630,701.2849666370124,721.9265238240788,724.0135303606202,20.641557187066383,2.087006536541311,22.72856372360775,2
631,702.8375910387821,722.6576899905015,724.6544397296751,19.820098951719388,1.9967497391736087,21.81684869089304,1
632,703.2460727353625,724.0135303606202,724.2937602181647,20.767457625257634,0.28022985754454544,21.04768748280219,2
633,704.0954940360607,724.2937602181647,730.6126827621357,20.19826618210402,6.318922543971022,26.517188726075005,2
634,705.5870423463545,724.6544397296751,728.0081942273312,19.067397383320667,3.3537544976560927,22.42115188097671,1
635,705.9391396906636,728.0081942273312,728.5547179785416,22.069054536667522,0.5465237512104314,22.615578287877952,1
636,706.0216077089585,728.5547179785416,730.2929205926617,22.533110269583062,1.7382026141201163,24.271312883703217,1
637,706.3854550696449,730.2929205926617,730.9408422261882,23.907465523016867,0.6479216335264849,24.55538715654336,1
638,707.4045484187241,730.6126827621357,732.1073061453855,23.208134343411643,1.494623383249739,24.70275772666139,2
639,710.2447559914433,730.9408422261882,730.9628455177669,20.69608623474494,0.022003291578713256,20.718089526323638,1
640,710.4209446717937,730.9628455177669,734.7513008852594,20.54190084597326,3.7884553674924684,24.330356213465734,1
641,713.48770525714,732.1073061453855,737.220500245801,18.619600888245486,5.113194100415539,23.732794988661,2
642,715.3225866496203,734.7513008852594,735.6491620732514,19.428714235639063,0.897861187991968,20.326575423631084,1
643,715.4435163818579,735.6491620732514,738.5064660482064,20.205645691393556,2.8573039749549767,23.062949666348572,1
644,715.5729583599291,737.220500245801,738.0414823544256,21.647541885871874,0.8209821086246256,22.468523994496536,2
645,717.069140577089,738.0414823544256,738.0518239502254,20.972341777336624,0.010341595799774173,20.98268337313641,2
646,718.9922174493331,738.0518239502254,739.9970697517795,19.0596065008923,1.9452458015540215,21.004852302446352,2
647,718.9970818103955,738.5064660482064,739.7714591294941,19.50938423781099,1.2649930812876653,20.774377319098676,1
648,720.074633545478,739.7714591294941,740.6546348370643,19.696825584016096,0.8831757075701664,20.580001291586314,1
649,722.4732161239908,739.9970697517795,740.3280221622003,17.52385362778864,0.33095241042090645,17.854806038209517,2
650,724.3599333078819,740.3280221622003,742.1959411883215,15.968088854318466,1.8679190261212026,17.836007880439638,2
651,724.9953441625731,740.6546348370643,744.1696784089642,15.659290674491217,3.5150435718998256,19.174334246391027,1
652,725.5836746089576,742.1959411883215,742.6885655671991,16.612266579363904,0.492624378877631,17.104890958241526,2
653,727.4407637165943,742.6885655671991,744.2908737495264,15.247801850604787,1.6023081823273,16.850110032932093,2
654,728.9194739231908,744.1696784089642,744.8533429960237,15.250204485773338,0.6836645870595685,15.933869072832863,1
655,729.1588664265385,744.2908737495264,744.3748409703796,15.132007322987988,0.08396722085314777,15.215974543841185,2
656,731.1838878172107,744.3748409703796,745.895508291947,13.190953153168948,1.5206673215673578,14.711620474736264,2
657,731.8917795529592,744.8533429960237,745.2984407383516,12.961563443064506,0.44509774232795407,13.406661185392409,1
658,732.0689428251601,745.2984407383516,746.8589335190549,13.229497913191494,1.5604927807032203,14.789990693894765,1
659,733.0108586421421,745.895508291947,747.4605408672634,12.884649649804828,1.5650325753163934,14.44968222512125,2
660,733.1198612520986,746.8589335190549,747.2536079293548,13.739072266956214,0.3946744102999295,14.133746677256113,1
661,733.7124330105495,747.2536079293548,749.1751859281675,13.541174918805268,1.9215779988127664,15.46275291761799,1
662,734.1258407503881,747.4605408672634,752.8823769472668,13.334700116875297,5.421836080003431,18.756536196878756,2
663,734.267996742456,749.1751859281675,749.9764720985876,14.907189185711445,0.8012861704200627,15.708475356131544,1
664,734.2760213346389,749.9764720985876,756.9484187042632,15.700450763948652,6.971946605675596,22.672397369624264,1
665,734.3639583779768,752.8823769472668,753.7751564165717,18.51841856929002,0.8927794693048848,19.411198038594875,2
666,734.4354902174177,753.7751564165717,756.8832661599554,19.339666199153953,3.108109743383704,22.447775942537646,2
667,734.8377892967101,756.8832661599554,757.2367564185471,22.045476863245312,0.353490258591714,22.398967121837018,2
668,736.8446896474495,756.9484187042632,757.7426802260128,20.103729056813677,0.7942615217496389,20.89799057856328,1
669,737.8330841879922,757.2367564185471,757.4503356151138,19.40367223055489,0.2135791965666973,19.617251427121573,2
670,738.3324872369496,757.4503356151138,759.1166765113559,19.117848378164126,1.6663408962421302,20.78418927440623,2
671,739.7012660360531,757.7426802260128,759.2191514219771,18.04141418995971,1.4764711959643053,19.517885385924046,1
672,739.8187444590108,759.1166765113559,763.7999944444576,19.297932052345118,4.6833179331018,23.98124998544688,2
673,739.8694908927306,759.2191514219771,759.9243122388377,19.349660529246535,0.7051608168606435,20.054821346107133,1
674,740.1049885807348,759.9243122388377,764.8446467811897,19.819323658102917,4.920334542351943,24.73965820045487,1
675,741.9168593618966,763.7999944444576,765.4338417759411,21.88313508256101,1.6338473314834376,23.51698241404449,2
676,742.9266104662289,764.8446467811897,765.7830916826664,21.918036314960773,0.9384449014766704,22.856481216437487,1
677,743.8494496626996,765.4338417759411,772.1687639340021,21.584392113241506,6.734922158060919,28.31931427130246,2
678,744.2201646300208,765.7830916826664,766.4719582433476,21.56292705264559,0.6888665606811853,22.251793613326754,1
679,745.565934519939,766.4719582433476,767.4813177052459,20.906023723408566,1.0093594618983934,21.91538318530695,1
680,748.9055113647605,767.4813177052459,767.6710472155517,18.57580634048543,0.18972951030566218,18.76553585079114,1
681,749.8225576031028,767.6710472155517,770.7543279315104,17.848489612448816,3.0832807159587263,20.931770328407538,1
682,750.6436716172956,770.7543279315104,771.2136490230598,20.110656314214793,0.45932109154943773,20.569977405764234,1
683,751.0351761437203,771.2136490230598,772.3072979122974,20.17847287933955,1.0936488892375529,21.272121768577108,1
684,751.0450167580686,772.1687639340021,777.7963213219416,21.12374717593343,5.627557387939485,26.751304563872964,2
685,751.192710787494,772.3072979122974,774.5270979456501,21.114587124803393,2.2198000333527186,23.33438715815612,1
686,752.899888360086,774.5270979456501,776.7122550791272,21.62720958556406,2.1851571334770523,23.812366719041165,1
687,753.7960757694632,776.7122550791272,777.9131128442418,22.916179309664017,1.2008577651146382,24.117037074778636,1
688,761.3934611573875,777.7963213219416,783.9716417093979,16.402860164554113,6.175320387456261,22.578180552010394,2
689,762.9936744081591,777.9131128442418,779.354736271204,14.919438436082714,1.4416234269621981,16.361061863044938,1
690,763.4684668897045,779.354736271204,782.1695207571939,15.886269381499574,2.8147844859898745,18.701053867489463,1
691,763.8618651082295,782.1695207571939,784.2931913098208,18.30765564896444,2.123670552626902,20.431326201591332,1
692,764.4591871221975,783.9716417093979,790.1481628982833,19.51245458720041,6.176521188885403,25.68897577608584,2
693,764.862174773036,784.2931913098208,784.9883745462157,19.431016536784796,0.6951832363949002,20.12619977317968,1
694,765.4888234944419,784.9883745462157,785.5841079308249,19.49955105177378,0.5957333846091571,20.09528443638294,1
695,766.503539570688,785.5841079308249,786.2455534087122,19.08056836013691,0.6614454778873692,19.742013838024263,1
696,768.6243014574948,786.2455534087122,788.0158212187497,17.62125195121746,1.7702678100375047,19.391519761254926,1
697,769.8904639638556,788.0158212187497,788.03164414522,18.125357254894084,0.01582292647030641,18.141180181364348,1
698,771.8180345248215,788.03164414522,790.1640097670492,16.213609620398415,2.132365621829245,18.34597524222761,1
699,772.6636535918624,790.1481628982833,790.5929014713778,17.484509306420932,0.44473857309450004,17.9292478795154,2
700,777.7293894847643,790.1640097670492,790.1646816355337,12.434620282284868,0.0006718684845195637,12.435292150769442,1
701,777.9477759934741,790.1646816355337,792.4244673336686,12.2169056420596,2.2597856981349733,14.47669134019452,1
702,778.3263423422983,790.5929014713778,791.4636762078981,12.266559129079496,0.8707747365202434,13.137333865599771,2
703,778.8442448844764,791.4636762078981,792.4618317466609,12.619431323421622,0.9981555387628812,13.617586862184453,2
704,781.7313950365636,792.4244673336686,799.1244067989131,10.693072297105005,6.699939465244536,17.393011762349488,1
705,783.1643513494191,792.4618317466609,796.594476086553,9.29748039724177,4.132644339892122,13.430124737133838,2
706,784.1700184633988,796.594476086553,799.6655884830913,12.424457623154126,3.0711123965383518,15.495570019692423,2
707,786.0926634057712,799.1244067989131,801.3395399841592,13.031743393141937,2.215133185246059,15.246876578387969,1
708,787.2427875004443,799.6655884830913,801.5058966256682,12.422800982647004,1.8403081425769587,14.263109125223991,2
709,787.4140141419429,801.3395399841592,801.4482089298573,13.925525842216302,0.10866894569816438,14.03419478791443,1
710,787.5412474342317,801.4482089298573,801.5663315004954,13.906961495625637,0.11812257063805107,14.02508406626373,1
711,788.272903222341,801.5058966256682,802.7950790022555,13.232993403327214,1.2891823765873245,14.522175779914505,2
712,789.4510908828594,801.5663315004954,802.1753839573719,12.115240617636005,0.6090524568765114,12.724293074512502,1
713,791.475237792346,802.1753839573719,803.4723986859988,10.700146165025899,1.2970147286268512,11.99716089365279,1
714,791.9301456877375,802.7950790022555,811.6944074864647,10.864933314517998,8.899328484209141,19.764261798727148,2
715,794.6663272659142,803.4723986859988,803.5003530172307,8.80607142008455,0.027954331231999124,8.834025751316517,1
716,795.7562028484513,803.5003530172307,810.5312761467432,7.74415016877947,7.030923129512394,14.775073298291886,1
717,796.822752066695,810.5312761467432,812.9606029673549,13.708524080048164,2.4293268206117857,16.13785090065994,1
718,797.5081611901146,811.6944074864647,811.8248987395572,14.186246296350078,0.13049125309243886,14.316737549442564,2
719,797.6042409348952,811.8248987395572,812.343164956897,14.220657804661982,0.5182662173398075,14.738924022001811,2
720,798.2953423662217,812.343164956897,818.827993400964,14.04782259067531,6.48482844406698,20.532651034742344,2
721,800.8721856542696,812.9606029673549,814.6622587551901,12.088417313085301,1.7016557878351701,13.790073100920495,1
722,800.910675328021,814.6622587551901,815.2540989768413,13.75158342716918,0.5918402216512203,14.343423648820362,1
723,802.4602654153282,815.2540989768413,818.74391821531,12.793833561513111,3.4898192384686966,16.283652799981837,1
724,802.7516812409687,818.74391821531,821.5329737665946,15.992236974341381,2.789055551284604,18.781292525625986,1
725,803.6843636814739,818.827993400964,821.3960861815132,15.14362971949015,2.5680927805491223,17.711722500039286,2
726,804.2330730047111,821.3960861815132,823.3193346306251,17.16301317680211,1.9232484491119992,19.086261625914062,2
727,806.430765927186,821.5329737665946,822.0507890104834,15.102207839408607,0.5178152438887613,15.620023083297383,1
728,806.9753760648531,822.0507890104834,822.3221692215556,15.075412945630319,0.271380211072106,15.34679315670246,1
729,807.2547250094187,822.3221692215556,822.8599312333521,15.06744421213682,0.5377620117965057,15.60520622393335,1
730,807.8530676358167,822.8599312333521,824.9537198968515,15.006863597535357,2.0937886634993577,17.100652261034725,1
731,808.4609397218837,823.3193346306251,829.1570293437812,14.858394908741388,5.837694713156083,20.6960896218975,2
732,808.5297531595137,824.9537198968515,825.1197307199021,16.423966737337764,0.16601082305070358,16.589977560388434,1
733,809.6307090311578,825.1197307199021,826.880851479746,15.489021688744288,1.761120759843802,17.25014244858812,1
734,810.0726986310945,826.880851479746,832.6207508377098,16.808152848651503,5.739899357963901,22.548052206615353,1
735,810.1242991275358,829.1570293437812,830.2321085595432,19.032730216245454,1.0750792157619862,20.107809432007457,2
736,812.1543286722269,830.2321085595432,832.0062191021242,18.077779887316296,1.7741105425809773,19.851890429897253,2
737,812.8804462320726,832.0062191021242,836.6207846869901,19.125772870051605,4.614565584865855,23.74033845491749,2
738,818.961729744146,832.6207508377098,833.3661654514752,13.659021093563751,0.7454146137654608,14.404435707329185,1
739,822.7191240657253,833.3661654514752,833.9184499000721,10.647041385749958,0.5522844485968675,11.199325834346837,1
740,823.854643537622,833.9184499000721,835.3861373388728,10.063806362450123,1.467687438800703,11.531493801250804,1
741,823.8877613751336,835.3861373388728,836.9314960599484,11.49837596373925,1.5453587210755653,13.043734684814808,1
742,824.8462675466684,836.6207846869901,838.0921330006834,11.774517140321677,1.4713483136932768,13.245865454014961,2
743,825.8816665775815,836.9314960599484,837.3064707306728,11.049829482366818,0.3749746707244922,11.424804153091259,1
744,827.2008008397175,837.3064707306728,837.5943864015387,10.105669890955255,0.2879156708659395,10.393585561821169,1
745,829.2289014924886,837.5943864015387,838.9914473986657,8.36548490905011,1.397060997127021,9.762545906177138,1
746,829.2602310270787,838.0921330006834,840.9867359982247,8.831901973604658,2.894602997541411,11.726504971146028,2
747,829.5570333103569,838.9914473986657,840.744599343178,9.434414088308813,1.7531519445122608,11.18756603282111,1
748,829.7914069432596,840.744599343178,842.0014539227723,10.953192399918407,1.2568545795942316,12.21004697951264,1
749,829.8614986542241,840.9867359982247,843.8834672125322,11.125237344000652,2.8967312143074615,14.021968558308117,2
750,830.2521050140018,842.0014539227723,842.6578099949945,11.749348908770457,0.6563560722222957,12.40570498099271,1
751,830.4662113286954,842.6578099949945,845.1953519712974,12.191598666299114,2.537541976302878,14.729140642602033,1
752,831.7629557004622,843.8834672125322,846.6345525075892,12.120511512070038,2.751085295057061,14.871596807127048,2
753,832.7734062011783,845.1953519712974,848.3955849747823,12.421945770119123,3.2002330034849087,15.622178773603991,1
754,833.8235935165263,846.6345525075892,847.9707996297456,12.810958991062876,1.3362471221564005,14.147206113219227,2
755,833.9386372965851,847.9707996297456,848.4326404384742,14.0321623331605,0.46184080872866523,14.494003141889152,2
756,834.2721828965787,848.3955849747823,851.2585400218067,14.12340207820364,2.8629550470243155,16.986357125227983,1
757,834.6444799769235,848.4326404384742,853.0984804643024,13.78816046155066,4.665840025828133,18.454000487378835,2
758,835.666590686983,851.2585400218067,854.9182899445724,15.591949334823653,3.659749922765777,19.251699257589394,1
759,835.6850257121093,853.0984804643024,853.8980821051807,17.413454752193047,0.799601640878306,18.213056393071383,2
760,837.0253321128102,853.8980821051807,859.1182398733872,16.872749992370473,5.220157768206479,22.092907760576963,2
761,837.053316625814,854.9182899445724,855.9261409720743,17.864973318758416,1.0078510275019799,18.87282434626036,1
762,838.0461771660099,855.9261409720743,860.4851942036187,17.87996380606444,4.55905323154437,22.439017037608778,1
763,838.9456493065768,859.1182398733872,859.379523674363,20.172590566810413,0.26128380097576265,20.43387436778619,2
764,839.3748810536822,859.379523674363,863.2909143999257,20.004642620680784,3.911390725562723,23.916033346243466,2
765,839.5035214100739,860.4851942036187,861.314703130813,20.981672793544817,0.8295089271943289,21.811181720739114,1
766,840.7633291637497,861.314703130813,863.1454253188383,20.551373967063228,1.8307221880253228,22.38209615508856,1
767,840.7968676833968,863.1454253188383,864.5329624333338,22.348557635441466,1.3875371144954223,23.73609474993691,1
768,843.2721109017972,863.2909143999257,864.4038855926706,20.018803498128477,1.1129711927448809,21.131774690873385,2
769,843.8644248738883,864.4038855926706,869.241804573441,20.539460718782266,4.837918980770421,25.377379699552648,2
770,845.883642311807,864.5329624333338,865.1054140220338,18.649320121526785,0.5724515886999835,19.22177171022679,1
771,845.9166443381124,865.1054140220338,866.5240268491143,19.18876968392135,1.4186128270805909,20.6073825110019,1
772,846.427135787006,866.5240268491143,867.2025179139774,20.096891062108284,0.6784910648630789,20.775382126971408,1
773,847.9290803143259,867.2025179139774,867.8972265580495,19.273437599651515,0.6947086440721073,19.968146243723595,1
774,850.139487905444,867.8972265580495,867.9225557258707,17.757738652605553,0.025329167821106825,17.78306782042671,1
775,850.6659035097064,867.9225557258707,871.9510229951084,17.256652216164298,4.028467269237671,21.285119485401992,1
776,850.6842340128451,869.241804573441,871.4440322003023,18.557570560595877,2.202227626861343,20.75979818745725,2
777,852.6706147059344,871.4440322003023,874.9759296477754,18.77341749436789,3.5318974474730744,22.305314941840948,2
778,853.6491554518377,871.9510229951084,874.1644383385076,18.301867543270646,2.213415343399261,20.515282886669866,1
779,854.1570415176308,874.1644383385076,874.4291163067245,20.007396820876806,0.26467796821692985,20.272074789093722,1
780,855.0988224495395,874.4291163067245,874.6625410545346,19.330293857184984,0.23342474781013392,19.563718604995074,1
781,855.5897229837999,874.6625410545346,875.8704575896761,19.072818070734684,1.2079165351414827,20.280734605876205,1
782,856.1052348673425,874.9759296477754,876.3390112818953,18.870694780432927,1.3630816341199274,20.233776414552835,2
783,856.9559790575968,875.8704575896761,879.342072563917,18.91447853207933,3.47161497424084,22.386093506320208,1
784,857.6248080409011,876.3390112818953,879.2208318235708,18.714203240994152,2.881820541675498,21.596023782669704,2
785,858.9968912490568,879.2208318235708,881.6483234445226,20.223940574514017,2.4274916209516912,22.65143219546576,2
786,859.2115512858005,879.342072563917,879.8723923221814,20.130521278116476,0.5303197582644195,20.66084103638093,1
787,860.2103744430797,879.8723923221814,880.4866648053224,19.662017879101768,0.6142724831409675,20.276290362242776,1
788,861.0324765941458,880.4866648053224,881.0788438324533,19.454188211176643,0.5921790271308625,20.04636723830754,1
789,861.0544962518751,881.0788438324533,883.2451136615367,20.02434758057825,2.166269829083426,22.190617409661627,1
790,861.2292497317746,881.6483234445226,882.9399109107779,20.419073712747945,1.2915874662553881,21.710661179003296,2
791,861.2345991936467,882.9399109107779,883.8883533884416,21.70531171713128,0.9484424776636364,22.653754194794942,2
792,862.8409814341596,883.2451136615367,884.532469435854,20.40413222737709,1.2873557743172164,21.691488001694324,1
793,864.7497374142181,883.8883533884416,884.192759570956,19.138615974223512,0.30440618251440726,19.443022156737925,2
794,865.158653336787,884.192759570956,884.9180853602898,19.03410623416903,0.7253257893337143,19.759432023502768,2
795,865.3081527890985,884.532469435854,885.4768632952923,19.224316646755483,0.9443938594383426,20.16871050619386,1
796,867.6953578288776,884.9180853602898,885.1131769854667,17.222727531412147,0.19509162517697556,17.417819156589076,2
797,869.272613177475,885.1131769854667,886.7775235214967,15.840563807991657,1.6643465360300995,17.50491034402171,2
798,871.4712410876568,885.4768632952923,887.7210533219389,14.005622207635497,2.2441900266465598,16.249812234282103,1
799,872.305255815044,886.7775235214967,887.5453999452608,14.472267706452726,0.7678764237640068,15.240144130216777,2
800,874.6581518947748,887.5453999452608,888.2463410315453,12.887248050485937,0.7009410862845186,13.588189136770438,2
801,875.4409926223151,887.7210533219389,889.3204516926039,12.280060699623846,1.5993983706649704,13.879459070288817,1
802,875.5931452019943,888.2463410315453,888.6835092604871,12.65319582955101,0.4371682289418502,13.09036405849281,2
803,876.4096830237928,888.6835092604871,889.8461698167339,12.273826236694276,1.1626605562468217,13.436486792941082,2
804,877.1627812049361,889.3204516926039,891.2652115783231,12.157670487667815,1.9447598857191957,14.102430373387051,1
805,877.5373931166691,889.8461698167339,890.9059996503343,12.308776700064755,1.0598298336004135,13.368606533665115,2
806,877.6169679713414,890.9059996503343,891.9005298241752,13.289031678992842,0.9945301738409764,14.283561852833827,2
807,877.7970918372173,891.2652115783231,893.6853386115532,13.468119741105852,2.4201270332300777,15.888246774335926,1
808,878.5049378322404,891.9005298241752,893.5202198132009,13.395591991934793,1.6196899890257037,15.01528198096048,2
809,881.3012165436683,893.5202198132009,896.6631939658786,12.219003269532664,3.1429741526776245,15.361977422210316,2
810,884.181496638913,893.6853386115532,894.6498433703464,9.503841972640203,0.9645047587931949,10.468346731433371,1
811,885.4617848403616,894.6498433703464,895.3430273452453,9.1880585299848,0.6931839748989138,9.881242504883744,1
812,885.7067082745126,895.3430273452453,897.0617158624407,9.636319070732725,1.7186885171953292,11.355007587928071,1
813,886.4215774280443,896.6631939658786,898.8067986145485,10.241616537834261,2.1436046486699145,12.385221186504168,2
814,887.3500561871923,897.0617158624407,898.8673654147491,9.71165967524837,1.8056495523083596,11.51730922755678,1
815,888.388540434573,898.8067986145485,899.0136867847821,10.41825817997551,0.20688817023363923,10.625146350209093,2
816,888.7207702638807,898.8673654147491,903.5603574437087,10.146595150868393,4.692992028959547,14.839587179827959,1
817,890.8065514765998,899.0136867847821,899.5055692537804,8.207135308182274,0.4918824689983236,8.699017777180643,2
818,892.2318704536068,899.5055692537804,900.0624273585762,7.273698800173634,0.5568581047957789,7.830556904969399,2
819,893.0158935122548,900.0624273585762,903.2299221175879,7.046533846321381,3.1674947590116846,10.214028605333056,2
820,893.2827641322673,903.2299221175879,904.1728085266608,9.947157985320587,0.9428864090729596,10.890044394393499,2
821,894.2470264564994,903.5603574437087,909.2940843961533,9.31333098720927,5.73372695244457,15.047057939653882,1
822,895.1882008990158,904.1728085266608,907.0433666808271,8.984607627645005,2.8705581541663525,11.855165781811365,2
823,895.8492131327193,907.0433666808271,910.008185470737,11.194153548107806,2.964818789909826,14.158972338017634,2
824,896.0078579817763,909.2940843961533,910.7628144385325,13.286226414376983,1.4687300423792315,14.75495645675619,1
825,898.5962781024373,910.008185470737,910.209013022254,11.411907368299694,0.200827551516996,11.612734919816717,2
826,899.4742122310174,910.209013022254,916.3393379333284,10.73480079123658,6.130324911074317,16.865125702310934,2
827,900.3239925455251,910.7628144385325,916.8281695148402,10.438821893007344,6.0653550763077355,16.50417696931504,1
828,901.7639505094024,916.3393379333284,919.046189947664,14.575387423925918,2.706852014335575,17.282239438261513,2
829,902.1622164467178,916.8281695148402,919.647854520013,14.665953068122349,2.819685005172851,17.48563807329515,1
830,904.0605492626869,919.046189947664,922.4456620374693,14.985640684977056,3.39947208980542,18.385112774782442,2
831,904.2241610394834,919.647854520013,920.1483494859374,15.42369348052955,0.5004949659243787,15.924188446453968,1
832,907.1680628289635,920.1483494859374,921.3263247481175,12.98028665697393,1.177975262180053,14.158261919154029,1
833,910.9106193658978,921.3263247481175,925.5422257347137,10.415705382219699,4.2159009865962105,14.631606368815937,1
834,911.0347525104975,922.4456620374693,924.6880810573656,11.410909526971864,2.2424190198962886,13.653328546868124,2
835,911.5810515227927,924.6880810573656,932.9241626832944,13.107029534572916,8.236081625928842,21.343111160501735,2
836,914.1386927030335,925.5422257347137,926.3256429489523,11.40353303168024,0.7834172142386434,12.186950245918865,1
837,914.79624202107,926.3256429489523,926.328531004058,11.529400927882307,0.0028880551057218146,11.532288982988007,1
838,917.3028948970986,926.328531004058,926.8650042449972,9.025636106959496,0.5364732409391513,9.562109347898627,1
839,917.7661230347724,926.8650042449972,927.7680237245786,9.098881210224818,0.9030194795813927,10.001900689806234,1
840,919.0344949540172,927.7680237245786,928.7826163466386,8.733528770561406,1.014592622060013,9.748121392621442,1
841,919.6015676592206,928.7826163466386,928.8669278597687,9.18104868741807,0.08431151313002612,9.265360200548116,1
842,920.3523624590753,928.8669278597687,929.6146165429095,8.514565400693414,0.7476886831408374,9.26225408383425,1
843,920.7853504607275,929.6146165429095,932.8395577602489,8.829266082182016,3.2249412173393557,12.054207299521408,1
844,921.5013583064508,932.8395577602489,935.3160238221707,11.338199453798097,2.476466061921748,13.814665515719867,1
845,921.7754187689652,932.9241626832944,933.8330472457708,11.148743914329202,0.9088845624764029,12.057628476805576,2
846,922.2783816547534,933.8330472457708,936.0443686930987,11.554665591017397,2.2113214473279132,13.765987038345315,2
847,922.8404326771392,935.3160238221707,939.2941136888096,12.475591145031444,3.978089866638914,16.45368101167037,1
848,924.4135187540587,936.0443686930987,937.5276439341591,11.63084993903999,1.4832752410604213,13.114125180100359,2
849,924.439765398367,937.5276439341591,938.7377100441525,13.087878535792129,1.2100661099935301,14.297944645785606,2
850,926.4444409908083,938.7377100441525,939.0700105218837,12.293269053344261,0.3323004777310961,12.62556953107537,2
851,926.6283794327248,939.0700105218837,941.6261489434359,12.441631089158818,2.5561384215522436,14.99776951071101,2
852,928.1320185524196,939.2941136888096,942.0705253852134,11.162095136390008,2.7764116964037844,13.938506832793792,1
853,928.3316937418938,941.6261489434359,946.4369448364605,13.294455201542064,4.810795893024673,18.10525109456671,2
854,930.1090703839507,942.0705253852134,943.2244299563037,11.96145500126272,1.153904571090279,13.115359572352986,1
855,930.7529795331766,943.2244299563037,946.3314333910683,12.471450423127067,3.1070034347646645,15.578453857891759,1
856,932.5944916658084,946.3314333910683,948.1074038212789,13.736941725259953,1.775970430210578,15.51291215547053,1
857,933.396449795062,946.4369448364605,948.1934395684669,13.040495041398458,1.7564947320064261,14.796989773404903,2
858,935.238967217178,948.1074038212789,951.3518661409643,12.868436604100907,3.2444623196853093,16.112898923786247,1
859,936.5825189648834,948.1934395684669,949.7177209881155,11.610920603583509,1.5242814196485124,13.135202023232068,2
860,937.4835769060968,949.7177209881155,950.3960594007792,12.234144082018702,0.6783384126636964,12.912482494682422,2
861,938.9281614102476,950.3960594007792,952.708842774759,11.467897990531583,2.3127833739797143,13.780681364511338,2
862,938.9975497319681,951.3518661409643,955.7825903441873,12.35431640899617,4.430724203223004,16.785040612219177,1
863,939.0466478194064,952.708842774759,954.5610594789082,13.662194955352561,1.852216704149222,15.514411659501775,2
864,940.437904956675,954.5610594789082,955.117426369834,14.123154522233222,0.5563668909257666,14.679521413159023,2
865,941.2515507223734,955.117426369834,956.3584801405365,13.865875647460598,1.241053770702497,15.106929418163077,2
866,946.3080515913422,955.7825903441873,955.8126839403069,9.474538752845092,0.03009359611967792,9.50463234896472,1
867,947.5119746383015,955.8126839403069,955.9366584831689,8.30070930200543,0.12397454286204083,8.424683844867445,1
868,948.0840049388445,955.9366584831689,956.1315947106278,7.852653544324426,0.19493622745888803,8.04758977178335,1
869,948.5488037587786,956.1315947106278,959.3417489319797,7.582790951849233,3.2101542213519485,10.792945173201133,1
870,949.3364539450613,956.3584801405365,957.0975750567302,7.022026195475178,0.7390949161936967,7.761121111668899,2
871,950.8122285150072,957.0975750567302,957.2519054430143,6.285346541723015,0.15433038628411205,6.4396769280070885,2
872,952.7745261568627,957.2519054430143,961.0060160058621,4.477379286151518,3.7541105628477696,8.231489848999331,2
873,954.0581903228706,959.3417489319797,959.5385796758655,5.28355860910915,0.19683074388576177,5.480389352994962,1
874,954.481997367731,959.5385796758655,959.8896902776022,5.05658230813458,0.35111060173660896,5.40769290987123,1
875,955.1168378809687,959.8896902776022,960.0487316374292,4.772852396633539,0.15904135982706094,4.931893756460568,1
876,958.1599495984364,960.0487316374292,960.2080263321438,1.888782038992872,0.15929469471463137,2.0480767337074894,1
877,958.953132530268,960.2080263321438,960.5984259224102,1.2548938018758236,0.39039959026641363,1.6452933921422073,1
878,961.2489222783515,961.2489222783515,962.7305787633682,0.0,1.4816564850166556,1.4816564850166287,1
879,961.448338197424,961.448338197424,962.02653429363,0.0,0.5781960962059046,0.5781960962059429,2
880,961.9532377565681,962.02653429363,962.5576076275196,0.07329653706187855,0.5310733338895601,0.6043698709514729,2
881,963.1483886869792,963.1483886869792,963.3990864978368,0.0,0.25069781085765735,0.2506978108576732,1
882,966.139895715011,966.139895715011,968.6808347787628,0.0,2.5409390637517526,2.5409390637518072,1
883,967.7737019135712,967.7737019135712,968.721069793869,0.0,0.9473678802977996,0.9473678802977474,2
884,968.1569284620347,968.6808347787628,971.1470611583507,0.5239063167281302,2.466226379587892,2.9901326963159818,1
885,968.3639482251403,968.721069793869,969.868589306559,0.357121568728644,1.1475195126899977,1.5046410814186402,2
886,968.5926637885095,969.868589306559,971.3986773919828,1.275925518049462,1.5300880854238166,2.806013603473275,2
887,969.0994994109225,971.1470611583507,971.7111471312575,2.047561747428176,0.5640859729068486,2.611647720334986,1
888,969.1407183080001,971.3986773919828,974.9405205352726,2.257959083982655,3.541843143289868,5.799802227272494,2
889,970.5087909597752,971.7111471312575,972.6224329633866,1.202356171482279,0.9112858321290791,2.113642003611403,1
890,974.980588769336,974.980588769336,975.2092312756456,0.0,0.22864250630960456,0.2286425063095976,1
891,975.5212112354504,975.5212112354504,976.3440645574756,0.0,0.8228533220251188,0.8228533220251393,1
892,976.2662240892189,976.2662240892189,978.2605588570128,0.0,1.9943347677939012,1.99433476779393,2
893,976.98783323061,976.98783323061,977.0222223596548,0.0,0.03438912904479774,0.034389129044825495,1
894,977.7492419898342,977.7492419898342,978.6962510953822,0.0,0.9470091055479524,0.947009105547977,1
895,977.8689583461921,978.2605588570128,982.0066979893113,0.3916005108206946,3.7461391322985067,4.1377396431191755,2
896,978.0167162198849,978.6962510953822,981.178482469588,0.6795348754973247,2.4822313742057127,3.161766249703078,1
897,979.2317120074457,981.178482469588,981.3049003791671,1.94677046214224,0.12641790957910587,2.0731883717213577,1
898,981.4560763917353,981.4560763917353,981.9083893588462,0.0,0.45231296711081964,0.45231296711085633,1
899,984.573614841765,984.573614841765,987.7546537600047,0.0,3.1810389182396204,3.181038918239665,1
900,985.7073902837981,985.7073902837981,986.1150473743811,0.0,0.40765709058307575,0.40765709058302946,2
901,986.1630920070846,986.1630920070846,989.9970257171939,0.0,3.833933710109223,3.8339337101092497,2
902,986.4354644787912,987.7546537600047,989.6737425216604,1.3191892812134256,1.9190887616557852,3.238278042869183,1
903,986.9846004090755,989.6737425216604,991.0455124414871,2.689142112584932,1.371769919826626,4.060912032411579,1
904,987.1570150461413,989.9970257171939,992.2328398556095,2.840010671052596,2.235814138415682,5.0758248094682585,2
905,987.5281200917105,991.0455124414871,991.0564559136087,3.5173923497765145,0.010943472121681997,3.5283358218981675,1
906,992.9140016562137,992.9140016562137,994.1519061016163,0.0,1.2379044454026076,1.2379044454025916,1
907,995.7689930591226,995.7689930591226,997.3314975050719,0.0,1.562504445949197,1.56250444594923,1
908,995.8398090007199,995.8398090007199,996.0019329586626,0.0,0.16212395794263657,0.16212395794264012,2
909,996.4370262623593,996.4370262623593,998.0399766723582,0.0,1.602950409998939,1.6029504099989254,2
910,998.0021070060578,998.0021070060578,1001.7723608749851,0.0,3.770253868927274,3.770253868927284,1
911,998.1143816764996,998.1143816764996,1002.1317359845341,0.0,4.017354308034474,4.017354308034442,2
912,998.9341946866548,1001.7723608749851,1004.6733560851736,2.8381661883303195,2.9009952101885155,5.7391613985188314,1
913,999.6793678213272,1002.1317359845341,1003.776552258721,2.45236816320687,1.644816274186959,4.097184437393821,2
914,1001.2490159500782,1003.776552258721,1005.1466864421324,2.5275363086428797,1.370134183411337,3.8976704920542034,2
915,1001.9840933772625,1004.6733560851736,1004.8675260704588,2.689262707911098,0.19416998528510415,2.883432693196255,1
916,1003.3383089765607,1004.8675260704588,1005.1189695201392,1.529217093898069,0.2514434496804843,1.780660543578506,1
917,1005.3954419559047,1005.3954419559047,1008.2940956407748,0.0,2.898653684870008,2.8986536848700553,1
918,1006.1413713676853,1006.1413713676853,1010.4055692330721,0.0,4.264197865386796,4.264197865386791,2
919,1007.9778968756399,1008.2940956407748,1008.496888512196,0.31619876513491363,0.20279287142121669,0.5189916365561658,1
920,1008.8837318124519,1008.8837318124519,1011.307248741311,0.0,2.423516928859211,2.423516928859158,1
921,1010.4101116993854,1010.4101116993854,1013.1534425734895,0.0,2.743330874104072,2.7433308741041174,2
922,1010.8611358397526,1011.307248741311,1013.4770613334256,0.446112901558422,2.169812592114538,2.6159254936729894,1
923,1011.195687333915,1013.1534425734895,1014.7244756641261,1.957755239574567,1.5710330906365229,3.528788330211114,2
924,1013.5404230146794,1013.5404230146794,1015.8840142244796,0.0,2.34359120980028,2.343591209800252,1
925,1013.9666376710782,1014.7244756641261,1017.0836869239798,0.7578379930479286,2.3592112598536823,3.1170492529016656,2
926,1014.8370111670464,1015.8840142244796,1018.9747458227866,1.047003057433244,3.0907315983070474,4.137734655740246,1
927,1014.921082034491,1017.0836869239798,1017.8471279406156,2.1626048894888754,0.76344101663575,2.926045906124614,2
928,1015.693700152089,1017.8471279406156,1020.4277720521994,2.1534277885265283,2.5806441115838266,4.7340719001103935,2
929,1018.2147415546649,1018.9747458227866,1019.8309122995793,0.7600042681217474,0.8561664767925729,1.6161707449143705,1
930,1018.4151099010106,1019.8309122995793,1021.46742928922,1.415802398568644,1.6365169896407132,3.052319388209412,1
931,1020.7281503025198,1020.7281503025198,1022.2321841747194,0.0,1.5040338721995123,1.5040338721995568,2
932,1020.8920149649304,1021.46742928922,1026.5046600008368,0.5754143242896816,5.037230711616781,5.612645035906439,1
933,1021.4608352605724,1022.2321841747194,1025.5541204070644,0.7713489141469836,3.32193623234511,4.093285146492008,2
934,1022.0222531449333,1025.5541204070644,1028.6641853406486,3.5318672621310725,3.1100649335842387,6.641932195715299,2
935,1024.2458363083317,1026.5046600008368,1026.73624763287,2.258823692505075,0.2315876320330558,2.4904113245381723,1
936,1024.4531243164645,1026.73624763287,1026.9767036262735,2.2831233164054083,0.24045599340357487,2.5235793098090653,1
937,1031.3733082911615,1031.3733082911615,1034.7193895835792,0.0,3.346081292417644,3.3460812924176935,1
938,1035.8117920146208,1035.8117920146208,1037.9152973627286,0.0,2.103505348107868,2.103505348107774,1
939,1036.0693375477122,1036.0693375477122,1037.1640764964554,0.0,1.0947389487432972,1.0947389487432702,2
940,1036.4069191959466,1037.1640764964554,1043.2365546888925,0.7571573005088794,6.072478192437176,6.829635492945954,2
941,1038.807375045697,1038.807375045697,1039.4088721923258,0.0,0.6014971466288297,0.6014971466288443,1
942,1038.8969756810288,1039.4088721923258,1041.7649767395415,0.5118965112969818,2.3561045472157267,2.8680010585126183,1
943,1039.1471334716978,1041.7649767395415,1042.367297329611,2.617843267843682,0.6023205900694699,3.2201638579131213,1
944,1039.3343738663564,1042.367297329611,1042.7636418685088,3.0329234632545194,0.39634453889797905,3.429268002152412,1
945,1040.940571318596,1042.7636418685088,1043.8307615705512,1.8230705499126998,1.067119702042322,2.8901902519551186,1
946,1042.408541999603,1043.2365546888925,1048.1937610666303,0.8280126892896078,4.957206377737837,5.785219067027356,2
947,1042.8334340713363,1043.8307615705512,1045.2694547148315,0.9973274992148617,1.4386931442803628,2.4360206434951124,1
948,1043.7858347172178,1045.2694547148315,1045.4070298739628,1.4836199976136868,0.1375751591313233,1.6211951567449887,1
949,1044.2012618596932,1045.4070298739628,1049.905834471685,1.2057680142695517,4.498804597722322,5.704572611991807,1
950,1045.9927491732628,1048.1937610666303,1048.8723657994303,2.201011893367422,0.6786047327999556,2.87961662616749,2
951,1048.6030195571145,1048.8723657994303,1048.9397319096054,0.2693462423158053,0.0673661101750747,0.3367123524908493,2
952,1049.2849299048337,1049.2849299048337,1049.3644592307169,0.0,0.07952932588323779,0.07952932588318617,2
953,1050.9238185839781,1050.9238185839781,1053.5036826997891,0.0,2.5798641158110116,2.579864115811006,1
954,1050.9627754419846,1050.9627754419846,1051.809198813628,0.0,0.8464233716433258,0.8464233716433682,2
955,1052.509218428356,1052.509218428356,1052.922318713464,0.0,0.4131002851079967,0.4131002851079302,2
956,1052.8863455494263,1052.922318713464,1055.6460308592405,0.03597316403761397,2.7237121457764455,2.759685309814131,2
957,1053.1723479485668,1053.5036826997891,1057.1381102946168,0.3313347512223572,3.6344275948277143,3.9657623460500417,1
958,1053.1787039205617,1055.6460308592405,1058.002335591069,2.4673269386787524,2.3563047318283834,4.823631670507211,2
959,1053.4027844058537,1057.1381102946168,1063.7523951456517,3.7353258887631,6.614284851034879,10.349610739797981,1
960,1054.62012780634,1058.002335591069,1058.8706388880087,3.382207784728962,0.8683032969396994,4.250511081668719,2
961,1055.1157889505782,1058.8706388880087,1059.0237578550066,3.7548499374304356,0.15311896699790903,3.907968904428344,2
962,1055.1293005103446,1059.0237578550066,1060.5707437930355,3.894457344661987,1.5469859380289508,5.441443282690898,2
963,1055.3222358588255,1060.5707437930355,1061.428291980753,5.248507934210011,0.8575481877177004,6.106056121927622,2
964,1057.739761853584,1061.428291980753,1063.042446303279,3.688530127169088,1.614154322525776,5.30268444969488,2
965,1057.8336168540231,1063.042446303279,1065.003144631195,5.208829449255745,1.9606983279162469,7.169527777171879,2
966,1059.6591037507587,1063.7523951456517,1068.6196188722788,4.093291394892958,4.867223726627115,8.960515121520075,1
967,1060.1176308266029,1065.003144631195,1065.4545710621824,4.885513804592165,0.4514264309872381,5.336940235579505,2
968,1060.7031438044899,1065.4545710621824,1066.1915121163925,4.751427257692512,0.7369410542100854,5.4883683119026045,2
969,1060.9768497542148,1066.1915121163925,1072.8335010129656,5.214662362177705,6.641988896573209,11.856651258750844,2
970,1061.388247129455,1068.6196188722788,1070.825983459793,7.23137174282374,2.2063645875140825,9.437736330337884,1
971,1061.7600430708346,1070.825983459793,1070.958854356443,9.065940388958325,0.13287089665004112,9.198811285608372,1
972,1061.8653263349108,1070.958854356443,1074.733919699168,9.093528021532165,3.775065342724912,12.868593364257094,1
973,1063.8770821768503,1072.8335010129656,1074.5353349953702,8.95641883611529,1.7018339824047644,10.65825281851994,2
974,1065.6414422804337,1074.5353349953702,1077.5312546468183,8.893892714936555,2.9959196514479847,11.889812366384604,2
975,1066.215963501719,1074.733919699168,1077.47814760042,8.517956197448939,2.744227901252029,11.262184098701027,1
976,1066.870220792712,1077.47814760042,1077.8641773502952,10.607926807708054,0.38602974987510136,10.99395655758326,1
977,1066.9033886948175,1077.5312546468183,1082.9156959681807,10.627865952000775,5.3844413213623366,16.01230727336315,2
978,1067.2328001202773,1077.8641773502952,1079.3915689963578,10.63137723001796,1.5273916460626353,12.158768876080558,1
979,1067.6114880665011,1079.3915689963578,1079.4508462693882,11.780080929856695,0.05927727303039596,11.83935820288707,1
980,1067.6996329425572,1079.4508462693882,1079.5772449904068,11.75121332683102,0.12639872101872027,11.877612047849652,1
981,1068.2394201413633,1079.5772449904068,1080.4719547292063,11.3378248490435,0.8947097387996206,12.23253458784302,1
982,1070.7850342805345,1080.4719547292063,1085.9050830307758,9.686920448671799,5.43312830156936,15.120048750241267,1
983,1072.0576875888958,1082.9156959681807,1083.430626945071,10.858008379284911,0.5149309768904369,11.372939356175266,2
984,1072.1549484899658,1083.430626945071,1086.9457417909043,11.275678455105208,3.515114845833239,14.790793300938503,2
985,1073.3652909078794,1085.9050830307758,1087.5304025579326,12.539792122896415,1.62531952715686,14.165111650053177,1
986,1074.1661517456505,1086.9457417909043,1087.2638235426473,12.779590045253826,0.31808175174290587,13.097671796996792,2
987,1074.4259878181686,1087.2638235426473,1089.416887183439,12.837835724478737,2.1530636407917694,14.99089936527048,2
988,1074.795585311404,1087.5304025579326,1092.9877274746234,12.734817246528564,5.457324916690809,18.192142163219387,1
989,1075.361810552915,1089.416887183439,1089.728008987472,14.055076630524127,0.3111218040330347,14.366198434557191,2
990,1076.3717561002616,1089.728008987472,1089.7716130713152,13.35625288721053,0.043604083842982214,13.399856971053623,2
991,1079.0761449159863,1089.7716130713152,1090.549603757964,10.695468155328854,0.7779906866487144,11.473458841977617,2
992,1081.8987043122195,1090.549603757964,1091.3729329928904,8.650899445744471,0.8233292349264238,9.474228680670876,2
993,1082.8970345747289,1091.3729329928904,1092.418160414087,8.475898418161478,1.045227421196656,9.521125839358092,2
994,1083.5232016605978,1092.418160414087,1093.2482349204859,8.894958753489163,0.8300745063988043,9.72503325988805,2
995,1083.5559539270635,1092.9877274746234,1093.0248314411817,9.431773547559942,0.03710396655840884,9.468877514118276,1
996,1083.6077271042761,1093.0248314411817,1093.4146875102986,9.417104336905595,0.3898560691169022,9.806960406022426,1
997,1087.239545449353,1093.2482349204859,1093.55921451698,6.008689471132811,0.31097959649417356,6.319669067627046,2
998,1090.0541274982704,1093.4146875102986,1094.7454450251562,3.360560012028145,1.3307575148577304,4.6913175268857685,1
999,1091.4787630783285,1093.55921451698,1094.5141928340977,2.0804514386516075,0.9549783171175252,3.0354297557692007,2
1000,1091.7585730468068,1094.5141928340977,1094.5666027435611,2.755619787290925,0.05240990946348478,2.8080296967543745,2
1001,1093.0708606839735,1094.5666027435611,1097.3259908689622,1.4957420595876556,2.7593881254010726,4.2551301849887295,2
1002,1095.2232886736258,1095.2232886736258,1101.7436510717866,0.0,6.520362398160828,6.520362398160842,1
1003,1095.7981320098618,1097.3259908689622,1098.7863200437678,1.5278588591004336,1.4603291748055358,2.988188033905999,2
1004,1097.2982380394474,1098.7863200437678,1104.3310309603974,1.488082004320404,5.544710916629636,7.032792920949987,2
1005,1097.7556168585597,1101.7436510717866,1105.1887332192914,3.9880342132269107,3.445082147504728,7.433116360731674,1
1006,1098.0413327243864,1104.3310309603974,1106.6028320974665,6.289698236010963,2.271801137069214,8.561499373080096,2
1007,1100.2681204785488,1105.1887332192914,1106.9019387517649,4.920612740742627,1.7132055324734625,6.633818273216093,1
1008,1103.391853577188,1106.6028320974665,1106.8021705992837,3.210978520278559,0.19933850181722046,3.4103170220957963,2
1009,1103.4389822447006,1106.8021705992837,1107.0867581647915,3.3631883545831442,0.28458756550779085,3.6477759200909077,2
1010,1103.8397009614976,1106.9019387517649,1108.042955716961,3.062237790267318,1.1410169651959456,4.203254755463377,1
1011,1104.0891253606894,1107.0867581647915,1107.2671197643485,2.997632804102068,0.1803615995569597,3.1779944036591132,2
1012,1105.6154100316235,1107.2671197643485,1107.9827408871781,1.6517097327250667,0.7156211228295758,2.3673308555546555,2
1013,1106.7958753252667,1107.9827408871781,1110.647628204589,1.186865561911418,2.6648873174108676,3.851752879322248,2
1014,1107.3381625461232,1108.042955716961,1111.035896140341,0.7047931708377746,2.992940423380079,3.6977335942178797,1
1015,1108.5112452188664,1110.647628204589,1114.5130251600874,2.1363829857225483,3.865396955498454,6.0017799412210024,2
1016,1108.8401074533658,1111.035896140341,1112.3552683244452,2.19578868697522,1.3193721841042363,3.515160871079388,1
1017,1109.6372051202445,1112.3552683244452,1112.9789541216412,2.718063204200689,0.6236857971960963,3.3417490013966926,1
1018,1109.8757832062468,1112.9789541216412,1114.146700248904,3.1031709153944576,1.1677461272626555,4.2709170426571745,1
1019,1111.123265942434,1114.146700248904,1119.308141574831,3.0234343064698805,5.161441325927249,8.184875632397052,1
1020,1111.5869228058114,1114.5130251600874,1117.1452982436401,2.926102354276054,2.632273083552696,5.558375437828772,2
1021,1112.4753912774513,1117.1452982436401,1117.834020571823,4.669906966188819,0.6887223281828093,5.358629294371667,2
1022,1113.0672524517415,1117.834020571823,1120.2405190432362,4.766768120081451,2.4064984714131485,7.1732665914946665,2
1023,1114.4005459942668,1119.308141574831,1120.540840340764,4.907595580564248,1.2326987659328206,6.140294346497058,1
1024,1114.80149501554,1120.2405190432362,1120.7180311377524,5.439024027696178,0.47751209451624654,5.916536122212392,2
1025,1114.9409105540076,1120.540840340764,1121.795412610258,5.59992978675632,1.2545722694940713,6.85450205625034,1
1026,1116.4024598648655,1120.7180311377524,1123.093123372277,4.3155712728869275,2.3750922345246366,6.6906635074115,2
1027,1116.6408344950803,1121.795412610258,1123.5041518389194,5.154578115177628,1.7087392286615246,6.863317343839071,1
1028,1117.9948676333845,1123.093123372277,1124.8654323918688,5.098255738892476,1.772309019591908,6.870564758484306,2
1029,1118.5849929774588,1123.5041518389194,1131.2380493333653,4.9191588614605735,7.73389749444602,12.653056355906529,1
1030,1120.0493400097741,1124.8654323918688,1125.7722222510163,4.816092382094666,0.9067898591474243,5.722882241242132,2
1031,1120.6125525496284,1125.7722222510163,1126.2984883065728,5.159669701387884,0.5262660555566072,5.6859357569444455,2
1032,1123.715880940601,1126.2984883065728,1126.7250352407352,2.582607365971853,0.42654693416246325,3.0091543001342416,2
1033,1125.9043902382207,1126.7250352407352,1128.0281848928444,0.8206450025145386,1.3031496521091042,2.12379465462368,2
1034,1127.8253819217791,1128.0281848928444,1128.290202633999,0.20280297106523903,0.2620177411545463,0.46482071221976184,2
1035,1127.8796678977442,1128.290202633999,1129.8449491319077,0.4105347362547036,1.554746497908812,1.9652812341635126,2
1036,1128.7425053525344,1129.8449491319077,1130.959551791091,1.1024437793732886,1.1146026591832023,2.2170464385565083,2
1037,1130.2667094193166,1130.959551791091,1132.2156109661275,0.6928423717743044,1.256059175036688,1.94890154681093,2
1038,1130.4956875216421,1131.2380493333653,1133.2556918979008,0.7423618117231854,2.0176425645354286,2.760004376258621,1
1039,1132.0696793257785,1132.2156109661275,1132.399127472663,0.14593164034909023,0.18351650653530502,0.32944814688448787,2
1040,1132.5345331844624,1132.5345331844624,1136.1382601848254,0.0,3.6037270003631203,3.603727000363051,2
1041,1134.1835775169284,1134.1835775169284,1134.9281708703106,0.0,0.7445933533821367,0.7445933533822426,1
1042,1136.1664733883943,1136.1664733883943,1138.0870662573839,0.0,1.9205928689897196,1.9205928689896155,1
1043,1136.7769345863007,1136.7769345863007,1139.3038665945767,0.0,2.5269320082760025,2.526932008275935,2
1044,1141.1183077411476,1141.1183077411476,1141.7586184280053,0.0,0.6403106868575723,0.6403106868576742,1
1045,1141.1636596882677,1141.1636596882677,1142.1224796149554,0.0,0.958819926687665,0.9588199266877382,2
1046,1147.4967544176407,1147.4967544176407,1148.267156356139,0.0,0.7704019384983182,0.770401938498253,1
1047,1147.5672308237843,1147.5672308237843,1147.6086978139915,0.0,0.04146699020721949,0.04146699020725464,2
1048,1148.0482584006254,1148.0482584006254,1148.0806011359448,0.0,0.032342735319413375,0.03234273531938925,2
1049,1148.3490246825784,1148.3490246825784,1152.4024941084967,0.0,4.053469425918464,4.053469425918365,1
1050,1149.2670278355429,1149.2670278355429,1151.1554172773158,0.0,1.8883894417730074,1.8883894417729152,2
1051,1149.2905119473735,1151.1554172773158,1152.5915300025092,1.864905329942303,1.4361127251933543,3.301018055135728,2
1052,1149.8652344879235,1152.4024941084967,1152.4105667958781,2.537259620573195,0.008072687381461654,2.5453323079545953,1
1053,1150.7943928754228,1152.4105667958781,1154.6075730099249,1.616173920455367,2.1970062140468176,3.8131801345020904,1
1054,1152.5807075749553,1152.5915300025092,1155.2088022529495,0.010822427553875968,2.617272250440157,2.6280946779941132,2
1055,1152.897946106333,1154.6075730099249,1155.2327080606403,1.709626903591925,0.6251350507154426,2.334761954307396,1
1056,1153.3093141601332,1155.2088022529495,1156.7577539788547,1.8994880928162274,1.5489517259052652,3.4484398187214538,2
1057,1153.5906543415515,1155.2327080606403,1157.3100994816346,1.6420537190888354,2.0773914209941204,3.719445140083053,1
1058,1153.8498791411803,1156.7577539788547,1158.6699009681045,2.907874837674399,1.9121469892498146,4.820021826924176,2
1059,1158.050511889264,1158.050511889264,1158.5218074802451,0.0,0.47129559098111673,0.47129559098107165,1
1060,1159.930539787179,1159.930539787179,1160.223605258603,0.0,0.29306547142387734,0.29306547142391537,1
1061,1160.594749701952,1160.594749701952,1165.9756280485096,0.0,5.38087834655764,5.380878346557665,1
1062,1160.7148127980158,1160.7148127980158,1164.4510154994084,0.0,3.7362027013926635,3.7362027013925854,2
1063,1161.4074743563228,1164.4510154994084,1165.8634840457898,3.0435411430855766,1.4124685463813658,4.45600968946701,2
1064,1161.74962332218,1165.8634840457898,1167.355302422241,4.113860723609832,1.4918183764511432,5.605679100061025,2
1065,1162.0937610352216,1165.9756280485096,1169.8129518611593,3.8818670132880015,3.837323812649654,7.7191908259376305,1
1066,1163.455693066627,1167.355302422241,1171.5758663189565,3.899609355614075,4.220563896715571,8.12017325232955,2
1067,1163.683320642735,1169.8129518611593,1172.8953356947468,6.129631218424265,3.082383833587556,9.212015052011793,1
1068,1163.9608228650402,1171.5758663189565,1172.6080288372204,7.615043453916314,1.0321625182638205,8.647205972180245,2
1069,1168.0579387969144,1172.6080288372204,1172.6644397167072,4.550090040306031,0.05641087948674802,4.606500919792779,2
1070,1173.4966315383058,1173.4966315383058,1175.9475796631361,0.0,2.4509481248302887,2.4509481248303473,1
1071,1173.9882052155654,1173.9882052155654,1181.149004015055,0.0,7.160798799489564,7.160798799489612,2
1072,1174.4248155322941,1175.9475796631361,1176.1354641295843,1.5227641308420061,0.1878844664481515,1.7106485972901737,1
1073,1176.3612671097153,1176.3612671097153,1176.756200890345,0.0,0.39493378062976736,0.394933780629799,1
1074,1177.1532378938318,1177.1532378938318,1181.7819175002621,0.0,4.628679606430349,4.628679606430296,1
1075,1178.8063287279422,1181.149004015055,1184.0174195843397,2.3426752871127974,2.868415569284782,5.2110908563975045,2
1076,1180.0535799665136,1181.7819175002621,1183.0267681094467,1.7283375337485722,1.2448506091845146,2.973188142933168,1
1077,1181.3919827872744,1183.0267681094467,1185.5498282532922,1.6347853221723199,2.5230601438454094,4.157845466017761,1
1078,1181.5648000525482,1184.0174195843397,1187.721087814991,2.45261953179147,3.703668230651354,6.156287762442844,2
1079,1181.5918352099914,1185.5498282532922,1186.4611171667514,3.957993043300803,0.9112889134591148,4.869281956760005,1
1080,1182.705703800983,1186.4611171667514,1191.670180135386,3.7554133657683906,5.209062968634726,8.964476334403116,1
1081,1182.8742927860592,1187.721087814991,1188.151149086424,4.846795028931865,0.43006127143301753,5.276856300364898,2
1082,1183.7194919979474,1188.151149086424,1188.5138370359757,4.431657088476641,0.3626879495516928,4.794345038028268,2
1083,1183.932748538963,1188.5138370359757,1190.4063474841782,4.581088497012615,1.8925104482024158,6.473598945215144,2
1084,1186.0894287378594,1190.4063474841782,1192.3747624377481,4.316918746318834,1.9684149535699373,6.285333699888724,2
1085,1188.0116437659015,1191.670180135386,1192.37592877914,3.6585363694846365,0.7057486437539207,4.3642850132384865,1
1086,1189.1221610492896,1192.3747624377481,1192.7875616638792,3.2526013884585154,0.4127992261309492,3.6654006145895437,2
1087,1189.9839205078613,1192.37592877914,1194.096828711347,2.3920082712786552,1.7208999322069927,4.112908203485631,1
1088,1190.7483909459797,1192.7875616638792,1193.9432855302925,2.039170717899424,1.1557238664133251,3.194894584312806,2
1089,1190.7669036415214,1193.9432855302925,1195.8814113137523,3.176381888771175,1.9381257834598236,5.114507672230957,2
1090,1192.9715343617743,1194.096828711347,1195.797014498713,1.1252943495726413,1.7001857873660706,2.8254801369387224,1
1091,1194.635504896072,1195.797014498713,1196.0894438772068,1.1615096026409901,0.29242937849379586,1.4539389811347974,1
1092,1195.4933246752933,1195.8814113137523,1199.8698489570775,0.38808663845907176,3.988437643325181,4.376524281784214,2
1093,1196.4357419535766,1196.4357419535766,1198.11737740502,0.0,1.6816354514435634,1.681635451443526,1
1094,1196.9124781095961,1198.11737740502,1201.2243128013122,1.2048992954239566,3.106935396292066,4.311834691716058,1
1095,1197.544039020977,1199.8698489570775,1208.4033961962296,2.3258099361005407,8.533547239152036,10.859357175252626,2
1096,1197.6794745263608,1201.2243128013122,1203.2523488411819,3.5448382749514167,2.0280360398695776,5.572874314821092,1
1097,1202.5594401897256,1203.2523488411819,1206.5981198919665,0.6929086514562641,3.345771050784508,4.03867970224087,1
1098,1203.3947630457074,1206.5981198919665,1206.7453585283145,3.203356846259112,0.1472386363480693,3.3505954826071047,1
1099,1206.002182709596,1206.7453585283145,1210.0615328890228,0.7431758187185551,3.3161743607084717,4.059350179426929,1
1100,1206.942091271625,1208.4033961962296,1209.0363124299574,1.4613049246045193,0.6329162337279055,2.0942211583324024,2
1101,1207.2959623683337,1209.0363124299574,1209.0951527064767,1.740350061623758,0.05884027651926185,1.7991903381430348,2
1102,1209.2734717222497,1209.2734717222497,1212.1439114483433,0.0,2.8704397260935703,2.8704397260935366,2
1103,1209.3065162563048,1210.0615328890228,1210.428811378715,0.755016632718025,0.36727848969217974,1.1222951224101507,1
1104,1209.8743756647837,1210.428811378715,1211.7608624126915,0.5544357139312979,1.3320510339764362,1.8864867479078384,1
1105,1210.0597191110976,1211.7608624126915,1212.504054466231,1.701143301593902,0.7431920535395419,2.4443353551334894,1
1106,1210.6228361518151,1212.1439114483433,1212.227192566334,1.5210752965281245,0.08328111799067191,1.6043564145188611,2
1107,1211.3600440804064,1212.227192566334,1218.4769307764345,0.8671484859276006,6.249738210100458,7.116886696028132,2
1108,1211.7072913678517,1212.504054466231,1214.2604983473502,0.7967630983794152,1.7564438811191074,2.5532069794985546,1
1109,1212.9296973049816,1214.2604983473502,1216.355920706453,1.3308010423686483,2.095422359102822,3.4262234014713613,1
1110,1212.9537568913115,1216.355920706453,1218.1892476374167,3.402163815141421,1.8333269309637086,5.2354907461051425,1
1111,1214.541097651862,1218.1892476374167,1223.2235015779013,3.64814998555471,5.0342539404846685,8.682403926039342,1
1112,1216.3397711323105,1218.4769307764345,1220.674766977943,2.13715964412404,2.1978362015084243,4.33499584563242,2
1113,1216.6317527127192,1220.674766977943,1221.3357323454547,4.043014265223746,0.6609653675117936,4.703979632735582,2
1114,1218.474999411468,1221.3357323454547,1222.1009006216423,2.86073293398681,0.7651682761875419,3.6259012101743338,2
1115,1220.2767608285606,1222.1009006216423,1227.6682469980528,1.824139793081713,5.5673463764104785,7.391486169492282,2
1116,1220.6795605962109,1223.2235015779013,1227.9922861455848,2.5439409816904117,4.76878456768358,7.3127255493739085,1
1117,1221.3866757932747,1227.6682469980528,1228.439032903,6.281571204778174,0.7707859049471381,7.052357109725335,2
1118,1223.719743276683,1227.9922861455848,1229.3452817595587,4.272542868901837,1.3529956139738413,5.625538482875754,1
1119,1224.4539707314143,1228.439032903,1228.993127431732,3.985062171585696,0.5540945287321604,4.53915670031779,2
1120,1226.4607495285932,1228.993127431732,1229.48267937669,2.532377903138922,0.4895519449577688,3.021929848096761,2
1121,1231.6065772193306,1231.6065772193306,1233.2851897485145,0.0,1.6786125291839173,1.6786125291839653,1
1122,1233.0326972265784,1233.0326972265784,1233.784669143329,0.0,0.7519719167506218,0.7519719167505627,2
1123,1233.6919137292896,1233.6919137292896,1234.1658610000034,0.0,0.4739472707137802,0.4739472707137793,1
1124,1236.266496579918,1236.266496579918,1236.8344902053082,0.0,0.5679936253901151,0.567993625390045,1
1125,1237.0498051917975,1237.0498051917975,1238.732928663958,0.0,1.683123472160453,1.6831234721605597,1
1126,1237.2520506813405,1237.2520506813405,1237.9127007070397,0.0,0.6606500256992146,0.6606500256991694,2
1127,1240.330664904137,1240.330664904137,1241.9895604113672,0.0,1.6588955072302185,1.658895507230227,1
1128,1241.0398571320638,1241.0398571320638,1241.7344232589821,0.0,0.6945661269182004,0.6945661269182892,2
1129,1241.2980376756516,1241.7344232589821,1242.0195595482871,0.4363855833305479,0.28513628930503215,0.7215218726355488,2
1130,1241.6887704754486,1241.9895604113672,1242.387820915691,0.30078993591860126,0.39826050432389304,0.6990504402424449,1
1131,1241.8255041639513,1242.0195595482871,1242.739736998534,0.1940553843357975,0.7201774502468197,0.9142328345826627,2
1132,1242.363024314071,1242.387820915691,1242.4642284188824,0.02479660161998254,0.07640750319138762,0.10120410481135877,1
1133,1243.2647998550706,1243.2647998550706,1244.6615729859539,0.0,1.396773130883362,1.3967731308832754,1
1134,1245.0509188041424,1245.0509188041424,1246.4425795882391,0.0,1.3916607840966988,1.3916607840967572,1
1135,1247.3096392770642,1247.3096392770642,1247.7570897705612,0.0,0.44745049349690147,0.44745049349694455,1
1136,1247.8345724675146,1247.8345724675146,1252.5701319714997,0.0,4.735559503985019,4.735559503985087,1
1137,1250.6585847937492,1250.6585847937492,1251.233500016487,0.0,0.5749152227376031,0.5749152227376726,2
1138,1250.981618809882,1251.233500016487,1253.2791537115036,0.2518812066048213,2.0456536950167377,2.297534901621475,2
1139,1254.5572334840833,1254.5572334840833,1255.7631492124005,0.0,1.2059157283172732,1.2059157283172226,1
1140,1254.8454949108693,1254.8454949108693,1256.7180363631192,0.0,1.8725414522497346,1.872541452249834,2
1141,1257.0128990059616,1257.0128990059616,1261.9929867169867,0.0,4.980087711025108,4.980087711025135,1
1142,1259.2774909763305,1259.2774909763305,1263.6372491580523,0.0,4.35975818172189,4.3597581817218725,2
1143,1259.4379814016845,1261.9929867169867,1263.0117834906187,2.5550053153021963,1.0187967736318397,3.573802088934144,1
1144,1260.0758500885177,1263.0117834906187,1263.3367242888667,2.935933402101,0.32494079824790945,3.260874200349008,1
1145,1261.5375957612946,1263.3367242888667,1263.9526178508438,1.7991285275720657,0.6158935619771096,2.415022089549211,1
1146,1261.9396913769694,1263.6372491580523,1268.5725471543183,1.6975577810828781,4.935297996265854,6.632855777348823,2
1147,1262.0985401116336,1263.9526178508438,1270.0821962699702,1.8540777392101973,6.129578419126299,7.983656158336544,1
1148,1264.3509420836076,1268.5725471543183,1272.5733650641055,4.221605070710666,4.0008179097873136,8.222422980497868,2
1149,1264.4943679425785,1270.0821962699702,1270.4134735920547,5.587828327391662,0.33127732208459987,5.919105649476251,1
1150,1265.7565374805831,1270.4134735920547,1274.982523411763,4.656936111471623,4.569049819708122,9.225985931179821,1
1151,1266.4027422968427,1272.5733650641055,1276.195558934144,6.170622767262785,3.622193870038391,9.792816637301257,2
1152,1269.3659754339583,1274.982523411763,1280.7124846274548,5.616547977804657,5.729961215691976,11.346509193496559,1
1153,1269.49636438759,1276.195558934144,1277.080214532132,6.699194546554054,0.8846555979881061,7.583850144542112,2
1154,1269.6598581143166,1277.080214532132,1278.7290808554353,7.420356417815356,1.6488663233033554,9.069222741118665,2
1155,1269.8317341636252,1278.7290808554353,1278.9168784493377,8.897346691810071,0.18779759390243808,9.085144285712431,2
1156,1270.5192065281963,1278.9168784493377,1280.2419119785316,8.39767192114141,1.3250335291939412,9.722705450335297,2
1157,1270.8606965524132,1280.2419119785316,1286.1731962973531,9.381215426118388,5.931284318821542,15.312499744939942,2
1158,1271.3389870510778,1280.7124846274548,1281.0837399690781,9.373497576377076,0.37125534162337936,9.744752918000358,1
1159,1272.838189291652,1281.0837399690781,1282.545056286748,8.245550677426081,1.461316317669834,9.70686699509588,1
1160,1274.0096608206902,1282.545056286748,1284.4096063957877,8.535395466057707,1.8645501090397636,10.39994557509749,1
1161,1275.9915805600317,1284.4096063957877,1286.2374421605161,8.418025835755998,1.8278357647284338,10.245861600484432,1
1162,1276.0815279800404,1286.1731962973531,1290.2437056717122,10.091668317312724,4.070509374359086,14.162177691671786,2
1163,1276.3507004592554,1286.2374421605161,1287.547943910932,9.88674170126069,1.3105017504157574,11.197243451676513,1
1164,1276.8534237541992,1287.547943910932,1288.953129957265,10.694520156732779,1.4051860463330554,12.099706203065807,1
1165,1277.4747082101278,1288.953129957265,1289.8827026684176,11.47842174713719,0.9295727111526675,12.40799445828975,1
1166,1278.5534839778156,1289.8827026684176,1291.1595438957643,11.32921869060192,1.2768412273467182,12.606059917948642,1
1167,1278.8871774941952,1290.2437056717122,1291.4376424143213,11.35652817751702,1.1939367426091474,12.55046492012616,2
1168,1283.1397988206918,1291.1595438957643,1294.0586738300826,8.019745075072478,2.8991299343183767,10.918875009390831,1
1169,1284.250551265316,1291.4376424143213,1296.1636999316956,7.187091149005255,4.726057517374293,11.913148666379584,2
1170,1288.243086220469,1294.0586738300826,1294.3004127950776,5.815587609613658,0.24173896499496011,6.057326574608624,1
1171,1288.3031928937903,1294.3004127950776,1298.79639311248,5.997219901287281,4.495980317402401,10.493200218689708,1
1172,1289.0299147242267,1296.1636999316956,1300.2079698449813,7.133785207468918,4.044269913285767,11.178055120754607,2
1173,1292.5915906916139,1298.79639311248,1302.1233056714573,6.2048024208661445,3.3269125589773076,9.5317149798434,1
1174,1292.684077338204,1300.2079698449813,1302.3091222448759,7.523892506777429,2.1011523998946213,9.625044906671974,2
1175,1293.1773730620846,1302.1233056714573,1305.2233230693876,8.945932609372676,3.100017397930212,12.045950007302963,1
1176,1296.5297064878966,1302.3091222448759,1305.5873840989934,5.779415756979233,3.2782618541176385,9.057677611096778,2
1177,1297.854508825294,1305.2233230693876,1306.4791301619387,7.368814244093528,1.2558070925509908,8.624621336644623,1
1178,1298.2893859512283,1305.5873840989934,1306.0063139383585,7.297998147765156,0.41892983936515704,7.716927987130248,2
1179,1298.5145507469692,1306.0063139383585,1306.4800701338272,7.491763191389282,0.47375619546877173,7.965519386857977,2
1180,1299.6039168719922,1306.4791301619387,1306.9172167277775,6.875213289946487,0.43808656583883937,7.313299855785317,1
1181,1300.1572302760637,1306.4800701338272,1307.6504010998033,6.3228398577634835,1.1703309659760353,7.493170823739547,2
1182,1300.3280381889383,1306.9172167277775,1309.5730312374476,6.589178538839178,2.655814509670008,9.244993048509286,1
1183,1300.4544644804357,1307.6504010998033,1307.691915015445,7.195936619367558,0.041513915641651716,7.237450535009202,2
1184,1300.6313989795804,1307.691915015445,1314.1743381882432,7.060516035864566,6.482423172798246,13.542939208662801,2
1185,1302.5975042576385,1309.5730312374476,1311.6976092586506,6.975526979809047,2.1245780212030323,9.100105001012025,1
1186,1303.3810178801798,1311.6976092586506,1312.1833605629688,8.316591378470775,0.4857513043183077,8.802342682789003,1
1187,1304.3246673207946,1312.1833605629688,1315.1596789878913,7.85869324217424,2.9763184249226184,10.835011667096751,1
1188,1304.6556948436726,1314.1743381882432,1315.762844312887,9.518643344570592,1.5885061246438548,11.107149469214392,2
1189,1304.7094992572015,1315.1596789878913,1319.9919866687294,10.450179730689797,4.832307680837998,15.282487411527882,1
1190,1306.1566538308514,1315.762844312887,1315.770904744148,9.606190482035572,0.00806043126104015,9.6142509132967,2
1191,1306.4328388171493,1315.770904744148,1318.317970063268,9.338065926998752,2.5470653191197417,11.88513124611859,2
1192,1307.1754964011761,1318.317970063268,1318.7643986910143,11.142473662091788,0.4464286277464508,11.588902289838188,2
1193,1308.1468364536527,1318.7643986910143,1319.3412421393791,10.617562237361653,0.5768434483648056,11.194405685726451,2
1194,1310.2295269525266,1319.3412421393791,1321.6658722412826,9.111715186852507,2.324630101903594,11.436345288756002,2
1195,1310.5886365609724,1319.9919866687294,1320.0819127455134,9.403350107756978,0.08992607678393325,9.493276184540946,1
1196,1310.8925055403822,1320.0819127455134,1320.9782491477777,9.189407205131147,0.8963364022642416,10.085743607395443,1
1197,1314.148681494216,1320.9782491477777,1324.539055668789,6.829567653561753,3.560806521011247,10.390374174573026,1
1198,1314.3285521014716,1321.6658722412826,1322.4436059548423,7.337320139811027,0.7777337135596255,8.115053853370682,2
1199,1314.4624990410912,1322.4436059548423,1323.4278663291186,7.981106913751091,0.9842603742764178,8.965367288027437,2
1200,1315.3243945078857,1323.4278663291186,1327.766337907388,8.103471821232915,4.338471578269494,12.441943399502406,2
1201,1316.266962442753,1324.539055668789,1327.7811416489706,8.27209322603585,3.242085980181681,11.514179206217477,1
1202,1317.1404368840551,1327.766337907388,1328.2096325184768,10.625901023332972,0.4432946110888084,11.069195634421703,2
1203,1317.1833735224616,1327.7811416489706,1330.4683342593612,10.597768126508981,2.68719261039071,13.28496073689962,1
1204,1318.092849708619,1328.2096325184768,1329.9732351481796,10.116782809857796,1.7636026297027916,11.880385439560541,2
1205,1318.8442857333182,1329.9732351481796,1330.4347320017025,11.128949414861381,0.46149685352296776,11.590446268384312,2
1206,1319.4632964687473,1330.4347320017025,1330.6221293716028,10.971435532955184,0.18739736990027647,11.158832902855465,2
1207,1320.348569665264,1330.4683342593612,1331.27806660151,10.119764594097205,0.8097323421488337,10.929496936246096,1
1208,1320.8115575080603,1330.6221293716028,1330.9112198959647,9.810571863542464,0.28909052436194793,10.099662387904345,2
1209,1320.8495225542445,1330.9112198959647,1331.515176560783,10.061697341720219,0.6039566648182476,10.665654006538489,2
1210,1322.373006244978,1331.27806660151,1332.7323832758166,8.905060356532204,1.4543166743063765,10.359377030838687,1
1211,1323.0634750163797,1331.515176560783,1332.7162625168553,8.45170154440325,1.2010859560722378,9.652787500475597,2
1212,1324.164489779652,1332.7162625168553,1337.9854846620487,8.551772737203237,5.269222145193537,13.82099488239669,2
1213,1324.1823292652323,1332.7323832758166,1335.3934267192553,8.55005401058429,2.6610434434386674,11.211097454023047,1
1214,1325.4085490335228,1335.3934267192553,1338.0310348848495,9.9848776857325,2.637608165594117,12.6224858513267,1
1215,1325.613252810212,1337.9854846620487,1339.3232441117027,12.37223185183666,1.337759449653892,13.709991301490618,2
1216,1326.8130078916263,1338.0310348848495,1342.561720709744,11.218026993223248,4.530685824894268,15.74871281811761,1
1217,1327.2503422070813,1339.3232441117027,1341.7373858610883,12.072901904621403,2.4141417493856085,14.487043654007039,2
1218,1327.5348018129746,1341.7373858610883,1341.9373256049437,14.20258404811375,0.1999397438553479,14.402523791969088,2
1219,1327.8853096525766,1341.9373256049437,1346.4252747863056,14.052015952367128,4.487949181362003,18.539965133729083,2
1220,1330.7396536959795,1342.561720709744,1343.2022594600296,11.822067013764354,0.6405387502857633,12.462605764050068,1
1221,1334.408900240183,1343.2022594600296,1343.9624779173964,8.793359219846707,0.7602184573668515,9.553577677213525,1
1222,1336.3317125779854,1343.9624779173964,1345.3021478809287,7.6307653394110275,1.3396699635323122,8.970435302943315,1
1223,1336.4353463830769,1345.3021478809287,1346.1266138690214,8.866801497851839,0.8244659880926318,9.691267485944536,1
1224,1339.5290621525496,1346.1266138690214,1347.424324441999,6.5975517164717985,1.2977105729776273,7.89526228944942,1
1225,1342.4356535833579,1346.4252747863056,1352.2697700372134,3.989621202947774,5.844495250907826,9.834116453855586,2
1226,1344.1708658802613,1347.424324441999,1349.0333265126487,3.253458561737716,1.609002070649805,4.86246063238741,1
1227,1346.4776005940837,1349.0333265126487,1351.1946478054904,2.555725918565031,2.1613212928415733,4.71704721140668,1
1228,1347.4228157943255,1351.1946478054904,1353.114890601843,3.771832011164861,1.920242796352608,5.692074807517429,1
1229,1348.9790115416988,1352.2697700372134,1353.5602778332316,3.2907584955146376,1.290507796018204,4.581266291532756,2
1230,1351.4082454649465,1353.114890601843,1353.1696545536197,1.7066451368964408,0.054763951776741066,1.7614090886731901,1
1231,1351.4816322348563,1353.1696545536197,1365.0960813845627,1.6880223187633874,11.926426830943111,13.614449149706388,1
1232,1351.9137059777022,1353.5602778332316,1354.1803479315754,1.6465718555293734,0.62007009834386,2.2666419538732043,2
1233,1352.1617186825974,1354.1803479315754,1356.1217658659223,2.018629248977959,1.9414179343468367,3.960047183324832,2
1234,1352.3388416296436,1356.1217658659223,1357.1620614236115,3.7829242362786317,1.0402955576891895,4.823219793967837,2
1235,1352.6560314167646,1357.1620614236115,1357.8998946077916,4.506030006846913,0.7378331841801147,5.243863191027003,2
1236,1354.4507760455892,1357.8998946077916,1358.1803660366018,3.4491185622023295,0.2804714288102536,3.729589991012517,2
1237,1354.7174734225391,1358.1803660366018,1362.8725745454772,3.462892614062639,4.692208508875498,8.15510112293805,2
1238,1355.2408912696496,1362.8725745454772,1363.1159966413509,7.631683275827527,0.24342209587365118,7.875105371701238,2
1239,1356.1113162023134,1363.1159966413509,1363.4260858534803,7.004680439037429,0.31008921212943236,7.314769651166898,2
1240,1356.9783697892328,1363.4260858534803,1364.7222805552033,6.4477160642475155,1.296194701722849,7.7439107659704405,2
1241,1357.4179676093381,1364.7222805552033,1365.945179825436,7.304312945865149,1.2228992702326937,8.52721221609795,2
1242,1360.0441469150478,1365.0960813845627,1366.820638327234,5.05193446951489,1.7245569426714522,6.77649141218626,1
1243,1362.1292945715832,1365.945179825436,1367.41875799247,3.8158852538529118,1.4735781670340438,5.289463420886932,2
1244,1363.0727390096083,1366.820638327234,1368.5654319671155,3.747899317625752,1.7447936398814845,5.492692957507188,1
1245,1365.173717579581,1367.41875799247,1371.0625578251663,2.2450404128890113,3.6437998326961303,5.888840245585243,2
1246,1365.2503309551173,1368.5654319671155,1368.6038016576804,3.3151010119981947,0.03836969056497444,3.3534707025630723,1
1247,1365.3975890929078,1368.6038016576804,1376.878121357542,3.2062125647726134,8.274319699861696,11.480532264634348,1
1248,1368.161302509023,1371.0625578251663,1375.2631139370988,2.901255316143306,4.200556111932377,7.1018114280757345,2
1249,1369.829286369272,1375.2631139370988,1377.7708047286471,5.433827567826711,2.5076907915483093,7.941518359375095,2
1250,1370.7935678116062,1376.878121357542,1378.8023798438433,6.084553545935933,1.924258486301229,8.008812032237074,1
1251,1371.3368939816414,1377.7708047286471,1379.1164865210449,6.4339107470057115,1.3456817923976518,7.779592539403438,2
1252,1371.81871067132,1378.8023798438433,1378.925472730768,6.98366917252315,0.1230928869247612,7.106762059447874,1
1253,1371.8199531043285,1378.925472730768,1379.5916446387355,7.105519626439445,0.6661719079675169,7.771691534406955,1
1254,1373.7115071501423,1379.1164865210449,1379.212186245348,5.404979370902538,0.0956997243030715,5.500679095205669,2
1255,1373.7618719568375,1379.212186245348,1379.3015711840726,5.450314288510526,0.08938493872470064,5.539699227235133,2
1256,1375.1227747108524,1379.3015711840726,1381.657428836014,4.178796473220245,2.3558576519414443,6.534654125161751,2
1257,1375.2761941079739,1379.5916446387355,1382.5629679197625,4.315450530761609,2.9713232810270935,7.286773811788635,1
1258,1375.5536194851995,1381.657428836014,1383.2647121787707,6.103809350814572,1.6072833427566038,7.711092693571118,2
1259,1376.2783819476924,1382.5629679197625,1384.4272043065675,6.28458597207009,1.8642363868049778,8.148822358875123,1
1260,1377.1146380964835,1383.2647121787707,1386.4803796736435,6.150074082287119,3.215667494872792,9.365741577159952,2
1261,1377.5450512342036,1384.4272043065675,1387.8518000845902,6.882153072363963,3.4245957780227134,10.306748850386612,1
1262,1378.2605658653627,1386.4803796736435,1387.394477636569,8.219813808280833,0.9140979629255331,9.133911771206385,2
1263,1378.924609774367,1387.394477636569,1387.4166440507988,8.469867862202136,0.022166414229740087,8.492034276431923,2
1264,1379.2334924209604,1387.4166440507988,1388.0564088453748,8.183151629838449,0.6397647945759604,8.822916424414416,2
1265,1380.3208831951526,1387.8518000845902,1391.6432194650718,7.530916889437549,3.7914193804815923,11.322336269919106,1
1266,1382.0563356095572,1388.0564088453748,1390.116059369755,6.000073235817581,2.0596505243801695,8.059723760197812,2
1267,1385.7917517504184,1390.116059369755,1390.349119075897,4.3243076193366505,0.23305970614210184,4.557367325478708,2
1268,1387.990376710137,1390.349119075897,1390.9085097676073,2.3587423657600084,0.5593906917101077,2.918133057470186,2
1269,1388.469920797344,1390.9085097676073,1392.9256591930994,2.438588970263254,2.0171494254920392,4.455738395755361,2
1270,1388.583267671789,1391.6432194650718,1391.8864169294902,3.059951793282835,0.24319746441853213,3.303149257701307,1
1271,1389.0687149357339,1391.8864169294902,1392.8966919957968,2.8177019937563728,1.010275066306541,3.827977060062949,1
1272,1390.3192574326233,1392.8966919957968,1399.1320406441769,2.577434563173483,6.235348648380103,8.812783211553551,1
1273,1391.1866666874266,1392.9256591930994,1393.5213653256626,1.7389925056727407,0.5957061325632925,2.3346986382359773,2
1274,1392.2068782486028,1393.5213653256626,1395.13421975956,1.3144870770597663,1.612854433897428,2.927341510957149,2
1275,1392.9499892357585,1395.13421975956,1396.141232064665,2.1842305238014887,1.007012305104993,3.1912428289065247,2
1276,1393.0398974641835,1396.141232064665,1397.5392189869697,3.1013346004815503,1.397986922304758,4.499321522786204,2
1277,1393.8600403564344,1397.5392189869697,1400.4435841100444,3.6791786305352616,2.904365123074675,6.583543753610002,2
1278,1393.9065463863035,1399.1320406441769,1399.7230010585076,5.225494257873379,0.5909604143307051,5.816454672204145,1
1279,1394.1783333866574,1399.7230010585076,1400.4722539417928,5.54466767185022,0.74925288328524,6.293920555135401,1
1280,1398.1502035010005,1400.4435841100444,1404.1660973718392,2.2933806090438793,3.7225132617949015,6.015893870838681,2
1281,1399.7178485799363,1400.4722539417928,1402.893993621996,0.7544053618564703,2.4217396802033297,3.1761450420597157,1
1282,1400.5849679454886,1402.893993621996,1404.8490875671505,2.3090256765074173,1.9550939451545037,4.264119621661848,1
1283,1400.6124596004445,1404.1660973718392,1404.4822890621408,3.553637771394733,0.3161916903016432,3.8698294616963267,2
1284,1401.5018059450235,1404.4822890621408,1405.5148093756413,2.9804831171172737,1.032520313500591,4.0130034306178,2
1285,1401.8242005373334,1404.8490875671505,1404.8840150292338,3.024887029817137,0.03492746208321572,3.059814491900397,1
1286,1402.2587903678664,1404.8840150292338,1406.2590876512327,2.6252246613673833,1.3750726219989302,4.000297283366308,1
1287,1404.0819384973058,1405.5148093756413,1407.294122612058,1.4328708783355069,1.779313236416456,3.2121841147520627,2
1288,1404.3758870976346,1406.2590876512327,1406.2753500053352,1.8832005535980443,0.016262354102442048,1.8994629077005811,1
1289,1404.8466591246695,1406.2753500053352,1407.3540401615107,1.4286908806657266,1.0786901561756106,2.5073810368412524,1
1290,1405.0773221896422,1407.294122612058,1411.4056831234595,2.216800422415645,4.111560511401748,6.328360933817294,2
1291,1406.3683516334618,1407.3540401615107,1409.6283748899011,0.9856885280489678,2.274334728390304,3.2600232564393536,1
1292,1407.1456086195524,1409.6283748899011,1411.5875526862742,2.4827662703487476,1.9591777963730683,4.441944066721817,1
1293,1407.1743197224594,1411.4056831234595,1412.7479654943372,4.231363401000181,1.342282370877759,5.573645771877864,2
1294,1408.1580106202705,1411.5875526862742,1411.9956637666119,3.4295420660037053,0.408111080337572,3.837653146341381,1
1295,1408.7819290162754,1411.9956637666119,1413.864385672745,3.213734750336471,1.8687219061330715,5.082456656469503,1
1296,1410.9525207983745,1412.7479654943372,1412.8101586059163,1.7954446959627148,0.06219311157895851,1.8576378075417779,2
1297,1412.2958807484686,1412.8101586059163,1413.2445996362876,0.5142778574477234,0.4344410303714281,0.9487188878190409,2
1298,1414.051606761738,1414.051606761738,1415.8201358507154,0.0,1.7685290889775065,1.7685290889774024,1
1299,1414.32338292712,1414.32338292712,1415.2052700193942,0.0,0.8818870922741522,0.8818870922741553,2
1300,1414.3767472898312,1415.2052700193942,1415.586954192011,0.8285227295630193,0.3816841726169222,1.2102069021798343,2
1301,1415.0969467732816,1415.586954192011,1419.5191855665428,0.49000741872941944,3.932231374531658,4.422238793261158,2
1302,1415.3881212888264,1415.8201358507154,1418.8691178307984,0.432014561888991,3.0489819800830262,3.48099654197199,1
1303,1416.4184451193394,1418.8691178307984,1420.127880910828,2.450672711458992,1.2587630800297052,3.7094357914886587,1
1304,1416.9376320856109,1419.5191855665428,1419.9231697967894,2.581553480931916,0.40398423024669133,2.9855377111784946,2
1305,1421.2444729039687,1421.2444729039687,1422.4270949593351,0.0,1.1826220553663607,1.182622055366437,1
1306,1422.4376089836442,1422.4376089836442,1422.4939558073634,0.0,0.05634682371916799,0.05634682371919553,1
1307,1423.9763306482766,1423.9763306482766,1424.0455574995642,0.0,0.06922685128765257,0.06922685128756711,1
1308,1426.8710587381063,1426.8710587381063,1427.9609503973475,0.0,1.0898916592411234,1.0898916592411751,1
1309,1428.4324152789736,1428.4324152789736,1435.9166703256692,0.0,7.484255046695572,7.48425504669558,1
1310,1428.6446300346286,1428.6446300346286,1432.8276808827752,0.0,4.1830508481466735,4.1830508481466495,2
1311,1430.1650840610625,1432.8276808827752,1442.208021393969,2.6625968217126683,9.38034051119378,12.042937332906376,2
1312,1431.6082544710905,1435.9166703256692,1436.6006621563652,4.308415854578698,0.6839918306960637,4.992407685274657,1
1313,1434.5587735681368,1436.6006621563652,1437.6825233346783,2.041888588228403,1.0818611783131382,3.1237497665415503,1
1314,1435.417240247384,1437.6825233346783,1437.9314432036606,2.2652830872943923,0.24891986898220708,2.5142029562766766,1
1315,1435.8225754841833,1437.9314432036606,1439.0431016057664,2.1088677194773027,1.1116584021058806,3.2205261215831342,1
1316,1438.6482187557074,1439.0431016057664,1440.7037287068235,0.394882850059048,1.6606271010571778,2.0555099511161643,1
1317,1443.0104241065944,1443.0104241065944,1443.8945289448138,0.0,0.8841048382194602,0.8841048382194003,1
1318,1446.0495820039444,1446.0495820039444,1446.2956737172651,0.0,0.2460917133208496,0.24609171332076585,1
1319,1447.3414233128012,1447.3414233128012,1448.7875077305746,0.0,1.44608441777327,1.4460844177733634,1
1320,1449.9765959456288,1449.9765959456288,1450.1438678506945,0.0,0.1672719050656854,0.16727190506571787,1
1321,1450.7570407756125,1450.7570407756125,1451.5894448136512,0.0,0.8324040380386316,0.8324040380387032,1
1322,1453.2388117889354,1453.2388117889354,1454.0569239551005,0.0,0.8181121661650603,0.818112166165065,1
1323,1454.3903396038522,1454.3903396038522,1457.3969944205737,0.0,3.006654816721492,3.0066548167214933,1
1324,1455.2018948718735,1455.2018948718735,1459.7050993429136,0.0,4.503204471040101,4.503204471040135,2
1325,1457.1494054484892,1457.3969944205737,1458.1821253959592,0.24758897208448616,0.7851309753855445,1.0327199474700137,1
1326,1457.3350671775318,1458.1821253959592,1461.3792298670594,0.8470582184274917,3.197104471100233,4.044162689527639,1
1327,1458.909815697838,1459.7050993429136,1460.0086351252717,0.7952836450756422,0.30353578235797485,1.098819427433682,2
1328,1460.113609552623,1460.113609552623,1461.4213289232014,0.0,1.3077193705783186,1.3077193705782975,2
1329,1461.7710260224778,1461.7710260224778,1462.2599225795302,0.0,0.4888965570524167,0.4888965570523851,1
1330,1462.3984436273474,1462.3984436273474,1464.7612065598607,0.0,2.362762932513218,2.3627629325133057,1
1331,1463.035001837795,1463.035001837795,1463.419494694377,0.0,0.3844928565818937,0.3844928565818009,2
1332,1463.0557007904752,1463.419494694377,1464.0212827981634,0.36379390390175104,0.6017881037865325,0.9655820076882264,2
1333,1463.4714756955925,1464.0212827981634,1464.4782791337507,0.5498071025708668,0.4569963355872232,1.0068034381581583,2
1334,1463.79218479302,1464.4782791337507,1466.2799548099397,0.6860943407307332,1.801675676188979,2.4877700169197396,2
1335,1463.9785589963446,1464.7612065598607,1464.8821419667725,0.7826475635160932,0.12093540691164417,0.9035829704278058,1
1336,1464.2208878211793,1464.8821419667725,1466.1636721795085,0.6612541455931478,1.2815302127361146,1.9427843583291633,1
1337,1465.32112010609,1466.1636721795085,1471.3269775652177,0.8425520734185739,5.163305385709194,6.00585745912781,1
1338,1466.0410968679264,1466.2799548099397,1466.9111613719333,0.2388579420132828,0.6312065619937157,0.8700645040069048,2
1339,1466.2719123194386,1466.9111613719333,1467.241189540584,0.6392490524947334,0.3300281686507246,0.9692772211453757,2
1340,1468.6607522180886,1468.6607522180886,1468.900487997677,0.0,0.23973577958836134,0.23973577958827264,2
1341,1469.471748009807,1469.471748009807,1474.3760243594566,0.0,4.904276349649446,4.904276349649535,2
1342,1470.2919868789595,1471.3269775652177,1473.7198754149201,1.0349906862581975,2.392897849702473,3.4278885359606193,1
1343,1470.6350758634067,1473.7198754149201,1476.7785532275386,3.08479955151347,3.058677812618498,6.143477364131968,1
1344,1472.6567357716988,1474.3760243594566,1475.4405660107905,1.7192885877577737,1.064541651333933,2.783830239091685,2
1345,1472.7437960889072,1475.4405660107905,1476.7890016492397,2.6967699218832877,1.3484356384491378,4.045205560332533,2
1346,1472.9420408558353,1476.7785532275386,1479.623541529764,3.836512371703293,2.8449883022254365,6.681500673928667,1
1347,1473.947737899952,1476.7890016492397,1481.598678850635,2.841263749287691,4.809677201395197,7.65094095068298,2
1348,1474.3367122961909,1479.623541529764,1485.4841657385246,5.286829233573144,5.860624208760462,11.147453442333699,1
1349,1476.2603208594912,1481.598678850635,1483.0255463653932,5.338357991143766,1.426867514758201,6.765225505901981,2
1350,1476.7412142971864,1483.0255463653932,1484.5005840546794,6.284332068206822,1.475037689286127,7.759369757493005,2
1351,1477.536049030255,1484.5005840546794,1484.9500227339854,6.964535024424322,0.4494386793059025,7.413973703730335,2
1352,1478.4257942642218,1484.9500227339854,1489.4794032782213,6.524228469763557,4.529380544235873,11.053609013999449,2
1353,1481.4399727547063,1485.4841657385246,1486.7495915291654,4.0441929838182205,1.2654257906409527,5.309618774459068,1
1354,1482.0154824538065,1486.7495915291654,1488.6473797758272,4.7341090753589015,1.8977882466618703,6.631897322020677,1
1355,1482.1035548284895,1488.6473797758272,1492.7240442842256,6.5438249473377255,4.076664508398436,10.620489455736106,1
1356,1482.4776542818179,1489.4794032782213,1493.6000983526617,7.001748996403421,4.1206950744404125,11.122444070843812,2
1357,1482.5720544155965,1492.7240442842256,1500.3995404845089,10.151989868629016,7.67549620028323,17.82748606891232,1
1358,1482.684580707796,1493.6000983526617,1496.136886246175,10.915517644865758,2.536787893513208,13.45230553837905,2
1359,1486.3385693655453,1496.136886246175,1496.4625653918124,9.798316880629727,0.32567914563739464,10.12399602626715,2
1360,1487.0633960284172,1496.4625653918124,1496.605021469828,9.399169363395231,0.14245607801553584,9.541625441410815,2
1361,1490.739172296237,1496.605021469828,1499.509995001545,5.865849173590959,2.904973531716958,8.770822705307864,2
1362,1491.2307878369434,1499.509995001545,1501.282121623705,8.27920716460153,1.7721266221602254,10.051333786761688,2
1363,1491.6490213416223,1500.3995404845089,1504.0152016765717,8.75051914288656,3.6156611920629156,12.366180334949377,1
1364,1492.1174792017387,1501.282121623705,1504.1747874883008,9.164642421966391,2.8926658645957493,12.057308286562147,2
1365,1492.360129903167,1504.0152016765717,1504.056492700241,11.655071773404643,0.041291023669392586,11.696362797074016,1
1366,1492.8820391622532,1504.056492700241,1506.8993814503274,11.174453537987802,2.8428887500864115,14.017342288074133,1
1367,1495.574889011895,1504.1747874883008,1505.905763664693,8.59989847640577,1.730976176392187,10.330874652798002,2
1368,1496.167925323157,1505.905763664693,1506.0392499376649,9.737838341535962,0.13348627297183757,9.871324614507785,2
1369,1496.5071554070623,1506.0392499376649,1508.6363223156923,9.532094530602535,2.5970723780274994,12.12916690862994,2
1370,1498.4528353681524,1506.8993814503274,1507.8570885019542,8.446546082175018,0.9577070516267397,9.40425313380183,1
1371,1498.910994606759,1507.8570885019542,1511.2879053911138,8.94609389519519,3.430816889159615,12.376910784354777,1
1372,1502.9231229532472,1508.6363223156923,1510.5108889765781,5.713199362445039,1.8745666608858238,7.587766023330914,2
1373,1503.177590954096,1510.5108889765781,1511.374468251747,7.33329802248204,0.8635792751687539,8.196877297650872,2
1374,1504.3445410282295,1511.2879053911138,1514.2521658892204,6.943364362884267,2.9642604981065213,9.907624860990836,1
1375,1505.548072936305,1511.374468251747,1515.3988964714779,5.826395315441914,4.02442821973081,9.850823535172822,2
1376,1506.8275819010976,1514.2521658892204,1514.4860012220813,7.424583988122777,0.2338353328609469,7.6584193209837395,1
1377,1509.304606466582,1514.4860012220813,1514.9835641881814,5.181394755499241,0.49756296610016626,5.678957721599318,1
1378,1510.7080634943063,1514.9835641881814,1517.5227988396634,4.275500693875074,2.539234651481949,6.814735345357121,1
1379,1511.3062390287066,1515.3988964714779,1515.9781967673912,4.092657442771269,0.5793002959133913,4.6719577386845685,2
1380,1514.6857263091294,1515.9781967673912,1519.3240965738928,1.2924704582617323,3.3458998065016696,4.638370264763353,2
1381,1515.2920189001459,1517.5227988396634,1519.601286940295,2.2307799395175607,2.0784881006315166,4.309268040149163,1
1382,1515.433388050566,1519.3240965738928,1520.4978981309068,3.8907085233267935,1.1738015570141007,5.064510080340824,2
1383,1517.12774086771,1519.601286940295,1519.818318025908,2.4735460725851226,0.21703108561284365,2.690577158198039,1
1384,1517.6097637191372,1519.818318025908,1522.5245074738034,2.208554306770793,2.7061894478955004,4.914743754666233,1
1385,1518.0135343770535,1520.4978981309068,1524.0719721592084,2.4843637538533585,3.574074028301572,6.058437782154897,2
1386,1518.337127143592,1522.5245074738034,1523.2410652413162,4.187380330211454,0.7165577675128451,4.903938097724222,1
1387,1518.9533522901486,1523.2410652413162,1523.5773795479445,4.287712951167578,0.33631430662825723,4.624027257795888,1
1388,1519.1253400568992,1523.5773795479445,1534.809505607967,4.452039491045298,11.232126060022413,15.684165551067736,1
1389,1519.6433116480096,1524.0719721592084,1524.635301611679,4.428660511198814,0.563329452470671,4.991989963669539,2
1390,1519.9909638486781,1524.635301611679,1528.8232338985456,4.644337763000976,4.187932286866454,8.832270049867475,2
1391,1520.719449615064,1528.8232338985456,1532.9564078907508,8.103784283481673,4.133173992205173,12.236958275686902,2
1392,1521.9920318252246,1532.9564078907508,1533.4567093941241,10.964376065526267,0.500301503373256,11.46467756889956,2
1393,1526.1344379339678,1533.4567093941241,1541.2507330317599,7.322271460156344,7.794023637635806,15.11629509779209,2
1394,1527.0206661920824,1534.809505607967,1537.334375821315,7.788839415884468,2.5248702133479872,10.313709629232562,1
1395,1527.227805953576,1537.334375821315,1544.0018962534741,10.106569867738926,6.66752043215916,16.774090299898035,1
1396,1528.4246377901047,1541.2507330317599,1541.323010652884,12.826095241655139,0.0722776211240488,12.898372862779297,2
1397,1528.5369644780312,1541.323010652884,1543.3720274010113,12.7860461748528,2.049016748127315,14.835062922980114,2
1398,1530.0999912524148,1543.3720274010113,1545.1302379869612,13.272036148596499,1.7582105859499957,15.030246734546381,2
1399,1530.10453428127,1544.0018962534741,1545.6258641175698,13.89736197220418,1.623967864095613,15.521329836299856,1
1400,1531.7954441134973,1545.1302379869612,1548.5761396492176,13.334793873463923,3.445901662256341,16.78069553572027,2
1401,1533.869420759642,1545.6258641175698,1546.9688565300553,11.756443357927765,1.3429924124856094,13.099435770413265,1
1402,1533.9367586729738,1546.9688565300553,1554.266030927381,13.032097857081453,7.2971743973256755,20.329272254407215,1
1403,1534.155736059162,1548.5761396492176,1548.7007537434288,14.420403590055457,0.12461409421115503,14.545017684266668,2
1404,1534.225515182929,1548.7007537434288,1551.3673141155502,14.475238560499747,2.6665603721214546,17.141798932621214,2
1405,1534.5527676677946,1551.3673141155502,1554.3717545287666,16.814546447755674,3.004440413216316,19.818986860972018,2
1406,1536.323402000789,1554.266030927381,1554.3080005832028,17.94262892659208,0.04196965582165965,17.98459858241381,1
1407,1542.2118667239308,1554.3080005832028,1557.2764117728843,12.096133859271958,2.96841118968155,15.064545048953505,1
1408,1542.8152522920604,1554.3717545287666,1554.7205437636526,11.556502236706137,0.3487892348859101,11.905291471592136,2
1409,1544.7854562160564,1554.7205437636526,1558.0570680644594,9.93508754759614,3.3365243008068575,13.271611848402927,2
1410,1544.927965237244,1557.2764117728843,1557.375871421262,12.348446535640278,0.09945964837776368,12.447906184017938,1
1411,1547.8981719694957,1557.375871421262,1559.235601943539,9.477699451766284,1.85973052227697,11.337429974043289,1
1412,1550.9377374573307,1558.0570680644594,1560.158509810929,7.1193306071286315,2.101441746469543,9.22077235359825,2
1413,1551.1024825821626,1559.235601943539,1560.4774308169715,8.13311936137643,1.2418288734324796,9.374948234808926,1
1414,1552.9872659214177,1560.158509810929,1560.5840162622396,7.171243889511288,0.4255064513106197,7.596750340821927,2
1415,1553.0072941922397,1560.4774308169715,1561.2730187218694,7.470136624731822,0.7955879048979999,8.265724529629779,1
1416,1553.018070556652,1560.5840162622396,1564.0360196460194,7.565945705587637,3.4520033837798483,11.017949089367448,2
1417,1553.644310958004,1561.2730187218694,1561.8349154493476,7.62870776386535,0.5618967274781204,8.190604491343493,1
1418,1554.6044058186098,1561.8349154493476,1562.8309901320067,7.2305096307377426,0.9960746826591701,8.22658431339687,1
1419,1555.155730444377,1562.8309901320067,1563.8295256976787,7.675259687629705,0.9985355656720825,8.673795253301705,1
1420,1556.6978293935715,1563.8295256976787,1564.0621324581682,7.131696304107209,0.23260676048940934,7.364303064596697,1
1421,1556.9439743399669,1564.0360196460194,1564.0530098230724,7.092045306052569,0.016990177053065728,7.109035483105572,2
1422,1557.2262679046448,1564.0530098230724,1564.9029600616193,6.826741918427615,0.8499502385469169,7.676692156974468,2
1423,1557.49498573516,1564.0621324581682,1568.9133884869361,6.567146723008136,4.85125602876785,11.418402751776057,1
1424,1558.501190729364,1564.9029600616193,1565.753036522309,6.401769332255299,0.8500764606898031,7.251845792945005,2
1425,1562.8680328873666,1565.753036522309,1571.4482745060918,2.88500363494245,5.695237983782838,8.580241618725267,2
1426,1563.2625321098153,1568.9133884869361,1571.9610975995163,5.650856377120817,3.0477091125802107,8.698565489700968,1
1427,1563.2878657470644,1571.4482745060918,1574.4030666727492,8.160408759027405,2.9547921666573584,11.115200925684803,2
1428,1563.4963328398967,1571.9610975995163,1574.116591858713,8.464764759619584,2.155494259196661,10.620259018816341,1
1429,1563.8400469540427,1574.116591858713,1582.3864997996943,10.276544904670345,8.269907940981273,18.54645284565163,1
1430,1564.4463990686056,1574.4030666727492,1576.5259867315042,9.956667604143604,2.122920058755043,12.079587662898575,2
1431,1564.9314745255406,1576.5259867315042,1579.1612442856838,11.59451220596361,2.6352575541796734,14.2297697601432,2
1432,1565.7505357560765,1579.1612442856838,1579.2384693398535,13.410708529607291,0.07722505416970334,13.487933583777021,2
1433,1567.0429648416773,1579.2384693398535,1579.2446900505545,12.195504498176206,0.00622071070097506,12.201725208877178,2
1434,1567.194606552991,1579.2446900505545,1582.143772997863,12.050083497563492,2.89908294730839,14.949166444871935,2
1435,1567.3909397438545,1582.143772997863,1582.8193248678276,14.752833254008465,0.6755518699646614,15.428385123973158,2
1436,1567.6725976129376,1582.3864997996943,1582.5342219650736,14.71390218675674,0.14772216537933736,14.861624352136005,1
1437,1571.4682494883748,1582.5342219650736,1582.5966495385853,11.06597247669879,0.06242757351164481,11.12840005021053,1
1438,1571.7193314735036,1582.5966495385853,1583.201133272388,10.877318065081681,0.6044837338025985,11.481801798884362,1
1439,1572.6392580802662,1582.8193248678276,1584.1822181442474,10.180066787561373,1.362893276419654,11.542960063981127,2
1440,1574.78889075318,1583.201133272388,1589.347830743193,8.412242519207894,6.146697470805,14.55893999001296,1
1441,1574.8433009759283,1584.1822181442474,1586.704270158533,9.338917168319085,2.5220520142857454,11.860969182604777,2
1442,1578.6625526467792,1586.704270158533,1588.6817157804685,8.041717511753859,1.9774456219353582,10.01916313368929,2
1443,1578.9035245826387,1588.6817157804685,1591.2082605306637,9.778191197829756,2.5265447501951437,12.304735948024927,2
1444,1579.151556029189,1589.347830743193,1589.6034960124173,10.196274714004176,0.2556652692241464,10.451939983228385,1
1445,1579.3208287733569,1589.6034960124173,1599.9065181231404,10.282667239060402,10.303022110722988,20.58568934978348,1
1446,1581.4587024970551,1591.2082605306637,1592.1879375069711,9.749558033608537,0.9796769763074087,10.72923500991601,2
1447,1582.399516762805,1592.1879375069711,1594.1093310500853,9.78842074416616,1.9213935431141504,11.709814287280324,2
1448,1587.3192513377237,1594.1093310500853,1598.272409146217,6.790079712361603,4.1630780961316205,10.953157808493188,2
1449,1588.3568712511296,1598.272409146217,1601.0356870188905,9.915537895087255,2.7632778726735197,12.678815767760852,2
1450,1592.5918268298037,1599.9065181231404,1600.2228355108834,7.314691293336637,0.31631738774315105,7.63100868107972,1
1451,1593.3157755088248,1600.2228355108834,1603.336379004858,6.907060002058643,3.11354349397452,10.020603496033118,1
1452,1596.3182680830091,1601.0356870188905,1602.858054825561,4.717418935881369,1.8223678066705675,6.539786742551996,2
1453,1598.4625684024402,1602.858054825561,1603.089528589666,4.3954864231209285,0.23147376410489529,4.6269601872259045,2
1454,1599.4705834273939,1603.089528589666,1603.3040293635338,3.6189451622722117,0.2145007738677884,3.833445936139924,2
1455,1601.6467826081816,1603.3040293635338,1606.0961538735894,1.657246755352162,2.7921245100555834,4.449371265407763,2
1456,1601.9184273966662,1603.336379004858,1605.787606801312,1.4179516081917427,2.4512277964541345,3.86917940464582,1
1457,1603.9908269486941,1605.787606801312,1608.0300765547147,1.796779852617874,2.242469753402698,4.039249606020576,1
1458,1604.5551949591143,1606.0961538735894,1606.3714605290752,1.5409589144751408,0.27530665548585315,1.8162655699609331,2
1459,1606.6920567876753,1606.6920567876753,1606.8964438719127,0.0,0.20438708423748472,0.20438708423739627,2
1460,1607.3007790416927,1607.3007790416927,1607.890061760957,0.0,0.5892827192642328,0.5892827192642471,2
1461,1607.7147401172015,1607.890061760957,1609.320815700419,0.17532164375552384,1.4307539394620359,1.6060755832174891,2
1462,1608.1157118192477,1608.1157118192477,1608.4480585697731,0.0,0.33234675052535845,0.33234675052540297,1
1463,1609.2934342418625,1609.2934342418625,1611.839679489732,0.0,2.5462452478694733,2.546245247869365,1
1464,1610.080179200089,1610.080179200089,1610.4434113889067,0.0,0.3632321888177298,0.3632321888176193,2
1465,1612.573424747409,1612.573424747409,1621.9108571007769,0.0,9.337432353367731,9.33743235336783,1
1466,1613.558373445693,1613.558373445693,1613.7252488391312,0.0,0.1668753934381481,0.1668753934382039,2
1467,1615.7911661621101,1615.7911661621101,1617.33897018602,0.0,1.5478040239099555,1.5478040239099755,2
1468,1616.0776570794221,1617.33897018602,1617.6393375306181,1.2613131065979815,0.3003673445980511,1.5616804511960254,2
1469,1617.6917196999498,1617.6917196999498,1618.9407841557854,0.0,1.2490644558355408,1.2490644558356507,2
1470,1618.2050556838167,1618.9407841557854,1624.569771301074,0.7357284719687414,5.628987145288673,6.364715617257389,2
1471,1618.7666875271846,1621.9108571007769,1622.1853668166777,3.1441695735923076,0.2745097159009108,3.418679289493184,1
1472,1619.1518448238048,1622.1853668166777,1626.5898501487559,3.0335219928729202,4.404483332078096,7.438005324951064,1
1473,1619.329651336577,1624.569771301074,1625.0466650901244,5.240119964497126,0.4768937890502777,5.717013753547462,2
1474,1621.4955564052661,1625.0466650901244,1625.9370143454137,3.5511086848582636,0.8903492552893396,4.441457940147529,2
1475,1622.604563138636,1625.9370143454137,1626.450399393837,3.332451206777705,0.5133850484233377,3.845836255200993,2
1476,1624.1149550274151,1626.450399393837,1627.2437910419771,2.335444366421825,0.7933916481402831,3.1288360145620118,2
1477,1625.0489700821179,1626.5898501487559,1626.969648703354,1.5408800666380102,0.37979855459814843,1.9206786212362204,1
1478,1629.8855605827525,1629.8855605827525,1631.1042657089768,0.0,1.2187051262241757,1.2187051262242221,1
1479,1631.5949529366017,1631.5949529366017,1632.3958106515588,0.0,0.8008577149572196,0.8008577149571465,1
1480,1633.6923155572704,1633.6923155572704,1636.8683971029252,0.0,3.1760815456548466,3.1760815456548244,1
1481,1635.342008003285,1635.342008003285,1635.7028554741225,0.0,0.3608474708374847,0.36084747083759794,2
1482,1636.3114018487333,1636.3114018487333,1637.8046027729831,0.0,1.4932009242497188,1.493200924249777,2
1483,1637.4373913728173,1637.4373913728173,1638.6501453675783,0.0,1.2127539947609212,1.2127539947609876,1
1484,1640.5547444691879,1640.5547444691879,1645.596664682218,0.0,5.041920213030213,5.041920213030153,1
1485,1641.9229727246288,1641.9229727246288,1643.2043953543694,0.0,1.2814226297406066,1.2814226297405185,2
1486,1642.0061064227075,1643.2043953543694,1644.2352269340136,1.198288931661864,1.0308315796442054,2.229120511306064,2
1487,1642.6726640740976,1644.2352269340136,1645.3664536455171,1.5625628599159427,1.1312267115035268,2.6937895714195292,2
1488,1642.7002282657427,1645.3664536455171,1646.0586381064477,2.6662253797744597,0.6921844609305742,3.358409840705008,2
1489,1648.8005080250775,1648.8005080250775,1654.278622379763,0.0,5.4781143546853555,5.478114354685431,1
1490,1649.5071207915378,1649.5071207915378,1653.1445275683745,0.0,3.6374067768367864,3.6374067768367695,2
1491,1650.7230659696463,1653.1445275683745,1654.331461868979,2.4214615987282286,1.1869343006044513,3.6083958993326632,2
1492,1651.8117757425857,1654.278622379763,1659.0136810262175,2.466846637177241,4.735058646454485,7.201905283631731,1
1493,1652.3226137293884,1654.331461868979,1654.7694019726614,2.0088481395905546,0.437940103682382,2.4467882432729766,2
1494,1653.043717281319,1654.7694019726614,1660.5639687575683,1.7256846913423942,5.794566784906881,7.520251476249314,2
1495,1655.0093498050169,1659.0136810262175,1663.4366464440986,4.004331221200573,4.422965417881231,8.42729663908176,1
1496,1655.816798209066,1660.5639687575683,1660.7292849336734,4.747170548502254,0.1653161761050122,4.912486724607334,2
1497,1656.513927451038,1660.7292849336734,1662.0292614083153,4.215357482635454,1.2999764746417832,5.515333957277335,2
1498,1658.5391091588679,1662.0292614083153,1663.9716651873027,3.4901522494474193,1.9424037789874815,5.432556028434874,2
1499,1659.5682608630084,1663.4366464440986,1667.1937084093674,3.8683855810902514,3.7570619652688944,7.625447546359055,1
1500,1660.6610620414326,1663.9716651873027,1664.7012269629618,3.310603145870118,0.7295617756589957,4.04016492152914,2
1501,1661.4615257826065,1664.7012269629618,1665.265522905102,3.2397011803552687,0.5642959421401309,3.8039971224955025,2
1502,1662.532737230367,1665.265522905102,1666.1652783069878,2.7327856747349415,0.8997554018859035,3.6325410766207824,2
1503,1666.7063658052368,1666.7063658052368,1667.4223150023363,0.0,0.7159491970994117,0.7159491970994623,2
1504,1667.2682637612577,1667.2682637612577,1667.5676125910215,0.0,0.2993488297639152,0.2993488297638578,1
1505,1667.381364928575,1667.4223150023363,1672.8087300098703,0.04095007376122339,5.386415007533872,5.427365081295193,2
1506,1669.8890168849568,1669.8890168849568,1670.8131955582705,0.0,0.9241786733137347,0.9241786733136905,1
1507,1670.5031120815047,1670.8131955582705,1672.0927726903324,0.3100834767658398,1.2795771320618483,1.5896606088276712,1
1508,1672.1767342880448,1672.1767342880448,1672.2109797401683,0.0,0.0342454521234823,0.03424545212351404,1
1509,1673.3681604148853,1673.3681604148853,1674.20914362616,0.0,0.8409832112746815,0.8409832112747608,1
1510,1673.6253287757092,1673.6253287757092,1676.053686903816,0.0,2.4283581281066637,2.4283581281067654,2
1511,1673.9068055478688,1674.20914362616,1675.1686476354446,0.30233807829131365,0.9595040092844763,1.2618420875758147,1
1512,1674.0480703140317,1675.1686476354446,1675.5163769141573,1.1205773214128385,0.3477292787126469,1.4683066001255156,1
1513,1674.5637775104938,1675.5163769141573,1679.6696028603662,0.9525994036634984,4.153225946208905,5.105825349872475,1
1514,1676.0049965906264,1676.053686903816,1676.7748592240916,0.0486903131895815,0.7211723202757039,0.769862633465209,2
1515,1676.1336385059722,1676.7748592240916,1679.934371396304,0.6412207181194844,3.159512172212314,3.800732890331801,2
1516,1679.8625555118733,1679.8625555118733,1680.1884264808004,0.0,0.3258709689270349,0.32587096892712,1
1517,1680.1351241866835,1680.1351241866835,1684.4857435948438,0.0,4.350619408160384,4.350619408160355,2
1518,1680.5249785232959,1680.5249785232959,1680.9237723032156,0.0,0.3987937799198114,0.3987937799197425,1
1519,1680.916991236234,1680.9237723032156,1683.1488568596478,0.006781066981602635,2.225084556432127,2.231865623413796,1
1520,1681.1955166352166,1683.1488568596478,1685.5975172358733,1.9533402244312583,2.4486603762255164,4.40200060065672,1
1521,1681.4590242239076,1684.4857435948438,1685.5877464859218,3.0267193709362346,1.1020028910779784,4.1287222620142074,2
1522,1681.7266235991485,1685.5877464859218,1686.1402531686758,3.8611228867732734,0.5525066827539357,4.413629569527302,2
1523,1682.2576345017542,1685.5975172358733,1686.658834466351,3.339882734119101,1.0613172304776102,4.401199964596799,1
1524,1684.6091817832812,1686.1402531686758,1687.9028561822427,1.5310713853946254,1.7626030135669386,3.293674398961457,2
1525,1685.40469013727,1686.658834466351,1689.2327107376889,1.254144329080873,2.573876271337998,3.8280206004187676,1
1526,1686.3541059043675,1687.9028561822427,1687.9887712868567,1.548750277875115,0.08591510461416903,1.6346653824891746,2
1527,1686.6050443837826,1687.9887712868567,1690.2441823858128,1.3837269030741481,2.255411098956042,3.639138002030222,2
1528,1691.2852763475482,1691.2852763475482,1693.9632652205357,0.0,2.677988872987584,2.6779888729874983,1
1529,1691.6954530339206,1691.6954530339206,1693.9755052103346,0.0,2.28005217641418,2.280052176414074,2
1530,1692.044479619551,1693.9632652205357,1694.2938599800927,1.91878560098462,0.33059475955701845,2.249380360541636,1
1531,1692.2437974100792,1693.9755052103346,1694.1798724314322,1.7317078002554354,0.2043672210975648,1.9360750213529627,2
1532,1693.0503182425823,1694.1798724314322,1696.2810575591373,1.129554188849852,2.1011851277051217,3.2307393165549456,2
1533,1694.825033805787,1694.825033805787,1696.2237800727191,0.0,1.398746266932282,1.3987462669322213,1
1534,1695.9546360556678,1696.2237800727191,1697.2573579285483,0.2691440170513033,1.0335778558290958,1.302721872880511,1
1535,1696.1699929201802,1696.2810575591373,1698.2498818078673,0.111064638957032,1.9688242487300736,2.079888887687048,2
1536,1696.2255490269415,1697.2573579285483,1697.6125443945975,1.031808901606837,0.35518646604919385,1.3869953676560272,1
1537,1697.047030455261,1697.6125443945975,1701.191721998558,0.5655139393365971,3.579177603960481,4.1446915432970854,1
1538,1697.6541266433117,1698.2498818078673,1698.6191918839072,0.5957551645556123,0.36931007603996885,0.9650652405955498,2
1539,1699.3224200137786,1699.3224200137786,1710.2992549266662,0.0,10.976834912887647,10.976834912887625,2
1540,1699.341265332152,1701.191721998558,1701.6725321123636,1.8504566664059894,0.4808101138056572,2.3312667802115357,1
1541,1700.4709950139227,1701.6725321123636,1704.366850967077,1.2015370984408946,2.694318854713413,3.895855953154296,1
1542,1700.778086658179,1704.366850967077,1706.8273353971372,3.5887643088979075,2.4604844300600957,6.049248738958113,1
1543,1702.5516249910593,1706.8273353971372,1712.4935456400415,4.275710406077906,5.666210242904356,9.941920648982205,1
1544,1702.774285479842,1710.2992549266662,1712.1811797627358,7.524969446824116,1.8819248360695637,9.406894282893745,2
1545,1703.3862485081315,1712.1811797627358,1712.229649000004,8.794931254604307,0.048469237268230055,8.843400491872444,2
1546,1704.5889272179893,1712.229649000004,1712.432881978165,7.64072178201468,0.20323297816084718,7.84395476017562,2
1547,1705.4321538907714,1712.432881978165,1713.6706979221156,7.000728087393554,1.23781594395055,8.23854403134419,2
1548,1705.5594474751415,1712.4935456400415,1713.909809704064,6.934098164899979,1.416264064022557,8.35036222892245,1
1549,1705.6299673215572,1713.6706979221156,1716.8160474205715,8.04073060055839,3.145349498456015,11.186080099014362,2
1550,1706.9955728858336,1713.909809704064,1715.5870543143776,6.914236818230393,1.6772446103137757,8.591481428544057,1
1551,1707.20773436855,1715.5870543143776,1716.928929522033,8.379319945827547,1.3418752076553635,9.721195153482995,1
1552,1709.6553949196862,1716.8160474205715,1716.933719670178,7.160652500885362,0.11767224960668268,7.278324750491947,2
1553,1710.2683030615215,1716.928929522033,1718.0522701849577,6.660626460511594,1.1233406629246894,7.783967123436241,1
1554,1711.5130565536426,1716.933719670178,1719.8831157144602,5.420663116535479,2.9493960442821137,8.370059160817618,2
1555,1711.536828748169,1718.0522701849577,1718.4328918483782,6.515441436788706,0.38062166342047893,6.896063100209176,1
1556,1711.9463935432823,1718.4328918483782,1720.7867152389415,6.486498305095893,2.3538233905632295,8.840321695659213,1
1557,1712.6054691520108,1719.8831157144602,1721.2539586024718,7.27764656244949,1.3708428880116212,8.648489450461057,2
1558,1712.9967457646146,1720.7867152389415,1724.4918628038583,7.789969474326881,3.7051475649169126,11.495117039243723,1
1559,1713.095937489113,1721.2539586024718,1722.2985001319678,8.1580211133587,1.0445415294959903,9.202562642854673,2
1560,1713.177497993667,1722.2985001319678,1722.9597295224667,9.12100213830081,0.6612293904987988,9.782231528799684,2
1561,1714.1246918074876,1722.9597295224667,1725.5426124997964,8.83503771497908,2.582882977329703,11.417920692308826,2
1562,1714.6832540638989,1724.4918628038583,1724.8730544653163,9.808608739959482,0.3811916614579907,10.189800401417415,1
1563,1714.9878143493909,1724.8730544653163,1727.1879438235321,9.885240115925399,2.3148893582159613,12.20012947414125,1
1564,1715.9529783586065,1725.5426124997964,1730.7405442149377,9.58963414118989,5.197931715141217,14.787565856331184,2
1565,1716.4187190337236,1727.1879438235321,1728.6783815144227,10.769224789808504,1.4904376908904904,12.259662480699035,1
1566,1716.91504992526,1728.6783815144227,1730.5912377089705,11.76333158916259,1.91285619454794,13.676187783710475,1
1567,1717.231226865807,1730.5912377089705,1734.1833710796782,13.360010843163536,3.592133370707545,16.95214421387118,1
1568,1717.5612730445887,1730.7405442149377,1731.6407162648452,13.179271170349011,0.9001720499075894,14.079443220256508,2
1569,1720.4252907410203,1731.6407162648452,1731.8810172160051,11.215425523824933,0.24030095115987768,11.455726474984885,2
1570,1721.4091968089922,1731.8810172160051,1733.2167519304244,10.471820407012956,1.335734714419337,11.807555121432188,2
1571,1721.6026291078533,1733.2167519304244,1738.2535739635896,11.614122822571062,5.0368220331652225,16.65094485573627,2
1572,1721.8046626929145,1734.1833710796782,1734.7683640738087,12.37870838676372,0.5849929941304511,12.963701380894236,1
1573,1722.9147684447148,1734.7683640738087,1734.9448408988735,11.853595629093888,0.17647682506480278,12.030072454158699,1
1574,1722.934082542651,1734.9448408988735,1736.6361698195349,12.010758356222595,1.6913289206614697,13.702087276883958,1
1575,1723.4092765557727,1736.6361698195349,1737.038196276888,13.226893263762122,0.40202645735305054,13.628919721115153,1
1576,1723.614045103077,1737.038196276888,1738.904573235924,13.42415117381097,1.866376959036153,15.290528132847157,1
1577,1723.8102434058483,1738.2535739635896,1744.1460065685376,14.44333055774132,5.8924326049479285,20.335763162689318,2
1578,1726.1373008828382,1738.904573235924,1740.0595282199663,12.7672723530859,1.1549549840422766,13.922227337128106,1
1579,1726.3515060273971,1740.0595282199663,1743.8978826675627,13.70802219256916,3.8383544475964055,17.54637664016559,1
1580,1727.5342824142815,1743.8978826675627,1744.3598470462832,16.36360025328122,0.461964378720534,16.825564632001715,1
1581,1728.6860576272143,1744.1460065685376,1744.612335268603,15.459948941323319,0.4663287000652683,15.926277641388651,2
1582,1730.046562038233,1744.3598470462832,1744.750438896691,14.313285008050116,0.39059185040781763,14.703876858457988,1
1583,1731.0357710135227,1744.612335268603,1747.7252895733254,13.576564255080257,3.1129543047224266,16.689518559802764,2
1584,1731.4307226246947,1744.750438896691,1746.01923590251,13.319716271996413,1.2687970058189406,14.58851327781531,1
1585,1733.7919257227818,1746.01923590251,1753.1296188701099,12.227310179728192,7.110382967599779,19.337693147328082,1
1586,1735.2801093737232,1747.7252895733254,1752.338156308746,12.445180199602191,4.61286673542049,17.05804693502273,2
1587,1736.2620375981253,1752.338156308746,1752.8212895238923,16.076118710620676,0.4831332151464673,16.559251925767057,2
1588,1736.6949712191943,1752.8212895238923,1753.62816900145,16.12631830469809,0.8068794775577229,16.933197782255775,2
1589,1742.5212817568345,1753.1296188701099,1755.6768111127083,10.608337113275411,2.5471922425983466,13.155529355873796,1
1590,1744.0212093044101,1753.62816900145,1755.2473018520304,9.606959697039883,1.6191328505804767,11.226092547620283,2
1591,1746.1420451342688,1755.2473018520304,1756.597380168457,9.105256717761677,1.3500783164264984,10.455335034188238,2
1592,1747.7881054956688,1755.6768111127083,1755.8925682571632,7.888705617039477,0.21575714445499256,8.10446276149446,1
1593,1748.5527237953736,1755.8925682571632,1761.5863310865302,7.339844461789653,5.69376282936702,13.033607291156613,1
1594,1751.7594372992621,1756.597380168457,1767.2834254848706,4.837942869194876,10.686045316413573,15.52398818560846,2
1595,1751.814333701823,1761.5863310865302,1761.7914135632145,9.77199738470722,0.20508247668430896,9.97707986139153,1
1596,1752.8848859985724,1761.7914135632145,1768.1641761936542,8.906527564642147,6.372762630439719,15.279290195081785,1
1597,1755.8335339123003,1767.2834254848706,1769.498159595814,11.449891572570323,2.2147341109434784,13.664625683513805,2
1598,1757.0792593160834,1768.1641761936542,1768.7850757694368,11.084916877570777,0.6208995757826009,11.705816453353464,1
1599,1757.944028281189,1768.7850757694368,1772.827128505966,10.841047488247796,4.042052736529045,14.883100224776854,1
1600,1758.7405443512534,1769.498159595814,1769.9827944344158,10.757615244560611,0.4846348386017126,11.24225008316239,2
1601,1759.5845859917833,1769.9827944344158,1770.896960501548,10.398208442632495,0.9141660671321464,11.312374509764595,2
1602,1759.8397079441338,1770.896960501548,1773.745022705993,11.057252557414131,2.8480622044451622,13.905314761859245,2
1603,1761.0579303842303,1772.827128505966,1774.5912806871088,11.769198121735599,1.7641521811429728,13.533350302878489,1
1604,1761.4311738320953,1773.745022705993,1775.6702251468962,12.313848873897768,1.925202440903224,14.239051314800918,2
1605,1761.5316334590054,1774.5912806871088,1774.9691212126033,13.059647228103358,0.3778405254946402,13.437487753597907,1
1606,1762.2907640776157,1774.9691212126033,1775.5921588665074,12.678357134987664,0.6230376539040843,13.301394788891685,1
1607,1763.9905999229604,1775.5921588665074,1777.4654201500118,11.601558943546934,1.873261283504448,13.474820227051396,1
1608,1764.6140159427262,1775.6702251468962,1775.8956028931236,11.056209204170045,0.22537774622744874,11.281586950397468,2
1609,1765.2234080105638,1775.8956028931236,1777.5919851493563,10.67219488255978,1.696382256232815,12.368577138792489,2
1610,1768.5414065730533,1777.4654201500118,1783.850366318883,8.924013576958487,6.3849461688711635,15.308959745829725,1
1611,1768.6846465382648,1777.5919851493563,1780.255264734663,8.907338611091518,2.663279585306577,11.570618196398073,2
1612,1770.5372636422894,1780.255264734663,1780.9327304207325,9.71800109237347,0.6774656860696395,10.395466778443051,2
1613,1776.8110348098771,1780.9327304207325,1787.7329173895296,4.12169561085534,6.800186968797071,10.921882579652447,2
1614,1776.9104677377395,1783.850366318883,1785.3832153609544,6.939898581143552,1.5328490420713528,8.4727476232149,1
1615,1776.9581717203494,1785.3832153609544,1787.4256926488927,8.425043640605054,2.0424772879381536,10.467520928543308,1
1616,1777.0966259350785,1787.4256926488927,1788.4093150439537,10.3290667138142,0.9836223950611073,11.312689108875247,1
1617,1777.1987936443766,1787.7329173895296,1789.2748682360927,10.53412374515301,1.5419508465631198,12.076074591716178,2
1618,1777.4343016564385,1788.4093150439537,1788.6419239143265,10.975013387515219,0.23260887037282807,11.207622257888033,1
1619,1779.0804806515512,1788.6419239143265,1789.5509323324534,9.561443262775356,0.9090084181269047,10.470451680902215,1
1620,1780.1422806500138,1789.2748682360927,1790.4411538544866,9.132587586078898,1.1662856183939228,10.298873204472784,2
1621,1780.3480032154953,1789.5509323324534,1789.9753848106145,9.202929116958103,0.4244524781610463,9.627381595119232,1
1622,1782.5992343753255,1789.9753848106145,1792.6232197158847,7.3761504352889915,2.6478349052702024,10.023985340559193,1
1623,1783.0012074531694,1790.4411538544866,1791.472308465798,7.439946401317229,1.0311546113113343,8.471101012628651,2
1624,1783.609503948081,1791.472308465798,1791.9762232572375,7.862804517716995,0.503914791439442,8.366719309156451,2
1625,1784.4293027492558,1791.9762232572375,1793.8946816203488,7.5469205079816675,1.9184583631113081,9.46537887109298,2
1626,1786.9197458432443,1792.6232197158847,1794.2843863102662,5.703473872640416,1.661166594381563,7.3646404670219,1
1627,1787.8922984923017,1793.8946816203488,1798.8337308446132,6.002383128047086,4.9390492242644255,10.941432352311494,2
1628,1788.1150021845729,1794.2843863102662,1795.5601996008404,6.169384125693341,1.2758132905742146,7.445197416267547,1
1629,1788.3686303250374,1795.5601996008404,1796.2513469508065,7.191569275802976,0.6911473499661199,7.882716625769035,1
1630,1789.1017307101993,1796.2513469508065,1799.25316197031,7.149616240607202,3.0018150195034647,10.151431260110712,1
1631,1790.8479649565793,1798.8337308446132,1807.4240805703246,7.985765888033939,8.590349725711329,16.576115613745287,2
1632,1792.1324012910354,1799.25316197031,1799.9949208766939,7.120760679274554,0.7417589063839702,7.862519585658447,1
1633,1792.3020754829818,1799.9949208766939,1802.7746003456953,7.692845393712105,2.7796794690014113,10.472524862713499,1
1634,1795.3960425277269,1802.7746003456953,1804.1358033561778,7.378557817968385,1.361203010482527,8.739760828450926,1
1635,1796.8685489767308,1804.1358033561778,1804.220721634256,7.2672543794469675,0.08491827807821767,7.352172657525216,1
1636,1797.225133443396,1804.220721634256,1805.2411816283966,6.995588190859962,1.0204599941404369,8.0160481850005,1
1637,1798.041331066853,1805.2411816283966,1806.4960388298944,7.199850561543599,1.2548572014977986,8.45470776304137,1
1638,1799.106308472512,1806.4960388298944,1807.2350106913623,7.389730357382405,0.7389718614678472,8.128702218850322,1
1639,1799.4542082289574,1807.2350106913623,1807.9475066737618,7.780802462404836,0.7124959823996219,8.493298444804395,1
1640,1801.244209655701,1807.4240805703246,1809.6546653795178,6.179870914623507,2.2305848091931684,8.410455723816767,2
1641,1801.5432751635233,1807.9475066737618,1807.9790925239317,6.40423151023856,0.03158585016997413,6.435817360408464,1
1642,1803.54943789811,1807.9790925239317,1812.2868772775269,4.42965462582174,4.3077847535950315,8.737439379416855,1
1643,1804.1139976855022,1809.6546653795178,1810.2140820288807,5.54066769401561,0.5594166493629844,6.100084343378512,2
1644,1804.510094716628,1810.2140820288807,1813.2103625563882,5.703987312252821,2.9962805275074276,8.700267839760272,2
1645,1805.1028067180544,1812.2868772775269,1812.4378641524768,7.184070559472502,0.15098687494981156,7.335057434422424,1
1646,1806.6313823935548,1812.4378641524768,1813.576229161973,5.806481758922018,1.1383650094962838,6.9448467684183015,1
1647,1809.0382150674766,1813.2103625563882,1814.9932410586387,4.172147488911605,1.7828785022504725,5.955025991162074,2
1648,1813.4699458822718,1813.576229161973,1818.0095557243928,0.10628327970130158,4.433326562419881,4.539609842121081,1
1649,1813.989770279662,1814.9932410586387,1821.9541628255145,1.0034707789766344,6.960921766875723,7.964392545852434,2
1650,1814.2972820385246,1818.0095557243928,1819.2663312842394,3.71227368586824,1.256775559846544,4.969049245714814,1
1651,1815.8551759130414,1819.2663312842394,1819.7974594615744,3.4111553711979923,0.5311281773349553,3.9422835485329415,1
1652,1816.8858027641936,1819.7974594615744,1821.2572438680045,2.9116566973807494,1.459784406430131,4.3714411038108665,1
1653,1817.6693801542358,1821.2572438680045,1824.635008113113,3.5878637137686837,3.377764245108387,6.965627958877121,1
1654,1818.2330483654566,1821.9541628255145,1824.0141069365723,3.7211144600578336,2.0599441110577965,5.781058571115636,2
1655,1818.5823988539557,1824.0141069365723,1825.1805947474609,5.431708082616524,1.1664878108887229,6.598195893505135,2
1656,1820.066989708634,1824.635008113113,1825.0925047553098,4.568018404478835,0.45749664219683894,5.025515046675764,1
1657,1820.2667121130792,1825.0925047553098,1825.5258715863981,4.825792642230681,0.43336683108826207,5.2591594733189595,1
1658,1821.6290382451718,1825.1805947474609,1826.2410956842996,3.5515565022890314,1.0605009368387666,4.612057439127739,2
1659,1823.308509517746,1825.5258715863981,1827.7039650311162,2.2173620686521645,2.178093444718225,4.39545551337028,1
1660,1823.4283639934831,1826.2410956842996,1826.8029644079097,2.812731690816463,0.561868723610189,3.3746004144265953,2
1661,1824.4914674472482,1826.8029644079097,1827.3630813749078,2.311496960661543,0.560116966998127,2.8716139276596095,2
1662,1824.6983538144395,1827.3630813749078,1828.3200501893011,2.6647275604682363,0.9569688143934313,3.6216963748615854,2
1663,1825.213905856561,1827.7039650311162,1830.6649465539656,2.490059174555199,2.9609815228492686,5.451040697404551,1
1664,1825.2848926086483,1828.3200501893011,1829.3728849175038,3.0351575806528217,1.0528347282026211,4.087992308855519,2
1665,1826.2860855842437,1829.3728849175038,1829.3858920627365,3.08679933326016,0.013007145232676993,3.0998064784928374,2
1666,1828.3044511959497,1829.3858920627365,1831.1009529540054,1.0814408667868065,1.7150608912689629,2.7965017580556832,2
1667,1828.4052066557704,1830.6649465539656,1835.5706584406876,2.259739898195221,4.9057118867220755,7.165451784917195,1
1668,1828.5874615481737,1831.1009529540054,1831.5877371572567,2.513491405831701,0.48678420325135835,3.000275609083019,2
1669,1831.0361041653266,1831.5877371572567,1834.3131376545148,0.5516329919300915,2.7254004972580597,3.2770334891881703,2
1670,1831.19670721887,1834.3131376545148,1838.8400553678134,3.1164304356448156,4.526917713298738,7.64334814894346,2
1671,1833.4113856932681,1835.5706584406876,1836.8346138787954,2.159272747419436,1.2639554381078366,3.4232281855272504,1
1672,1834.7515671409897,1836.8346138787954,1836.8489694003745,2.0830467378057165,0.014355521579065614,2.0974022593848076,1
1673,1835.2019140354078,1836.8489694003745,1838.8973886430392,1.6470553649667181,2.048419242664709,3.6954746076314677,1
1674,1836.3633961797739,1838.8400553678134,1844.0008449686181,2.476659188039548,5.1607896008047005,7.637448788844267,2
1675,1837.7562927335416,1838.8973886430392,1839.5623384910432,1.1410959094976079,0.6649498480040757,1.806045757501579,1
1676,1837.7768104003055,1839.5623384910432,1841.8588054794081,1.785528090737671,2.2964669883648954,4.081995079102626,1
1677,1839.5041846887934,1841.8588054794081,1844.8908218904608,2.3546207906147174,3.0320164110526076,5.386637201667327,1
1678,1841.0571767055678,1844.0008449686181,1846.2412815714717,2.943668263050313,2.240436602853685,5.184104865903919,2
1679,1842.9022072451821,1844.8908218904608,1846.9793106183236,1.9886146452786306,2.0884887278629005,4.077103373141426,1
1680,1844.251283260266,1846.2412815714717,1846.5036765373713,1.9899983112056816,0.26239496589957373,2.252393277105284,2
1681,1845.0287731394894,1846.5036765373713,1846.5939455180883,1.474903397881917,0.09026898071699027,1.5651723785988452,2
1682,1846.067671566317,1846.5939455180883,1851.4350720267655,0.5262739517713726,4.841126508677249,5.367400460448607,2
1683,1846.921734277464,1846.9793106183236,1850.632606181997,0.05757634085944119,3.6532955636735402,3.710871904532951,1
1684,1847.0317793981385,1850.632606181997,1855.7406552747557,3.6008267838585652,5.108049092758597,8.708875876617185,1
1685,1848.4232302767616,1851.4350720267655,1852.3363603625999,3.011841750003896,0.9012883358342755,3.9131300858382474,2
1686,1851.2446775019812,1852.3363603625999,1853.849434227562,1.0916828606186755,1.5130738649619513,2.604756725580728,2
1687,1851.8947801042523,1853.849434227562,1854.1290246223539,1.9546541233096377,0.27959039479194064,2.2342445181016046,2
1688,1852.3385815819358,1854.1290246223539,1857.7147095862872,1.7904430404180403,3.5856849639333386,5.376128004351358,2
1689,1853.0440076024836,1855.7406552747557,1855.8765095631816,2.6966476722720927,0.1358542884259521,2.832501960697982,1
1690,1854.083740902911,1855.8765095631816,1864.950203035145,1.7927686602706672,9.073693471963523,10.866462132234119,1
1691,1855.8610810180624,1857.7147095862872,1860.686415774697,1.853628568224849,2.9717061884097395,4.825334756634675,2
1692,1856.6143655155938,1860.686415774697,1861.795146358522,4.072050259103207,1.1087305838251296,5.180780842928243,2
1693,1857.378304914047,1861.795146358522,1864.718033052862,4.41684144447504,2.922886694339959,7.339728138814962,2
1694,1857.4293982620845,1864.718033052862,1867.0384752774141,7.288634790777451,2.3204422245521337,9.609077015329603,2
1695,1857.478518325951,1864.950203035145,1868.470895726912,7.471684709194051,3.5206926917669676,10.992377400961004,1
1696,1858.7786891916323,1867.0384752774141,1867.8253373916255,8.259786085781798,0.7868621142113423,9.046648199993115,2
1697,1861.1672453648935,1867.8253373916255,1873.6968477892835,6.6580920267319925,5.871510397658054,12.529602424390077,2
1698,1861.9646220087288,1868.470895726912,1869.83571661165,6.506273718183138,1.364820884738077,7.8710946029211755,1
1699,1862.066686482912,1869.83571661165,1870.4128715733505,7.769030128737995,0.57715496170036,8.34618509043844,1
1700,1863.8990000085278,1870.4128715733505,1871.2814293017211,6.5138715648226935,0.8685577283706944,7.382429293193354,1
1701,1865.5665422143504,1871.2814293017211,1874.9220188072138,5.714887087370698,3.6405895054926396,9.355476592863397,1
1702,1865.8841442527687,1873.6968477892835,1876.4756754471223,7.812703536514846,2.7788276578388014,10.591531194353593,2
1703,1866.0204864705097,1874.9220188072138,1876.5938439460933,8.901532336704122,1.6718251388794025,10.573357475583634,1
1704,1867.2438894099112,1876.4756754471223,1877.5253982254308,9.231786037211123,1.049722778308418,10.2815088155196,2
1705,1868.4506775096042,1876.5938439460933,1876.9265101799015,8.143166436489082,0.33266623380812177,8.475832670297223,1
1706,1868.8514397907293,1876.9265101799015,1881.772704274002,8.075070389172197,4.846194094100719,12.921264483272807,1
1707,1869.692359240233,1877.5253982254308,1878.9732182027356,7.833038985197845,1.4478199773049005,9.280858962502634,2
1708,1870.1810087183858,1878.9732182027356,1880.5929790527946,8.792209484349769,1.6197608500590372,10.411970334408807,2
1709,1870.9247997451348,1880.5929790527946,1880.5986841650654,9.668179307659784,0.0057051122708041795,9.673884419930573,2
1710,1874.010817997312,1880.5986841650654,1881.0472536136083,6.587866167753418,0.44856944854294584,7.03643561629633,2
1711,1875.4724568641136,1881.0472536136083,1882.6934290265185,5.574796749494681,1.6461754129101507,7.220972162404905,2
1712,1875.7790572994063,1881.772704274002,1886.3915502542884,5.9936469745957766,4.618845980286386,10.6124929548821,1
1713,1876.388022465682,1882.6934290265185,1886.806891922723,6.305406560836445,4.113462896204454,10.418869457040955,2
1714,1876.5429594220034,1886.3915502542884,1886.5758083542466,9.848590832285026,0.1842580999582613,10.032848932243269,1
1715,1877.6780155194651,1886.5758083542466,1887.2961079101715,8.897792834781512,0.7202995559247404,9.618092390706352,1
1716,1879.0402554283223,1886.806891922723,1887.5204071934409,7.7666364944007,0.7135152707178017,8.480151765118535,2
1717,1880.6101744596356,1887.2961079101715,1888.055376103564,6.685933450535913,0.7592681933924814,7.445201643928385,1
1718,1880.6292221391238,1887.5204071934409,1888.5862811136092,6.89118505431702,1.0658739201684118,7.957058974485335,2
1719,1883.5255843187458,1888.055376103564,1894.5767415694916,4.529791784818144,6.521365465927687,11.051157250745746,1
1720,1884.200685134793,1888.5862811136092,1890.1953226926307,4.385595978816127,1.609041579021635,5.994637557837677,2
1721,1884.8033630555922,1890.1953226926307,1890.947617671747,5.391959637038553,0.7522949791162649,6.14425461615474,2
1722,1885.3162790769359,1890.947617671747,1891.2178697457239,5.631338594811041,0.2702520739768829,5.901590668788003,2
1723,1885.5032444080093,1891.2178697457239,1891.4664436147966,5.714625337714551,0.24857386907270246,5.963199206787294,2
1724,1887.7436263053794,1891.4664436147966,1894.269313628209,3.7228173094172234,2.802870013412407,6.525687322829526,2
1725,1889.066292114054,1894.269313628209,1897.831929252307,5.203021514154898,3.562615624098013,8.765637138252941,2
1726,1890.4730628702318,1894.5767415694916,1895.6739951360016,4.103678699259717,1.0972535665099654,5.200932265769779,1
1727,1891.2838782756708,1895.6739951360016,1896.3431175936296,4.390116860330863,0.6691224576280022,5.059239317958827,1
1728,1891.9396304228706,1896.3431175936296,1897.1074254861953,4.4034871707590355,0.7643078925658306,5.167795063324775,1
1729,1892.2501564643069,1897.1074254861953,1901.2292057486766,4.857269021888442,4.121780262481179,8.979049284369694,1
1730,1893.2106161764552,1897.831929252307,1898.9119953875986,4.621313075851731,1.080066135291653,5.701379211143376,2
1731,1893.84891556927,1898.9119953875986,1899.535923540582,5.063079818328561,0.6239281529833737,5.687007971311914,2
1732,1898.6173471119143,1899.535923540582,1901.545743723421,0.9185764286676203,2.009820182839087,2.9283966115067415,2
1733,1898.8410008943606,1901.2292057486766,1904.1686573171971,2.3882048543159726,2.939451568520568,5.327656422836526,1
1734,1899.122957454223,1901.545743723421,1905.3671341791262,2.4227862691980135,3.8213904557052047,6.244176724903127,2
1735,1899.5609192855516,1904.1686573171971,1906.1627963804242,4.607738031645567,1.9941390632271583,6.601877094872634,1
1736,1903.0744517582784,1905.3671341791262,1905.5138021105447,2.2926824208477683,0.14666793141846024,2.439350352266274,2
1737,1903.671574889029,1905.5138021105447,1906.2777745786632,1.8422272215157136,0.7639724681184014,2.6061996896341952,2
1738,1904.4356440778304,1906.1627963804242,1907.978456085393,1.7271523025938222,1.8156597049687064,3.5428120075625884,1
1739,1906.7500963022414,1906.7500963022414,1906.8831653010245,0.0,0.13306899878314532,0.13306899878307377,2
1740,1906.9868843545369,1906.9868843545369,1908.7391562432033,0.0,1.7522718886663278,1.752271888666428,2
1741,1908.3683230445997,1908.3683230445997,1908.9467687398208,0.0,0.5784456952209542,0.5784456952210348,1
1742,1909.1257161493215,1909.1257161493215,1913.0779440251872,0.0,3.952227875865714,3.952227875865674,1
1743,1909.4343427895615,1909.4343427895615,1911.151250718189,0.0,1.716907928627418,1.7169079286275064,2
1744,1909.6975539413218,1911.151250718189,1914.3816573917377,1.4536967768672184,3.2304066735487806,4.6841034504159325,2
1745,1909.867069234445,1913.0779440251872,1915.233651003957,3.2108747907423094,2.155706978769809,5.366581769512095,1
1746,1910.3266229749283,1914.3816573917377,1916.4396079801477,4.055034416809349,2.057950588409898,6.112985005219343,2
1747,1910.7075624022661,1915.233651003957,1915.7934244953253,4.526088601690844,0.5597734913683583,5.085862093059177,1
1748,1914.2578655885188,1915.7934244953253,1920.224734655747,1.5355589068065,4.431310160421684,5.966869067228117,1
1749,1914.8510243794876,1916.4396079801477,1921.704541160082,1.5885836006600584,5.26493317993444,6.853516780594418,2
1750,1916.341625893673,1920.224734655747,1925.444114815244,3.8831087620740163,5.219380159497017,9.102488921570966,1
1751,1916.5303014430558,1921.704541160082,1923.0621271253556,5.174239717026239,1.3575859652734688,6.531825682299768,2
1752,1917.6395729401188,1923.0621271253556,1924.5196143677288,5.422554185236777,1.4574872423732326,6.880041427609967,2
1753,1918.0384462457805,1924.5196143677288,1925.151929075189,6.481168121948258,0.6323147074602766,7.11348282940844,2
1754,1920.799900959066,1925.151929075189,1926.8433884706226,4.352028116122938,1.6914593954337307,6.043487511556577,2
1755,1924.3124289279247,1925.444114815244,1926.2290504364903,1.131685887319236,0.7849356212464719,1.9166215085656404,1
1756,1924.315305806893,1926.2290504364903,1929.5476819573034,1.913744629597204,3.3186315208130344,5.232376150410346,1
1757,1924.526487282334,1926.8433884706226,1931.9246193795407,2.3169011882885115,5.081230908918012,7.398132097206599,2
1758,1925.635583692753,1929.5476819573034,1931.1976059575413,3.9120982645504228,1.6499240002377782,5.562022264788311,1
1759,1928.6956643814497,1931.1976059575413,1931.7375614451967,2.5019415760916672,0.5399554876553634,3.041897063747001,1
1760,1930.1141770586928,1931.7375614451967,1931.8892162784346,1.623384386503858,0.1516548332379463,1.7750392197417568,1
1761,1930.7048040391287,1931.8892162784346,1932.381162971635,1.184412239305857,0.49194669320028256,1.6763589325062185,1
1762,1932.2911953875778,1932.2911953875778,1932.5453337858744,0.0,0.25413839829654533,0.2541383982966181,2
1763,1932.8068841363151,1932.8068841363151,1934.1233711974814,0.0,1.3164870611663666,1.316487061166299,1
1764,1933.5537285114708,1933.5537285114708,1934.412872904698,0.0,0.8591443932271999,0.8591443932270977,2
1765,1933.7405279177244,1934.1233711974814,1934.2391869367411,0.3828432797570258,0.11581573925960677,0.4986590190167135,1
1766,1937.2317290563858,1937.2317290563858,1937.8524535602544,0.0,0.6207245038685248,0.6207245038685869,1
1767,1937.682041387237,1937.682041387237,1940.0325812247959,0.0,2.3505398375588418,2.3505398375589266,2
1768,1945.0532058969065,1945.0532058969065,1945.5102545742186,0.0,0.4570486773119573,0.4570486773120592,1
1769,1946.0617519392206,1946.0617519392206,1947.9463405635329,0.0,1.8845886243122376,1.8845886243123005,1
1770,1946.2760897595647,1946.2760897595647,1950.447119065554,0.0,4.171029305989312,4.17102930598935,2
1771,1947.05766910873,1947.9463405635329,1948.192454158948,0.8886714548029886,0.2461135954152417,1.13478505021817,1
1772,1948.5670346091536,1948.5670346091536,1948.7508447175173,0.0,0.18381010836377162,0.18381010836378664,1
1773,1948.89153565145,1948.89153565145,1949.2896074787589,0.0,0.3980718273086899,0.39807182730874047,1
1774,1951.0532169840083,1951.0532169840083,1951.685985571858,0.0,0.6327685878498808,0.632768587849796,1
1775,1951.271904902766,1951.271904902766,1952.221102708619,0.0,0.9491978058528631,0.9491978058529185,2
1776,1953.2775814458732,1953.2775814458732,1954.0778435815334,0.0,0.8002621356602198,0.8002621356602049,1
1777,1953.3669743447053,1953.3669743447053,1955.2560272702422,0.0,1.8890529255368604,1.8890529255368165,2
1778,1953.6669764411556,1954.0778435815334,1954.8045523508893,0.4108671403778317,0.7267087693557492,1.1375759097336413,1
1779,1953.6903473478912,1954.8045523508893,1962.391816924205,1.1142050029980055,7.587264573315607,8.701469576313684,1
1780,1956.360748035868,1956.360748035868,1957.8603117846128,0.0,1.4995637487448048,1.4995637487447766,2
1781,1956.5761876106928,1957.8603117846128,1961.5140362773534,1.2841241739199631,3.65372449274068,4.937848666660557,2
1782,1956.7694783639288,1961.5140362773534,1962.5265177301737,4.7445579134246145,1.0124814528202695,5.757039366244953,2
1783,1958.9286235605525,1962.391816924205,1962.8231666328068,3.463193363652408,0.4313497086017775,3.894543072254237,1
1784,1959.3716686532398,1962.5265177301737,1963.5864114726185,3.1548490769339423,1.0598937424447794,4.214742819378671,2
1785,1960.1385321677933,1962.8231666328068,1966.327388322215,2.6846344650134597,3.5042216894082467,6.188856154421728,1
1786,1962.4668131387402,1963.5864114726185,1966.6539464152463,1.1195983338782298,3.067534942627775,4.187133276506074,2
1787,1963.2170046490194,1966.327388322215,1972.504035343571,3.1103836731956562,6.176647021356088,9.287030694551731,1
1788,1963.965691008973,1966.6539464152463,1967.62138082833,2.688255406273356,0.9674344130838458,3.6556898193571215,2
1789,1965.3332705908433,1967.62138082833,1968.3800911365424,2.2881102374867623,0.7587103082123312,3.04682054569912,2
1790,1966.300267866903,1968.3800911365424,1970.2044876918853,2.079823269639519,1.8243965553429227,3.9042198249824196,2
1791,1966.3477360345157,1970.2044876918853,1971.56219496482,3.856751657369614,1.3577072729347996,5.214458930304318,2
1792,1967.0191143564846,1971.56219496482,1973.3856733014343,4.543080608335458,1.8234783366142218,6.366558944949702,2
1793,1969.8607265809371,1972.504035343571,1973.7770887348531,2.6433087626339784,1.2730533912819475,3.9163621539159976,1
1794,1970.6963015674512,1973.3856733014343,1978.2813953963944,2.68937173398308,4.895722094960174,7.585093828943172,2
1795,1971.6829073949743,1973.7770887348531,1974.1256211090174,2.094181339878787,0.3485323741643061,2.442713714043066,1
1796,1971.805054473601,1974.1256211090174,1976.8567112509147,2.3205666354162986,2.7310901418972424,5.05165677731361,1
1797,1973.6889631775186,1976.8567112509147,1978.0805190184938,3.1677480733960692,1.2238077675790446,4.391555840975116,1
1798,1973.709750469097,1978.0805190184938,1978.5663603317046,4.370768549396871,0.4858413132109153,4.856609862607684,1
1799,1973.8699376884679,1978.2813953963944,1978.4465603408082,4.411457707926502,0.16516494441394253,4.5766226523403475,2
1800,1973.8970199950836,1978.4465603408082,1978.5677523345264,4.549540345724608,0.12119199371823133,4.670732339442793,2
1801,1974.6604252050417,1978.5663603317046,1978.7457605589364,3.9059351266628255,0.17940022723169605,4.085335353894607,1
1802,1975.2741901978122,1978.5677523345264,1978.8873313390434,3.293562136714172,0.3195790045168907,3.6131411412311536,2
1803,1977.6895023504317,1978.7457605589364,1979.0830063004041,1.056258208504687,0.33724574146771236,1.3935039499724553,1
1804,1978.0214056916366,1978.8873313390434,1981.0322176470268,0.8659256474068115,2.144886307983329,3.0108119553901815,2
1805,1978.963771117867,1979.0830063004041,1981.5836362845819,0.11923518253706789,2.5006299841778588,2.619865166714817,1
1806,1979.8495804120155,1981.0322176470268,1983.3111456091988,1.1826372350112706,2.278927962172054,3.4615651971832904,2
1807,1982.1914925207843,1982.1914925207843,1983.1280302428004,0.0,0.9365377220161624,0.9365377220160553,1
1808,1983.3685599145256,1983.3685599145256,1988.944725746219,0.0,5.576165831693514,5.576165831693515,1
1809,1983.3761577032324,1983.3761577032324,1984.0610532377227,0.0,0.6848955344903815,0.6848955344903516,2
1810,1984.4203921328408,1984.4203921328408,1985.7219411158014,0.0,1.3015489829607079,1.3015489829606395,2
1811,1985.14841373584,1985.7219411158014,1986.1433602775467,0.5735273799614333,0.42141916174516425,0.9949465417066676,2
1812,1985.26955688161,1986.1433602775467,1987.3574855835618,0.8738033959366476,1.2141253060151431,2.087928701951796,2
1813,1987.492644939065,1987.492644939065,1988.6092836296377,0.0,1.1166386905725874,1.1166386905726995,2
1814,1987.8973514713653,1988.6092836296377,1989.935388417223,0.7119321582724751,1.3261047875854441,2.0380369458578116,2
1815,1988.695459487369,1988.944725746219,1989.5945746635578,0.24926625885018439,0.649848917338737,0.8991151761888432,1
1816,1989.0421014198535,1989.5945746635578,1990.8092478189942,0.5524732437042985,1.2146731554364487,1.7671463991407563,1
1817,1989.7320898016703,1989.935388417223,1990.058929468476,0.20329861555273965,0.12354105125295708,0.3268396668056539,2
1818,1991.2965841622315,1991.2965841622315,1991.496999228714,0.0,0.20041506648247545,0.20041506648249197,1
1819,1991.3959726915284,1991.3959726915284,1994.1036468336852,0.0,2.7076741421567134,2.7076741421567476,2
1820,1991.7480873538243,1991.7480873538243,1992.0883612616885,0.0,0.34027390786415745,0.34027390786422984,1
1821,1993.1594974979962,1993.1594974979962,1993.3045396065324,0.0,0.14504210853632293,0.145042108536245,1
1822,1993.3731196897743,1993.3731196897743,1993.6957857912535,0.0,0.322666101479237,0.32266610147917163,1
1823,1993.6843297976015,1993.6957857912535,1994.183574251498,0.011455993651907193,0.4877884602444805,0.49924445389638095,1
1824,1994.2311081400169,1994.2311081400169,1996.1245864249322,0.0,1.8934782849153136,1.893478284915318,1
1825,1995.1681695072662,1995.1681695072662,1995.429259888793,0.0,0.26109038152676256,0.2610903815268557,2
1826,1999.4536484782736,1999.4536484782736,1999.9016075185277,0.0,0.44795904025408795,0.4479590402540907,1
1827,2000.2235225002814,2000.2235225002814,2002.99441156956,0.0,2.7708890692785775,2.77088906927861,1
1828,2001.3669737485707,2001.3669737485707,2001.4378061702514,0.0,0.07083242168079504,0.07083242168073411,2
1829,2002.1567260094166,2002.1567260094166,2002.8877093109804,0.0,0.7309833015637586,0.7309833015638105,2
1830,2003.1030940963904,2003.1030940963904,2003.8603685169626,0.0,0.757274420572338,0.7572744205722302,1
1831,2003.273172572733,2003.273172572733,2004.6400306677951,0.0,1.3668580950620046,1.3668580950620708,2
1832,2004.2995371420882,2004.2995371420882,2004.3571747731555,0.0,0.05763763106738821,0.05763763106733677,1
1833,2004.8136846207774,2004.8136846207774,2005.844426364514,0.0,1.0307417437365785,1.0307417437365984,1
1834,2005.396658673751,2005.396658673751,2007.491615651152,0.0,2.0949569774008183,2.094956977400898,2
1835,2005.9894548479867,2005.9894548479867,2006.4238456696241,0.0,0.43439082163729725,0.4343908216374075,1
1836,2006.4322857040875,2006.4322857040875,2008.115253042636,0.0,1.682967338548443,1.6829673385484512,1
1837,2009.3503372875562,2009.3503372875562,2009.450024883218,0.0,0.0996875956618815,0.09968759566186236,1
1838,2015.1051014668085,2015.1051014668085,2015.3784668606015,0.0,0.2733653937930304,0.2733653937930285,1
1839,2016.204082262846,2016.204082262846,2019.041527585237,0.0,2.8374453223910026,2.837445322390977,1
1840,2016.3450194645134,2016.3450194645134,2022.2713524219153,0.0,5.926332957401871,5.926332957401883,2
1841,2017.0124400431646,2019.041527585237,2019.4882337903828,2.029087542072375,0.446706205145841,2.4757937472181766,1
1842,2017.1520987755696,2019.4882337903828,2019.8778395676027,2.3361350148131805,0.3896057772198892,2.7257407920330934,1
1843,2017.6981203482478,2019.8778395676027,2022.0712924040497,2.1797192193548653,2.1934528364470096,4.373172055801888,1
1844,2019.0444820377752,2022.0712924040497,2023.4498032593544,3.0268103662745034,1.3785108553047272,4.405321221579243,1
1845,2019.7823422357458,2022.2713524219153,2022.8348584290559,2.48901018616948,0.5635060071407219,3.0525161933101117,2
1846,2020.1282000804479,2022.8348584290559,2023.8909969993558,2.7066583486080162,1.0561385702999415,3.762796918907952,2
1847,2023.5870707095821,2023.5870707095821,2025.091345311523,0.0,1.5042746019408832,1.5042746019407787,1
1848,2023.9814141783859,2023.9814141783859,2027.5771824399633,0.0,3.5957682615773185,3.5957682615774047,2
1849,2024.0190683178205,2025.091345311523,2026.1900184474057,1.0722769937024168,1.0986731358827806,2.170950129585208,1
1850,2024.501185760518,2026.1900184474057,2027.2060129179679,1.6888326868877357,1.0159944705621986,2.7048271574499267,1
1851,2027.0745104241398,2027.2060129179679,2030.338623478768,0.13150249382806578,3.132610560800231,3.2641130546282966,1
1852,2030.8468841928886,2030.8468841928886,2031.9896139887078,0.0,1.1427297958192228,1.1427297958191502,1
1853,2033.6147272071973,2033.6147272071973,2035.801089984199,0.0,2.186362777001745,2.1863627770017047,1
1854,2035.1758020453253,2035.1758020453253,2037.405151164437,0.0,2.2293491191117605,2.2293491191117027,2
1855,2035.2465130993899,2035.801089984199,2039.1234488712535,0.5545768848091939,3.322358887054413,3.8769357718636,1
1856,2035.5935637363605,2037.405151164437,2037.4144130353318,1.8115874280765638,0.009261870894826059,1.820849298971325,2
1857,2039.2389247380954,2039.2389247380954,2045.7131919030667,0.0,6.474267164971275,6.474267164971252,1
1858,2039.3048938771256,2039.3048938771256,2043.041737447464,0.0,3.736843570338418,3.736843570338351,2
1859,2040.9431092577202,2043.041737447464,2043.5061743404456,2.0986281897437493,0.4644368929816753,2.5630650827254158,2
1860,2041.0398084746816,2043.5061743404456,2044.4789569263992,2.466365865763919,0.9727825859535619,3.4391484517175286,2
1861,2043.405545733881,2044.4789569263992,2046.9198363888447,1.0734111925182788,2.4408794624456154,3.5142906549638155,2
1862,2047.5287453368028,2047.5287453368028,2052.0540028894447,0.0,4.525257552641881,4.5252575526419605,1
1863,2048.378298289263,2048.378298289263,2050.2856778794535,0.0,1.907379590190611,1.9073795901904305,2
1864,2048.5504701356303,2050.2856778794535,2050.7964891015567,1.735207743823139,0.5108112221032002,2.246018965926396,2
1865,2048.8275214876576,2050.7964891015567,2052.517063012632,1.9689676138991672,1.7205739110752454,3.6895415249746293,2
1866,2050.107751770894,2052.0540028894447,2057.0659900564383,1.9462511185506628,5.011987166993329,6.958238285544212,1
1867,2053.443022474012,2053.443022474012,2054.507155679594,0.0,1.0641332055814887,1.0641332055815838,2
1868,2053.9378515094472,2054.507155679594,2054.8514401764046,0.5693041701465518,0.3442844968107263,0.9135886669573665,2
1869,2056.277589910993,2056.277589910993,2056.8437754468905,0.0,0.5661855358974239,0.5661855358976027,2
1870,2056.2991154404444,2056.8437754468905,2059.2230998043424,0.5446600064460654,2.3793243574518312,2.9239843638979437,2
1871,2056.776064147096,2057.0659900564383,2060.2161676815995,0.2899259093424007,3.1501776251612963,3.440103534503578,1
1872,2058.5644692744077,2059.2230998043424,2059.3971510622437,0.6586305299347259,0.17405125790109774,0.8326817878360089,2
1873,2064.087948045964,2064.087948045964,2069.2391460770564,0.0,5.151198031092365,5.151198031092463,1
1874,2064.8337755628986,2064.8337755628986,2065.107310862272,0.0,0.27353529937321197,0.27353529937317944,2
1875,2065.220536679107,2065.220536679107,2065.36269545063,0.0,0.14215877152280273,0.1421587715226451,2
1876,2065.7118764847505,2065.7118764847505,2066.096107651507,0.0,0.3842311667563937,0.3842311667563081,2
1877,2066.0494352198343,2066.096107651507,2069.7971392363747,0.0466724316725049,3.7010315848678292,3.7477040165404105,2
1878,2067.0889037574357,2069.2391460770564,2071.240202825182,2.150242319620702,2.0010567481260253,4.1512990677465496,1
1879,2067.488302728516,2069.7971392363747,2072.5564511898665,2.308836507858814,2.7593119534915544,5.0681484613505745,2
1880,2068.9511221938988,2071.240202825182,2072.210248805171,2.2890806312834684,0.9700459799885296,3.2591266112722224,1
1881,2069.5411104224563,2072.210248805171,2076.8724165330295,2.6691383827146637,4.662167727858554,7.331306110573223,1
1882,2070.834312228238,2072.5564511898665,2074.4083871335733,1.7221389616283886,1.8519359437067278,3.5740749053352374,2
1883,2070.8384011476774,2074.4083871335733,2074.9869817193535,3.5699859858959826,0.578594585780027,4.148580571676121,2
1884,2073.45185508633,2074.9869817193535,2076.19261430003,1.5351266330235376,1.2056325806767056,2.74075921370013,2
1885,2074.4418747826867,2076.19261430003,2077.845594616146,1.7507395173433906,1.6529803161161354,3.4037198334594905,2
1886,2074.5752535985807,2076.8724165330295,2078.7448597237467,2.2971629344488065,1.8724431907173351,4.169606125165956,1
1887,2075.148217340768,2077.845594616146,2079.3082599399045,2.6973772753781304,1.4626653237583407,4.160042599136432,2
1888,2077.2943771848168,2078.7448597237467,2079.771276260301,1.4504825389299185,1.0264165365542268,2.476899075484198,1
1889,2079.314391055104,2079.314391055104,2081.040044229462,0.0,1.7256531743581556,1.7256531743582855,2
1890,2079.315629205753,2079.771276260301,2081.1311352189346,0.45564705454808063,1.359858958633643,1.8155060131816754,1
1891,2082.913267952948,2082.913267952948,2083.327932774626,0.0,0.41466482167772667,0.41466482167788854,1
1892,2083.5222740977897,2083.5222740977897,2085.8063291255457,0.0,2.284055027755926,2.2840550277560396,1
1893,2083.53098204838,2083.53098204838,2084.913572720831,0.0,1.3825906724510544,1.3825906724509878,2
1894,2083.831662842382,2084.913572720831,2086.57685335557,1.0819098784490961,1.6632806347392652,2.7451905131883905,2
1895,2084.451045581017,2085.8063291255457,2087.066445273177,1.355283544528902,1.2601161476314706,2.615399692160281,1
1896,2086.5882896893495,2086.5882896893495,2087.5575830987304,0.0,0.9692934093808461,0.9692934093809527,2
1897,2087.175380163953,2087.175380163953,2090.5097438199173,0.0,3.3343636559642413,3.334363655964353,1
1898,2090.650789045772,2090.650789045772,2095.0309826872967,0.0,4.3801936415250005,4.380193641524784,1
1899,2090.835772391061,2090.835772391061,2091.3514693346856,0.0,0.515696943624591,0.5156969436247891,2
1900,2092.0763991725726,2092.0763991725726,2093.866162326059,0.0,1.789763153486661,1.7897631534865468,2
1901,2092.389878210491,2093.866162326059,2097.13791953363,1.476284115567978,3.2717572075707597,4.74804132313875,2
1902,2095.7521296889827,2095.7521296889827,2096.3654480889177,0.0,0.6133183999352132,0.6133183999349967,1
1903,2096.035622613372,2096.3654480889177,2099.271015447522,0.32982547554547637,2.9055673586042863,3.235392834149934,1
1904,2096.6886010933467,2097.13791953363,2100.2516853921775,0.44931844028315027,3.113765858547696,3.563084298830745,2
1905,2098.0151781188333,2099.271015447522,2103.2311801592314,1.2558373286888127,3.9601647117094227,5.2160020403980525,1
1906,2098.209767487927,2100.2516853921775,2103.9148186172292,2.0419179042505675,3.6631332250516593,5.705051129302319,2
1907,2102.184577059356,2103.2311801592314,2104.425888145966,1.0466030998754832,1.1947079867344628,2.2413110866100396,1
1908,2102.897457379238,2103.9148186172292,2105.346566980933,1.017361237991281,1.4317483637037187,2.4491096016949996,2
1909,2103.32487489286,2104.425888145966,2104.6785344363434,1.1010132531059753,0.2526462903775494,1.3536595434834453,1
1910,2103.953816591505,2104.6785344363434,2105.2956537175196,0.7247178448383238,0.6171192811761406,1.341837126014525,1
1911,2107.2780266032387,2107.2780266032387,2107.6927929871117,0.0,0.41476638387321296,0.41476638387302955,1
1912,2107.3791211168605,2107.3791211168605,2107.9359676054405,0.0,0.5568464885802592,0.5568464885800495,2
1913,2107.7266335870668,2107.7266335870668,2107.9632004835926,0.0,0.23656689652594975,0.23656689652580098,1
1914,2108.911055675557,2108.911055675557,2111.2964087419296,0.0,2.385353066372744,2.3853530663727724,1
1915,2109.236500174504,2109.236500174504,2109.6173875166182,0.0,0.38088734211451897,0.3808873421144199,2
1916,2109.5359213869524,2109.6173875166182,2111.026853220726,0.08146612966584144,1.4094657041076772,1.4909318337736295,2
1917,2109.9387362202037,2111.026853220726,2114.5592031872793,1.0881170005222884,3.5323499665530838,4.620466967075572,2
1918,2110.57765062289,2111.2964087419296,2111.5684315292033,0.7187581190396486,0.2720227872735597,0.9907809063133755,1
1919,2111.024306718577,2111.5684315292033,2112.8218694048196,0.5441248106262719,1.2534378756164624,1.7975626862425997,1
1920,2112.357884480819,2112.8218694048196,2115.372597127891,0.4639849240006697,2.5507277230711196,3.014712647071974,1
1921,2112.453334892451,2114.5592031872793,2123.161814281944,2.1058682948282694,8.602611094664354,10.708479389492823,2
1922,2114.728019004423,2115.372597127891,2120.2440741685873,0.6445781234679089,4.871477040696456,5.5160551641643,1
1923,2114.942113282771,2120.2440741685873,2123.808804407808,5.301960885816243,3.564730239220808,8.86669112503705,1
1924,2115.983396976476,2123.161814281944,2125.9218425273903,7.178417305467974,2.7600282454463607,9.938445550914366,2
1925,2116.371589846449,2123.808804407808,2123.8952075085244,7.437214561359269,0.08640310071616379,7.523617662075594,1
1926,2116.850414384098,2123.8952075085244,2124.1041629232755,7.044793124426633,0.20895541475112192,7.25374853917765,1
1927,2116.9131796703577,2124.1041629232755,2125.194345764997,7.190983252917704,1.0901828417215529,8.281166094639048,1
1928,2117.5330883603838,2125.194345764997,2132.143088195603,7.661257404613025,6.948742430606385,14.609999835219242,1
1929,2118.1546521424125,2125.9218425273903,2126.2179833398836,7.767190384977766,0.29614081249345037,8.063331197471143,2
1930,2118.1941158635846,2126.2179833398836,2127.2340003528398,8.023867476299074,1.016017012956201,9.0398844892552,2
1931,2119.3569071521533,2127.2340003528398,2131.85184679414,7.877093200686431,4.6178464413002835,12.494939641986548,2
1932,2120.6922484960623,2131.85184679414,2133.0101352522342,11.159598298077526,1.1582884580942383,12.317886756171902,2
1933,2122.0061191894006,2132.143088195603,2132.2630072700194,10.136969006202435,0.1199190744164245,10.256888080618864,1
1934,2122.3920115414335,2132.2630072700194,2134.2858714602835,9.870995728585967,2.022864190264232,11.893859918850012,1
1935,2123.0354278476416,2133.0101352522342,2134.7764362744183,9.974707404592664,1.766301022183872,11.741008426776716,2
1936,2123.2985184451604,2134.2858714602835,2134.4398753880696,10.987353015123063,0.15400392778605043,11.14135694290917,1
1937,2123.440783706061,2134.4398753880696,2135.353172238906,10.999091682008384,0.9132968508365736,11.912388532844943,1
1938,2123.6031455371417,2134.7764362744183,2137.3815522884342,11.173290737276602,2.605116014015767,13.77840675129255,2
1939,2126.419531554935,2135.353172238906,2135.766566983143,8.933640683971134,0.4133947442368859,9.347035428208073,1
1940,2127.3466540946797,2135.766566983143,2136.8747493217934,8.419912888463386,1.1081823386500675,9.528095227113681,1
1941,2127.669140332612,2136.8747493217934,2140.3806938804037,9.2056089891812,3.5059445586104494,12.711553547791482,1
1942,2127.837611696904,2137.3815522884342,2138.5947351965465,9.543940591530372,1.21318290811211,10.757123499642603,2
1943,2128.5186576928872,2138.5947351965465,2139.6383108330815,10.076077503659235,1.0435756365349813,11.11965314019426,2
1944,2128.543761602697,2139.6383108330815,2141.6957662930013,11.094549230384473,2.057455459919552,13.152004690304238,2
1945,2131.625938452091,2140.3806938804037,2140.4137832453052,8.75475542831282,0.03308936490164081,8.78784479321439,1
1946,2132.711903873924,2140.4137832453052,2141.4024800166508,7.7018793713814375,0.9886967713454762,8.690576142726968,1
1947,2132.7462358429075,2141.4024800166508,2143.129639862262,8.65624417374329,1.72715984561126,10.383404019354657,1
1948,2135.5334770164704,2141.6957662930013,2143.6935144324398,6.162289276530828,1.997748139438576,8.160037415969327,2
1949,2136.6234604148535,2143.129639862262,2143.2542613061587,6.506179447408613,0.12462144389648096,6.630800891305171,1
1950,2137.0608407727705,2143.2542613061587,2145.3390698676562,6.193420533388235,2.0848085614977316,8.278229094885774,1
1951,2137.316712261183,2143.6935144324398,2146.1747115650624,6.376802171256713,2.4811971326224,8.857999303879296,2
1952,2141.227247065216,2145.3390698676562,2145.7487412582104,4.1118228024402015,0.409671390554153,4.521494192994396,1
1953,2143.114836229778,2145.7487412582104,2145.793573053203,2.6339050284323093,0.0448317949926996,2.6787368234249698,1
1954,2144.78415847662,2145.793573053203,2150.3530014270173,1.0094145765829126,4.559428373813973,5.568842950397084,1
1955,2145.4228303924797,2146.1747115650624,2147.4925641020427,0.7518811725826708,1.3178525369802265,2.0697337095630246,2
1956,2145.870765320667,2147.4925641020427,2148.6282886977765,1.6217987813756736,1.1357245957336526,2.7575233771094645,2
1957,2146.463627245833,2148.6282886977765,2151.959180136459,2.16466145194363,3.3308914386826385,5.495552890626186,2
1958,2147.6735343820164,2150.3530014270173,2151.610202865708,2.67946704500082,1.2572014386907164,3.936668483691392,1
1959,2148.6828771167984,2151.610202865708,2152.7512631542936,2.927325748909425,1.141060288585593,4.068386037495202,1
1960,2152.2397666148495,2152.2397666148495,2158.101686300028,0.0,5.861919685178729,5.861919685178691,2
1961,2153.361477024806,2153.361477024806,2153.9964570838947,0.0,0.6349800590886091,0.6349800590887753,1
1962,2154.1783546986753,2154.1783546986753,2154.424249737112,0.0,0.24589503843649285,0.24589503843662897,1
1963,2155.857138106878,2155.857138106878,2156.4170610375586,0.0,0.5599229306804572,0.5599229306803863,1
1964,2155.94542816276,2156.4170610375586,2156.698606962379,0.4716328747986154,0.28154592482025936,0.753178799619036,1
1965,2156.858525248442,2156.858525248442,2160.9706804489037,0.0,4.11215520046134,4.11215520046153,1
1966,2157.1681036917585,2158.101686300028,2158.3435459966977,0.9335826082697167,0.2418596966695266,1.1754423049392244,2
1967,2159.8065840938552,2159.8065840938552,2162.015657389971,0.0,2.209073296115596,2.209073296115548,2
1968,2160.351695995301,2160.9706804489037,2164.173285229167,0.6189844536029341,3.2026047802634285,3.8215892338662343,1
1969,2161.31197094701,2162.015657389971,2166.6067141998265,0.7036864429605885,4.591056809855792,5.294743252816261,2
1970,2167.2362954562923,2167.2362954562923,2168.166605507745,0.0,0.9303100514525323,0.9303100514525795,1
1971,2167.9566353788377,2167.9566353788377,2168.0499451254677,0.0,0.09330974662999202,0.09330974662998415,2
1972,2171.017777174527,2171.017777174527,2174.4043696628614,0.0,3.3865924883343146,3.3865924883343723,1
1973,2171.9255468013193,2171.9255468013193,2172.290412784651,0.0,0.3648659833315694,0.36486598333158327,2
1974,2173.0347518935546,2173.0347518935546,2173.8856876661594,0.0,0.8509357726049407,0.850935772604771,2
1975,2173.417449813439,2173.8856876661594,2175.460719330695,0.46823785272044915,1.575031664535985,2.043269517256249,2
1976,2173.642681561793,2174.4043696628614,2179.337151046414,0.7616881010685574,4.932781383552581,5.694469484621095,1
1977,2174.2220625581285,2175.460719330695,2178.2855746933906,1.2386567725666282,2.824855362695477,4.0635121352620445,2
1978,2174.4997447479427,2178.2855746933906,2181.1718963429967,3.7858299454478583,2.886321649606127,6.672151595053947,2
1979,2174.5554663735165,2179.337151046414,2182.554006919557,4.781684672897427,3.216855873143008,7.998540546040658,1
1980,2175.6708807950836,2181.1718963429967,2181.4337878079323,5.5010155479130844,0.2618914649356884,5.7629070128487,2
1981,2179.816888175211,2181.4337878079323,2182.8564109069866,1.61689963272147,1.4226230990543838,3.0395227317758327,2
1982,2181.9214982557905,2182.554006919557,2184.4031975966363,0.6325086637666573,1.849190677079029,2.4816993408458075,1
1983,2182.7577592356406,2182.8564109069866,2183.225870331359,0.09865167134603325,0.3694594243724003,0.46811109571854104,2
1984,2182.7877365964664,2183.225870331359,2187.0607098071664,0.43813373489274454,3.8348394758071174,4.272973210700002,2
1985,2182.994700761131,2184.4031975966363,2185.068344538325,1.4084968355055025,0.6651469416889557,2.07364377719432,1
1986,2183.61986609446,2185.068344538325,2186.1630224191913,1.4484784438650422,1.0946778808663344,2.5431563247311715,1
1987,2183.8070833843335,2186.1630224191913,2186.196380781621,2.3559390348577836,0.03335836242963996,2.3892973972874643,1
1988,2184.1393290699975,2186.196380781621,2186.7999268477574,2.057051711623444,0.603546066136515,2.6605977777599037,1
1989,2186.9256152926373,2186.9256152926373,2187.077229788406,0.0,0.15161449576862515,0.1516144957686265,1
1990,2187.030308788031,2187.0607098071664,2187.648112705767,0.030401019135297247,0.5874028986003726,0.6178039177357277,2
1991,2187.151450483645,2187.151450483645,2188.1268612090075,0.0,0.9754107253624861,0.975410725362508,1
1992,2187.623819131711,2187.648112705767,2189.3153516503653,0.024293574055718636,1.667238944598491,1.691532518654185,2
1993,2190.0541173913093,2190.0541173913093,2191.2851836162313,0.0,1.231066224922055,1.2310662249219604,1
1994,2190.49937740202,2190.49937740202,2192.3531671824576,0.0,1.8537897804376955,1.853789780437637,2
1995,2190.8447779136914,2191.2851836162313,2195.0881595482924,0.44040570253991973,3.8029759320610736,4.243381634601064,1
1996,2193.6382763983797,2193.6382763983797,2193.9228315732853,0.0,0.28455517490541476,0.28455517490556304,2
1997,2194.31113094683,2194.31113094683,2196.2696801015736,0.0,1.958549154743451,1.9585491547436504,2
1998,2196.995473478268,2196.995473478268,2200.785243772757,0.0,3.7897702944886205,3.7897702944887897,1
1999,2200.0152132519856,2200.0152132519856,2200.9329636000243,0.0,0.9177503480386264,0.9177503480386804,2
2000,2202.523243384011,2202.523243384011,2204.5837946890297,0.0,2.0605513050187327,2.0605513050186346,1
2001,2202.8255095796253,2202.8255095796253,2203.1228330832287,0.0,0.2973235036032594,0.2973235036033657,2
2002,2202.8485206535097,2203.1228330832287,2203.9551693470476,0.2743124297189752,0.8323362638190828,1.1066486935378634,2
2003,2203.957459505184,2203.957459505184,2205.838620830349,0.0,1.881161325165157,1.881161325165067,2
2004,2205.3522525371477,2205.3522525371477,2206.6838242793515,0.0,1.3315717422035613,1.3315717422037778,1
2005,2206.5784173126813,2206.5784173126813,2214.6144338318836,0.0,8.036016519202155,8.036016519202349,2
2006,2207.776534556776,2207.776534556776,2209.833118564095,0.0,2.0565840073189947,2.0565840073190884,1
2007,2209.2220175552025,2209.833118564095,2210.5517036838464,0.6111010088925468,0.7185851197512294,1.3296861286439707,1
2008,2209.4873634536134,2210.5517036838464,2214.4278427921354,1.0643402302330287,3.8761391082891534,4.940479338521982,1
2009,2211.85864876451,2214.4278427921354,2214.5975939296536,2.569194027625599,0.16975113751809298,2.738945165143832,1
2010,2212.6619893055613,2214.5975939296536,2214.6262601014705,1.9356046240923206,0.028666171816683055,1.964270795909215,1
2011,2213.5267595021287,2214.6144338318836,2219.5888815562766,1.0876743297549183,4.974447724392872,6.062122054147949,2
2012,2214.247140921933,2214.6262601014705,2216.05872043665,0.37911917953761076,1.4324603351795793,1.811579514717323,1
2013,2215.9128345216204,2216.05872043665,2217.0128012645796,0.14588591502979398,0.954080827929585,1.0999667429591682,1
2014,2216.637607716828,2217.0128012645796,2217.9281561726166,0.3751935477516781,0.915354908037177,1.2905484557886666,1
2015,2218.483735595411,2218.483735595411,2219.661012989345,0.0,1.1772773939341739,1.1772773939342187,1
2016,2219.3993051741136,2219.5888815562766,2224.864898849755,0.18957638216306805,5.276017293478295,5.46559367564123,2
2017,2219.7034472164555,2219.7034472164555,2222.521637925274,0.0,2.818190708818375,2.8181907088182925,1
2018,2220.09902294635,2222.521637925274,2225.04423588115,2.422614978923775,2.522597955876498,4.945212934800111,1
2019,2220.176088360927,2224.864898849755,2225.004039337349,4.688810488827585,0.13914048759380396,4.827950976421562,2
2020,2221.2618065397446,2225.004039337349,2225.305203262254,3.7422327976041743,0.30116392490506816,4.043396722509442,2
2021,2221.366735471763,2225.04423588115,2226.1655071047458,3.677500409386994,1.121271223595392,4.798771632982607,1
2022,2224.7011677608048,2225.305203262254,2228.7510690298536,0.6040355014492889,3.4458657675994644,4.04990126904886,2
2023,2225.0396842266578,2226.1655071047458,2235.88840945608,1.1258228780880017,9.722902351333989,10.848725229422143,1
2024,2225.936574526188,2228.7510690298536,2233.722559289237,2.814494503665628,4.97149025938329,7.785984763048873,2
2025,2226.1251697951807,2233.722559289237,2234.7777403125356,7.597389494056188,1.0551810232987784,8.652570517354889,2
2026,2230.213700388137,2234.7777403125356,2234.9546771406317,4.5640399243984575,0.1769368280961533,4.740976752494589,2
2027,2231.311968055868,2234.9546771406317,2236.2600482283297,3.6427090847637373,1.3053710876979125,4.948080172461687,2
2028,2233.4361548667794,2235.88840945608,2237.3643332105653,2.452254589300537,1.4759237544853903,3.9281783437859303,1
2029,2235.1156231819537,2236.2600482283297,2237.888166382701,1.144425046376,1.6281181543714656,2.77254320074735,2
2030,2235.4894916553258,2237.3643332105653,2239.691914853548,1.8748415552395272,2.3275816429827465,4.202423198222277,1
2031,2236.4332668421116,2237.888166382701,2240.7203402267373,1.4548995405893947,2.8321738440365136,4.287073384625728,2
2032,2238.268180709541,2239.691914853548,2241.3456804218026,1.423734144007085,1.6537655682548018,3.0774997122616696,1
2033,2238.6217804499743,2240.7203402267373,2243.0936698440846,2.098559776763068,2.3733296173473626,4.471889394110349,2
2034,2240.7683251523085,2241.3456804218026,2247.279806945938,0.5773552694940918,5.934126524135534,6.511481793629628,1
2035,2241.2727719020518,2243.0936698440846,2244.6047699159994,1.8208979420328433,1.5111000719146788,3.3319980139476684,2
2036,2241.3780734733255,2244.6047699159994,2245.81954811693,3.2266964426739833,1.214778200930588,4.441474643604579,2
2037,2247.466058183894,2247.466058183894,2247.614540352286,0.0,0.14848216839229275,0.14848216839209272,1
2038,2248.7305660871684,2248.7305660871684,2249.498792689632,0.0,0.7682266024635909,0.7682266024635283,1
2039,2249.7142557424036,2249.7142557424036,2252.564324864852,0.0,2.850069122448545,2.850069122448531,1
2040,2250.1525446781798,2250.1525446781798,2251.9292514389863,0.0,1.7767067608067328,1.776706760806519,2
2041,2250.77227476416,2251.9292514389863,2252.593446793899,1.1569766748261827,0.6641953549129433,1.8211720297390457,2
2042,2251.3940220518034,2252.564324864852,2256.949677480711,1.1703028130486928,4.385352615859234,5.555655428907812,1
2043,2252.0524632814318,2252.593446793899,2253.8087413728986,0.5409835124673918,1.2152945789992535,1.756278091466811,2
2044,2253.3897945106633,2253.8087413728986,2254.7789758524073,0.4189468622353161,0.9702344795088195,1.3891813417440062,2
2045,2255.374537521205,2255.374537521205,2259.4777226956144,0.0,4.103185174409304,4.103185174409191,2
2046,2258.3083284395775,2258.3083284395775,2264.50713703339,0.0,6.198808593812287,6.198808593812373,1
2047,2258.6013826520825,2259.4777226956144,2260.062848022866,0.8763400435318545,0.585125327251934,1.4614653707835714,2
2048,2261.017437271316,2261.017437271316,2261.1480777271104,0.0,0.13064045579466146,0.13064045579449157,2
2049,2261.4956614878556,2261.4956614878556,2262.9326886971307,0.0,1.4370272092750818,1.4370272092751293,2
2050,2261.5057661406686,2262.9326886971307,2265.2384724333187,1.4269225564621593,2.3057837361878804,3.732706292650164,2
2051,2262.9404183371526,2264.50713703339,2267.6946325753847,1.5667186962373307,3.1874955419949877,4.75421423823218,1
2052,2263.0994569900745,2265.2384724333187,2267.763935392225,2.1390154432442614,2.5254629589060213,4.6644784021505075,2
2053,2265.165583247095,2267.6946325753847,2268.977514137144,2.5290493282896023,1.2828815617594218,3.811930890049098,1
2054,2268.278182131919,2268.278182131919,2270.127431465165,0.0,1.8492493332460445,1.8492493332460072,2
2055,2269.84738690592,2269.84738690592,2271.5466702664557,0.0,1.6992833605359616,1.699283360535901,1
2056,2270.0433037227144,2270.127431465165,2270.2692901435635,0.08412774245061883,0.14185867839822053,0.22598642084903986,2
2057,2271.3595125453066,2271.3595125453066,2273.2498059360914,0.0,1.8902933907849737,1.890293390784791,2
2058,2273.157045790127,2273.157045790127,2273.9776303811636,0.0,0.8205845910364467,0.8205845910365497,1
2059,2274.802488054198,2274.802488054198,2277.5573173826806,0.0,2.7548293284825727,2.7548293284826286,1
2060,2275.4893295543607,2275.4893295543607,2277.26655755279,0.0,1.777227998429046,1.7772279984292254,2
2061,2276.7699865121176,2277.26655755279,2277.496156576422,0.4965710406722792,0.2295990236321692,0.7261700643043696,2
2062,2278.945153686348,2278.945153686348,2282.162557506409,0.0,3.217403820061183,3.2174038200610084,1
2063,2279.194703966358,2279.194703966358,2280.2445104535245,0.0,1.0498064871668145,1.0498064871667339,2
2064,2279.452860317977,2280.2445104535245,2283.5562631510634,0.7916501355475702,3.311752697539064,4.10340283308642,2
2065,2280.432867220891,2282.162557506409,2282.2971662865716,1.7296902855182452,0.1346087801624532,1.8642990656808252,1
2066,2281.1748859314976,2282.2971662865716,2286.374180002627,1.1222803550740537,4.077013716055327,5.199294071129316,1
2067,2281.892538540037,2283.5562631510634,2284.883370965271,1.6637246110262822,1.3271078142072463,2.990832425233748,2
2068,2283.415905812694,2284.883370965271,2286.319095173081,1.467465152577006,1.4357242078104244,2.903189360387387,2
2069,2284.465688491807,2286.319095173081,2287.313844315801,1.8534066812740093,0.9947491427196276,2.848155823993693,2
2070,2286.088768761429,2286.374180002627,2288.2232042121755,0.2854112411978349,1.8490242095487692,2.134435450746423,1
2071,2286.2274542080636,2287.313844315801,2288.6249531487456,1.0863901077373157,1.311108832944532,2.3974989406819986,2
2072,2286.6956382894414,2288.2232042121755,2291.0782292433028,1.5275659227340839,2.855025031127172,4.382590953861381,1
2073,2289.9498761505447,2289.9498761505447,2290.733214881466,0.0,0.7833387309217221,0.7833387309215141,2
2074,2290.1714443474643,2290.733214881466,2291.1980704415428,0.5617705340018802,0.4648555600765175,1.0266260940784377,2
2075,2290.462644545949,2291.0782292433028,2292.688358289411,0.6155846973538246,1.6101290461082252,2.2257137434621654,1
2076,2291.234977100988,2291.234977100988,2291.642389930719,0.0,0.4074128297311758,0.407412829731129,2
2077,2294.2874270434672,2294.2874270434672,2300.482140481149,0.0,6.194713437681702,6.194713437681912,1
2078,2296.1535606347825,2296.1535606347825,2297.3086335336425,0.0,1.1550728988601227,1.1550728988599985,2
2079,2296.226810766922,2297.3086335336425,2299.076579024249,1.0818227667205065,1.7679454906064007,2.849768257327014,2
2080,2296.377055505537,2299.076579024249,2300.2873198348348,2.699523518711885,1.2107408105859476,3.910264329297661,2
2081,2296.8859161137093,2300.2873198348348,2301.542605751334,3.4014037211254617,1.2552859164992067,4.656689637624822,2
2082,2297.366631957535,2300.482140481149,2300.8295830483553,3.115508523614153,0.34744256720636507,3.4629510908202974,1
2083,2298.346513161462,2300.8295830483553,2301.8960049942757,2.4830698868931904,1.066421945920526,3.549491832813601,1
2084,2300.1680523641176,2301.542605751334,2302.4486099549827,1.3745533872165652,0.9060042036485623,2.280557590865101,2
2085,2302.843662514621,2302.843662514621,2307.624592414145,0.0,4.780929899523804,4.780929899523926,1
2086,2305.757367104275,2305.757367104275,2306.698170552122,0.0,0.9408034478471632,0.9408034478469744,2
2087,2306.1258937944826,2306.698170552122,2309.3278209688374,0.572276757639429,2.629650416715378,3.2019271743547506,2
2088,2307.4566300919823,2307.624592414145,2308.354590293881,0.16796232216256612,0.7299978797357215,0.8979602018985133,1
2089,2307.796450663235,2308.354590293881,2309.1139452715315,0.5581396306456554,0.7593549776505143,1.3174946082963288,1
2090,2310.5987405766773,2310.5987405766773,2312.544860503511,0.0,1.9461199268336369,1.9461199268334894,1
2091,2313.023510079921,2313.023510079921,2315.821860064566,0.0,2.798349984645173,2.7983499846450286,1
2092,2313.615499766748,2313.615499766748,2315.5456404947386,0.0,1.9301407279903648,1.9301407279904197,2
2093,2316.675278671167,2316.675278671167,2317.1157745904707,0.0,0.4404959193038376,0.4404959193038849,1
2094,2316.9891714294613,2316.9891714294613,2317.854234023612,0.0,0.8650625941509594,0.8650625941509134,2
2095,2317.4553723694944,2317.4553723694944,2318.0296148629873,0.0,0.5742424934929767,0.5742424934928749,1
2096,2319.3132342714866,2319.3132342714866,2320.112435255269,0.0,0.7992009837819781,0.799200983782157,1
2097,2319.323388867804,2319.323388867804,2321.7450254245305,0.0,2.4216365567265017,2.4216365567262983,2
2098,2320.015479794814,2320.112435255269,2321.3490705009344,0.0969554604548648,1.2366352456658067,1.3335907061205035,1
2099,2323.116687714045,2323.116687714045,2323.6963928905043,0.0,0.5797051764594658,0.5797051764593562,1
2100,2324.7429478069216,2324.7429478069216,2324.993029236759,0.0,0.2500814298375347,0.25008142983733705,1
2101,2324.9581536998967,2324.9581536998967,2328.1343953964156,0.0,3.17624169651898,3.1762416965189004,2
2102,2326.406728696198,2326.406728696198,2327.231568609368,0.0,0.824839913170037,0.8248399131698534,1
2103,2329.9522239389194,2329.9522239389194,2330.900045571818,0.0,0.9478216328982876,0.9478216328984672,1
2104,2330.841397393795,2330.841397393795,2333.788386967434,0.0,2.9469895736386844,2.9469895736388025,2
2105,2331.0818413590146,2331.0818413590146,2333.2433814843566,0.0,2.1615401253419386,2.1615401253420714,1
2106,2337.253032326448,2337.253032326448,2339.3350278215503,0.0,2.081995495101901,2.081995495102092,1
2107,2337.550585102587,2337.550585102587,2338.0321290978986,0.0,0.481543995311988,0.4815439953117675,2
2108,2339.061746651177,2339.061746651177,2339.5302840078753,0.0,0.4685373566982107,0.46853735669810703,2
2109,2342.0564146973957,2342.0564146973957,2342.5220109299717,0.0,0.46559623257597754,0.46559623257599014,1
2110,2343.293954533382,2343.293954533382,2343.4944353303918,0.0,0.20048079700975419,0.20048079700973176,1
2111,2344.710737897626,2344.710737897626,2347.558958228449,0.0,2.8482203308224574,2.8482203308226417,1
2112,2345.5233169878716,2345.5233169878716,2346.399934944761,0.0,0.8766179568891015,0.8766179568892767,2
2113,2346.4096505109924,2346.4096505109924,2348.1419793042783,0.0,1.7323287932857305,1.7323287932858875,2
2114,2347.8261422298256,2347.8261422298256,2349.047391190695,0.0,1.2212489608698192,1.221248960869616,1
2115,2348.170715574592,2348.170715574592,2348.3984928679406,0.0,0.22777729334870275,0.22777729334848118,2
2116,2348.8264937272806,2348.8264937272806,2351.2143551484814,0.0,2.387861421200989,2.387861421200796,2
2117,2351.4720649530936,2351.4720649530936,2355.8856937432506,0.0,4.413628790157015,4.413628790156963,1
2118,2351.6991232857945,2351.6991232857945,2352.7376592098994,0.0,1.0385359241050307,1.0385359241049628,2
2119,2351.81828822233,2352.7376592098994,2353.3789280913616,0.9193709875694367,0.6412688814622318,1.5606398690315473,2
2120,2353.9138264905287,2353.9138264905287,2354.7294019827073,0.0,0.8155754921784262,0.8155754921785956,2
2121,2355.961285853843,2355.961285853843,2361.997922157261,0.0,6.036636303418192,6.036636303418163,1
2122,2356.8484875153376,2356.8484875153376,2358.214046764231,0.0,1.3655592488936945,1.3655592488935326,2
2123,2358.2749887671434,2358.2749887671434,2358.518427215701,0.0,0.24343844855782337,0.24343844855775387,2
2124,2358.609201757376,2358.609201757376,2358.843461145715,0.0,0.23425938833912344,0.23425938833906912,2
2125,2361.2907198004136,2361.2907198004136,2362.130848232054,0.0,0.8401284316406328,0.8401284316405508,2
2126,2367.7124763602765,2367.7124763602765,2371.2781358261486,0.0,3.565659465872107,3.5656594658721588,1
2127,2369.1425021927307,2369.1425021927307,2371.1190950140126,0.0,1.9765928212819341,1.9765928212818835,2
2128,2370.5914585038367,2371.1190950140126,2372.3596182592055,0.5276365101758529,1.2405232451929533,1.7681597553687425,2
2129,2371.4625292157316,2371.4625292157316,2372.1377493632513,0.0,0.6752201475196177,0.6752201475196671,1
2130,2371.982929467123,2372.1377493632513,2373.2227880026526,0.15481989612817415,1.0850386394012752,1.2398585355294927,1
2131,2372.2322973898254,2372.3596182592055,2373.084258811544,0.127320869380128,0.7246405523382039,0.8519614217184426,2
2132,2373.2861045222025,2373.2861045222025,2374.345650964635,0.0,1.0595464424322403,1.0595464424322927,1
2133,2375.875447313889,2375.875447313889,2377.0622907295306,0.0,1.1868434156418313,1.1868434156417607,1
2134,2376.5883521593532,2376.5883521593532,2386.925458862596,0.0,10.337106703242545,10.337106703242625,2
2135,2378.315497051223,2378.315497051223,2380.523446970348,0.0,2.2079499191249337,2.207949919124985,1
2136,2378.3359113189517,2380.523446970348,2380.685014570603,2.187535651396047,0.16156760025535938,2.349103251651286,1
2137,2378.8207530892328,2380.685014570603,2381.02641988121,1.8642614813702494,0.3414053106071312,2.2056667919773645,1
2138,2382.246286082791,2382.246286082791,2384.34650190533,0.0,2.1002158225391003,2.1002158225392122,1
2139,2382.598781399611,2384.34650190533,2384.3764725897845,1.7477205057189167,0.029970684454479216,1.7776911901733001,1
2140,2382.730357761608,2384.3764725897845,2386.5663584882477,1.6461148281764508,2.1898858984632525,3.836000726639668,1
2141,2382.809037131395,2386.5663584882477,2390.1638180343143,3.7573213568525716,3.5974595460667658,7.354780902919174,1
2142,2383.52843800754,2386.925458862596,2388.2302539822035,3.397020855055871,1.304795119607718,4.701815974663532,2
2143,2384.2859707456687,2388.2302539822035,2388.4572246509724,3.9442832365348295,0.22697066876880406,4.171253905303729,2
2144,2384.31951503193,2388.4572246509724,2393.9915059092027,4.137709619042198,5.534281258230174,9.671990877272492,2
2145,2385.6068659917432,2390.1638180343143,2391.518290127265,4.556952042571083,1.3544720929505805,5.911424135521884,1
2146,2386.7509806796106,2391.518290127265,2393.7832577969784,4.7673094476544975,2.2649676697132057,7.032277117367812,1
2147,2387.021901580043,2393.7832577969784,2394.1169177319302,6.761356216935383,0.3336599349518989,7.095016151887194,1
2148,2387.6811789535805,2393.9915059092027,2395.7802500622965,6.3103269556222585,1.7887441530939452,8.099071108716089,2
2149,2388.383332542732,2394.1169177319302,2395.942299982334,5.733585189198038,1.8253822504039425,7.558967439601929,1
2150,2389.8000290386985,2395.7802500622965,2396.6190915197626,5.980221023598006,0.8388414574658912,6.819062481064066,2
2151,2390.7439304846544,2395.942299982334,2396.2792372298272,5.198369497679778,0.3369372474931948,5.535306745172875,1
2152,2393.982679519309,2396.2792372298272,2396.620219457955,2.2965577105183,0.34098222812771095,2.637539938646114,1
2153,2395.017717711031,2396.6190915197626,2398.460954030565,1.6013738087317506,1.841862510802674,3.4432363195342077,2
2154,2395.307780670544,2396.620219457955,2397.4090127502204,1.3124387874108834,0.7887932922653146,2.101232079676265,1
2155,2396.5998245386,2397.4090127502204,2397.4954442293597,0.8091882116204943,0.08643147913909158,0.8956196907597587,1
2156,2397.5009304852592,2397.5009304852592,2400.1657006497903,0.0,2.6647701645310597,2.6647701645310917,1
2157,2399.1829472665722,2399.1829472665722,2403.7599740624073,0.0,4.577026795834967,4.577026795835081,2
2158,2401.57162062148,2401.57162062148,2403.782356315284,0.0,2.2107356938035725,2.210735693803599,1
2159,2402.9142563741534,2403.7599740624073,2405.780116504249,0.8457176882538988,2.0201424418413,2.8658601300953706,2
2160,2406.016323288382,2406.016323288382,2406.0574275070876,0.0,0.04110421870567761,0.04110421870564096,1
2161,2408.103830880811,2408.103830880811,2408.7876908295243,0.0,0.6838599487132686,0.6838599487132342,1
2162,2410.64334468208,2410.64334468208,2410.73656082069,0.0,0.09321613860984208,0.09321613860993239,1
2163,2410.713940470219,2410.713940470219,2413.0430014387985,0.0,2.3290609685797845,2.329060968579597,2
2164,2411.8025205051345,2411.8025205051345,2416.1550325664703,0.0,4.352512061335925,4.352512061335801,1
2165,2411.877581801108,2413.0430014387985,2417.8908945528337,1.16541963769032,4.847893114035107,6.013312751725607,2
2166,2412.029939162641,2416.1550325664703,2425.281047740016,4.125093403829396,9.126015173545769,13.251108577375362,1
2167,2412.2527289690574,2417.8908945528337,2418.7601490109564,5.638165583776299,0.8692544581227749,6.507420041898968,2
2168,2412.5168836685534,2418.7601490109564,2420.738703857525,6.243265342402992,1.978554846568604,8.221820188971378,2
2169,2412.8102392970427,2420.738703857525,2423.1033389845256,7.928464560482098,2.3646351270010313,10.293099687482936,2
2170,2412.8314506259167,2423.1033389845256,2423.8304293654737,10.271888358608976,0.727090380947859,10.99897873955706,2
2171,2413.865083948388,2423.8304293654737,2428.9506049083698,9.9653454170857,5.120175542896009,15.08552095998175,2
2172,2413.9410104845656,2425.281047740016,2429.4685556357276,11.340037255450625,4.187507895711431,15.52754515116203,1
2173,2417.0181279858434,2428.9506049083698,2430.8664620006916,11.932476922526348,1.9158570923220413,13.848334014848206,2
2174,2418.8086707614184,2429.4685556357276,2437.118703386565,10.659884874309228,7.65014775083736,18.310032625146505,1
2175,2418.9006502402167,2430.8664620006916,2431.1571469729274,11.965811760474935,0.2906849722357894,12.25649673271073,2
2176,2421.5133276332945,2431.1571469729274,2432.3319893566513,9.643819339632955,1.1748423837238844,10.818661723356854,2
2177,2422.8684992879107,2432.3319893566513,2433.6173829681916,9.463490068740612,1.2853936115403835,10.74888368028087,2
2178,2423.902016157745,2433.6173829681916,2434.8783052909553,9.71536681044654,1.260922322763657,10.97628913321023,2
2179,2424.465146839065,2434.8783052909553,2436.359498452516,10.413158451890467,1.4811931615610547,11.894351613451363,2
2180,2425.7124441219767,2436.359498452516,2436.4891168102727,10.647054330539504,0.12961835775640285,10.776672688296003,2
2181,2426.0089341750368,2436.4891168102727,2436.801632300052,10.480182635235906,0.312515489779224,10.79269812501525,2
2182,2426.147523090773,2436.801632300052,2438.006535729881,10.654109209278886,1.2049034298289647,11.859012639107732,2
2183,2426.7039543484657,2437.118703386565,2438.0540141208926,10.414749038099217,0.9353107343277437,11.350059772426903,1
2184,2426.898688796425,2438.006535729881,2438.7311417346773,11.107846933455676,0.7246060047962306,11.832452938252118,2
2185,2428.68739181778,2438.0540141208926,2438.389703970489,9.366622303112763,0.3356898495964621,9.702312152709055,1
2186,2430.4963291937943,2438.389703970489,2439.3205992343387,7.8933747766946,0.9308952638499628,8.824270040544434,1
2187,2430.660563050843,2438.7311417346773,2439.7424552770613,8.070578683834356,1.0113135423839132,9.081892226218315,2
2188,2431.1039083451815,2439.3205992343387,2444.120955941615,8.216690889157235,4.8003567072762765,13.017047596433713,1
2189,2431.6099894939657,2439.7424552770613,2440.3005932958695,8.13246578309554,0.5581380188082398,8.690603801903762,2
2190,2433.1744620573204,2440.3005932958695,2440.696330825622,7.126131238549078,0.3957375297529449,7.521868768301829,2
2191,2437.2837839328427,2440.696330825622,2442.308568341696,3.4125468927795737,1.6122375160737472,5.02478440885352,2
2192,2440.101860860454,2442.308568341696,2445.218416264051,2.2067074812421197,2.909847922355032,5.116555403596976,2
2193,2441.715618044956,2444.120955941615,2446.8102161550187,2.405337896659148,2.6892602134034034,5.094598110062634,1
2194,2441.821082369495,2445.218416264051,2447.4069603808716,3.397333894556141,2.188544116820406,5.585878011376735,2
2195,2442.5177497668456,2446.8102161550187,2450.1491307161505,4.292466388173125,3.3389145611317557,7.631380949304912,1
2196,2442.8328366039627,2447.4069603808716,2448.1603157734367,4.574123776908891,0.7533553925649157,5.327479169473918,2
2197,2445.3627011094354,2448.1603157734367,2449.70474950727,2.7976146640012303,1.5444337338335479,4.3420483978347875,2
2198,2445.7523807515718,2449.70474950727,2452.2977625968,3.952368755698444,2.593013089529807,6.5453818452283485,2
2199,2445.951829048183,2450.1491307161505,2450.881163103349,4.197301667967622,0.7320323871985681,4.929334055166237,1
2200,2446.8658592640995,2450.881163103349,2454.3947749137237,4.015303839249555,3.5136118103748073,7.528915649624196,1
2201,2447.57494365588,2452.2977625968,2452.70985360608,4.722818940920206,0.41209100927981274,5.134909950199926,2
2202,2449.6875939804113,2452.70985360608,2453.028985537959,3.0222596256685392,0.3191319318793888,3.3413915575479223,2
2203,2450.0403693101275,2453.028985537959,2455.701141941755,2.988616227831699,2.67215640379593,5.660772631627424,2
2204,2450.237329321834,2454.3947749137237,2455.0888761223578,4.157445591889882,0.6941012086341606,4.85154680052392,1
2205,2450.882655250114,2455.0888761223578,2455.45326766967,4.206220872243648,0.36439154731195555,4.5706124195558,1
2206,2453.480450309453,2455.45326766967,2456.007015712575,1.97281736021705,0.5537480429053692,2.5265654031222766,1
2207,2454.948749409776,2455.701141941755,2457.565790357133,0.752392531978785,1.864648415378493,2.6170409473570544,2
2208,2456.9865643685844,2456.9865643685844,2458.324136082665,0.0,1.3375717140805803,1.3375717140806955,1
2209,2457.023963188062,2457.565790357133,2459.5619105316387,0.5418271690709844,1.996120174505403,2.537947343576434,2
2210,2457.425625246562,2458.324136082665,2458.884576906689,0.8985108361030143,0.5604408240236399,1.458951660126786,1
2211,2458.5693769562904,2458.884576906689,2459.2798077632806,0.31519995039843707,0.39523085659153206,0.710430806990189,1
2212,2458.965893394507,2459.2798077632806,2459.6456758061677,0.3139143687735668,0.36586804288695574,0.6797824116606535,1
2213,2459.601668236044,2459.601668236044,2462.170842930392,0.0,2.5691746943480984,2.569174694348021,2
2214,2461.2487633087517,2461.2487633087517,2462.245864043862,0.0,0.9971007351106654,0.9971007351105072,1
2215,2461.4265118458165,2462.170842930392,2462.2323100119147,0.7443310845756059,0.06146708152272481,0.8057981660981568,2
2216,2463.6067835063554,2463.6067835063554,2463.8550720414387,0.0,0.2482885350831945,0.24828853508324755,1
2217,2464.496603891513,2464.496603891513,2464.7512035691357,0.0,0.25459967762248226,0.25459967762253655,1
2218,2465.5993327300203,2465.5993327300203,2466.231884561931,0.0,0.6325518319110318,0.6325518319108596,1
2219,2465.712920028778,2465.712920028778,2466.4660821053794,0.0,0.7531620766010853,0.7531620766012566,2
2220,2465.8258499724584,2466.231884561931,2468.226106459768,0.40603458947271065,1.9942218978366688,2.4002564873094343,1
2221,2466.463143926397,2466.4660821053794,2473.3337657902553,0.0029381789822764404,6.867683684875743,6.870621863858105,2
2222,2468.0200287650714,2468.226106459768,2468.8487556229056,0.20607769469643245,0.622649163137686,0.8287268578342264,1
2223,2468.0468722881096,2468.8487556229056,2475.3817145940675,0.8018833347960026,6.532958971161897,7.334842305957864,1
2224,2468.4228338250464,2473.3337657902553,2473.688838745657,4.910931965208874,0.35507295540169975,5.266004920610612,2
2225,2468.583003152176,2473.688838745657,2476.1592774655633,5.105835593481061,2.470438719906186,7.57627431338733,2
2226,2469.068078424232,2475.3817145940675,2476.9549178594402,6.313636169835263,1.5732032653727366,7.886839435208003,1
2227,2475.1627267171707,2476.1592774655633,2476.165419704837,0.9965507483925649,0.006142239273602741,1.0026929876662507,2
2228,2475.3693859526597,2476.165419704837,2477.432376139766,0.796033752177209,1.2669564349291056,2.062990187106152,2
2229,2475.6305783882017,2476.9549178594402,2477.492466524155,1.3243394712385452,0.5375486647148582,1.8618881359534498,1
2230,2476.055655089562,2477.432376139766,2477.5712312392893,1.3767210502037415,0.1388550995233859,1.515576149727167,2
2231,2476.5328054442875,2477.492466524155,2477.95232005937,0.9596610798676011,0.4598535352146583,1.4195146150823348,1
2232,2477.2161378885903,2477.5712312392893,2479.9009640957747,0.3550933506990077,2.329732856485359,2.6848262071844147,2
2233,2477.7988313253145,2477.95232005937,2479.2313021635096,0.15348873405537233,1.2789821041396479,1.4324708381950586,1
2234,2478.235383053878,2479.2313021635096,2479.562759376482,0.9959191096313589,0.33145721297245545,1.3273763226038682,1
2235,2479.5672678504075,2479.5672678504075,2483.5072901284643,0.0,3.9400222780569902,3.9400222780568583,1
2236,2479.921676689878,2479.921676689878,2480.2013726401497,0.0,0.2796959502717347,0.2796959502716163,2
2237,2481.057142747531,2481.057142747531,2481.48656875853,0.0,0.4294260109989787,0.4294260109991228,2
2238,2482.117989713727,2482.117989713727,2483.967506369748,0.0,1.8495166560209324,1.8495166560210237,2
2239,2482.1674517165516,2483.5072901284643,2486.075378313565,1.3398384119127513,2.5680881851006148,3.9079265970135566,1
2240,2482.5928752946375,2483.967506369748,2486.1970038989966,1.3746310751107558,2.2294975292485026,3.6041286043591754,2
2241,2483.021458408089,2486.075378313565,2486.389962469715,3.05391990547605,0.31458415614977314,3.3685040616260267,1
2242,2483.723012684671,2486.1970038989966,2487.468147576828,2.4739912143254514,1.2711436778314371,3.745134892156784,2
2243,2484.9023040376983,2486.389962469715,2488.200236064228,1.487658432016815,1.8102735945129136,3.2979320265299066,1
2244,2486.2594638982937,2487.468147576828,2487.7650309105643,1.2086836785342712,0.29688333373615255,1.5055670122706033,2
2245,2486.842370726936,2487.7650309105643,2490.8233814440337,0.9226601836280679,3.058350533469374,3.9810107170974334,2
2246,2488.01127606943,2488.200236064228,2495.1406406202127,0.1889599947980969,6.940404555984555,7.129364550782611,1
2247,2493.0597778650967,2493.0597778650967,2493.5510215547192,0.0,0.4912436896226045,0.491243689622479,2
2248,2494.057390887911,2494.057390887911,2497.201591431405,0.0,3.1442005434939815,3.1442005434942075,2
2249,2497.7175283415822,2497.7175283415822,2499.289860448222,0.0,1.5723321066397566,1.5723321066398057,1
2250,2501.8973820379056,2501.8973820379056,2502.6706458493895,0.0,0.7732638114841597,0.7732638114839574,1
2251,2501.9644982177783,2501.9644982177783,2503.114359830958,0.0,1.149861613180054,1.1498616131798371,2
2252,2504.547341039047,2504.547341039047,2506.8683364715243,0.0,2.320995432477597,2.3209954324775026,1
2253,2504.9949945871576,2504.9949945871576,2509.814003087005,0.0,4.819008499847392,4.819008499847314,2
2254,2506.364429653804,2506.8683364715243,2508.4898169534945,0.5039068177202353,1.6214804819703523,2.1253872996903738,1
2255,2507.1819582706325,2508.4898169534945,2510.141965300441,1.3078586828619336,1.6521483469462348,2.9600070298083665,1
2256,2507.7888510074445,2509.814003087005,2515.396409203379,2.0251520795604847,5.582406116373928,7.607558195934416,2
2257,2508.369898885687,2510.141965300441,2511.5381613259547,1.7720664147541356,1.3961960255136383,3.168262440267881,1
2258,2512.657863727966,2512.657863727966,2513.380768239047,0.0,0.7229045110810809,0.7229045110811967,1
2259,2513.5575664479047,2513.5575664479047,2514.773982589109,0.0,1.2164161412040848,1.2164161412042631,1
2260,2513.6952539406375,2514.773982589109,2515.036067339678,1.0787286484714969,0.2620847505692285,1.3408133990405986,1
2261,2513.834376849674,2515.036067339678,2519.552680868777,1.201690490004239,4.516613529098649,5.718304019103016,1
2262,2514.7228609819504,2515.396409203379,2518.668942058066,0.6735482214285184,3.272532854687123,3.946081076115661,2
2263,2514.8084013479647,2518.668942058066,2520.4103432345073,3.8605407101013043,1.7414011764413824,5.6019418865425905,2
2264,2514.8347936957093,2519.552680868777,2521.6737207312144,4.717887173067538,2.1210398624373488,6.838927035505094,1
2265,2515.407790020193,2520.4103432345073,2529.27394561511,5.002553214314503,8.863602380602549,13.866155594917018,2
2266,2516.367821940182,2521.6737207312144,2522.1174498073574,5.305898791032632,0.44372907614304413,5.7496278671756045,1
2267,2517.167039958282,2522.1174498073574,2522.641188747908,4.950409849075186,0.523738940550829,5.474148789625815,1
2268,2517.5966113087566,2522.641188747908,2526.071963474344,5.044577439151453,3.4307747264360393,8.475352165587537,1
2269,2519.89304297151,2526.071963474344,2527.2135818649135,6.178920502833989,1.1416183905695019,7.320538893403409,1
2270,2519.9034378755414,2527.2135818649135,2527.385380163605,7.310143989372136,0.17179829869146543,7.481942288063692,1
2271,2520.728297297658,2527.385380163605,2528.2561504042346,6.657082865946904,0.8707702406293706,7.527853106576458,1
2272,2521.0117148336944,2528.2561504042346,2530.565809451246,7.24443557054019,2.3096590470111673,9.554094617551527,1
2273,2523.4086333941723,2529.27394561511,2529.825364157359,5.86531222093754,0.551418542249507,6.4167307631869335,2
2274,2524.8141569668123,2529.825364157359,2541.1048011893504,5.011207190546884,11.279437031991026,16.29064422253805,2
2275,2525.337411081212,2530.565809451246,2531.6290250764396,5.228398370034029,1.063215625193636,6.291613995227635,1
2276,2525.394107243048,2531.6290250764396,2533.334025370795,6.234917833391592,1.7050002943556661,7.939918127747205,1
2277,2525.8479259941487,2533.334025370795,2537.8044586782667,7.486099376646507,4.470433307471283,11.956532684117974,1
2278,2526.759391196384,2537.8044586782667,2538.242293669253,11.045067481882597,0.43783499098639805,11.482902472868773,1
2279,2528.596333169068,2538.242293669253,2541.048491940607,9.645960500184628,2.8061982713542064,12.452158771538961,1
2280,2529.4398680044424,2541.048491940607,2543.355757542117,11.608623936164804,2.307265601509674,13.915889537674502,1
2281,2529.4503604935953,2541.1048011893504,2542.2089590862092,11.654440695755056,1.1041578968588284,12.758598592613907,2
2282,2530.278482147443,2542.2089590862092,2544.0622430542962,11.930476938766333,1.853283968087045,13.783760906853331,2
2283,2530.79913412008,2543.355757542117,2544.9262791058145,12.556623422036864,1.5705215636975443,14.127144985734503,1
2284,2531.4087854963714,2544.0622430542962,2544.2503098859306,12.653457557924867,0.18806683163438254,12.841524389559254,2
2285,2531.5890642751606,2544.2503098859306,2546.0612856736175,12.661245610770038,1.810975787687053,14.472221398456895,2
2286,2532.0443501894815,2544.9262791058145,2546.080237472781,12.881928916332981,1.1539583669664006,14.035887283299417,1
2287,2532.347394046867,2546.0612856736175,2546.0767371281836,13.71389162675041,0.01545145456627655,13.729343081316529,2
2288,2533.4494446645535,2546.0767371281836,2546.5701622363285,12.627292463630056,0.49342510814515383,13.120717571775003,2
2289,2534.6408874768126,2546.080237472781,2548.3134920069956,11.439349995968314,2.2332545342144434,13.67260453018298,1
2290,2534.6745385092267,2546.5701622363285,2549.53330710287,11.895623727101793,2.9631448665414273,14.858768593643163,2
2291,2535.259284847773,2548.3134920069956,2550.7390306154703,13.054207159222642,2.425538608474614,15.479745767697295,1
2292,2536.812155560906,2549.53330710287,2551.7643832133863,12.721151541963991,2.2310761105163537,14.95222765248036,2
2293,2537.693509445984,2550.7390306154703,2551.652596566007,13.045521169486165,0.9135659505366671,13.959087120023014,1
2294,2538.6713978379285,2551.652596566007,2554.2842549274014,12.981198728078652,2.6316583613945164,15.612857089472982,1
2295,2539.035242286488,2551.7643832133863,2560.867940363001,12.729140926898253,9.103557149614625,21.83269807651277,2
2296,2539.290331403807,2554.2842549274014,2555.3371647199306,14.993923523594276,1.0529097925292679,16.04683331612341,1
2297,2541.977235672362,2555.3371647199306,2557.3179567804705,13.359929047568585,1.980792060539897,15.340721108108482,1
2298,2542.555908193511,2557.3179567804705,2565.514101814974,14.762048586959281,8.196145034503331,22.95819362146267,1
2299,2542.5902532581317,2560.867940363001,2562.1685504179964,18.277687104869074,1.3006100549955146,19.578297159864633,2
2300,2545.549400203358,2562.1685504179964,2562.2344810945947,16.619150214638466,0.0659306765982471,16.685080891236794,2
2301,2546.143886784774,2562.2344810945947,2562.8626087822113,16.090594309820517,0.6281276876163817,16.718721997437115,2
2302,2550.2148043660823,2562.8626087822113,2564.4103653799984,12.64780441612902,1.5477565977872312,14.195561013916176,2
2303,2550.4317450925787,2564.4103653799984,2566.066540345194,13.978620287419744,1.656174965195376,15.634795252615277,2
2304,2550.532640763761,2565.514101814974,2567.9354807060768,14.981461051213046,2.421378891102686,17.40283994231595,1
2305,2551.3102632561704,2566.066540345194,2571.816637747154,14.75627708902357,5.750097401960015,20.50637449098349,2
2306,2551.4646700849003,2567.9354807060768,2568.947037072116,16.470810621176497,1.0115563660392626,17.482366987215755,1
2307,2554.0240228746056,2568.947037072116,2572.5974643587,14.923014197510383,3.650427286583949,18.573441484094474,1
2308,2556.155860933784,2571.816637747154,2573.226913728273,15.660776813369921,1.4102759811188286,17.071052794488878,2
2309,2556.834001578575,2572.5974643587,2572.906497201436,15.763462780124883,0.30903284273628157,16.07249562286097,1
2310,2557.1390658107725,2572.906497201436,2573.9008239128657,15.76743139066366,0.9943267114296861,16.761758102093154,1
2311,2557.9276205589817,2573.226913728273,2573.8419984838324,15.299293169291104,0.6150847555595781,15.914377924850669,2
2312,2558.2053115888602,2573.8419984838324,2573.9657770605313,15.636686894972172,0.12377857669890986,15.760465471671068,2
2313,2559.1606374719913,2573.9008239128657,2576.5658872524223,14.740186440874368,2.6650633395567223,17.40524978043095,1
2314,2559.9651447938227,2573.9657770605313,2574.160259744741,14.000632266708635,0.19448268420950585,14.195114950918196,2
2315,2560.421623397009,2574.160259744741,2575.917671456477,13.738636347731699,1.7574117117358408,15.49604805946774,2
2316,2560.4406758437312,2575.917671456477,2577.0654582703237,15.476995612745668,1.1477868138466483,16.624782426592446,2
2317,2561.0420385784323,2576.5658872524223,2577.8320954316764,15.52384867398996,1.2662081792539948,16.790056853244096,1
2318,2561.81857825924,2577.0654582703237,2579.394553663108,15.246880011083704,2.3290953927843225,17.575975403868142,2
2319,2562.982892166492,2577.8320954316764,2582.5224134565683,14.849203265184315,4.690318024891687,19.53952129007621,1
2320,2565.0892955321683,2579.394553663108,2581.860951181298,14.30525813093982,2.4663975181899733,16.77165564912957,2
2321,2566.784967613953,2581.860951181298,2585.5557682993717,15.075983567344792,3.694817118073949,18.770800685418635,2
2322,2568.5075205201497,2582.5224134565683,2583.1022437919246,14.014892936418619,0.5798303353564553,14.59472327177491,1
2323,2568.647783296827,2583.1022437919246,2584.0588435308728,14.454460495097464,0.9565997389481565,15.411060234045635,1
2324,2569.574285225346,2584.0588435308728,2585.975734795618,14.484558305526662,1.9168912647450407,16.40144957027178,1
2325,2570.08721563844,2585.5557682993717,2585.717401258455,15.468552660931891,0.16163295908347028,15.630185620015254,2
2326,2570.31282626476,2585.717401258455,2588.123020651044,15.40457499369495,2.4056193925887457,17.81019438628391,2
2327,2570.3431613894377,2585.975734795618,2590.082326519731,15.6325734061802,4.106591724112903,19.73916513029326,1
2328,2570.8553276362622,2588.123020651044,2589.309888365054,17.2676930147818,1.186867714010231,18.454560728791876,2
2329,2571.0318615479896,2589.309888365054,2590.9040117443687,18.27802681706453,1.5941233793144396,19.872150196379152,2
2330,2571.2307414755733,2590.082326519731,2593.6279363887165,18.851585044157673,3.5456098689855815,22.397194913143267,1
2331,2571.726553154917,2590.9040117443687,2592.531143620166,19.177458589451817,1.627131875797174,20.80459046524902,2
2332,2572.242159488874,2592.531143620166,2593.1263175973427,20.288984131291727,0.5951739771766683,20.884158108468455,2
2333,2572.4405984906366,2593.1263175973427,2595.009479465967,20.685719106706074,1.883161868624441,22.568880975330558,2
2334,2572.491616622315,2593.6279363887165,2598.0144658983,21.136319766401357,4.386529509583613,25.522849275984754,1
2335,2572.606891932747,2595.009479465967,2596.098948864912,22.402587533219958,1.0894693989449453,23.492056932164814,2
2336,2573.247460554915,2596.098948864912,2597.5850285493066,22.851488309996967,1.4860796843943485,24.33756799439152,2
2337,2573.682455852005,2597.5850285493066,2601.9840968446633,23.902572697301366,4.3990682953568685,28.301640992658122,2
2338,2574.9372687188834,2598.0144658983,2598.4937631677926,23.077197179416544,0.4792972694928909,23.556494448909234,1
2339,2575.465041438224,2598.4937631677926,2605.990488072043,23.028721729568588,7.49672490425034,30.525446633818774,1
2340,2576.732735264173,2601.9840968446633,2602.836376765778,25.25136158049054,0.8522799211146191,26.103641501605125,2
2341,2580.00456250481,2602.836376765778,2606.048659223415,22.831814260967803,3.2122824576373716,26.044096718605033,2
2342,2581.9536987775145,2605.990488072043,2607.6186584304073,24.036789294528262,1.6281703583643665,25.664959652892776,1
2343,2583.1876088597432,2606.048659223415,2608.3887051782854,22.861050363671893,2.3400459548701735,25.201096318542113,2
2344,2584.6387657024616,2607.6186584304073,2608.810654929317,22.979892727945753,1.191996498909848,24.171889226855455,1
2345,2585.7401841854007,2608.3887051782854,2611.345873276888,22.64852099288464,2.9571680986027844,25.60568909148742,2
2346,2588.378890106909,2608.810654929317,2610.0538173796926,20.43176482240824,1.24316245037545,21.67492727278386,1
2347,2588.4256344396463,2610.0538173796926,2611.74778473363,21.628182940046372,1.6939673539374691,23.32215029398367,1
2348,2591.3179341736704,2611.345873276888,2611.843378394284,20.027939103217705,0.49750511739601866,20.525444220613736,2
2349,2591.6456863431963,2611.74778473363,2611.7573475875565,20.10209839043364,0.009562853926624945,20.11166124436022,1
2350,2592.2938812521033,2611.7573475875565,2622.3096135852065,19.463466335453177,10.552265997650153,30.015732333103188,1
2351,2593.877567608186,2611.843378394284,2619.623710853561,17.965810786098245,7.780332459276817,25.74614324537515,2
2352,2594.57290370344,2619.623710853561,2620.0169999165064,25.050807150121273,0.3932890629452666,25.444096213066587,2
2353,2595.4760696839226,2620.0169999165064,2620.1375964920294,24.540930232583833,0.12059657552301704,24.661526808106828,2
2354,2595.527540954441,2620.1375964920294,2620.7794307076674,24.610055537588323,0.6418342156380941,25.25188975322635,2
2355,2599.8217881639084,2620.7794307076674,2620.883032904302,20.957642543758993,0.10360219663478352,21.061244740393704,2
2356,2601.453524255789,2620.883032904302,2622.041892464561,19.429508648513092,1.1588595602589005,20.588368208771954,2
2357,2601.485996523461,2622.041892464561,2624.904724396775,20.55589594110006,2.862831932213902,23.418727873313856,2
2358,2602.55824214483,2622.3096135852065,2625.78278963113,19.751371440376715,3.4731760459235588,23.224547486300253,1
2359,2602.8933982727103,2624.904724396775,2625.0764358103806,22.011326124064453,0.17171141360604442,22.183037537670316,2
2360,2603.464529967593,2625.0764358103806,2627.2919375716265,21.611905842787564,2.2155017612459846,23.827407604033397,2
2361,2604.7243161678603,2625.78278963113,2629.7348493188993,21.05847346326982,3.9520596877693945,25.010533151039,1
2362,2606.5463889657485,2627.2919375716265,2631.307643635251,20.745548605877957,4.015706063624663,24.761254669502705,2
2363,2607.7981839496474,2629.7348493188993,2631.0381579774335,21.93666536925184,1.3033086585343643,23.239974027786047,1
2364,2607.9202481768957,2631.0381579774335,2631.349255397259,23.117909800537745,0.31109741982550765,23.429007220363474,1
2365,2610.416272803051,2631.307643635251,2633.9432448082457,20.89137083220021,2.63560117299466,23.526972005194693,2
2366,2610.674595365597,2631.349255397259,2632.6226431065893,20.67466003166237,1.2733877093300392,21.94804774099248,1
2367,2611.2251824283653,2632.6226431065893,2633.7416995730605,21.39746067822398,1.1190564664713392,22.51651714469517,1
2368,2612.508635783695,2633.7416995730605,2635.358775657044,21.233063789365588,1.6170760839835265,22.850139873349235,1
2369,2613.14480265116,2633.9432448082457,2636.605968989452,20.7984421570859,2.6627241812060425,23.46116633829206,2
2370,2613.740142574864,2635.358775657044,2635.3719228261257,21.618633082180168,0.013147169081498192,21.631780251261716,1
2371,2613.8263150259254,2635.3719228261257,2635.396529486765,21.545607800200287,0.02460666063930865,21.570214460839452,1
2372,2614.6066079105294,2635.396529486765,2639.991429013049,20.78992157623543,4.594899526284097,25.38482110251971,1
2373,2615.8516762469912,2636.605968989452,2641.051198838126,20.75429274246062,4.445229848673778,25.19952259113461,2
2374,2617.500848820189,2639.991429013049,2641.2476789820544,22.490580192860307,1.256249969005355,23.746830161865546,1
2375,2617.7659547427106,2641.051198838126,2642.150742285599,23.285244095415237,1.0995434474730477,24.38478754288826,2
2376,2620.9159710431495,2641.2476789820544,2643.1613006374946,20.331707938904856,1.9136216554401795,22.245329594345094,1
2377,2621.914841957852,2642.150742285599,2643.056928648574,20.235900327747004,0.906186362974844,21.142086690721953,2
2378,2625.948765520368,2643.056928648574,2645.232959658948,17.108163128205888,2.176031010374219,19.284194138580006,2
2379,2626.3336357938765,2643.1613006374946,2644.8981161444826,16.827664843618095,1.7368155069879772,18.564480350606118,1
2380,2627.931345434824,2644.8981161444826,2645.627609867801,16.966770709658704,0.7294937233183603,17.696264432976932,1
2381,2628.5912401191795,2645.232959658948,2645.2390874222997,16.641719539768474,0.006127763351656826,16.647847303120216,2
2382,2629.2306286843254,2645.2390874222997,2646.1481295714434,16.00845873797425,0.9090421491435561,16.917500887117967,2
2383,2631.076062873422,2645.627609867801,2646.5885828663427,14.551546994378896,0.9609729985417464,15.512519992920716,1
2384,2631.981258616107,2646.1481295714434,2648.685486519498,14.166870955336435,2.537356948054983,16.704227903391256,2
2385,2633.960919587958,2646.5885828663427,2651.7175672809904,12.627663278384716,5.128984414647517,17.75664769303239,1
2386,2635.036755037609,2648.685486519498,2650.76550000197,13.648731481889172,2.0800134824717205,15.728744964360885,2
2387,2635.4623850900666,2650.76550000197,2651.534725005192,15.303114911903322,0.7692250032218231,16.072339915125212,2
2388,2635.664135863604,2651.534725005192,2655.528987615899,15.87058914158797,3.9942626107073314,19.86485175229518,2
2389,2637.212793090447,2651.7175672809904,2657.3277390832654,14.50477419054323,5.610171802275157,20.11494599281832,1
2390,2638.733719791618,2655.528987615899,2661.0706972770363,16.795267824280927,5.541709661137111,22.336977485418174,2
2391,2638.8985614118737,2657.3277390832654,2658.4800774010137,18.4291776713917,1.1523383177482374,19.581515989139916,1
2392,2639.6537500537265,2658.4800774010137,2659.691087421894,18.826327347287133,1.211010020880249,20.0373373681673,1
2393,2641.802795411427,2659.691087421894,2660.7983935451457,17.888292010467012,1.1073061232520596,18.995598133718886,1
2394,2643.1901634948595,2660.7983935451457,2663.136265540526,17.608230050286238,2.337871995380185,19.94610204566652,1
2395,2644.2833577169677,2661.0706972770363,2666.4813970184123,16.78733956006863,5.4106997413758995,22.198039301444624,2
2396,2645.1158380959664,2663.136265540526,2667.809059240884,18.020427444559573,4.672793700358115,22.693221144917516,1
2397,2645.392567890639,2666.4813970184123,2666.9586971624663,21.08882912777335,0.4773001440540428,21.56612927182732,2
2398,2646.190398082493,2666.9586971624663,2667.3564031416195,20.768299079973076,0.39770597915342537,21.16600505912629,2
2399,2647.4293493672976,2667.3564031416195,2668.2661443851935,19.92705377432185,0.909741243574025,20.836795017895838,2
2400,2648.0036212283144,2667.809059240884,2668.5324391919157,19.80543801256954,0.7233799510318484,20.52881796360134,1
2401,2648.368780795704,2668.2661443851935,2670.823819075572,19.897363589489487,2.557674690378611,22.45503827986795,2
2402,2655.8695874152163,2668.5324391919157,2669.4802060038683,12.662851776699426,0.94776681195274,13.61061858865196,1
2403,2656.217246500066,2669.4802060038683,2672.2379204836616,13.262959503802449,2.7577144797931097,16.02067398359577,1
2404,2658.776353484085,2670.823819075572,2673.6589412932185,12.047465591486798,2.8351222176466293,14.882587809133383,2
2405,2659.651448608888,2672.2379204836616,2673.3260875826577,12.586471874773451,1.0881670989959529,13.67463897376956,1
2406,2660.6580882924886,2673.3260875826577,2677.8579161298367,12.667999290169064,4.531828547179109,17.19982783734804,1
2407,2661.5472546530514,2673.6589412932185,2674.5451975512224,12.111686640167136,0.8862562580039566,12.997942898171004,2
2408,2662.088659666333,2674.5451975512224,2675.2436371795116,12.456537884889258,0.6984396282891112,13.154977513178437,2
2409,2665.8199663606865,2675.2436371795116,2675.3474791228905,9.42367081882503,0.10384194337904842,9.527512762203969,2
2410,2667.2600813168833,2675.3474791228905,2675.4986607355263,8.087397806007175,0.15118161263601088,8.238579418642985,2
2411,2668.6557182343513,2675.4986607355263,2676.488816887587,6.842942501175003,0.9901561520604678,7.833098653235538,2
2412,2668.8989731825363,2676.488816887587,2677.44691985055,7.589843705050498,0.9581029629630254,8.547946668013537,2
2413,2668.9149631423024,2677.44691985055,2678.8121562844526,8.531956708247435,1.3652364339027498,9.897193142150172,2
2414,2669.276708862336,2677.8579161298367,2680.785271309026,8.581207267500758,2.927355179189459,11.50856244669012,1
2415,2671.2957625694326,2678.8121562844526,2684.3454975679965,7.516393715020058,5.53334128354377,13.049734998563963,2
2416,2671.453072806598,2680.785271309026,2681.6543125007674,9.332198502428128,0.8690411917416161,10.201239694169544,1
2417,2672.5376741996206,2681.6543125007674,2683.9369269964204,9.11663830114685,2.2826144956531875,11.399252796799829,1
2418,2673.67625341848,2683.9369269964204,2684.016963913206,10.260673577940452,0.08003691678564143,10.340710494725954,1
2419,2676.875119021083,2684.016963913206,2686.2444938817794,7.1418448921231175,2.2275299685733057,9.369374860696553,1
2420,2677.8469271763342,2684.3454975679965,2685.11709864285,6.49857039166227,0.7716010748536267,7.270171466515876,2
2421,2678.324045959878,2685.11709864285,2685.405572347407,6.793052682972302,0.2884737045567877,7.081526387529266,2
2422,2678.873253582792,2685.405572347407,2686.297033090202,6.532318764614956,0.8914607427951045,7.423779507410018,2
2423,2680.355859394149,2686.2444938817794,2687.611620726873,5.8886344876304975,1.3671268450936849,7.255761332723978,1
2424,2680.5449878518916,2686.297033090202,2687.8122683060624,5.752045238310529,1.5152352158603983,7.267280454170759,2
2425,2682.611088135024,2687.611620726873,2687.728937131225,5.000532591848696,0.11731640435217289,5.117848996200792,1
2426,2683.746377964877,2687.728937131225,2689.5723199032436,3.9825591663479827,1.8433827720187017,5.825941938366668,1
2427,2683.795135561726,2687.8122683060624,2699.7842608354335,4.0171327443363225,11.971992529371041,15.989125273707486,2
2428,2687.1715244932952,2689.5723199032436,2689.8875035973774,2.400795409948387,0.3151836941339918,2.71597910408218,1
2429,2687.941414416995,2689.8875035973774,2691.8467725485366,1.946089180382387,1.9592689511593904,3.9053581315415613,1
2430,2689.1051348021415,2691.8467725485366,2692.7288604438168,2.7416377463950994,0.8820878952801623,3.6237256416752643,1
2431,2689.130185877156,2692.7288604438168,2693.213989045534,3.598674566660975,0.4851286017172569,4.083803168378381,1
2432,2689.883992811472,2693.213989045534,2693.9964702612224,3.329996234062037,0.7824812156884167,4.1124774497502585,1
2433,2689.906081472993,2693.9964702612224,2694.300118586496,4.090388788229575,0.3036483252737506,4.3940371135031455,1
2434,2693.3844807491937,2694.300118586496,2695.344490455003,0.9156378373022562,1.044371868507077,1.9600097058091706,1
2435,2695.22375262758,2695.344490455003,2696.602831079965,0.12073782742299954,1.2583406249624938,1.379078452385329,1
2436,2696.9770212242333,2696.9770212242333,2698.5135807074994,0.0,1.5365594832659903,1.5365594832660463,1
2437,2697.104054876999,2698.5135807074994,2701.206020434279,1.40952583050057,2.6924397267792344,4.101965557279982,1
2438,2697.360116061879,2699.7842608354335,2699.7949399515605,2.424144773554417,0.010679116126925816,2.434823889681411,2
2439,2698.139203011352,2699.7949399515605,2700.2250610302453,1.6557369402084987,0.4301210786846312,2.0858580188933047,2
2440,2698.531413737467,2700.2250610302453,2701.053389955348,1.6936472927782233,0.828328925102448,2.5219762178808196,2
2441,2699.4362639423516,2701.053389955348,2701.568705680124,1.617126012996323,0.5153157247759685,2.1324417377722966,2
2442,2699.7359452423025,2701.206020434279,2701.459472730601,1.4700751919763206,0.2534522963223476,1.7235274882987142,1
2443,2704.6646762729342,2704.6646762729342,2706.452964114439,0.0,1.7882878415050392,1.7882878415048253,1
2444,2705.648712532593,2705.648712532593,2706.1058994908876,0.0,0.45718695829442013,0.45718695829464195,2
2445,2706.601198094742,2706.601198094742,2708.5058882992194,0.0,1.9046902044776566,1.904690204477447,1
2446,2706.94457697491,2706.94457697491,2707.1477078991766,0.0,0.20313092426656543,0.2031309242665884,2
2447,2708.0594209647134,2708.0594209647134,2716.7531860860167,0.0,8.693765121303558,8.693765121303386,2
2448,2709.1431805749203,2709.1431805749203,2710.846978787349,0.0,1.7037982124288285,1.7037982124288646,1
2449,2710.0668343923103,2710.846978787349,2711.5064864540127,0.7801443950388602,0.6595076666634385,1.439652061702418,1
2450,2710.8039227938975,2711.5064864540127,2711.5835786292373,0.7025636601151746,0.07709217522483135,0.7796558353397813,1
2451,2712.0081642922282,2712.0081642922282,2719.5716267864045,0.0,7.563462494176498,7.563462494176292,1
2452,2712.559426594394,2716.7531860860167,2718.3806022771146,4.193759491622586,1.6274161910978269,5.821175682720423,2
2453,2712.60622769931,2718.3806022771146,2723.2646397080694,5.774374577804792,4.884037430954558,10.65841200875957,2
2454,2712.9001816767955,2719.5716267864045,2723.1719594962087,6.671445109609067,3.6003327098041105,10.271777819413273,1
2455,2713.0394736475323,2723.1719594962087,2723.3056284792933,10.132485848676424,0.1336689830846756,10.266154831761014,1
2456,2715.75258729809,2723.2646397080694,2723.6687338713323,7.512052409979333,0.40409416326302966,7.9161465732422585,2
2457,2715.8917841012358,2723.3056284792933,2723.73682571311,7.413844378057547,0.4311972338167277,7.8450416118744215,1
2458,2716.267978872795,2723.6687338713323,2727.4037528226568,7.400754998537195,3.73501895132439,11.135773949861687,2
2459,2716.612534878559,2723.73682571311,2724.0300759365186,7.124290834551175,0.2932502234085674,7.417541057959625,1
2460,2717.269351603216,2724.0300759365186,2726.196320408534,6.760724333302733,2.166244472015538,8.92696880531821,1
2461,2719.0328290870407,2726.196320408534,2727.030124394141,7.163491321493439,0.8338039856067904,7.997295307100103,1
2462,2719.151517461848,2727.030124394141,2730.0799684801673,7.878606932292769,3.049844086026286,10.928451018319265,1
2463,2719.9813104873006,2727.4037528226568,2728.921499666582,7.422442335356209,1.517746843925053,8.940189179281333,2
2464,2720.3069893340985,2728.921499666582,2729.0507723531164,8.614510332483405,0.12927268653447999,8.743783019017883,2
2465,2721.850783839656,2729.0507723531164,2729.852362360449,7.199988513460539,0.8015900073327225,8.001578520793373,2
2466,2722.595383424366,2729.852362360449,2736.0185743003804,7.256978936083215,6.166211939931342,13.42319087601436,2
2467,2723.4152202447503,2730.0799684801673,2730.6627507982867,6.664748235416937,0.5827823181193843,7.247530553536308,1
2468,2724.7993572144424,2730.6627507982867,2733.119293683289,5.863393583844299,2.4565428850021482,8.319936468846663,1
2469,2726.6321488205076,2733.119293683289,2733.170273762466,6.487144862781406,0.05098007917682134,6.538124941958358,1
2470,2727.3806779043034,2733.170273762466,2733.491151319454,5.789595858162556,0.32087755698797116,6.110473415150409,1
2471,2728.1174267411548,2733.491151319454,2736.932786004639,5.373724578299061,3.441634685185345,8.815359263484424,1
2472,2728.536658031766,2736.0185743003804,2737.9586095461846,7.481916268614441,1.9400352458042056,9.421951514418652,2
2473,2732.2859747346215,2736.932786004639,2737.358706107572,4.646811270017679,0.4259201029327045,5.072731372950329,1
2474,2732.3153488015323,2737.358706107572,2739.8592821335187,5.043357306039525,2.500576025946853,7.543933331986409,1
2475,2732.9271023048177,2737.9586095461846,2738.765590736828,5.031507241366853,0.8069811906435314,5.838488432010308,2
2476,2734.3235684912074,2738.765590736828,2741.178637491582,4.442022245620592,2.4130467547538923,6.855069000374442,2
2477,2735.666533404365,2739.8592821335187,2740.420774616221,4.192748729153664,0.561492482702288,4.75424121185597,1
2478,2735.897159032998,2740.420774616221,2741.2246646370386,4.523615583223091,0.8038900208175186,5.3275056040406525,1
2479,2736.5844893599706,2741.178637491582,2741.7295776098927,4.594148131611291,0.5509401183106636,5.1450882499220825,2
2480,2737.1029388002744,2741.2246646370386,2742.0713687717544,4.121725836764199,0.8467041347158071,4.968429971479964,1
2481,2738.589472615716,2741.7295776098927,2744.515821028035,3.140104994176454,2.7862434181424396,5.92634841231893,2
2482,2739.2576828587894,2742.0713687717544,2745.8486392826203,2.8136859129649565,3.777270510865751,6.590956423830903,1
2483,2739.559040628634,2744.515821028035,2744.680713535763,4.956780399400941,0.16489250772808053,5.121672907128868,2
2484,2739.659923117092,2744.680713535763,2747.431618772795,5.020790418670913,2.750905237031968,7.7716956557028425,2
2485,2742.354969318175,2745.8486392826203,2749.0745100322106,3.4936699644454166,3.2258707495904617,6.719540714035702,1
2486,2743.1390640584877,2747.431618772795,2747.4384415170543,4.292554714307244,0.006822744259349697,4.299377458566596,2
2487,2744.2247443967,2747.4384415170543,2751.7908203660113,3.2136971203544817,4.35237884895678,7.566075969311441,2
2488,2745.082366763538,2749.0745100322106,2750.0818359790383,3.9921432686724074,1.0073259468275741,4.999469215500085,1
2489,2746.6637319124065,2750.0818359790383,2750.343079371942,3.418104066631713,0.2612433929040537,3.67934745953562,1
2490,2749.742743085006,2750.343079371942,2753.8664867225793,0.6003362869359989,3.5234073506373873,4.12374363757317,1
2491,2750.072670973843,2751.7908203660113,2751.921714089349,1.7181493921684705,0.13089372333742716,1.8490431155059923,2
2492,2750.2504420315336,2751.921714089349,2753.529157140342,1.6712720578152584,1.6074430509927597,3.2787151088082283,2
2493,2750.941781494425,2753.529157140342,2753.7413719410397,2.587375645916836,0.21221480069774581,2.7995904466147294,2
2494,2752.557392246974,2753.7413719410397,2754.43450189572,1.1839796940657834,0.6931299546803616,1.8771096487462273,2
2495,2754.3966972102103,2754.3966972102103,2757.764143174079,0.0,3.36744596386868,3.367445963868704,1
2496,2754.5172285447948,2754.5172285447948,2755.1601474682107,0.0,0.6429189234160609,0.6429189234158912,2
2497,2754.6798222085117,2755.1601474682107,2755.390987048357,0.4803252596989296,0.23083958014634656,0.7111648398454236,2
2498,2756.9386891332215,2756.9386891332215,2765.5083484093375,0.0,8.569659276116047,8.569659276115999,2
2499,2757.5867861427814,2757.764143174079,2758.717549417138,0.17735703129756075,0.9534062430587837,1.1307632743564682,1
2500,2757.716651894296,2758.717549417138,2758.8930573862335,1.000897522842024,0.17550796909581404,1.1764054919376576,1
2501,2758.56451487136,2758.8930573862335,2759.089828548273,0.32854251487333386,0.1967711620397924,0.5253136769129014,1
2502,2758.5702573102344,2759.089828548273,2759.8431907342197,0.5195712380386794,0.7533621859467384,1.2729334239852506,1
2503,2761.9282301711355,2761.9282301711355,2765.7273396467153,0.0,3.7991094755798884,3.799109475579826,1
2504,2763.053872135521,2765.5083484093375,2765.6213651363664,2.4544762738164536,0.11301672702898348,2.5674930008453885,2
2505,2763.4279115750223,2765.6213651363664,2766.393786269773,2.1934535613440858,0.7724211334066641,2.9658746947507098,2
2506,2765.402904527805,2765.7273396467153,2766.3174848956637,0.3244351189105146,0.5901452489484783,0.9145803678588891,1
2507,2765.8239751600686,2766.3174848956637,2766.588067849811,0.4935097355951257,0.2705829541473905,0.7640926897424833,1
2508,2767.459908749802,2767.459908749802,2768.4899327868907,0.0,1.0300240370888436,1.0300240370888787,1
2509,2773.2320972329694,2773.2320972329694,2773.6779631794334,0.0,0.44586594646387395,0.44586594646398225,1
2510,2773.4984240893605,2773.4984240893605,2775.3244612067056,0.0,1.8260371173452292,1.8260371173450949,2
2511,2774.936434658671,2774.936434658671,2777.137955887817,0.0,2.2015212291460355,2.2015212291462376,1
2512,2774.979999805806,2775.3244612067056,2776.4622053386993,0.3444614008994904,1.137744131993701,1.4822055328932038,2
2513,2775.974560042509,2776.4622053386993,2784.769225740941,0.4876452961902942,8.307020402241411,8.7946656984318,2
2514,2776.0624252007306,2777.137955887817,2779.7186839381875,1.0755306870864842,2.5807280503704852,3.6562587374569375,1
2515,2781.626061615935,2781.626061615935,2783.4217840162096,0.0,1.7957224002743033,1.7957224002743715,1
2516,2782.5634087599915,2783.4217840162096,2785.7693836840017,0.8583752562180962,2.347599667792111,3.2059749240102065,1
2517,2783.0732078223114,2784.769225740941,2786.301403496289,1.6960179186294226,1.5321777553481217,3.2281956739775524,2
2518,2783.277124247702,2785.7693836840017,2786.647184053599,2.492259436299719,0.877800369597532,3.370059805897199,1
2519,2784.556318689885,2786.301403496289,2786.583490083,1.7450848064040656,0.282086586711105,2.027171393115168,2
2520,2784.6758856674583,2786.583490083,2787.1890505420392,1.9076044155417549,0.6055604590394138,2.51316487458098,2
2521,2784.783145509349,2786.647184053599,2787.3916800849124,1.8640385442499792,0.7444960313132349,2.608534575563226,1
2522,2785.2270523057773,2787.1890505420392,2787.310645573818,1.961998236261934,0.12159503177861235,2.0835932680406586,2
2523,2786.7693761378787,2787.310645573818,2787.9877352440467,0.5412694359392844,0.6770896702288332,1.218359106168009,2
2524,2786.772739551942,2787.3916800849124,2787.700042248231,0.6189405329705551,0.3083621633187567,0.927302696289189,1
2525,2787.8148187790057,2787.8148187790057,2789.157431755093,0.0,1.342612976087434,1.3426129760873664,1
2526,2788.1280267824177,2788.1280267824177,2788.4220233000915,0.0,0.2939965176737852,0.2939965176738042,2
2527,2788.6115799211684,2788.6115799211684,2789.3643934696984,0.0,0.7528135485298193,0.7528135485299572,2
2528,2791.9430474948335,2791.9430474948335,2792.408446800291,0.0,0.46539930545770786,0.4653993054575949,1
2529,2792.656968614241,2792.656968614241,2793.1035521801386,0.0,0.44658356589749665,0.44658356589752657,1
2530,2794.05633954803,2794.05633954803,2803.83416534957,0.0,9.77782580154027,9.777825801540075,1
2531,2794.4236353086453,2794.4236353086453,2796.076874545952,0.0,1.6532392373066576,1.6532392373064795,2
2532,2794.7552610496846,2796.076874545952,2799.564721258034,1.3216134962672186,3.487846712082083,4.809460208349265,2
2533,2796.46431605934,2799.564721258034,2800.558665674387,3.1004051986938066,0.9939444163533706,4.094349615047122,2
2534,2796.515176175528,2800.558665674387,2800.781270267404,4.043489498859344,0.22260459301716923,4.266094091876312,2
2535,2797.287545770935,2800.781270267404,2801.4096239243017,3.4937244964689853,0.6283536568978264,4.122078153366601,2
2536,2798.309980164451,2801.4096239243017,2801.92807810543,3.099643759850551,0.5184541811283365,3.618097940978714,2
2537,2800.2341859634907,2801.92807810543,2802.2892155750533,1.693892141939159,0.36113746962328963,2.0550296115625315,2
2538,2800.6354211565094,2802.2892155750533,2805.705044999174,1.6537944185438391,3.415829424120752,5.069623842664441,2
2539,2801.6207740173477,2803.83416534957,2806.360922753635,2.2133913322222725,2.5267574040651373,4.74014873628721,1
2540,2805.872291285738,2805.872291285738,2806.021821042403,0.0,0.14952975666522747,0.149529756665288,2
2541,2807.2253917455437,2807.2253917455437,2807.3011974629085,0.0,0.07580571736464017,0.07580571736480124,1
2542,2807.3974877296437,2807.3974877296437,2808.2831866765227,0.0,0.8856989468790161,0.8856989468790744,1
2543,2808.558479097154,2808.558479097154,2809.410644388932,0.0,0.8521652917778217,0.8521652917779647,1
2544,2808.7367041894245,2808.7367041894245,2808.937684003578,0.0,0.20097981415324329,0.20097981415347022,2
2545,2809.304596283646,2809.304596283646,2812.3894715044516,0.0,3.084875220805881,3.0848752208057704,2
2546,2810.180473983838,2810.180473983838,2813.9002420881234,0.0,3.7197681042854116,3.719768104285322,1
2547,2811.600915482776,2812.3894715044516,2812.7830393997083,0.7885560216755039,0.3935678952567089,1.1821239169321416,2
2548,2812.712324443116,2812.7830393997083,2815.101033511689,0.0707149565923828,2.31799411198045,2.3887090685730072,2
2549,2813.710712518857,2813.9002420881234,2814.9225673584483,0.1895295692665968,1.0223252703248988,1.211854839591524,1
2550,2816.024824371571,2816.024824371571,2816.0848827256996,0.0,0.06005835412857302,0.060058354128614155,1
2551,2816.850050475424,2816.850050475424,2818.6434262426665,0.0,1.7933757672427515,1.793375767242651,1
2552,2817.8096840213884,2817.8096840213884,2818.181165534908,0.0,0.37148151351956715,0.371481513519484,2
2553,2819.4505099212106,2819.4505099212106,2821.6501711629344,0.0,2.1996612417237276,2.1996612417237884,1
2554,2820.905247964398,2820.905247964398,2828.674086001137,0.0,7.7688380367391,7.768838036738998,2
2555,2820.950354698757,2821.6501711629344,2822.5396729774347,0.6998164641772746,0.8895018145003083,1.5893182786776379,1
2556,2821.486197454873,2822.5396729774347,2823.9875043958023,1.0534755225617118,1.4478314183673786,2.5013069409292257,1
2557,2821.678611983391,2823.9875043958023,2825.8945057772103,2.3088924124112964,1.9070013814079112,4.215893793819305,1
2558,2822.753566050662,2825.8945057772103,2826.232056213479,3.1409397265483676,0.33755043626910325,3.478490162817252,1
2559,2823.923724041552,2826.232056213479,2828.704762035222,2.3083321719273044,2.4727058217424913,4.781037993669997,1
2560,2823.9260848271247,2828.674086001137,2829.351008685805,4.748001174012188,0.6769226846683074,5.4249238586803585,2
2561,2824.75046016613,2828.704762035222,2829.048826809664,3.954301869091978,0.34406477444249634,4.298366643534337,1
2562,2825.128766500971,2829.048826809664,2830.60433831748,3.920060308693337,1.5555115078161004,5.475571816509273,1
2563,2825.1797389364438,2829.351008685805,2830.4606842002404,4.171269749361272,1.1096755144351738,5.280945263796639,2
2564,2825.296487750857,2830.4606842002404,2833.706564001968,5.164196449383326,3.2458798017277872,8.41007625111115,2
2565,2825.8852599584034,2830.60433831748,2831.1894771918405,4.719078359076775,0.5851388743603564,5.304217233437157,1
2566,2827.347041506066,2831.1894771918405,2832.515477589236,3.8424356857744897,1.32600039739545,5.168436083170036,1
2567,2830.4026857444387,2832.515477589236,2834.7621355636234,2.112791844797357,2.2466579743872455,4.359449819184647,1
2568,2831.6073264978545,2833.706564001968,2834.4804750566022,2.0992375041137166,0.773911054634211,2.8731485587477437,2
2569,2832.512445459433,2834.4804750566022,2835.3008931858412,1.968029597169334,0.8204181292390796,2.7884477264083216,2
2570,2832.961258223625,2834.7621355636234,2837.6326043768013,1.800877339998351,2.8704688131777236,4.671346153176273,1
2571,2833.249120614259,2835.3008931858412,2835.31706057886,2.0517725715822053,0.01616739301875456,2.0679399646010097,2
2572,2834.116410817473,2835.31706057886,2835.489109679166,1.2006497613870124,0.17204910030621373,1.3726988616931521,2
2573,2834.9078050559738,2835.489109679166,2838.8373459122854,0.581304623192409,3.34823623311912,3.9295408563116325,2
2574,2835.580442517141,2837.6326043768013,2839.036493090007,2.052161859660373,1.4038887132055657,3.4560505728659336,1
2575,2836.1314434019077,2838.8373459122854,2839.8665603477716,2.705902510377655,1.0292144354864003,3.735116945863865,2
2576,2836.7521151416067,2839.036493090007,2839.192650417928,2.284377948400106,0.15615732792075596,2.440535276321043,1
2577,2837.057286204249,2839.192650417928,2842.1150107263243,2.135364213678713,2.922360308396554,5.057724522075205,1
2578,2837.416040535488,2839.8665603477716,2840.120556376605,2.450519812283801,0.2539960288332455,2.7045158411169723,2
2579,2837.520512509985,2840.120556376605,2847.9913481243725,2.6000438666196715,7.87079174776781,10.470835614387397,2
2580,2838.646475389276,2842.1150107263243,2842.3208889805796,3.4685353370482517,0.20587825425525458,3.674413591303619,1
2581,2838.647758365939,2842.3208889805796,2843.7724344401945,3.6731306146407405,1.4515454596150328,5.1246760742556035,1
2582,2841.4821357967935,2843.7724344401945,2843.8062992223804,2.2902986434010018,0.033864782185717056,2.324163425586903,1
2583,2841.8100543204473,2843.8062992223804,2848.070816598681,1.9962449019330961,4.26451737630064,6.260762278233869,1
2584,2842.0658063817996,2847.9913481243725,2850.562162032103,5.925541742572932,2.5708139077305607,8.496355650303485,2
2585,2843.2008513047404,2848.070816598681,2848.1355532942716,4.8699652939408224,0.06473669559065184,4.934701989531277,1
2586,2843.361703094737,2848.1355532942716,2849.5962357330186,4.773850199534536,1.4606824387469648,6.234532638281507,1
2587,2844.555000832351,2849.5962357330186,2851.0291977172487,5.041234900667405,1.4329619842299754,6.4741968848975375,1
2588,2846.0632369452096,2850.562162032103,2852.4690969272474,4.4989250868934505,1.9069348951444411,6.405859982037782,2
2589,2849.026880215756,2851.0291977172487,2852.044693625815,2.0023175014925982,1.0154959085662043,3.0178134100588068,1
2590,2849.7880599161326,2852.044693625815,2853.3584414577826,2.256633709682319,1.3137478319678118,3.570381541650022,1
2591,2850.497534804568,2852.4690969272474,2854.6472964314007,1.9715621226791882,2.178199504153465,4.149761626832515,2
2592,2850.7272917142386,2853.3584414577826,2853.6592405832193,2.6311497435440288,0.3007991254368468,2.931948868980726,1
2593,2851.018308951063,2853.6592405832193,2853.991240222754,2.64093163215648,0.33199963953499306,2.9729312716913228,1
2594,2853.8379770603847,2853.991240222754,2858.847987525876,0.15326316236951243,4.856747303121845,5.0100104654911775,1
2595,2854.58161487197,2854.6472964314007,2854.805061517802,0.06568155943068632,0.15776508640158335,0.2234466458321549,2
2596,2855.338237161932,2855.338237161932,2855.5255383630697,0.0,0.18730120113801146,0.18730120113787052,2
2597,2855.5160337889156,2855.5255383630697,2858.0780363395043,0.009504574154107104,2.5524979764345366,2.562002550588659,2
2598,2858.4346583985907,2858.4346583985907,2860.3469719325385,0.0,1.9123135339479649,1.9123135339477813,2
2599,2861.1369750773792,2861.1369750773792,2862.7473112646107,0.0,1.6103361872315984,1.6103361872314963,1
2600,2862.310637261985,2862.310637261985,2863.21734922905,0.0,0.9067119670648489,0.9067119670648935,2
2601,2864.143821008812,2864.143821008812,2865.1599078784852,0.0,1.0160868696731247,1.0160868696730176,1
2602,2864.276067018043,2864.276067018043,2864.9522688788043,0.0,0.6762018607612805,0.6762018607614664,2
2603,2864.939734123597,2864.9522688788043,2866.90922346459,0.012534755207070702,1.9569545857857829,1.9694893409928227,2
2604,2866.358845489329,2866.358845489329,2867.1815299142363,0.0,0.8226844249076346,0.8226844249074929,1
2605,2867.69202631743,2867.69202631743,2869.4033840346483,0.0,1.711357717218226,1.7113577172181067,1
2606,2868.075283376941,2868.075283376941,2868.9934528694903,0.0,0.9181694925490138,0.9181694925491684,2
2607,2871.778053114255,2871.778053114255,2873.515003989067,0.0,1.7369508748122284,1.7369508748120097,1
2608,2873.3554381971785,2873.3554381971785,2874.2702084938246,0.0,0.914770296646258,0.9147702966461111,2
2609,2873.3621768624607,2873.515003989067,2874.0082630030265,0.15282712660609832,0.49325901395984617,0.6460861405657852,1
2610,2873.763260600269,2874.0082630030265,2875.3602687662974,0.2450024027575637,1.35200576327092,1.597008166028445,1
2611,2873.8606469512642,2874.2702084938246,2874.9270887503917,0.40956154256036825,0.6568802565671049,1.0664417991274604,2
2612,2875.0942500284514,2875.0942500284514,2876.1413847149656,0.0,1.0471346865143387,1.047134686514255,2
2613,2876.806729704196,2876.806729704196,2884.146744156764,0.0,7.3400144525675275,7.34001445256763,1
2614,2877.227723069508,2877.227723069508,2877.3993634009535,0.0,0.17164033144537424,0.17164033144536006,2
2615,2879.7728788484956,2879.7728788484956,2882.0134379423334,0.0,2.240559093837678,2.2405590938378737,2
2616,2880.2282520772173,2882.0134379423334,2882.99931647893,1.785185865116091,0.9858785365965416,2.771064401712465,2
2617,2880.247636497846,2882.99931647893,2895.6935760951724,2.7516799810837256,12.694259616242505,15.445939597326287,2
2618,2880.618556199341,2884.146744156764,2884.4058880764787,3.5281879574226878,0.2591439197150314,3.7873318771376034,1
2619,2880.7959998754127,2884.4058880764787,2884.6948007278606,3.609888201066042,0.28891265138185446,3.8988008524479483,1
2620,2881.3823808048533,2884.6948007278606,2885.13528883281,3.3124199230073827,0.4404881049495177,3.7529080279568916,1
2621,2883.7942861900488,2885.13528883281,2890.9683320418476,1.3410026427613957,5.8330432090375135,7.174045851798837,1
2622,2885.230487958789,2890.9683320418476,2892.10334445662,5.737844083058462,1.135012414772441,6.8728564978309805,1
2623,2886.410232961513,2892.10334445662,2893.5697400474646,5.693111495107132,1.4663955908443582,7.159507085951645,1
2624,2886.528812651017,2893.5697400474646,2894.7456056172227,7.040927396447842,1.1758655697580953,8.216792966205958,1
2625,2886.6264340063844,2894.7456056172227,2896.0612265630457,8.119171610838293,1.3156209458231245,9.43479255666125,1
2626,2890.523121706852,2895.6935760951724,2897.2375579453505,5.170454388320195,1.5439818501781315,6.714436238498365,2
2627,2891.8386153848346,2896.0612265630457,2896.638529358913,4.222611178211082,0.5773027958672081,4.799913974078208,1
2628,2893.885340434931,2896.638529358913,2897.6597207691707,2.7531889239817247,1.021191410257851,3.774380334239595,1
2629,2895.1434343513456,2897.2375579453505,2897.521833700493,2.094123594004941,0.28427575514238873,2.3783993491474575,2
2630,2896.7202880530162,2897.521833700493,2900.926671749803,0.8015456474768143,3.404838049310145,4.206383696786816,2
2631,2897.2425963788296,2897.6597207691707,2906.0054102028735,0.41712439034108684,8.345689433702592,8.76281382404386,1
2632,2898.2139797947675,2900.926671749803,2904.636029931505,2.7126919550355524,3.709358181701985,6.422050136737653,2
2633,2898.9741833018634,2904.636029931505,2905.5040132424874,5.661846629641786,0.8679833109820525,6.52982994062404,2
2634,2903.8354796384383,2905.5040132424874,2906.2285408704897,1.6685336040491165,0.724527628002257,2.393061232051423,2
2635,2903.8554085372184,2906.0054102028735,2907.2631425747877,2.1500016656550542,1.2577323719142435,3.4077340375692984,1
2636,2905.0708002071456,2906.2285408704897,2908.2182588813716,1.157740663344157,1.9897180108819257,3.1474586742260726,2
2637,2906.7996766184415,2907.2631425747877,2909.1122255826617,0.46346595634622645,1.849083007873872,2.312548964220241,1
2638,2907.0864463978514,2908.2182588813716,2909.0933331582,1.131812483520207,0.8750742768286228,2.006886760348607,2
2639,2908.512319191941,2909.0933331582,2920.679085404776,0.581013966258979,11.585752246575765,12.166766212834773,2
2640,2909.1859828963443,2909.1859828963443,2909.302671998027,0.0,0.11668910168273493,0.1166891016828231,1
2641,2909.445579058851,2909.445579058851,2909.7348707841143,0.0,0.28929172526338126,0.2892917252634106,1
2642,2910.645427520638,2910.645427520638,2915.39886629614,0.0,4.753438775502202,4.753438775502218,1
2643,2912.562595776777,2915.39886629614,2915.871231290226,2.8362705193630973,0.47236499408592064,3.3086355134491896,1
2644,2915.0193866971044,2915.871231290226,2917.3321480661043,0.8518445931217684,1.4609167758781822,2.3127613689998725,1
2645,2917.722046529462,2917.722046529462,2918.6727870209575,0.0,0.9507404914952838,0.9507404914952531,1
2646,2918.4012323101665,2918.6727870209575,2918.8471723167104,0.2715547107909515,0.17438529575277048,0.44594000654387855,1
2647,2919.3478638875386,2919.3478638875386,2921.824256973432,0.0,2.4763930858933225,2.4763930858935055,1
2648,2919.698245132244,2920.679085404776,2922.320557412145,0.9808402725316228,1.6414720073689157,2.622312279900598,2
2649,2921.749062596424,2921.824256973432,2923.3904685729603,0.07519437700784692,1.566211599528352,1.6414059765361344,1
2650,2924.1873989858127,2924.1873989858127,2924.776308587247,0.0,0.5889096014345091,0.5889096014343522,1
2651,2928.131088041796,2928.131088041796,2933.2801556628074,0.0,5.149067621011641,5.149067621011454,1
2652,2931.5779440819683,2931.5779440819683,2931.9058187338237,0.0,0.327874651855273,0.32787465185538167,2
2653,2932.1729469491106,2932.1729469491106,2932.5723830748607,0.0,0.39943612574989545,0.39943612575007137,2
2654,2932.5978235642224,2932.5978235642224,2933.6734070084726,0.0,1.075583444250099,1.0755834442502419,2
2655,2933.2522245549676,2933.2801556628074,2935.5574654814186,0.027931107839776814,2.277309818611158,2.305240926451006,1
2656,2935.138785490153,2935.138785490153,2940.9457547455186,0.0,5.806969255365194,5.806969255365402,2
2657,2935.6597701434803,2935.6597701434803,2935.776176813733,0.0,0.11640667025255554,0.11640667025267248,1
2658,2937.6574223127172,2937.6574223127172,2938.418180087635,0.0,0.760757774917611,0.7607577749176926,1
2659,2937.697880531432,2938.418180087635,2942.3042202244,0.7202995562029173,3.8860401367651436,4.606339692968049,1
2660,2940.4520885358247,2940.9457547455186,2941.05564784074,0.4936662096938562,0.10989309522154508,0.6035593049155068,2
2661,2940.5022755007562,2941.05564784074,2942.5158440230757,0.55337233998398,1.460196182335324,2.013568522319474,2
2662,2940.7656071927427,2942.3042202244,2944.721606306886,1.5386130316574054,2.417386082485961,3.9559991141431965,1
2663,2940.935180401164,2942.5158440230757,2953.9806562297895,1.5806636219117536,11.464812206713896,13.045475828625513,2
2664,2942.2453860636674,2944.721606306886,2955.0217987770034,2.4762202432184495,10.300192470117437,12.776412713335958,1
2665,2945.2659013899483,2953.9806562297895,2954.2416562352314,8.714754839841135,0.26100000544211654,8.975754845283063,2
2666,2946.2905560238287,2954.2416562352314,2954.420658076017,7.951100211402718,0.1790018407853265,8.13010205218825,2
2667,2947.2189121372303,2954.420658076017,2958.4631311621433,7.201745938786644,4.042473086126207,11.244219024913036,2
2668,2947.687078731853,2955.0217987770034,2959.689049291764,7.334720045150334,4.667250514761005,12.001970559911115,1
2669,2948.3515345971546,2958.4631311621433,2959.099710360026,10.111596564988758,0.6365791978828674,10.748175762871597,2
2670,2948.9514976884416,2959.099710360026,2959.3344893547533,10.148212671584588,0.23477899472713695,10.382991666311682,2
2671,2949.141078983608,2959.3344893547533,2960.35553699562,10.193410371145092,1.0210476408666145,11.214458012011619,2
2672,2949.490491021512,2959.689049291764,2960.8274187256893,10.198558270252306,1.1383694339252872,11.33692770417747,1
2673,2949.622769846724,2960.35553699562,2961.2063184306653,10.732767148895618,0.8507814350454216,11.583548583941138,2
2674,2949.6359739650907,2960.8274187256893,2962.8659152027208,11.191444760598642,2.0384964770314262,13.2299412376301,1
2675,2951.0754700242,2961.2063184306653,2962.0794411980273,10.130848406465248,0.8731227673621097,11.003971173827267,2
2676,2951.2397469054013,2962.0794411980273,2962.679543209854,10.839694292626064,0.6001020118265993,11.439796304452557,2
2677,2951.968286142795,2962.679543209854,2962.7040835128455,10.711257067058796,0.02454030299175871,10.735797370050477,2
2678,2952.426740090474,2962.7040835128455,2962.790191263289,10.27734342237136,0.08610775044391186,10.363451172815076,2
2679,2953.930374000413,2962.790191263289,2964.933586807802,8.859817262876277,2.143395544512897,11.00321280738899,2
2680,2954.104574520029,2962.8659152027208,2964.570648909615,8.761340682691753,1.7047337068945432,10.466074389586083,1
2681,2954.2971970392564,2964.570648909615,2965.505055305963,10.273451870358713,0.9344063963481702,11.207858266706808,1
2682,2956.343480330082,2964.933586807802,2966.5408204713813,8.590106477719928,1.6072336635793525,10.197340141299264,2
2683,2957.9914825679625,2965.505055305963,2966.6903872346206,7.513572738000676,1.1853319286576591,8.698904666658109,1
2684,2958.696721394632,2966.5408204713813,2972.2229133332453,7.844099076749444,5.68209286186406,13.526191938613465,2
2685,2960.210536199857,2966.6903872346206,2967.401575512259,6.479851034763669,0.7111882776386104,7.191039312402154,1
2686,2961.5928736779783,2967.401575512259,2968.085495855518,5.808701834280782,0.6839203432586803,6.492622177539488,1
2687,2962.0977295851344,2968.085495855518,2973.5088349807697,5.987766270383418,5.423339125252071,11.411105395635332,1
2688,2963.3459462924416,2972.2229133332453,2974.9846619297905,8.87696704080372,2.761748596545132,11.638715637348923,2
2689,2965.5922712731453,2973.5088349807697,2974.912835135793,7.916563707624391,1.404000155023376,9.32056386264776,1
2690,2965.8142216604124,2974.912835135793,2975.3443543902117,9.098613475380716,0.43151925441848016,9.530132729799334,1
2691,2965.947834614295,2974.9846619297905,2976.6116161591435,9.03682731549543,1.626954229353043,10.663781544848462,2
2692,2966.181272089756,2975.3443543902117,2978.182797951283,9.163082300455699,2.8384435610714327,12.00152586152717,1
2693,2966.752356419089,2976.6116161591435,2977.7550899131797,9.859259740054313,1.1434737540363045,11.002733494090535,2
2694,2966.863837018915,2977.7550899131797,2979.854125286195,10.891252894264653,2.099035373015392,12.990288267279993,2
2695,2967.436396680279,2978.182797951283,2979.224384353697,10.746401271004288,1.0415864024139703,11.787987673418229,1
2696,2968.7561931637624,2979.224384353697,2980.215155906707,10.468191189934714,0.9907715530099074,11.45896274294455,1
2697,2969.8033368085826,2979.854125286195,2979.940537668968,10.050788477612514,0.08641238277275545,10.137200860385292,2
2698,2973.997415599063,2979.940537668968,2982.171982374484,5.943122069904803,2.231444705515787,8.174566775420772,2
2699,2974.9698207770734,2980.215155906707,2981.3009153597723,5.245335129633531,1.085759453065142,6.3310945826988245,1
2700,2976.571952381066,2981.3009153597723,2984.40542435336,4.728962978706477,3.104508993587783,7.833471972294319,1
2701,2976.9454599310534,2982.171982374484,2982.8020425730256,5.22652244343044,0.6300601985417036,5.856582641972182,2
2702,2977.394822295788,2982.8020425730256,2983.4694267725263,5.407220277237684,0.6673841995007088,6.074604476738386,2
2703,2977.5043596701935,2983.4694267725263,2986.409105204837,5.965067102332796,2.939678432310944,8.904745534643553,2
2704,2980.218622097421,2984.40542435336,2987.3165148637013,4.186802255939256,2.911090510341314,7.097892766280438,1
2705,2983.169264586577,2986.409105204837,2986.869306247255,3.239840618260132,0.4602010424179856,3.7000416606779254,2
2706,2983.535929795572,2986.869306247255,2987.807928153934,3.3333764516828523,0.9386219066792841,4.271998358361998,2
2707,2985.3418686234363,2987.3165148637013,2987.673267855722,1.974646240264974,0.35675299202077565,2.3313992322855484,1
2708,2985.584845796262,2987.673267855722,2989.997725286527,2.0884220594598446,2.3244574308049772,4.412879490264913,1
2709,2985.7582494260564,2987.807928153934,2988.704802319281,2.049678727877563,0.8968741653468616,2.9465528932246343,2
2710,2986.507665017961,2988.704802319281,2989.598459266236,2.1971373013202538,0.8936569469553438,3.090794248275415,2
2711,2986.511004562146,2989.598459266236,2989.68667642951,3.0874547040903053,0.08821716327379892,3.1756718673641444,2
2712,2987.4080713861595,2989.68667642951,2996.2395770677444,2.2786050433505807,6.5529006382343695,8.831505681584986,2
2713,2988.118906572543,2989.997725286527,2995.0731424516794,1.8788187139839465,5.075417165152305,6.954235879136377,1
2714,2988.554067388408,2995.0731424516794,2995.676635317182,6.51907506327143,0.6034928655028247,7.12256792877406,1
2715,2988.6149858987646,2995.676635317182,2995.891035964376,7.061649418417346,0.21440064719399202,7.276050065611344,1
2716,2989.880547450164,2995.891035964376,2996.488163152704,6.010488514211829,0.597127188328111,6.607615702539988,1
2717,2990.6042422043656,2996.2395770677444,2998.748785476424,5.63533486337883,2.509208408679418,8.1445432720584,2
2718,2994.5980344379295,2996.488163152704,2997.2778936503973,1.8901287147746189,0.789730497693039,2.679859212467818,1
2719,2995.773744960264,2997.2778936503973,3000.635258589611,1.5041486901332064,3.3573649392138067,4.861513629346973,1
2720,2996.2811743825787,2998.748785476424,3001.2595607698827,2.467611093845335,2.5107752934587046,4.978386387303999,2
2721,2996.6409876746625,3000.635258589611,3004.345335908037,3.994270914948629,3.7100773184261753,7.704348233374731,1
2722,2998.1423999990416,3001.2595607698827,3001.4722400280234,3.11716077084111,0.21267925814053323,3.3298400289818346,2
2723,2998.4858764554956,3001.4722400280234,3002.395917326822,2.9863635725278073,0.9236772987987989,3.9100408713266006,2
2724,2998.8115542681994,3002.395917326822,3007.2962702461955,3.5843630586227846,4.900352919373353,8.484715977996075,2
2725,2999.2212237931953,3004.345335908037,3005.308844295885,5.124112114841864,0.9635083878480084,6.087620502689788,1
2726,2999.3917898256113,3005.308844295885,3005.337939728891,5.917054470273797,0.029095433005822003,5.946149903279547,1
2727,3000.017562684731,3005.337939728891,3009.711581031936,5.320377044160068,4.373641303045358,9.694018347205201,1
2728,3000.1401409201303,3007.2962702461955,3007.302700886722,7.156129326065184,0.0064306405265008425,7.162559966591743,2
2729,3000.992162565481,3007.302700886722,3008.076697810807,6.310538321240983,0.7739969240850205,7.084535245326151,2
2730,3004.5392627595243,3008.076697810807,3008.192053430313,3.537435051282955,0.11535561950568912,3.652790670788818,2
2731,3004.7272881914546,3008.192053430313,3008.7098213328886,3.46476523885849,0.5177679025754356,3.9825331414340326,2
2732,3005.1584919385077,3008.7098213328886,3010.336681757649,3.5513293943809003,1.6268604247600977,5.178189819141153,2
2733,3005.593789383911,3009.711581031936,3010.828315349433,4.117791648025104,1.1167343174969562,5.2345259655221525,1
2734,3005.7727249769914,3010.336681757649,3010.4291777771627,4.563956780657463,0.09249601951406286,4.656452800171337,2
2735,3006.953916185995,3010.4291777771627,3012.0740784588716,3.475261591167964,1.644900681708847,5.120162272876769,2
2736,3007.0685212409294,3010.828315349433,3011.385839284003,3.7597941085036837,0.5575239345697448,4.317318043073556,1
2737,3008.040392004337,3011.385839284003,3012.3979792027717,3.345447279666132,1.0121399187689064,4.357587198434885,1
2738,3008.144791184891,3012.0740784588716,3012.594693101695,3.9292872739806626,0.5206146428233934,4.449901916804265,2
2739,3008.3299937052334,3012.3979792027717,3012.8786839423165,4.067985497538302,0.4807047395446313,4.548690237083065,1
2740,3008.4292376884437,3012.594693101695,3013.262577255383,4.165455413251493,0.6678841536879458,4.83333956693923,2
2741,3011.7711766913317,3012.8786839423165,3014.548417192574,1.1075072509847814,1.6697332502574853,2.7772405012424315,1
2742,3012.179946413467,3013.262577255383,3013.357219407193,1.0826308419159432,0.09464215181028522,1.177272993726092,2
2743,3012.734610500512,3013.357219407193,3014.443718832568,0.6226089066808527,1.0864994253746403,1.7091083320556208,2
2744,3012.9261031370816,3014.443718832568,3014.5714209411885,1.5176156954862563,0.12770210862069226,1.6453178041069805,2
2745,3015.011107055649,3015.011107055649,3015.4392789418525,0.0,0.4281718862034076,0.42817188620347224,1
2746,3016.3398729450473,3016.3398729450473,3016.7708299252577,0.0,0.4309569802104413,0.4309569802103397,1
2747,3016.563697462355,3016.563697462355,3024.689597455164,0.0,8.125899992808867,8.125899992809082,2
2748,3017.345966632884,3017.345966632884,3017.5114222456646,0.0,0.1654556127805295,0.16545561278053356,1
2749,3019.6167716620034,3019.6167716620034,3019.90387008947,0.0,0.2870984274664101,0.2870984274663897,1
2750,3021.1919775665087,3021.1919775665087,3024.465727150673,0.0,3.273749584164153,3.2737495841643067,1
2751,3021.2793722967854,3024.465727150673,3024.56572066289,3.1863548538876785,0.09999351221697056,3.2863483661044484,1
2752,3022.528749403137,3024.56572066289,3027.6158398293896,2.0369712597525904,3.050119166499944,5.087090426252416,1
2753,3023.0191376928833,3024.689597455164,3026.9658099684802,1.6704597622806432,2.2762125133161137,3.9466722755969386,2
2754,3031.406278437599,3031.406278437599,3032.0931714418252,0.0,0.6868930042260126,0.6868930042260217,1
2755,3032.635453685485,3032.635453685485,3034.2875576809283,0.0,1.6521039954433703,1.6521039954432126,1
2756,3034.0154714092296,3034.0154714092296,3037.4010141577346,0.0,3.3855427485051,3.3855427485050313,2
2757,3036.598541400774,3036.598541400774,3037.2741635523266,0.0,0.6756221515523763,0.6756221515524885,1
2758,3038.6349693270836,3038.6349693270836,3038.751725864069,0.0,0.11675653698558462,0.11675653698557653,1
2759,3040.98541608868,3040.98541608868,3042.5849190706485,0.0,1.5995029819685977,1.599502981968726,1
2760,3041.414942953678,3041.414942953678,3041.8315181985313,0.0,0.4165752448534264,0.41657524485344766,2
2761,3041.5403859284806,3041.8315181985313,3041.9764695897206,0.2911322700506389,0.14495139118913103,0.43608366123999076,2
2762,3042.0321847069395,3042.0321847069395,3042.498618581197,0.0,0.46643387425780003,0.46643387425774563,2
2763,3042.297035689208,3042.498618581197,3045.2522848734707,0.20158289198934654,2.7536662922733903,2.9552491842628115,2
2764,3042.8114997771086,3042.8114997771086,3044.6827294484774,0.0,1.8712296713687466,1.8712296713688374,1
2765,3043.090659518218,3044.6827294484774,3044.7173124720166,1.5920699302591856,0.03458302353910814,1.6266529537983843,1
2766,3043.3309926456654,3044.7173124720166,3044.8579812375233,1.386319826351155,0.14066876550647575,1.5269885918578439,1
2767,3045.6531498260574,3045.6531498260574,3047.372359708485,0.0,1.7192098824277169,1.719209882427549,1
2768,3046.429690263995,3046.429690263995,3047.0533138357146,0.0,0.6236235717194784,0.6236235717196905,2
2769,3046.924060320094,3047.0533138357146,3052.3785522329836,0.12925351562034848,5.32523839726885,5.4544919128893525,2
2770,3048.751877643021,3048.751877643021,3051.336510487122,0.0,2.584632844100908,2.5846328441007245,1
2771,3049.5438274952235,3051.336510487122,3059.0885150436666,1.7926829918983458,7.752004556544775,9.544687548443108,1
2772,3049.741071557541,3052.3785522329836,3056.8852596681577,2.6374806754424753,4.506707435174011,7.1441881106165965,2
2773,3050.565042434021,3056.8852596681577,3059.639627361952,6.320217234136635,2.7543676937945056,9.074584927931028,2
2774,3050.6619540452775,3059.0885150436666,3061.561746122544,8.42656099838905,2.4732310788772773,10.899792077266284,1
2775,3050.945168190807,3059.639627361952,3060.454188276483,8.6944591711449,0.8145609145309908,9.50902008567573,2
2776,3051.845522419972,3060.454188276483,3062.2922170186766,8.608665856510925,1.8380287421935806,10.446694598704653,2
2777,3053.4906093433096,3061.561746122544,3065.803092641132,8.071136779234166,4.241346518588248,12.312483297822382,1
2778,3054.4073589387285,3062.2922170186766,3064.1683267820335,7.884858079948117,1.8761097633568902,9.760967843305025,2
2779,3055.599415495376,3064.1683267820335,3067.0591012479126,8.568911286657567,2.8907744658791787,11.459685752536643,2
2780,3055.8214177666455,3065.803092641132,3066.0225816891075,9.981674874486544,0.21948904797525093,10.201163922462001,1
2781,3056.19771789359,3066.0225816891075,3066.5020487904844,9.824863795517558,0.4794671013770465,10.304330896894498,1
2782,3057.090695773511,3066.5020487904844,3068.922287920913,9.411353016973408,2.420239130428348,11.831592147401807,1
2783,3058.154278680272,3067.0591012479126,3067.4035629234713,8.904822567640622,0.3444616755586291,9.249284243199327,2
2784,3062.4459570668687,3067.4035629234713,3068.231085031581,4.95760585660264,0.827522108109998,5.785127964712501,2
2785,3065.4153642542997,3068.231085031581,3068.86212692807,2.8157207772815127,0.6310418964889699,3.446762673770536,2
2786,3067.207688797918,3068.86212692807,3070.5922555319025,1.6544381301523572,1.7301286038322687,3.384566733984684,2
2787,3069.4107383277965,3069.4107383277965,3070.4038171136203,0.0,0.9930787858239271,0.9930787858238546,1
2788,3069.48071566956,3070.4038171136203,3070.907672581438,0.9231014440601939,0.503855467817466,1.4269569118778236,1
2789,3070.6628546332167,3070.6628546332167,3072.0679616765315,0.0,1.405107043314589,1.4051070433147288,2
2790,3071.468925076824,3071.468925076824,3072.979178279471,0.0,1.5102532026472684,1.5102532026471636,1
2791,3073.1206887264807,3073.1206887264807,3076.7175928366987,0.0,3.596904110218029,3.59690411021802,1
2792,3073.363176479353,3073.363176479353,3075.847761758556,0.0,2.48458527920297,2.484585279202747,2
2793,3073.674498623813,3075.847761758556,3076.959458562925,2.173263134742683,1.1116968043692215,3.2849599391120137,2
2794,3074.960976502255,3076.7175928366987,3079.918985400217,1.7566163344436063,3.2013925635183447,4.958008897961918,1
2795,3076.411800642949,3076.959458562925,3081.9095680232863,0.5476579199762455,4.950109460361284,5.497767380337336,2
2796,3076.94447120779,3079.918985400217,3081.499219464037,2.9745141924272502,1.5802340638199692,4.5547482562474215,1
2797,3078.2309906716187,3081.499219464037,3083.1630409802974,3.2682287924185403,1.6638215162601746,4.932050308678754,1
2798,3079.8183910898747,3081.9095680232863,3082.079018237373,2.091176933411589,0.16945021408680808,2.260627147498326,2
2799,3080.195775254959,3082.079018237373,3083.6342638690835,1.883242982414231,1.5552456317106365,3.438488614124708,2
2800,3080.284178233079,3083.1630409802974,3084.27369013044,2.878862747218591,1.1106491501427438,3.9895118973613535,1
2801,3080.7790832848978,3083.6342638690835,3085.2781060068487,2.855180584185746,1.643842137765316,4.499022721950951,2
2802,3082.833594524263,3084.27369013044,3084.721106835544,1.4400956061772376,0.44741670510412024,1.8875123112811707,1
2803,3083.0701051684205,3084.721106835544,3090.526001927541,1.6510016671236372,5.804895091996768,7.455896759120606,1
2804,3083.453191738755,3085.2781060068487,3089.7672560287115,1.8249142680938348,4.48915002186282,6.314064289956605,2
2805,3083.939833761494,3089.7672560287115,3090.3047976944613,5.827422267217571,0.5375416657498298,6.364963932967385,2
2806,3084.1276692423985,3090.3047976944613,3090.7174119591323,6.177128452062789,0.4126142646708347,6.589742716733781,2
2807,3088.9771221369474,3090.526001927541,3091.7879517291153,1.5488797905936735,1.2619498015741373,2.81082959216792,1
2808,3089.5557083360654,3090.7174119591323,3093.0989654851755,1.1617036230668418,2.381553526043182,3.5432571491101044,2
2809,3091.288336441519,3091.7879517291153,3092.20286317973,0.4996152875964981,0.4149114506144709,0.9145267382109523,1
2810,3093.452619288579,3093.452619288579,3094.1837737668575,0.0,0.731154478278359,0.731154478278313,1
2811,3093.9966943611653,3093.9966943611653,3096.520866116541,0.0,2.5241717553756704,2.5241717553758463,2
2812,3095.52703205904,3095.52703205904,3095.9730053330536,0.0,0.44597327401387615,0.44597327401379516,1
2813,3096.1568666453186,3096.1568666453186,3096.4741978316333,0.0,0.31733118631459245,0.3173311863147319,1
2814,3096.90826798102,3096.90826798102,3101.9880246039934,0.0,5.0797566229732976,5.079756622973491,1
2815,3097.614527055949,3097.614527055949,3100.3098256288918,0.0,2.6952985729428285,2.6952985729426473,2
2816,3098.1807917275487,3100.3098256288918,3102.765090453875,2.129033901343064,2.455264824983122,4.584298726326324,2
2817,3098.333146503061,3101.9880246039934,3102.1186189819387,3.6548781009323648,0.13059437794534257,3.7854724788776366,1
2818,3098.9713816570825,3102.1186189819387,3102.370073994658,3.147237324856178,0.2514550127192408,3.3986923375755396,1
2819,3099.160120103651,3102.370073994658,3103.5511790364926,3.2099538910069896,1.1811050418347446,4.391058932841588,1
2820,3101.641970878937,3102.765090453875,3103.966030810568,1.1231195749378458,1.2009403566930474,2.324059931630927,2
2821,3102.6379118302593,3103.5511790364926,3108.0377330812266,0.9132672062332858,4.486554044733918,5.399821250967307,1
2822,3102.9925597812394,3103.966030810568,3104.882384103458,0.9734710293287208,0.9163532928901711,1.8898243222188285,2
2823,3103.0401982476683,3104.882384103458,3105.1407452902913,1.8421858557899213,0.2583611868332738,2.1005470426230204,2
2824,3106.208358660409,3106.208358660409,3106.8709704954604,0.0,0.6626118350511928,0.6626118350513934,2
2825,3107.5192775549135,3107.5192775549135,3107.533370351343,0.0,0.014092796429212974,0.014092796429395094,2
2826,3109.1473612528525,3109.1473612528525,3109.5731248586994,0.0,0.4257636058470528,0.4257636058468961,1
2827,3109.86534687929,3109.86534687929,3110.991038476441,0.0,1.1256915971513264,1.1256915971512171,1
2828,3110.5702288678413,3110.5702288678413,3111.7416815902056,0.0,1.1714527223643265,1.1714527223643927,2
2829,3110.6550478193735,3110.991038476441,3112.3088081885944,0.3359906570676685,1.3177697121530958,1.6537603692208904,1
2830,3112.379060901079,3112.379060901079,3120.6939204002165,0.0,8.314859499137645,8.314859499137583,1
2831,3113.373959034766,3113.373959034766,3113.433978450979,0.0,0.06001941621297946,0.060019416212981014,2
2832,3114.466971276664,3114.466971276664,3114.545687586548,0.0,0.07871630988380839,0.07871630988393008,2
2833,3114.6176829580972,3114.6176829580972,3114.7285839215283,0.0,0.1109009634312673,0.1109009634310496,2
2834,3115.399169123058,3115.399169123058,3116.028820003724,0.0,0.6296508806656537,0.6296508806658494,2
2835,3115.54256724515,3116.028820003724,3121.692578542445,0.4862527585737553,5.663758538721292,6.1500112972948955,2
2836,3117.5792686789173,3120.6939204002165,3123.715842851788,3.1146517212991967,3.02192245157134,6.136574172870496,1
2837,3121.8936333081897,3121.8936333081897,3122.594387034698,0.0,0.7007537265079902,0.7007537265080828,2
2838,3122.5776934499686,3122.594387034698,3126.802933241643,0.016693584729182476,4.2085462069451305,4.2252397916745394,2
2839,3122.8114567479215,3123.715842851788,3127.1656738698002,0.9043861038662726,3.4498310180122496,4.354217121878719,1
2840,3124.1083914640017,3126.802933241643,3127.9311517031197,2.6945417776414615,1.1282184614763902,3.822760239117997,2
2841,3124.3747577177523,3127.1656738698002,3127.703229666298,2.7909161520478847,0.5375557964974315,3.3284719485454843,1
2842,3126.4021453841033,3127.703229666298,3133.5320599040256,1.3010842821945516,5.828830237727744,7.129914519922295,1
2843,3126.7404180929457,3127.9311517031197,3129.2075615069098,1.190733610173993,1.2764098037901863,2.467143413964095,2
2844,3126.946207815161,3129.2075615069098,3135.60352853733,2.261353691748809,6.395967030420243,8.657320722169061,2
2845,3127.9112650127054,3133.5320599040256,3134.3663946989896,5.620794891320202,0.8343347949639869,6.455129686284181,1
2846,3127.9711720990113,3134.3663946989896,3136.14386703041,6.395222599978297,1.777472331420739,8.172694931398837,1
2847,3128.1832622874585,3135.60352853733,3142.3538296540273,7.420266249871474,6.750301116697177,14.170567366568775,2
2848,3128.7894439986426,3136.14386703041,3136.727379116129,7.35442303176751,0.5835120857191853,7.9379351174866315,1
2849,3129.3048506470955,3136.727379116129,3142.0976722398273,7.42252846903375,5.370293123697927,12.792821592731798,1
2850,3132.8958343636787,3142.0976722398273,3143.2960912486055,9.201837876148602,1.1984190087781506,10.400256884926876,1
2851,3132.9133250408995,3142.3538296540273,3142.7753114966026,9.440504613127814,0.4214818425753724,9.861986455703118,2
2852,3133.716522414711,3142.7753114966026,3149.4672654495726,9.058789081891518,6.6919539529697385,15.750743034861443,2
2853,3134.9637518549143,3143.2960912486055,3146.496576833554,8.3323393936912,3.200485584948681,11.532824978639837,1
2854,3135.189864132408,3146.496576833554,3152.934512357019,11.306712701146353,6.437935523464395,17.744648224610955,1
2855,3135.431822859173,3149.4672654495726,3149.8661991582235,14.035442590399725,0.39893370865091216,14.434376299050655,2
2856,3135.786707601289,3149.8661991582235,3150.2538070996607,14.0794915569345,0.3876079414371979,14.467099498371681,2
2857,3136.447141081423,3150.2538070996607,3152.278873211819,13.806666018237593,2.0250661121581675,15.831732130395721,2
2858,3137.2441259574475,3152.278873211819,3152.615833678604,15.034747254371268,0.3369604667849455,15.371707721156326,2
2859,3140.700877759826,3152.615833678604,3152.6425315308484,11.91495591877765,0.02669785224469597,11.941653771022175,2
2860,3143.1084311337154,3152.6425315308484,3154.1181691820725,9.534100397132988,1.4756376512239648,11.009738048357121,2
2861,3143.1214309908105,3152.934512357019,3155.326487455991,9.81308136620828,2.3919750989723454,12.205056465180405,1
2862,3144.103375767107,3154.1181691820725,3156.272604378431,10.014793414965425,2.1544351963584383,12.169228611323888,2
2863,3144.987345509443,3155.326487455991,3156.571991788433,10.339141946547898,1.2455043324421728,11.584646278990022,1
2864,3147.2540214892365,3156.272604378431,3157.677156121274,9.018582889194477,1.4045517428428598,10.423134632037545,2
2865,3147.71873414745,3156.571991788433,3156.889879282503,8.853257640982974,0.3178874940701507,9.171145135052939,1
2866,3147.891403247233,3156.889879282503,3157.3704729353562,8.99847603526996,0.48059365285342553,9.479069688123218,1
2867,3148.0155024766373,3157.3704729353562,3158.8013681291595,9.35497045871898,1.4308951938034136,10.785865652522261,1
2868,3148.4898800346714,3157.677156121274,3159.261338651515,9.187276086602651,1.5841825302411439,10.771458616843574,2
2869,3149.9025062351484,3158.8013681291595,3171.67749531434,8.898861894011134,12.876127185180307,21.774989079191528,1
2870,3151.4154334181276,3159.261338651515,3162.374070932899,7.845905233387384,3.1127322813841314,10.958637514771453,2
2871,3151.54130679308,3162.374070932899,3162.3910643059003,10.832764139819119,0.01699337300124006,10.84975751282036,2
2872,3152.518371588116,3162.3910643059003,3172.529942200963,9.872692717784048,10.138877895062823,20.011570612846754,2
2873,3153.0353296995863,3171.67749531434,3172.61257103961,18.642165614753594,0.9350757252702425,19.577241340023647,1
2874,3153.070082826215,3172.529942200963,3173.0368643676,19.459859374747793,0.5069221666370649,19.96678154138499,2
2875,3156.71639497905,3172.61257103961,3172.877146747738,15.89617606055981,0.264575708128005,16.160751768687987,1
2876,3156.8229929644453,3172.877146747738,3172.9241506629887,16.054153783292804,0.047003915250654275,16.101157698543375,1
2877,3157.000460890838,3172.9241506629887,3175.034659951272,15.923689772150738,2.1105092882832523,18.03419906043382,1
2878,3157.8905413613543,3173.0368643676,3176.5042978066563,15.146323006245893,3.4674334390561836,18.613756445301988,2
2879,3158.510552191823,3175.034659951272,3178.356703422001,16.524107759448725,3.3220434707290702,19.84615123017784,1
2880,3161.3884967696285,3176.5042978066563,3176.7819284451007,15.115801037027722,0.27763063844437896,15.39343167547213,2
2881,3163.909611527984,3176.7819284451007,3177.4086058385915,12.872316917116677,0.6266773934907949,13.498994310607486,2
2882,3165.339696960084,3177.4086058385915,3178.4336478081364,12.0689088785075,1.0250419695449824,13.093950848052373,2
2883,3166.1813844735348,3178.356703422001,3178.7557535619694,12.175318948466156,0.39905013996864347,12.57436908843465,1
2884,3169.794944208664,3178.4336478081364,3180.0223001991912,8.638703599472137,1.5886523910550545,10.22735599052703,2
2885,3170.0750241790133,3178.7557535619694,3181.245186700489,8.680729382956088,2.4894331385195843,11.170162521475504,1
2886,3170.7315205562063,3180.0223001991912,3180.4623883587637,9.290779642984944,0.4400881595725087,9.73086780255744,2
2887,3170.7492093057613,3180.4623883587637,3183.8705124180965,9.713179053002477,3.4081240593326627,13.121303112335227,2
2888,3171.0171607596976,3181.245186700489,3184.1240672482463,10.228025940791213,2.878880547757689,13.106906488548702,1
2889,3171.13413746768,3183.8705124180965,3184.4620897054083,12.736374950416575,0.5915772873118548,13.327952237728368,2
2890,3172.0911946670644,3184.1240672482463,3185.4467347967557,12.032872581181891,1.322667548509561,13.355540129691235,1
2891,3172.562868804051,3184.4620897054083,3188.229815595009,11.89922090135724,3.7677258896005585,15.666946790957809,2
2892,3175.660302292293,3185.4467347967557,3186.450361933308,9.786432504462482,1.0036271365526408,10.790059641014977,1
2893,3175.927361496784,3186.450361933308,3186.4875634513164,10.523000436523944,0.037201518008180244,10.560201954532204,1
2894,3176.4818826061924,3186.4875634513164,3188.701708204096,10.005680845124061,2.214144752779527,12.219825597903764,1
2895,3176.938132083339,3188.229815595009,3193.3401285257937,11.291683511669817,5.110312930784771,16.401996442454674,2
2896,3177.166055293133,3188.701708204096,3193.460946319914,11.535652910963108,4.759238115818058,16.294891026780988,1
2897,3177.3476543629113,3193.3401285257937,3202.9024504863014,15.992474162882445,9.562321960507761,25.554796123390133,2
2898,3177.507179987855,3193.460946319914,3195.9324525391885,15.953766332058876,2.4715062192744193,18.425272551333364,1
2899,3177.517864008093,3195.9324525391885,3196.0101437161447,18.414588531095433,0.0776911769560655,18.492279708051683,1
2900,3177.644766789786,3196.0101437161447,3197.907931494525,18.36537692635875,1.8977877783803716,20.26316470473921,1
2901,3179.5541471289885,3197.907931494525,3200.6972173665904,18.35378436553674,2.7892858720651237,21.143070237601933,1
2902,3180.303249781421,3200.6972173665904,3204.110166396175,20.39396758516932,3.412949029584358,23.806916614753845,1
2903,3181.340286118789,3202.9024504863014,3204.815906855726,21.562164367512196,1.9134563694248221,23.47562073693689,2
2904,3182.74327466827,3204.110166396175,3207.4426685498465,21.366891727905113,3.3325021536715163,24.699393881576725,1
2905,3183.2229391005717,3204.815906855726,3206.230280319078,21.592967755154405,1.4143734633518394,23.0073412185061,2
2906,3184.176179309419,3206.230280319078,3214.8269317675645,22.054101009659007,8.596651448486572,30.65075245814569,2
2907,3185.165499987175,3207.4426685498465,3208.0971513830177,22.277168562671704,0.6544828331710171,22.93165139584289,1
2908,3187.3343462206617,3208.0971513830177,3208.582410685379,20.762805162356017,0.4852593023609791,21.248064464717118,1
2909,3187.5878309925884,3208.582410685379,3209.156002229332,20.994579692790467,0.5735915439530715,21.568171236743638,1
2910,3188.6702090145104,3209.156002229332,3214.045617343235,20.48579321482157,4.889615113903104,25.37540832872446,1
2911,3189.313822839261,3214.045617343235,3214.420208534238,24.731794503974015,0.3745911910032968,25.106385694977234,1
2912,3189.42598773041,3214.420208534238,3215.8717227428606,24.994220803828284,1.4515142086222856,26.44573501245077,1
2913,3189.5542379532963,3214.8269317675645,3215.100154474949,25.272693814268223,0.27322270738436005,25.545916521652543,2
2914,3190.2089393779925,3215.100154474949,3216.5556072950862,24.89121509695633,1.4554528201375967,26.346667917093782,2
2915,3191.2358904522516,3215.8717227428606,3216.270472688726,24.63583229060896,0.3987499458655104,25.034582236474307,1
2916,3192.074381410692,3216.270472688726,3218.257910100601,24.196091278034146,1.9874374118749125,26.183528689909053,1
2917,3193.979232521838,3216.5556072950862,3217.024024334011,22.576374773248062,0.46841703892466674,23.04479181217266,2
2918,3194.6881543263494,3217.024024334011,3219.0693537634565,22.33587000766147,2.045329429445645,24.38119943710717,2
2919,3195.9364198506696,3218.257910100601,3218.989971461406,22.32149024993123,0.7320613608055655,23.053551610736577,1
2920,3199.0873986849583,3218.989971461406,3229.2446288903025,19.90257277644787,10.254657428896394,30.15723020534415,1
2921,3202.2131977414265,3219.0693537634565,3220.2510845886936,16.856156022030063,1.1817308252369094,18.037886847267146,2
2922,3203.835473618235,3220.2510845886936,3221.7222743332513,16.4156109704586,1.4711897445578708,17.886800715016307,2
2923,3203.840969364558,3221.7222743332513,3223.4487252288645,17.881304968693257,1.7264508956133033,19.607755864306455,2
2924,3204.6453825039534,3223.4487252288645,3223.6513071987615,18.80334272491109,0.20258196989687835,19.005924694808073,2
2925,3204.790180319371,3223.6513071987615,3223.6999155260396,18.861126879390667,0.048608327278267374,18.909735206668756,2
2926,3206.5162056301556,3223.6999155260396,3224.4165621469388,17.18370989588402,0.7166466208989783,17.900356516783177,2
2927,3207.2757741687897,3224.4165621469388,3227.793409848559,17.140787978149092,3.3768477016199503,20.517635679769228,2
2928,3209.1204792091144,3227.793409848559,3229.6164190116538,18.67293063944453,1.8230091630947034,20.495939802539397,2
2929,3209.250501031783,3229.2446288903025,3230.7360076392956,19.994127858519278,1.491378748993248,21.485506607512434,1
2930,3209.390071617332,3229.6164190116538,3231.3813309856096,20.226347394321692,1.764911973956022,21.991259368277497,2
2931,3209.88934486046,3230.7360076392956,3233.0247651116993,20.846662778835707,2.288757472403518,23.13542025123934,1
2932,3210.418179225745,3231.3813309856096,3238.4189796058336,20.96315175986456,7.037648620224148,28.00080038008855,2
2933,3210.829081311655,3233.0247651116993,3233.711568690257,22.195683800044208,0.686803578557911,22.882487378602036,1
2934,3213.2394301362783,3233.711568690257,3235.486449050592,20.472138553978766,1.7748803603347145,22.247018914313685,1
2935,3214.329104037585,3235.486449050592,3236.869250425695,21.157345013007216,1.3828013751030794,22.540146388110315,1
2936,3217.516417538154,3236.869250425695,3237.2143656349294,19.3528328875409,0.3451152092343513,19.697948096775235,1
2937,3219.1487486281076,3237.2143656349294,3237.7725900389814,18.065617006821867,0.5582244040522251,18.623841410873865,1
2938,3221.448413416341,3237.7725900389814,3239.9101369423024,16.324176622640607,2.137546903321127,18.461723525961588,1
2939,3221.7461434852726,3238.4189796058336,3239.1974962784193,16.672836120560987,0.7785166725856724,17.451352793146725,2
2940,3225.8190415967442,3239.1974962784193,3240.574955398638,13.378454681675066,1.3774591202185869,14.755913801893712,2
2941,3226.6713275562906,3239.9101369423024,3240.545912907982,13.23880938601178,0.6357759656793769,13.874585351691167,1
2942,3229.2205217760393,3240.545912907982,3240.83531493044,11.325391131942524,0.28940202245811114,11.614793154400559,1
2943,3231.217842403523,3240.574955398638,3242.8728347290535,9.35711299511513,2.2978793304154657,11.654992325530657,2
2944,3233.7292609548467,3240.83531493044,3240.913149932439,7.106053975593113,0.07783500199899832,7.1838889775922325,1
2945,3233.985857510434,3240.913149932439,3244.223112359672,6.927292422004939,3.30996242723302,10.23725484923807,1
2946,3234.271014691114,3242.8728347290535,3243.46483277581,8.601820037939433,0.5919980467567036,9.193818084695977,2
2947,3235.3982499728195,3243.46483277581,3245.2346826754124,8.066582802990524,1.7698498996023584,9.836432702592901,2
2948,3235.524961556036,3244.223112359672,3251.642579552947,8.698150803636054,7.4194671932751834,16.11761799691112,1
2949,3236.2152716745436,3245.2346826754124,3246.299279797276,9.019411000868786,1.0645971218636618,10.084008122732484,2
2950,3236.449349659123,3246.299279797276,3246.4861386383586,9.849930138153013,0.18685884108262898,10.036788979235553,2
2951,3236.787383666741,3246.4861386383586,3249.880336378591,9.698754971617745,3.3941977402325163,13.092952711850103,2
2952,3239.4070446167407,3249.880336378591,3249.9309571070676,10.473291761850305,0.05062072847662353,10.523912490326893,2
2953,3243.837918429121,3249.9309571070676,3254.82406030598,6.093038677946424,4.893103198912443,10.98614187685871,2
2954,3245.2550609124132,3251.642579552947,3252.57087935245,6.387518640533926,0.9282997995027925,7.3158184400367645,1
2955,3245.383695950465,3252.57087935245,3254.2212685460177,7.187183401984839,1.6503891935678374,8.837572595552501,1
2956,3245.759852721763,3254.2212685460177,3254.5180516120768,8.4614158242548,0.29678306605916543,8.758198890313906,1
2957,3246.6266252727214,3254.5180516120768,3259.7038529256793,7.891426339355348,5.185801313602533,13.077227652957845,1
2958,3246.8862503989494,3254.82406030598,3255.355926902523,7.9378099070304415,0.5318665965431575,8.469676503573737,2
2959,3247.33246614853,3255.355926902523,3258.8042680937106,8.023460753993277,3.4483411911874047,11.471801945180687,2
2960,3247.536002957105,3258.8042680937106,3261.496578611608,11.26826513660535,2.6923105178974645,13.960575654502918,2
2961,3248.0171243086365,3259.7038529256793,3261.651801559064,11.686728617042718,1.9479486333849585,13.634677250427558,1
2962,3248.8550031947807,3261.496578611608,3264.3768965993663,12.641575416827436,2.8803179877582097,15.521893404585626,2
2963,3252.246127550788,3261.651801559064,3265.086314905442,9.405674008276037,3.4345133463781683,12.840187354654063,1
2964,3252.7281475725977,3264.3768965993663,3265.9022787629524,11.648749026768655,1.525382163586042,13.174131190354728,2
2965,3254.3002531129478,3265.086314905442,3265.1592656923312,10.786061792494365,0.07295078688902805,10.859012579383489,1
2966,3254.9522427050865,3265.1592656923312,3265.316356069777,10.207022987244727,0.15709037744573975,10.364113364690638,1
2967,3255.0279411065317,3265.316356069777,3267.533952154619,10.288414963245486,2.2175960848418805,12.506011048087203,1
2968,3256.0639512661505,3265.9022787629524,3267.4443016870073,9.838327496801867,1.5420229240550751,11.380350420856757,2
2969,3257.345922630564,3267.4443016870073,3272.527983384545,10.098379056443264,5.083681697537874,15.182060753981204,2
2970,3257.360970651632,3267.533952154619,3269.214473748081,10.172981502986659,1.6805215934624882,11.853503096449003,1
2971,3258.2401108810545,3269.214473748081,3272.8936785890114,10.974362867026684,3.679204840930232,14.653567707956881,1
2972,3259.950364232026,3272.527983384545,3273.0870181970763,12.577619152519219,0.5590348125311593,13.1366539650503,2
2973,3260.046418725367,3272.8936785890114,3273.0141251301916,12.847259863644467,0.12044654117997901,12.96770640482464,1
2974,3260.8696472856072,3273.0141251301916,3274.4606287037495,12.144477844584344,1.4465035735578116,13.590981418142292,1
2975,3263.703065949771,3273.0870181970763,3274.6308996849366,9.383952247305388,1.5438814878604623,10.927833735165677,2
2976,3267.2057714859784,3274.4606287037495,3274.85631044345,7.254857217771132,0.395681739700729,7.650538957471781,1
2977,3267.98078874137,3274.6308996849366,3277.0541250359515,6.650110943566688,2.4232253510149504,9.073336294581622,2
2978,3268.494402045104,3274.85631044345,3276.887737167805,6.361908398346259,2.0314267243545845,8.393335122701046,1
2979,3268.602982750117,3276.887737167805,3277.539531460602,8.284754417687964,0.6517942927969234,8.936548710485113,1
2980,3269.1978066716606,3277.0541250359515,3278.4817781735687,7.856318364290928,1.427653137617362,9.283971501908127,2
2981,3269.513249929382,3277.539531460602,3277.593452642758,8.02628153122032,0.05392118215597227,8.080202713376366,1
2982,3269.7077286913564,3277.593452642758,3277.6517742957158,7.885723951401815,0.05832165295758435,7.944045604359417,1
2983,3270.1301947657435,3277.6517742957158,3278.280010350403,7.521579529972314,0.6282360546869457,8.149815584659336,1
2984,3270.3288110760973,3278.280010350403,3286.5179166621274,7.951199274305509,8.237906311724561,16.18910558603011,1
2985,3271.137815951763,3278.4817781735687,3280.1593218199323,7.343962221805668,1.677543646363512,9.021505868169243,2
2986,3274.4741777560553,3280.1593218199323,3283.4972755519743,5.685144063877033,3.33795373204208,9.023097795919057,2
2987,3275.7853933305737,3283.4972755519743,3284.02841394303,7.711882221400629,0.5311383910555284,8.243020612456348,2
2988,3276.271115555763,3284.02841394303,3284.121433140016,7.757298387266928,0.09301919698582653,7.8503175842529345,2
2989,3276.4310792552933,3284.121433140016,3285.060425985745,7.690353884722754,0.9389928457290242,8.629346730451743,2
2990,3277.019054447191,3285.060425985745,3285.0611426858095,8.041371538553904,0.0007167000646520063,8.042088238618362,2
2991,3277.101785204674,3285.0611426858095,3285.3762651555353,7.959357481135612,0.31512246972561286,8.274479950861405,2
2992,3278.1473857706605,3285.3762651555353,3288.1088382561156,7.228879384874745,2.7325731005802605,9.961452485455084,2
2993,3282.8224975987982,3286.5179166621274,3289.7820082707517,3.6954190633291546,3.264091608624421,6.959510671953467,1
2994,3284.0495622231265,3288.1088382561156,3288.196097736282,4.059276032989146,0.08725948016610931,4.146535513155413,2
2995,3284.103702070047,3288.196097736282,3291.194224379955,4.0923956662350065,2.998126643673038,7.09052230990801,2
2996,3285.1946116455288,3289.7820082707517,3294.5014505048775,4.587396625222937,4.719442234126057,9.306838859348773,1
2997,3287.444888691146,3291.194224379955,3298.1231510353914,3.7493356888089693,6.928926655436412,10.678262344245468,2
2998,3287.4679754155277,3294.5014505048775,3294.6408996047244,7.033475089349849,0.13944909984679674,7.172924189196692,1
2999,3291.9812317449514,3294.6408996047244,3295.438286370129,2.6596678597729806,0.7973867654044235,3.457054625177534,1
3000,3296.880754303097,3296.880754303097,3298.9114900609147,0.0,2.030735757817527,2.030735757817638,1
3001,3297.456342577804,3298.1231510353914,3298.300829929486,0.6668084575871944,0.17767889409476015,0.8444873516818916,2
3002,3298.3348642855203,3298.3348642855203,3299.920458975841,0.0,1.58559469032072,1.585594690320704,2
3003,3299.177979422803,3299.177979422803,3301.028071829854,0.0,1.8500924070507354,1.8500924070508518,1
3004,3299.93890708792,3299.93890708792,3300.593932176738,0.0,0.6550250888175059,0.6550250888176379,2
3005,3300.1491271542804,3300.593932176738,3310.6433511018477,0.4448050224573308,10.049418925110102,10.494223947567207,2
3006,3301.273306910154,3301.273306910154,3301.5727411442795,0.0,0.29943423412536524,0.29943423412532866,1
3007,3302.625992340307,3302.625992340307,3304.5836667119474,0.0,1.9576743716400042,1.9576743716402234,1
3008,3303.10728435212,3304.5836667119474,3304.742994306135,1.476382359827312,0.15932759418764408,1.6357099540150557,1
3009,3305.7933040304683,3305.7933040304683,3305.827722667085,0.0,0.034418636616424365,0.03441863661646494,1
3010,3306.567183584581,3306.567183584581,3309.3411275641233,0.0,2.7739439795424468,2.7739439795423095,1
3011,3306.5833489724146,3309.3411275641233,3311.105528754734,2.7577785917087567,1.7644011906107209,4.522179782319654,1
3012,3306.9602503747456,3310.6433511018477,3313.414331945121,3.683100727102101,2.7709808432732355,6.454081570375365,2
3013,3308.4323390832715,3311.105528754734,3317.790175241361,2.673189671462751,6.6846464866265185,9.357836158089412,1
3014,3310.733179674553,3313.414331945121,3313.747209412274,2.6811522705679636,0.3328774671533017,3.0140297377211027,2
3015,3312.355954157063,3313.747209412274,3314.2142490932065,1.3912552552110355,0.4670396809326335,1.8582949361434657,2
3016,3314.6242589873355,3314.6242589873355,3316.0990981960376,0.0,1.474839208702062,1.4748392087021784,2
3017,3314.859281056428,3316.0990981960376,3318.108471308284,1.2398171396098405,2.009373112246348,3.249190251856362,2
3018,3316.4721405570453,3317.790175241361,3319.304261464013,1.3180346843155348,1.5140862226520446,2.8321209069677025,1
3019,3317.244720266764,3318.108471308284,3319.286054046934,0.8637510415201177,1.1775827386500828,2.0413337801701346,2
3020,3317.491573626709,3319.286054046934,3322.459761996081,1.7944804202252271,3.173707949146776,4.968188369372001,2
3021,3319.138331950966,3319.304261464013,3319.437668005917,0.16592951304710368,0.13340654190427198,0.2993360549512545,1
3022,3319.1426397801893,3319.437668005917,3320.914834430944,0.29502822572794685,1.4771664250271201,1.7721946507549546,1
3023,3319.6029029517354,3320.914834430944,3320.966001566552,1.3119314792088517,0.05116713560817699,1.3630986148168631,1
3024,3320.683627990848,3320.966001566552,3321.751257655962,0.2823735757042414,0.7852560894100389,1.0676296651140547,1
3025,3322.084095341328,3322.084095341328,3323.419111338343,0.0,1.335015997015114,1.3350159970150344,1
3026,3322.4971122022266,3322.4971122022266,3323.0127080290245,0.0,0.5155958267980162,0.5155958267978349,2
3027,3324.0507674820165,3324.0507674820165,3326.442302748026,0.0,2.391535266009545,2.3915352660096687,1
3028,3324.8751026448754,3324.8751026448754,3325.862841794391,0.0,0.9877391495155996,0.9877391495156189,2
3029,3325.5108718393926,3325.862841794391,3328.3630582191813,0.35196995499836703,2.5002164247902865,2.852186379788691,2
3030,3326.9913032946897,3326.9913032946897,3327.991602081337,0.0,1.000298786647174,1.0002987866473632,1
3031,3329.51441355024,3329.51441355024,3330.1113130341632,0.0,0.5968994839233273,0.5968994839231527,1
3032,3331.218167143055,3331.218167143055,3332.2085182220785,0.0,0.990351079023806,0.9903510790236396,1
3033,3331.6095744694508,3331.6095744694508,3332.946289822322,0.0,1.3367153528711626,1.3367153528711242,2
3034,3332.160285156094,3332.2085182220785,3333.991804475632,0.04823306598473209,1.7832862535532985,1.8315193195380743,1
3035,3334.6326049743498,3334.6326049743498,3338.994948895122,0.0,4.362343920772388,4.3623439207722186,1
3036,3335.2815856746374,3335.2815856746374,3337.477186952188,0.0,2.195601277550572,2.195601277550395,2
3037,3335.9495836805363,3337.477186952188,3339.44756181724,1.5276032716515147,1.9703748650521573,3.4979781367037504,2
3038,3337.11018540546,3338.994948895122,3344.276529370446,1.8847634896619638,5.281580475324275,7.1663439649860265,1
3039,3340.0570168649233,3340.0570168649233,3340.988438772242,0.0,0.9314219073183914,0.9314219073185086,2
3040,3340.885785829314,3340.988438772242,3342.0157929228226,0.10265294292776161,1.02735415058073,1.1300070935085387,2
3041,3341.755597180039,3342.0157929228226,3343.0878274449874,0.26019574278370783,1.072034522164972,1.332230264948521,2
3042,3346.521303056514,3346.521303056514,3347.1672588152533,0.0,0.6459557587392086,0.6459557587390918,1
3043,3347.0951042983793,3347.0951042983793,3347.456856612046,0.0,0.3617523136668922,0.3617523136667842,2
3044,3347.2228473758505,3347.2228473758505,3349.9334216782236,0.0,2.7105743023731756,2.710574302373061,1
3045,3347.8395984207664,3347.8395984207664,3347.9156115721407,0.0,0.07601315137428716,0.07601315137435449,2
3046,3353.074540544632,3353.074540544632,3353.16064979946,0.0,0.08610925482820331,0.08610925482798848,1
3047,3353.208303538091,3353.208303538091,3353.5245231217,0.0,0.316219583608845,0.31621958360892677,1
3048,3353.431177216013,3353.431177216013,3353.8595503367287,0.0,0.4283731207155572,0.4283731207156052,2
3049,3356.0583487893787,3356.0583487893787,3356.0794994947732,0.0,0.021150705394454582,0.021150705394575198,1
3050,3356.286736662454,3356.286736662454,3360.1377049731773,0.0,3.8509683107230366,3.8509683107231467,1
3051,3356.8577553021664,3356.8577553021664,3359.3395770827206,0.0,2.4818217805539784,2.481821780554128,2
3052,3356.9335815106388,3359.3395770827206,3361.1094853741856,2.4059955720817925,1.7699082914651942,4.175903863546864,2
3053,3357.5035992996714,3360.1377049731773,3363.672286271989,2.6341056735059283,3.5345812988117884,6.168686972317573,1
3054,3359.163253196072,3361.1094853741856,3363.5360646021263,1.946232178113405,2.4265792279405103,4.3728114060540975,2
3055,3359.850342219928,3363.5360646021263,3363.964710393061,3.6857223821984917,0.42864579093472766,4.1143681731332435,2
3056,3359.914911786855,3363.672286271989,3363.674809530038,3.7573744851338233,0.0025232580493772,3.7598977431830463,1
3057,3359.9198049504644,3363.674809530038,3368.2397156567267,3.7550045795737788,4.564906126688407,8.319910706262363,1
3058,3360.1394578359245,3363.964710393061,3364.2289523497834,3.825252557136537,0.264241956722349,4.089494513858881,2
3059,3360.1927844448774,3364.2289523497834,3365.5270037436703,4.036167904906051,1.2980513938871312,5.334219298792959,2
3060,3362.366886660511,3365.5270037436703,3367.759639638472,3.1601170831590935,2.2326358948016014,5.392752977960754,2
3061,3364.8831591961703,3367.759639638472,3371.0825565380082,2.8764804423017267,3.322916899536168,6.199397341837994,2
3062,3367.5714745620903,3368.2397156567267,3369.420675274189,0.6682410946364143,1.1809596174622459,1.8492007120985363,1
3063,3367.610684865596,3369.420675274189,3369.9575128641673,1.8099904085929666,0.5368375899783573,2.3468279985713707,1
3064,3369.0275314053088,3369.9575128641673,3372.1180687681326,0.9299814588584923,2.1605559039654634,3.090537362823852,1
3065,3370.261500548279,3371.0825565380082,3372.652563839611,0.8210559897293024,1.5700073016029177,2.3910632913321024,2
3066,3370.4059958108346,3372.1180687681326,3374.025310541889,1.7120729572980053,1.9072417737567748,3.619314731054601,1
3067,3370.538398541738,3372.652563839611,3373.6351408774594,2.1141652978731145,0.9825770378484887,3.096742335721501,2
3068,3372.088060773429,3373.6351408774594,3376.512349638953,1.547080104030556,2.8772087614935984,4.424288865523977,2
3069,3372.1220718964078,3374.025310541889,3374.0371813165534,1.9032386454814514,0.011870774664251989,1.9151094201456544,1
3070,3372.6742841788287,3374.0371813165534,3376.581251024344,1.362897137724758,2.544069707790497,3.9069668455153987,1
3071,3373.220371864497,3376.512349638953,3377.5495321130156,3.2919777744559724,1.0371824740628866,4.329160248518747,2
3072,3373.4853353935755,3376.581251024344,3380.4481930173547,3.095915630768559,3.866941993010714,6.9628576237792,1
3073,3373.558946205112,3377.5495321130156,3377.993213153108,3.990585907903551,0.44368104009245035,4.434266947996093,2
3074,3373.6134914878858,3377.993213153108,3379.2906962922366,4.379721665222405,1.297483139128416,5.677204804350822,2
3075,3375.0858596558787,3379.2906962922366,3380.9750973306172,4.204836636357868,1.6844010383807728,5.889237674738524,2
3076,3375.1858260139447,3380.4481930173547,3386.2746373086675,5.262367003409963,5.826444291312775,11.088811294722746,1
3077,3375.2448795963087,3380.9750973306172,3382.35052667056,5.730217734308553,1.375429339942953,7.105647074251465,2
3078,3376.9793136397375,3382.35052667056,3384.3905418154272,5.371213030822673,2.040015144867237,7.411228175689757,2
3079,3378.1439232943185,3384.3905418154272,3384.8975099649397,6.246618521108758,0.5069681495126376,6.753586670621189,2
3080,3381.9908304157825,3384.8975099649397,3385.8408771675504,2.906679549157161,0.9433672026107723,3.850046751767877,2
3081,3382.035437615574,3385.8408771675504,3385.9131602672846,3.8054395519761783,0.07228309973416246,3.877722651710428,2
3082,3383.2148782091635,3385.9131602672846,3389.038804188894,2.6982820581210945,3.1256439216093628,5.823925979730575,2
3083,3385.0193118645398,3386.2746373086675,3386.280499217269,1.2553254441277204,0.005861908601564018,1.2611873527293938,1
3084,3385.4353671284266,3386.280499217269,3389.2890579524337,0.8451320888425471,3.0085587351647822,3.853690824007117,1
3085,3385.5357270162094,3389.038804188894,3390.327779157388,3.503077172684698,1.2889749684934906,4.792052141178374,2
3086,3389.293188988712,3389.293188988712,3390.53695092919,0.0,1.2437619404783846,1.24376194047818,1
3087,3389.6737975460637,3390.327779157388,3391.3875564141304,0.6539816113240704,1.0597772567426185,1.713758868066634,2
3088,3390.8930846397557,3390.8930846397557,3394.018619064431,0.0,3.1255344246749326,3.125534424675152,1
3089,3391.5932151526954,3391.5932151526954,3393.275315574748,0.0,1.6821004220526867,1.6821004220528266,2
3090,3393.9618426070924,3393.9618426070924,3394.925899643311,0.0,0.964057036218566,0.9640570362184917,2
3091,3394.9355268664967,3394.9355268664967,3395.7341493298245,0.0,0.7986224633279181,0.7986224633277743,1
3092,3396.3119394663418,3396.3119394663418,3396.7884113133864,0.0,0.4764718470447503,0.4764718470446496,1
3093,3396.494834295009,3396.494834295009,3399.664468886775,0.0,3.169634591766114,3.1696345917662256,2
3094,3397.3346575701403,3397.3346575701403,3401.5080217709456,0.0,4.173364200805366,4.173364200805281,1
3095,3399.030544414041,3399.664468886775,3400.329970544477,0.6339244727341793,0.6655016577018835,1.2994261304361316,2
3096,3401.1432867504113,3401.1432867504113,3401.3587571585967,0.0,0.21547040818557953,0.21547040818541063,2
3097,3402.3195951189123,3402.3195951189123,3404.519313570449,0.0,2.199718451536831,2.1997184515366826,1
3098,3403.364385407207,3403.364385407207,3403.7022546556364,0.0,0.3378692484295392,0.3378692484293424,2
3099,3404.0889106695295,3404.0889106695295,3404.2815749346946,0.0,0.19266426516500565,0.19266426516514912,2
3100,3405.9883948354554,3405.9883948354554,3409.5217096139295,0.0,3.533314778473877,3.5333147784740504,1
3101,3408.705353231349,3408.705353231349,3408.7260550783126,0.0,0.020701846963500227,0.020701846963675052,2
3102,3409.7159671552026,3409.7159671552026,3409.773189769941,0.0,0.05722261473812716,0.05722261473829349,1
3103,3411.8729571577323,3411.8729571577323,3413.6668618208323,0.0,1.7939046630999365,1.7939046630999655,1
3104,3411.907212213593,3411.907212213593,3414.4469507502777,0.0,2.5397385366844056,2.539738536684581,2
3105,3412.6911813957367,3413.6668618208323,3414.232725136829,0.9756804250955611,0.5658633159964871,1.5415437410920276,1
3106,3414.119619353056,3414.232725136829,3416.6537897773264,0.11310578377288039,2.4210646404978826,2.534170424270542,1
3107,3415.213336915363,3415.213336915363,3417.340508858638,0.0,2.1271719432747394,2.1271719432747886,2
3108,3417.1273660947472,3417.1273660947472,3417.69064499036,0.0,0.5632788956127702,0.5632788956127115,1
3109,3417.9551769460954,3417.9551769460954,3419.7615962040927,0.0,1.806419257997149,1.8064192579972769,1
3110,3419.270781723146,3419.270781723146,3419.5280226038985,0.0,0.257240880752591,0.25724088075276086,2
3111,3420.0572959272617,3420.0572959272617,3422.2197854923866,0.0,2.162489565124811,2.1624895651248153,1
3112,3420.3756617655217,3420.3756617655217,3423.3158505979573,0.0,2.9401888324355374,2.940188832435524,2
3113,3422.9219439102994,3422.9219439102994,3425.3787842463594,0.0,2.4568403360601447,2.4568403360599405,1
3114,3423.1578189109723,3423.3158505979573,3424.720509954385,0.1580316869849412,1.4046593564277892,1.562691043412542,2
3115,3425.660256594573,3425.660256594573,3426.5589380803735,0.0,0.8986814858003532,0.8986814858003527,1
3116,3428.0193133843877,3428.0193133843877,3430.244381643793,0.0,2.225068259405173,2.2250682594053615,1
3117,3435.1143560935966,3435.1143560935966,3436.0330280479634,0.0,0.9186719543667666,0.9186719543668005,1
3118,3435.328810609058,3435.328810609058,3435.4193843241987,0.0,0.09057371514050318,0.09057371514063561,2
3119,3436.697627196182,3436.697627196182,3437.4831736908736,0.0,0.7855464946914104,0.7855464946915163,1
3120,3437.8691668911288,3437.8691668911288,3439.8549785579467,0.0,1.9858116668178651,1.985811666817881,1
3121,3438.0990436679094,3438.0990436679094,3440.104567887811,0.0,2.005524219901498,2.0055242199014174,2
3122,3439.1215402730923,3439.8549785579467,3440.607494802929,0.733438284854401,0.752516244982381,1.4859545298368175,1
3123,3439.5578763429753,3440.104567887811,3440.2811061023453,0.5466915448355394,0.17653821453442015,0.7232297593700423,2
3124,3440.0462548180026,3440.2811061023453,3440.3312344993683,0.23485128434276703,0.05012839702289254,0.28497968136571217,2
3125,3440.967199540925,3440.967199540925,3442.1763687732387,0.0,1.2091692323138852,1.2091692323137977,1
3126,3442.8251928124155,3442.8251928124155,3443.255061398529,0.0,0.4298685861137429,0.4298685861135709,1
3127,3442.8785686719298,3442.8785686719298,3444.2013996015617,0.0,1.3228309296318417,1.3228309296318912,2
3128,3443.013700848145,3443.255061398529,3443.7765150729147,0.24136055038388804,0.5214536743857886,0.7628142247694996,1
3129,3443.4071380669748,3443.7765150729147,3451.6615817272645,0.36937700593989575,7.885066654349835,8.25444366028978,1
3130,3444.1606867957066,3444.2013996015617,3447.443402721096,0.040712805855037004,3.242003119534144,3.2827159253893115,2
3131,3444.1701680054434,3447.443402721096,3453.4348621890704,3.2732347156525066,5.991459467974482,9.264694183626943,2
3132,3444.216581641616,3451.6615817272645,3451.6924893826017,7.445000085648644,0.030907655337289223,7.475907740985804,1
3133,3445.0926493542042,3451.6924893826017,3451.779813874068,6.599840028397466,0.08732449146639155,6.687164519863927,1
3134,3446.3277768921594,3451.779813874068,3453.0990853071175,5.452036981908805,1.3192714330494413,6.771308414958185,1
3135,3447.369959160994,3453.0990853071175,3466.9250637372566,5.72912614612369,13.82597843013904,19.555104576262693,1
3136,3447.633989710541,3453.4348621890704,3454.823259147912,5.800872478529527,1.3883969588413667,7.189269437370967,2
3137,3451.7654410844693,3454.823259147912,3454.8520223202754,3.0578180634424825,0.028763172363406125,3.0865812358060793,2
3138,3452.8834211912244,3454.8520223202754,3454.9484556170687,1.9686011290509668,0.09643329679348635,2.06503442584426,2
3139,3456.658013393987,3456.658013393987,3457.3691230820777,0.0,0.7111096880906388,0.7111096880908008,2
3140,3456.7253644834923,3457.3691230820777,3458.922565832804,0.6437585985854639,1.5534427507265303,2.197201349311854,2
3141,3457.0000557997023,3458.922565832804,3464.2195931716687,1.9225100331018439,5.297027338864508,7.219537371966453,2
3142,3458.3202719466153,3464.2195931716687,3464.3748628255435,5.899321225053427,0.15526965387466898,6.054590878928138,2
3143,3458.3843053689543,3464.3748628255435,3465.5566908023875,5.990557456589158,1.181827976843855,7.172385433433192,2
3144,3461.5009319985556,3465.5566908023875,3468.441021362656,4.05575880383185,2.8843305602684453,6.940089364100459,2
3145,3461.760640633528,3466.9250637372566,3467.4531344701786,5.164423103728495,0.5280707329221774,5.692493836650556,1
3146,3462.090837915694,3467.4531344701786,3467.472543416512,5.362296554484601,0.019408946333457147,5.381705500818043,1
3147,3463.3102253428865,3467.472543416512,3468.1859670222043,4.162318073625556,0.7134236056922834,4.875741679317798,1
3148,3463.8452581866786,3468.1859670222043,3468.682572914208,4.340708835525675,0.49660589200352767,4.837314727529247,1
3149,3467.320711979874,3468.441021362656,3469.996444592373,1.1203093827821249,1.5554232297167054,2.675732612498905,2
3150,3468.501040689124,3468.682572914208,3471.776675963132,0.18153222508408362,3.0941030489243087,3.2756352740084367,1
3151,3469.155308668721,3469.996444592373,3470.3606934022896,0.8411359236520184,0.3642488099167827,1.205384733568735,2
3152,3469.3873672201485,3470.3606934022896,3470.5334653259383,0.9733261821411361,0.1727719236485638,1.1460981057898607,2
3153,3470.064792343279,3470.5334653259383,3471.7928042644844,0.46867298265942736,1.2593389385461953,1.728011921205507,2
3154,3470.2262888773344,3471.776675963132,3472.972621788833,1.5503870857978654,1.1959458257008087,2.7463329114984845,1
3155,3472.2993632292346,3472.2993632292346,3475.055846154311,0.0,2.7564829250762357,2.756482925076398,2
3156,3477.113855545971,3477.113855545971,3478.986613984448,0.0,1.872758438476747,1.8727584384769216,1
3157,3480.0990034590423,3480.0990034590423,3482.0500016976343,0.0,1.950998238591966,1.950998238592092,1
3158,3480.5083266051433,3480.5083266051433,3484.2628459649295,0.0,3.754519359786299,3.7545193597861726,2
3159,3482.923657530659,3482.923657530659,3485.0564491265277,0.0,2.132791595868452,2.132791595868639,1
3160,3483.424917029804,3484.2628459649295,3488.9317714706194,0.8379289351255466,4.668925505689916,5.506854440815459,2
3161,3483.6520012371834,3485.0564491265277,3485.3364766457516,1.4044478893442829,0.28002751922417635,1.6844754085682325,1
3162,3486.5699862086285,3486.5699862086285,3487.2339824641,0.0,0.6639962554714919,0.6639962554713748,1
3163,3489.921377146914,3489.921377146914,3491.268937601805,0.0,1.3475604548911144,1.3475604548912088,1
3164,3496.6894647411477,3496.6894647411477,3496.8361303960705,0.0,0.14666565492287478,0.14666565492279915,1
3165,3496.9588778999137,3496.9588778999137,3497.1582341892895,0.0,0.19935628937560815,0.19935628937582806,1
3166,3497.004563879053,3497.004563879053,3497.732466239662,0.0,0.7279023606086887,0.7279023606088231,2
3167,3497.513017625372,3497.513017625372,3498.201640505166,0.0,0.6886228797937655,0.6886228797939111,1
3168,3497.702518044767,3497.732466239662,3498.5265522464438,0.029948194894586777,0.7940860067821714,0.824034201676568,2
3169,3497.9688163737833,3498.201640505166,3498.2383472565975,0.23282413138258562,0.03670675143184918,0.2695308828142515,1
3170,3500.429503726686,3500.429503726686,3501.210407724032,0.0,0.7809039973457323,0.7809039973458312,1
3171,3501.87266675896,3501.87266675896,3502.5590447781665,0.0,0.6863780192063953,0.686378019206586,1
3172,3502.649475386338,3502.649475386338,3505.3673729120155,0.0,2.7178975256772975,2.717897525677472,1
3173,3504.967272982725,3504.967272982725,3505.8318586290275,0.0,0.8645856463028188,0.8645856463026576,2
3174,3505.3965168903196,3505.3965168903196,3506.725376052362,0.0,1.3288591620427226,1.3288591620425905,1
3175,3505.6272936215964,3505.8318586290275,3506.1707257375792,0.2045650074310288,0.3388671085519372,0.543432115982796,2
3176,3505.7294814511065,3506.1707257375792,3506.52096909035,0.44124428647273817,0.35024335277050506,0.7914876392433143,2
3177,3507.5191418857385,3507.5191418857385,3507.5925217842932,0.0,0.07337989855469293,0.07337989855477645,1
3178,3509.2113235942065,3509.2113235942065,3510.0646506427124,0.0,0.8533270485059304,0.8533270485058893,1
3179,3510.0016679322393,3510.0016679322393,3510.6784387118446,0.0,0.6767707796054062,0.6767707796052491,2
3180,3510.456520575411,3510.456520575411,3513.7208952612837,0.0,3.2643746858725287,3.2643746858725535,1
3181,3511.7165909831215,3511.7165909831215,3514.277868458661,0.0,2.5612774755397125,2.561277475539555,2
3182,3512.1968823102197,3513.7208952612837,3513.944915121889,1.5240129510639235,0.22401986060571158,1.7480328116694182,1
3183,3516.6070113730634,3516.6070113730634,3517.207211449036,0.0,0.6002000759727225,0.6002000759726798,1
3184,3516.8907288002133,3516.8907288002133,3517.467238465405,0.0,0.5765096651914596,0.5765096651916792,2
3185,3518.1054107580726,3518.1054107580726,3518.5763910085584,0.0,0.47098025048565423,0.47098025048580894,1
3186,3520.624485464261,3520.624485464261,3520.9818879449017,0.0,0.3574024806406902,0.35740248064075786,1
3187,3523.437242996278,3523.437242996278,3525.6795613008785,0.0,2.2423183046002535,2.2423183046003032,1
3188,3523.519980128504,3523.519980128504,3529.23837910385,0.0,5.7183989753460525,5.71839897534619,2
3189,3524.148302286676,3525.6795613008785,3534.881697677383,1.5312590142025329,9.202136376504368,10.733395390706846,1
3190,3525.061317982247,3529.23837910385,3529.7486322763207,4.1770611216029465,0.5102531724704301,4.687314294073531,2
3191,3526.353886118523,3529.7486322763207,3530.004095305952,3.3947461577977265,0.2554630296314647,3.6502091874290272,2
3192,3526.686828881843,3530.004095305952,3530.4295135285624,3.317266424108766,0.4254182226104856,3.7426846467192263,2
3193,3527.528496367293,3530.4295135285624,3531.0925964669927,2.901017161269465,0.6630829384301641,3.564100099699772,2
3194,3530.22739619351,3531.0925964669927,3535.4901073654205,0.8652002734829694,4.397510898427749,5.262711171910723,2
3195,3530.253071926319,3534.881697677383,3536.444054003937,4.628625751063737,1.562356326553867,6.1909820776177185,1
3196,3531.7909537610826,3535.4901073654205,3535.644612635732,3.69915360433788,0.1545052703111611,3.853658874649227,2
3197,3532.2359274062273,3535.644612635732,3535.9341796803433,3.408685229504499,0.2895670446114637,3.69825227411593,2
3198,3533.271553150883,3535.9341796803433,3536.6133749273663,2.66262652946034,0.6791952470230895,3.341821776483357,2
3199,3534.462759742144,3536.444054003937,3536.490418275355,1.9812942617927547,0.04636427141819025,2.027658533210797,1
3200,3534.953200292854,3536.490418275355,3537.2257175811524,1.537217982500806,0.7352993057974678,2.2725172882983316,1
3201,3538.122382446097,3538.122382446097,3538.282397510071,0.0,0.160015063973799,0.16001506397378762,1
3202,3538.6571664371695,3538.6571664371695,3540.3184526329933,0.0,1.661286195823936,1.6612861958237772,1
3203,3539.706124139064,3539.706124139064,3540.3991661363993,0.0,0.6930419973357311,0.6930419973355129,2
3204,3540.850757543524,3540.850757543524,3541.99379964001,0.0,1.1430420964858725,1.1430420964857149,1
3205,3542.1695632729516,3542.1695632729516,3543.255890881269,0.0,1.086327608317179,1.0863276083173332,1
3206,3543.984247639958,3543.984247639958,3544.349104208505,0.0,0.3648565685468953,0.36485656854711124,1
3207,3544.65650972989,3544.65650972989,3545.147266597505,0.0,0.4907568676152542,0.490756867615346,1
3208,3544.83238023482,3544.83238023482,3547.266927949585,0.0,2.4345477147646966,2.4345477147649035,2
3209,3544.837056147516,3545.147266597505,3546.102111015381,0.3102104499894267,0.9548444178758059,1.265054867865274,1
3210,3545.065883047828,3546.102111015381,3547.8944780474917,1.036227967553259,1.7923670321104341,2.828594999663892,1
3211,3545.6560970737364,3547.266927949585,3547.4798340258403,1.6108308758484782,0.21290607625536237,1.8237369521039,2
3212,3548.364890441256,3548.364890441256,3548.4872405567403,0.0,0.12235011548419436,0.12235011548409602,1
3213,3548.5625366749127,3548.5625366749127,3549.6278192112854,0.0,1.0652825363724967,1.065282536372706,1
3214,3549.02242468781,3549.02242468781,3549.254235791353,0.0,0.2318111035430032,0.23181110354289558,2
3215,3553.5864586784674,3553.5864586784674,3553.5898699298014,0.0,0.003411251333938009,0.0034112513340005535,1
3216,3554.704299598186,3554.704299598186,3562.268397461282,0.0,7.56409786309577,7.564097863095867,1
3217,3555.457975298248,3555.457975298248,3556.198299261559,0.0,0.7403239633106682,0.7403239633108569,2
3218,3555.611999849426,3556.198299261559,3558.096138527788,0.5862994121330303,1.8978392662289656,2.4841386783618873,2
3219,3555.685123663822,3558.096138527788,3558.354699191671,2.4110148639656472,0.25856066388302573,2.6695755278487923,2
3220,3555.9508252257947,3558.354699191671,3560.1524221561717,2.4038739658763006,1.7977229645005692,4.201596930377036,2
3221,3556.6645695514467,3560.1524221561717,3560.3366808134497,3.487852604725049,0.18425865727812152,3.672111262003,2
3222,3558.7750133041127,3560.3366808134497,3561.7272402344333,1.561667509336985,1.3905594209836625,2.9522269303206485,2
3223,3559.492446721111,3561.7272402344333,3566.2713041826323,2.234793513322529,4.5440639481988425,6.778857461521511,2
3224,3559.8313791569894,3562.268397461282,3566.0524468510307,2.437018304292451,3.784049389749012,6.221067694041267,1
3225,3560.7223343938062,3566.0524468510307,3566.1650346372053,5.330112457224459,0.11258778617437186,5.442700243399031,1
3226,3562.269573068229,3566.1650346372053,3567.3851443714107,3.895461568976316,1.2201097342055505,5.115571303181696,1
3227,3563.2395080902647,3566.2713041826323,3568.01527133168,3.0317960923675855,1.743967149048044,4.775763241415461,2
3228,3563.2962395247455,3567.3851443714107,3568.315493954481,4.088904846665173,0.9303495830704007,5.019254429735611,1
3229,3564.0144016765744,3568.01527133168,3569.3124133604947,4.0008696551058165,1.2971420288142799,5.298011683920322,2
3230,3564.0149710200853,3568.315493954481,3569.3833005562533,4.300522934395758,1.0678066017722245,5.368329536167948,1
3231,3564.8941522982236,3569.3124133604947,3570.668331511162,4.418261062271085,1.3559181506669973,5.774179212938179,2
3232,3565.8865091328094,3569.3833005562533,3570.996894889066,3.4967914234439377,1.6135943328126068,5.110385756256619,1
3233,3570.0913723948147,3570.668331511162,3571.825844292312,0.5769591163470977,1.1575127811502555,1.7344718974973148,2
3234,3571.0210601695585,3571.0210601695585,3573.081586022821,0.0,2.0605258532624995,2.060525853262334,1
3235,3571.302565731717,3571.825844292312,3574.104573383977,0.5232785605949175,2.278729091665099,2.8020076522598174,2
3236,3572.0471407041564,3573.081586022821,3573.472676926992,1.0344453186644387,0.3910909041709343,1.4255362228354898,1
3237,3572.467246238911,3573.472676926992,3575.076974106532,1.0054306880811055,1.6042971795401995,2.6097278676211317,1
3238,3573.394987177546,3574.104573383977,3575.062407178364,0.7095862064306857,0.9578337943871686,1.667420000817856,2
3239,3575.981452600028,3575.981452600028,3579.3551664638376,0.0,3.373713863809355,3.373713863809371,1
3240,3577.75826288058,3577.75826288058,3582.805109099104,0.0,5.046846218524247,5.046846218524024,2
3241,3579.3962765226997,3579.3962765226997,3580.2761238943685,0.0,0.8798473716689901,0.8798473716688022,1
3242,3581.070433932298,3581.070433932298,3583.604834037153,0.0,2.5344001048551377,2.5344001048551945,1
3243,3581.2549098260906,3582.805109099104,3585.2955019607252,1.550199273013277,2.4903928616211326,4.040592134634608,2
3244,3582.6896045883914,3583.604834037153,3584.0578530975804,0.9152294487616928,0.45301906042730844,1.3682485091890157,1
3245,3583.750124598702,3584.0578530975804,3584.9901461490745,0.30772849887853226,0.9322930514939197,1.240021550372603,1
3246,3585.8175889296067,3585.8175889296067,3587.533979578023,0.0,1.7163906484162976,1.7163906484161089,1
3247,3586.0294154768885,3586.0294154768885,3588.602352469101,0.0,2.5729369922125103,2.5729369922123624,2
3248,3586.3069078605245,3587.533979578023,3593.0040129571203,1.2270717174983474,5.470033379097242,6.697105096595806,1
3249,3588.1646951913876,3588.602352469101,3589.917135649982,0.43765727771324237,1.3147831808811024,1.7524404585942648,2
3250,3588.4576211036556,3589.917135649982,3592.0953463938013,1.459514546326318,2.1782107438192635,3.6377252901456814,2
3251,3591.9554343197224,3592.0953463938013,3594.85330938813,0.13991207407889306,2.757962994328707,2.8978750684077568,2
3252,3594.3576890952845,3594.3576890952845,3595.192383765118,0.0,0.8346946698335148,0.834694669833425,1
3253,3595.5895954522807,3595.5895954522807,3596.3753096356477,0.0,0.7857141833669188,0.785714183366963,1
3254,3597.085939644766,3597.085939644766,3597.264946714558,0.0,0.17900706979198144,0.17900706979207825,1
3255,3599.0706933838746,3599.0706933838746,3600.2250779880846,0.0,1.1543846042101684,1.1543846042100085,1
3256,3602.4043642223805,3602.4043642223805,3603.193044314362,0.0,0.7886800919812618,0.788680091981405,1
3257,3602.499778857109,3602.499778857109,3603.4795489068683,0.0,0.9797700497591628,0.9797700497592814,2
3258,3604.4100981079596,3604.4100981079596,3608.039513475415,0.0,3.6294153674550866,3.6294153674552945,1
3259,3605.607774361971,3605.607774361971,3608.134527006259,0.0,2.5267526442874013,2.526752644287626,2
3260,3607.526185363145,3608.039513475415,3611.1207696653655,0.5133281122698463,3.081256189950547,3.5945843022204826,1
3261,3607.983136725255,3608.134527006259,3609.6312236149324,0.15139028100384166,1.4966966086735478,1.6480868896774155,2
3262,3608.251853253028,3609.6312236149324,3611.915514211919,1.3793703619044209,2.284290596986344,3.663660958890887,2
3263,3608.934890638063,3611.1207696653655,3615.5339857755243,2.18587902730269,4.41321611015882,6.599095137461518,1
3264,3611.0626094931945,3611.915514211919,3613.682231934715,0.8529047187244032,1.7667177227962665,2.6196224415207325,2
3265,3611.1521845578113,3613.682231934715,3613.704437769933,2.5300473769038945,0.0222058352180474,2.552253212121741,2
3266,3611.2157209513134,3613.704437769933,3618.424061406502,2.4887168186196504,4.719623636569123,7.208340455188591,2
3267,3611.612296211183,3615.5339857755243,3616.1817455604405,3.92168956434125,0.6477597849162444,4.569449349257411,1
3268,3612.197314809747,3616.1817455604405,3617.112447857389,3.9844307506937184,0.9307022969481308,4.91513304764203,1
3269,3612.4334504190674,3617.112447857389,3617.939885529723,4.678997438321403,0.8274376723341699,5.50643511065573,1
3270,3612.7535667207735,3617.939885529723,3620.6369382941107,5.186318808949636,2.697052764387537,7.883371573337172,1
3271,3615.073409677573,3618.424061406502,3621.1956835773626,3.350651728928824,2.771622170860659,6.122273899789434,2
3272,3618.4697383586567,3620.6369382941107,3623.151291774004,2.1671999354539366,2.514353479893438,4.68155341534748,1
3273,3618.914629767929,3621.1956835773626,3621.592065460601,2.2810538094336152,0.39638188323858675,2.677435692672134,2
3274,3619.7393663545304,3621.592065460601,3641.6208383603816,1.8526991060707587,20.028772899780478,21.881472005851265,2
3275,3621.085660756193,3623.151291774004,3625.829914008166,2.065631017811029,2.6786222341613874,4.744253251972623,1
3276,3623.07847422477,3625.829914008166,3625.9360964856915,2.7514397833956536,0.10618247752585466,2.857622260921289,1
3277,3624.326958333412,3625.9360964856915,3628.956480550251,1.609138152279229,3.0203840645594844,4.629522216838723,1
3278,3631.4551183071744,3631.4551183071744,3631.6556909321944,0.0,0.20057262501991532,0.20057262501995865,1
3279,3632.241840160024,3632.241840160024,3633.8529562987546,0.0,1.611116138730928,1.611116138730722,1
3280,3633.222273180208,3633.8529562987546,3636.7011373094583,0.6306831185465853,2.848181010703511,3.478864129250269,1
3281,3634.7830349960363,3636.7011373094583,3637.772503725923,1.9181023134219686,1.0713664164647279,2.9894687298865392,1
3282,3635.467185701454,3637.772503725923,3638.4337236215815,2.305318024468761,0.6612198956588528,2.9665379201273936,1
3283,3636.2415952156052,3638.4337236215815,3638.9552326301437,2.192128405976291,0.5215090085619419,2.713637414538425,1
3284,3636.871929548809,3638.9552326301437,3641.474520316013,2.083303081334634,2.5192876858692785,4.602590767203765,1
3285,3636.952116913758,3641.474520316013,3643.6747532732015,4.522403402254895,2.200232957188803,6.722636359443641,1
3286,3638.6968551473938,3641.6208383603816,3642.627311865003,2.9239832129878778,1.0064735046213644,3.930456717609104,2
3287,3638.701124822968,3642.627311865003,3643.259869832254,3.9261870420350533,0.632557967251325,4.558745009286213,2
3288,3639.383249782428,3643.259869832254,3644.0375173275033,3.876620049826215,0.7776474952494401,4.654267545075527,2
3289,3640.553375406019,3643.6747532732015,3643.8036979152957,3.121377867182673,0.12894464209399245,3.2503225092768844,1
3290,3641.4235176546595,3643.8036979152957,3645.0150258688886,2.38018026063628,1.211327953592989,3.5915082142291794,1
3291,3642.5111956926075,3644.0375173275033,3644.9024767970905,1.526321634895794,0.8649594695870186,2.391281104482914,2
3292,3644.3734385918656,3644.9024767970905,3649.357044912367,0.5290382052248788,4.454568115276768,4.983606320501622,2
3293,3644.8815139111252,3645.0150258688886,3645.3494092338633,0.1335119577634032,0.33438336497474624,0.4678953227380589,1
3294,3645.615274745978,3645.615274745978,3649.2931137362452,0.0,3.6778389902676447,3.677838990267446,1
3295,3648.3922943165994,3649.2931137362452,3649.345975672793,0.9008194196458135,0.052861936547547464,0.953681356193556,1
3296,3649.707234857009,3649.707234857009,3651.6654377252135,0.0,1.9582028682044668,1.9582028682043529,1
3297,3650.272498849276,3650.272498849276,3651.3108778006977,0.0,1.0383789514217738,1.0383789514216915,2
3298,3650.67953263892,3651.3108778006977,3651.5847267231375,0.6313451617775172,0.27384892243978676,0.905194084217328,2
3299,3651.646692596204,3651.646692596204,3651.9644215895855,0.0,0.31772899338167343,0.3177289933814791,2
3300,3652.7259993743924,3652.7259993743924,3662.5204476465906,0.0,9.79444827219844,9.794448272198224,1
3301,3654.441329716939,3654.441329716939,3657.4119496904577,0.0,2.9706199735186822,2.970619973518751,2
3302,3654.505766746867,3657.4119496904577,3659.737520777324,2.9061829435909203,2.325571086866172,5.231754030457068,2
3303,3654.7491459721655,3659.737520777324,3660.957321862544,4.988374805158401,1.2198010852203556,6.208175890378698,2
3304,3657.596705343628,3660.957321862544,3663.3622907090635,3.360616518916231,2.4049688465191967,5.765585365435527,2
3305,3658.3623122076665,3662.5204476465906,3664.3083770720086,4.158135438924091,1.7879294254182452,5.946064864342134,1
3306,3658.828042495498,3663.3622907090635,3663.9406591468255,4.534248213565661,0.5783684377620147,5.1126166513276985,2
3307,3659.028191616519,3663.9406591468255,3665.3756315448013,4.912467530306458,1.4349723979758906,6.347439928282256,2
3308,3659.2179329831183,3664.3083770720086,3664.418815563815,5.090444088890308,0.11043849180629446,5.200882580696543,1
3309,3659.417204305988,3664.418815563815,3668.1221291375036,5.00161125782688,3.703313573688556,8.704924831515655,1
3310,3659.452491687449,3665.3756315448013,3670.900623285349,5.923139857352453,5.524991740547642,11.448131597900101,2
3311,3660.1794814594846,3668.1221291375036,3670.245794822176,7.942647678019057,2.1236656846724054,10.06631336269129,1
3312,3660.6718936613897,3670.245794822176,3685.3789539422864,9.573901160786136,15.133159120110491,24.707060280896712,1
3313,3664.3467670008663,3670.900623285349,3673.9277374138596,6.553856284482663,3.027114128510756,9.580970412993338,2
3314,3664.8497666022186,3673.9277374138596,3680.473561694874,9.07797081164108,6.545824281014658,15.623795092655655,2
3315,3665.8425816034546,3680.473561694874,3684.081792880535,14.630980091419588,3.6082311856606095,18.239211277080358,2
3316,3666.086664781274,3684.081792880535,3684.9796512678936,17.99512809926091,0.897858387358824,18.89298648661952,2
3317,3666.252905624852,3684.9796512678936,3686.202858587298,18.726745643041795,1.223207319404326,19.949952962446332,2
3318,3666.985086508386,3685.3789539422864,3689.163261474777,18.393867433900596,3.7843075324905753,22.178174966390998,1
3319,3667.2759497122433,3686.202858587298,3687.677379878839,18.926908875054778,1.4745212915409807,20.401430166595674,2
3320,3672.9410691454023,3687.677379878839,3692.6067578766297,14.736310733436767,4.929377997790498,19.66568873122742,2
3321,3674.033404393904,3689.163261474777,3689.209828286017,15.129857080872625,0.04656681124030891,15.17642389211278,1
3322,3674.6556800984804,3689.209828286017,3693.207523040103,14.554148187536612,3.9976947540857632,18.551842941622454,1
3323,3674.661868499576,3692.6067578766297,3699.5148352523747,17.94488937705364,6.908077375745272,24.852966752798693,2
3324,3676.372584308229,3693.207523040103,3695.906845832528,16.83493873187399,2.6993227924249394,19.534261524298927,1
3325,3678.0528516688496,3695.906845832528,3696.227452842637,17.85399416367818,0.3206070101091341,18.174601173787323,1
3326,3679.4642225400958,3696.227452842637,3697.578078256109,16.76323030254116,1.3506254134722357,18.113855716013404,1
3327,3680.515100000906,3697.578078256109,3698.7387645259405,17.062978255203234,1.1606862698314218,18.223664525034565,1
3328,3680.794186210781,3698.7387645259405,3701.35825313121,17.94457831515956,2.6194886052696296,20.564066920429013,1
3329,3681.7970039748375,3699.5148352523747,3701.9063256374825,17.717831277537243,2.391490385107596,20.109321662645016,2
3330,3684.721773294743,3701.35825313121,3702.6863391135644,16.63647983646706,1.3280859823546305,17.964565818821484,1
3331,3685.2586258005676,3701.9063256374825,3702.7064117849095,16.647699836914853,0.8000861474272314,17.447785984341863,2
3332,3687.1771700839236,3702.6863391135644,3707.1175739427713,15.509169029640816,4.431234829206751,19.94040385884773,1
3333,3687.8291520961207,3702.7064117849095,3706.336944753655,14.877259688788854,3.6305329687458503,18.507792657534537,2
3334,3688.299983983945,3706.336944753655,3706.449502447602,18.036960769710277,0.11255769394654383,18.149518463656932,2
3335,3691.4819250878822,3706.449502447602,3706.6083080847407,14.967577359719598,0.15880563713898957,15.12638299685841,2
3336,3694.5765357094765,3706.6083080847407,3710.842957185946,12.031772375264154,4.2346491012052825,16.26642147646953,2
3337,3695.6046024812144,3707.1175739427713,3708.306866945121,11.512971461556845,1.1892930023494939,12.702264463906431,1
3338,3698.9281385187815,3708.306866945121,3708.3208021216965,9.378728426339421,0.01393517657558474,9.392663602915036,1
3339,3698.9416679633287,3708.3208021216965,3708.945170478635,9.379134158367833,0.6243683569385298,10.003502515306536,1
3340,3699.134664021919,3708.945170478635,3715.911624406706,9.810506456716212,6.966453928070741,16.77696038478689,1
3341,3703.920630688436,3710.842957185946,3711.28292148602,6.922326497509857,0.4399643000736433,7.362290797583682,2
3342,3705.265251611812,3711.28292148602,3712.0510188628054,6.017669874207968,0.7680973767856804,6.785767250993558,2
3343,3706.3057326510793,3712.0510188628054,3713.1089882461442,5.745286211726125,1.0579693833388686,6.803255595064911,2
3344,3706.552770214952,3713.1089882461442,3715.0193745100332,6.556218031192202,1.9103862638888351,8.466604295081197,2
3345,3707.239973873478,3715.0193745100332,3720.6639442829614,7.779400636555238,5.644569772928409,13.423970409483445,2
3346,3708.8043412442016,3715.911624406706,3716.8729692280126,7.107283162504245,0.9613448213067068,8.068627983810984,1
3347,3708.9027394016384,3716.8729692280126,3718.8054761503604,7.9702298263741795,1.9325069223478566,9.902736748721964,1
3348,3710.098226664935,3718.8054761503604,3721.257009809438,8.707249485425564,2.451533659077322,11.158783144503104,1
3349,3710.5164514631774,3720.6639442829614,3723.0902060599615,10.14749281978402,2.426261776999825,12.573754596784056,2
3350,3711.007094611452,3721.257009809438,3726.186144435973,10.249915197985956,4.929134626535183,15.179049824520916,1
3351,3711.551002491646,3723.0902060599615,3724.482208049314,11.539203568315315,1.3920019893525253,12.931205557667909,2
3352,3711.976492487785,3724.482208049314,3725.5268708322737,12.505715561529087,1.0446627829595665,13.550378344488763,2
3353,3713.1231246749317,3725.5268708322737,3727.1789541481003,12.403746157342084,1.6520833158264998,14.055829473168615,2
3354,3713.7009455003113,3726.186144435973,3727.346168437982,12.485198935661629,1.1600240020094186,13.645222937670951,1
3355,3714.0425390718265,3727.1789541481003,3728.837475085659,13.136415076273806,1.6585209375588903,14.79493601383274,2
3356,3716.8854118897098,3727.346168437982,3729.592630608504,10.460756548272457,2.2464621705216836,12.707218718794138,1
3357,3716.9773375730006,3728.837475085659,3729.1108267383356,11.860137512658639,0.2733516526762367,12.13348916533505,2
3358,3718.0701031943195,3729.1108267383356,3730.8248719598428,11.040723544016146,1.7140452215070914,12.754768765523295,2
3359,3718.7583624816093,3729.592630608504,3731.7851424201567,10.834268126894585,2.1925118116526683,13.026779938547406,1
3360,3720.517107924441,3730.8248719598428,3735.711156660407,10.30776403540176,4.8862847005642855,15.194048735966135,2
3361,3720.57474786637,3731.7851424201567,3732.737651513225,11.2103945537865,0.9525090930682302,12.16290364685483,1
3362,3721.288076543697,3732.737651513225,3735.667709035108,11.44957496952793,2.930057521883278,14.37963249141103,1
3363,3722.2142057648725,3735.667709035108,3742.163324924414,13.453503270235615,6.49561588930581,19.949119159541624,1
3364,3722.442065660141,3735.711156660407,3736.2263346834898,13.269091000266144,0.5151780230823996,13.78426902334877,2
3365,3725.696132666785,3736.2263346834898,3736.590162999593,10.530202016704607,0.36382831610307487,10.894030332807688,2
3366,3726.1373147727163,3736.590162999593,3737.944310968971,10.45284822687654,1.354147969378129,11.806996196254659,2
3367,3726.75025731185,3737.944310968971,3739.030350889843,11.194053657121003,1.0860399208719405,12.28009357799283,2
3368,3727.171672609682,3739.030350889843,3744.6201149742665,11.858678280160802,5.589764084423899,17.44844236458448,2
3369,3732.4738085503986,3742.163324924414,3742.5576232218177,9.689516374015511,0.3942982974036008,10.083814671419077,1
3370,3732.6745967695806,3742.5576232218177,3743.8622162007414,9.883026452237118,1.3045929789235509,11.187619431160783,1
3371,3733.409762517344,3743.8622162007414,3748.857999566854,10.45245368339738,4.99578336611227,15.448237049509771,1
3372,3734.3430941220186,3744.6201149742665,3749.0268384514484,10.277020852247915,4.406723477181918,14.683744329429828,2
3373,3734.5294110974946,3748.857999566854,3749.0446321204868,14.328588469359147,0.18663255363285192,14.515221022992137,1
3374,3735.7257538703216,3749.0268384514484,3753.398050418756,13.301084581126815,4.3712119673076195,17.672296548434588,2
3375,3735.749073197394,3749.0446321204868,3750.655356270714,13.295558923092813,1.6107241502274403,14.906283073320083,1
3376,3738.01730891123,3750.655356270714,3751.967557113377,12.638047359484062,1.3122008426631433,13.950248202147122,1
3377,3738.463975584112,3751.967557113377,3756.1053511019654,13.50358152926492,4.137793988588284,17.64137551785325,1
3378,3740.65067429036,3753.398050418756,3755.07347978904,12.747376128396354,1.675429370283838,14.42280549868019,2
3379,3740.7237479691253,3755.07347978904,3759.499622231635,14.349731819914723,4.426142442594979,18.77587426250966,2
3380,3741.005762799499,3756.1053511019654,3757.096655067672,15.0995883024666,0.9913039657069206,16.09089226817332,1
3381,3741.028468423649,3757.096655067672,3759.821658831748,16.06818664402317,2.7250037640759976,18.793190408099235,1
3382,3741.049036941055,3759.499622231635,3768.213950015158,18.450585290579966,8.714327783522922,27.16491307410297,2
3383,3743.1396409183853,3759.821658831748,3765.229490167971,16.68201791336287,5.407831336222717,22.089849249585768,1
3384,3746.094178143552,3765.229490167971,3765.5048069534105,19.13531202441891,0.2753167854393462,19.41062880985828,1
3385,3746.2490948930413,3765.5048069534105,3766.0308522790574,19.255712060369206,0.5260453256471308,19.781757386016125,1
3386,3746.398408114522,3766.0308522790574,3767.0423015276065,19.632444164535173,1.0114492485490347,20.643893413084243,1
3387,3749.800014332202,3767.0423015276065,3769.3607889703894,17.242287195404515,2.3184874427830287,19.560774638187468,1
3388,3750.5314662862397,3768.213950015158,3772.5437623622834,17.682483728918214,4.329812347125217,22.01229607604364,2
3389,3750.714440228283,3769.3607889703894,3772.471741827895,18.64634874210651,3.1109528575056524,21.75730159961222,1
3390,3751.0724887851743,3772.471741827895,3774.83527659957,21.39925304272083,2.363534771674743,23.76278781439578,1
3391,3751.234988648837,3772.5437623622834,3773.4811617533555,21.3087737134465,0.9373993910723073,22.246173104518675,2
3392,3751.265992450182,3773.4811617533555,3781.3979730468423,22.215169303173752,7.9168112934868695,30.13198059666047,2
3393,3751.652701318113,3774.83527659957,3776.4689317611274,23.182575281457048,1.633655161557067,24.81623044301432,1
3394,3751.8056158897075,3776.4689317611274,3778.0652447388434,24.663315871419854,1.596312977715869,26.25962884913588,1
3395,3752.02079743554,3778.0652447388434,3779.7256037247066,26.044447303303514,1.6603589858632162,27.704806289166754,1
3396,3753.50056005499,3779.7256037247066,3780.885670621117,26.225043669716797,1.1600668964101095,27.38511056612697,1
3397,3753.940934569731,3780.885670621117,3782.8407289828788,26.944736051385917,1.9550583617618706,28.8997944131479,1
3398,3755.7547402446144,3781.3979730468423,3782.0650728904693,25.643232802227885,0.6670998436270802,26.310332645854942,2
3399,3755.919406043504,3782.0650728904693,3783.0120915848015,26.14566684696547,0.9470186943322777,27.09268554129767,2
3400,3756.808535879259,3782.8407289828788,3784.0542375144014,26.032193103619647,1.2135085315226826,27.245701635142268,1
3401,3757.276253533041,3783.0120915848015,3783.4406324783754,25.73583805176031,0.4285408935739246,26.164378945334192,2
3402,3757.332073455999,3783.4406324783754,3785.43154842656,26.10855902237654,1.9909159481842844,28.099474970561005,2
3403,3757.550129287349,3784.0542375144014,3784.5358480306795,26.504108227052257,0.48161051627812884,26.98571874333038,1
3404,3758.7648084868483,3784.5358480306795,3785.783696845571,25.771039543831193,1.2478488148915214,27.018888358722506,1
3405,3760.40226171362,3785.43154842656,3786.0408651394923,25.029286712939665,0.609316712932666,25.638603425872134,2
3406,3761.669053914914,3785.783696845571,3790.9580612043164,24.114642930656828,5.174364358745715,29.289007289402434,1
3407,3762.770614245453,3786.0408651394923,3786.5114985944983,23.270250894039236,0.47063345500582193,23.740884349045245,2
3408,3763.019333443701,3786.5114985944983,3786.7813704609043,23.49216515079752,0.26987186640577027,23.76203701720351,2
3409,3763.3278932596404,3786.7813704609043,3787.909422747668,23.453477201263922,1.1280522867635845,24.581529488027627,2
3410,3763.588214891707,3787.909422747668,3792.2264461535738,24.321207855960893,4.317023405905536,28.638231261866622,2
3411,3763.7611523949295,3790.9580612043164,3793.0906858219637,27.19690880938697,2.1326246176474477,29.32953342703422,1
3412,3764.99539373884,3792.2264461535738,3793.861444435939,27.231052414733767,1.634998282365355,28.866050697099126,2
3413,3766.432079488015,3793.0906858219637,3793.4915927487195,26.658606333948683,0.40090692675575806,27.059513260704534,1
3414,3767.5255687049025,3793.4915927487195,3794.301833965652,25.966024043817015,0.8102412169324549,26.77626526074937,1
3415,3767.9341486032135,3793.861444435939,3794.533752215658,25.927295832725576,0.6723077797188731,26.599603612444298,2
3416,3767.985641375035,3794.301833965652,3794.3136156969445,26.316192590616993,0.011781731292682656,26.32797432190955,1
3417,3768.197765121106,3794.3136156969445,3795.763236504754,26.11585057583852,1.4496208078096164,27.565471383647946,1
3418,3768.226931651162,3794.533752215658,3794.578247141187,26.306820564495865,0.0444949255293644,26.351315490025172,2
3419,3768.7269182854293,3794.578247141187,3799.994149372554,25.851328855757856,5.415902231367078,31.267231087124856,2
3420,3769.7297052773038,3795.763236504754,3802.744588377854,26.033531227450112,6.9813518731002375,33.01488310055038,1
3421,3769.764664514587,3799.994149372554,3800.396664344775,30.229484857967236,0.4025149722210086,30.631999830188306,2
3422,3770.20574185833,3800.396664344775,3802.867596287811,30.190922486445288,2.4709319430359926,32.66185442948108,2
3423,3770.8788526670537,3802.744588377854,3804.463859596571,31.865735710800436,1.7192712187172612,33.585006929517476,1
3424,3771.2406413257377,3802.867596287811,3806.0352237844295,31.62695496207334,3.1676274966187044,34.79458245869182,2
3425,3771.959593869257,3804.463859596571,3806.892222795541,32.504265727314305,2.428363198969717,34.932628926283996,1
3426,3773.1785783698874,3806.0352237844295,3807.2425124064944,32.85664541454207,1.2072886220648185,34.06393403660695,2
3427,3773.8695079834374,3806.892222795541,3808.322915151886,33.02271481210346,1.4306923563447276,34.45340716844839,1
3428,3775.4774666246676,3807.2425124064944,3810.874921707341,31.765045781826757,3.6324093008464473,35.39745508267333,2
3429,3776.090524039816,3808.322915151886,3813.0295682907604,32.23239111206976,4.7066531388744295,36.939044250944335,1
3430,3776.347462608639,3810.874921707341,3812.648781578476,34.52745909870191,1.7738598711346287,36.30131896983676,2
3431,3776.6014017105795,3812.648781578476,3819.008904682782,36.047379867896325,6.360123104306382,42.407502972202565,2
3432,3777.8400574941666,3813.0295682907604,3813.485744022331,35.18951079659382,0.45617573157051533,35.64568652816433,1
3433,3779.2361427114065,3813.485744022331,3813.9392167484352,34.24960131092439,0.45347272610429434,34.70307403702873,1
3434,3779.691698875294,3813.9392167484352,3818.344022449352,34.24751787314108,4.4048057009166905,38.652323574057846,1
3435,3779.7459043703675,3818.344022449352,3819.0899946578243,38.5981180789845,0.7459722084723596,39.344090287456766,1
3436,3780.440056948011,3819.008904682782,3819.230151369717,38.568847734771225,0.2212466869350942,38.79009442170627,2
3437,3781.056321847091,3819.0899946578243,3820.9528461650134,38.03367281073315,1.8628515071889373,39.896524317922285,1
3438,3781.326207163775,3819.230151369717,3824.1374542849935,37.903944205942025,4.907302915276538,42.81124712121846,2
3439,3782.5301445007935,3820.9528461650134,3821.457872202972,38.42270166421986,0.5050260379584351,38.927727702178345,1
3440,3785.0333776127695,3821.457872202972,3824.166329404091,36.42449459020236,2.7084572011191557,39.132951791321375,1
3441,3785.4033841300984,3824.1374542849935,3825.9042376613843,38.73407015489511,1.7667833763907395,40.500853531285884,2
3442,3786.8764191493688,3824.166329404091,3825.3109772904,37.289910254722145,1.1446478863091645,38.434558141031175,1
3443,3787.9485545520565,3825.3109772904,3825.857947619858,37.36242273834341,0.546970329457965,37.909393067801375,1
3444,3789.508138476043,3825.857947619858,3827.8674526958243,36.34980914381504,2.00950507596647,38.35931421978148,1
3445,3790.494455906701,3825.9042376613843,3826.530152696623,35.40978175468308,0.6259150352388743,36.035696789921985,2
3446,3795.377140816412,3826.530152696623,3826.7878834830713,31.153011880211125,0.2577307864479267,31.41074266665919,2
3447,3796.1793714662817,3826.7878834830713,3828.9228583758277,30.60851201678952,2.134974892756287,32.743486909545936,2
3448,3797.598791778867,3827.8674526958243,3831.0954490275167,30.268660916957288,3.227996331692512,33.496657248649626,1
3449,3798.0813455744023,3828.9228583758277,3830.632390557914,30.841512801425324,1.709532182086342,32.551044983511474,2
3450,3800.4437113790236,3830.632390557914,3833.0953553059007,30.188679178890197,2.4629647479870918,32.651643926877114,2
3451,3800.8791135340175,3831.0954490275167,3833.683639491709,30.216335493499173,2.5881904641922175,32.80452595769157,1
3452,3802.3951323988854,3833.0953553059007,3834.3392762329386,30.70022290701536,1.243920927037702,31.944143834053193,2
3453,3802.715501110231,3833.683639491709,3835.132234530093,30.968138381478184,1.4485950383834882,32.416733419861885,1
3454,3802.7331824036037,3834.3392762329386,3840.063896223407,31.606093829334895,5.724619990468336,37.33071381980335,2
3455,3804.1872869622794,3835.132234530093,3837.7603490074976,30.944947567813415,2.628114477404954,33.573062045218194,1
3456,3805.7384613634767,3837.7603490074976,3837.8989617591333,32.02188764402081,0.1386127516357939,32.16050039565653,1
3457,3807.166762733452,3837.8989617591333,3842.0342834063786,30.73219902568144,4.135321647245442,34.86752067292673,1
3458,3808.363599890456,3840.063896223407,3840.577614898952,31.700296332950984,0.5137186755453026,32.21401500849606,2
3459,3809.907965478928,3840.577614898952,3847.5630188358623,30.669649420024143,6.98540393691032,37.65505335693433,2
3460,3810.9391315547973,3842.0342834063786,3842.1444731865668,31.09515185158125,0.11018978018818353,31.205341631769443,1
3461,3811.250924639252,3842.1444731865668,3842.6418159673967,30.893548547314822,0.4973427808301748,31.39089132814479,1
3462,3812.0435040876505,3842.6418159673967,3843.5653025249367,30.598311879746234,0.9234865575397847,31.52179843728618,1
3463,3813.42554249694,3843.5653025249367,3844.64228005715,30.139760027996545,1.0769775322130821,31.216737560209822,1
3464,3813.808175897801,3844.64228005715,3844.839666505642,30.834104159348954,0.19738644849216117,31.03149060784108,1
3465,3815.5035168800086,3844.839666505642,3847.416516113451,29.336149625633425,2.5768496078088647,31.912999233442406,1
3466,3816.5401161800146,3847.416516113451,3847.515195429377,30.87639993343646,0.0986793159259233,30.975079249362352,1
3467,3818.0964502426596,3847.515195429377,3848.380816445708,29.418745186717388,0.8656210163312912,30.28436620304865,1
3468,3818.493378606349,3847.5630188358623,3847.925594704603,29.069640229513425,0.3625758687406929,29.43221609825423,2
3469,3818.859729763154,3847.925594704603,3852.427274265869,29.065864941449036,4.501679561266129,33.56754450271501,2
3470,3820.36581507186,3848.380816445708,3854.3728806788336,28.01500137384801,5.99206423312521,34.007065606973356,1
3471,3821.471808006944,3852.427274265869,3852.5639967744364,30.9554662589253,0.13672250856746715,31.092188767492644,2
3472,3823.7480135451037,3852.5639967744364,3854.644918460042,28.815983229332687,2.0809216856056887,30.896904914938204,2
3473,3824.051861686091,3854.3728806788336,3857.436500981783,30.321018992742665,3.0636203029493445,33.38463929569207,1
3474,3825.605258644246,3854.644918460042,3855.4244915652757,29.039659815795858,0.7795731052337624,29.819232921029652,2
3475,3828.0044925662173,3855.4244915652757,3856.568275069852,27.419998999058407,1.1437835045761526,28.563782503634684,2
3476,3829.8045656548143,3856.568275069852,3861.3447548667264,26.763709415037738,4.776479796874487,31.540189211912093,2
3477,3830.4410288577146,3857.436500981783,3858.4567605875313,26.99547212406833,1.0202596057485536,28.015731729816707,1
3478,3833.1903509038457,3858.4567605875313,3863.8253746960695,25.26640968368565,5.368614108538086,30.63502379222382,1
3479,3834.842925898116,3861.3447548667264,3864.9388464116996,26.501828968610425,3.5940915449734163,30.09592051358368,2
3480,3835.7375084440987,3863.8253746960695,3864.4840246545505,28.08786625197081,0.658649958481186,28.746516210451773,1
3481,3837.695324718437,3864.4840246545505,3865.7080338312417,26.788699936113517,1.224009176691058,28.012709112804714,1
3482,3840.6063486203584,3864.9388464116996,3866.1220174500204,24.33249779134121,1.1831710383209362,25.51566882966199,2
3483,3842.490141600369,3865.7080338312417,3867.5033421516414,23.21789223087262,1.795308320399777,25.013200551272348,1
3484,3842.528161800833,3866.1220174500204,3870.002568638681,23.59385564918739,3.880551188660711,27.474406837848164,2
3485,3844.1899692932657,3867.5033421516414,3868.0163343927575,23.313372858375715,0.512992241116026,23.826365099491795,1
3486,3844.5465378289045,3868.0163343927575,3868.2502965608983,23.469796563852924,0.2339621681406406,23.70375873199373,1
3487,3845.2595479451347,3868.2502965608983,3868.5387040332935,22.99074861576355,0.28840747239513975,23.279156088158743,1
3488,3846.5747047135305,3868.5387040332935,3869.670596326561,21.963999319762934,1.1318922932671922,23.09589161303029,1
3489,3850.4028371346008,3869.670596326561,3870.151409756236,19.267759191960067,0.4808134296748314,19.74857262163505,1
3490,3850.9424551377315,3870.002568638681,3874.1222334791564,19.060113500949683,4.119664840475397,23.179778341424935,2
3491,3851.4532503806417,3870.151409756236,3877.793600531584,18.69815937559406,7.642190775348381,26.340350150942413,1
3492,3851.608402398131,3874.1222334791564,3875.5499307931027,22.513831081025273,1.4276973139463038,23.941528394971556,2
3493,3852.277118558068,3875.5499307931027,3877.868428912908,23.272812235034507,2.3184981198048855,25.591310354839607,2
3494,3854.722957434868,3877.793600531584,3884.128488765556,23.07064309671614,6.334888233972121,29.405531330688063,1
3495,3854.7484423414007,3877.868428912908,3879.7901766681766,23.11998657150707,1.9217477552689783,25.041734326775895,2
3496,3855.108173681735,3879.7901766681766,3881.4197261575737,24.682002986441603,1.6295494893970535,26.311552475838653,2
3497,3855.8227560717714,3881.4197261575737,3883.0542414189695,25.59697008580224,1.6345152613957625,27.23148534719803,2
3498,3857.1033573935906,3883.0542414189695,3886.3151964700082,25.950884025378855,3.2609550510386054,29.21183907641762,2
3499,3860.929542371849,3884.128488765556,3890.274691211792,23.198946393707047,6.146202446235626,29.345148839942794,1
3500,3862.2615610972784,3886.3151964700082,3887.9453238167866,24.053635372729786,1.630127346778532,25.683762719508195,2
3501,3862.380093745146,3887.9453238167866,3889.9530891539553,25.5652300716406,2.007765337168679,27.57299540880922,2
3502,3862.4947215278808,3889.9530891539553,3890.73451860452,27.458367626074505,0.781429450564762,28.239797076639206,2
3503,3863.0857701103896,3890.274691211792,3890.567808695928,27.18892110140223,0.2931174841359131,27.48203858553825,1
3504,3864.4497597500203,3890.567808695928,3895.0415706974536,26.118048945907503,4.473762001525622,30.59181094743326,1
3505,3864.889136881379,3890.73451860452,3890.9399807352265,25.845381723141145,0.20546213070665412,26.05084385384771,2
3506,3865.4162970335274,3890.9399807352265,3893.0933514823237,25.523683701699156,2.1533707470970946,27.677054448796298,2
3507,3867.483950078413,3893.0933514823237,3894.3394978653664,25.60940140391085,1.2461463830426518,26.855547786953593,2
3508,3867.488853613073,3894.3394978653664,3900.14948766914,26.850644252293478,5.809989803773695,32.66063405606701,2
3509,3868.717948768993,3895.0415706974536,3897.3503023652984,26.323621928460398,2.3087316678446155,28.632353596305165,1
3510,3869.902202342477,3897.3503023652984,3899.375805327311,27.448100022821563,2.025502962012301,29.473602984834088,1
3511,3870.2533137615546,3899.375805327311,3899.65965979076,29.122491565756263,0.2838544634489928,29.40634602920545,1
3512,3870.2800179884907,3899.65965979076,3899.7808919421673,29.37964180226936,0.12123215140716928,29.500873953676546,1
3513,3873.208666039099,3899.7808919421673,3908.3228439664244,26.5722259030681,8.541952024256947,35.11417792732527,1
3514,3874.4824911312635,3900.14948766914,3901.1659764112205,25.666996537876457,1.0164887420805264,26.68348527995704,2
3515,3876.455203188646,3901.1659764112205,3901.786430727172,24.710773222574517,0.6204543159517375,25.331227538526036,2
3516,3878.8765350740587,3901.786430727172,3916.648484777469,22.90989565311338,14.862054050296948,37.77194970341043,2
3517,3879.820144877749,3908.3228439664244,3909.0646884168477,28.5026990886754,0.7418444504233612,29.244543539098686,1
3518,3881.5600148029266,3909.0646884168477,3909.646728029263,27.504673613921113,0.5820396124153173,28.086713226336542,1
3519,3882.043729798482,3909.646728029263,3910.8005665228043,27.60299823078094,1.1538384935408945,28.756836724322056,1
3520,3882.2604194167307,3910.8005665228043,3913.4579115919887,28.54014710607362,2.6573450691842684,31.19749217525805,1
3521,3882.3918661649077,3913.4579115919887,3914.82354868836,31.066045427081008,1.3656370963714024,32.43168252345231,1
3522,3886.183108857206,3914.82354868836,3915.4327124667143,28.6404398311538,0.6091637783543072,29.249603609508085,1
3523,3887.0502614808142,3915.4327124667143,3919.485653146058,28.38245098590005,4.052940679343698,32.43539166524397,1
3524,3887.8603091484256,3916.648484777469,3920.1158785941207,28.788175629043508,3.4673938166515823,32.25556944569507,2
3525,3888.045786655216,3919.485653146058,3921.0473318017075,31.439866490842178,1.5616786556490925,33.00154514649148,1
3526,3889.559904365282,3920.1158785941207,3921.032942117046,30.55597422883875,0.9170635229250277,31.473037751763968,2
3527,3893.0895798088404,3921.032942117046,3927.41379442363,27.94336230820545,6.38085230658409,34.324214614789526,2
3528,3893.103440096823,3921.0473318017075,3921.683945044049,27.943891704884663,0.6366132423413178,28.580504947226018,1
3529,3894.0659797326307,3921.683945044049,3922.139022316676,27.617965311418175,0.45507727262681186,28.073042584045197,1
3530,3894.1701646166275,3922.139022316676,3922.764626374762,27.968857700048375,0.6256040580858764,28.594461758134457,1
3531,3894.513546030872,3922.764626374762,3925.5278535184843,28.251080343889953,2.763227143722331,31.014307487612314,1
3532,3895.756757164761,3925.5278535184843,3929.8218692528476,29.77109635372335,4.294015734363058,34.06511208808661,1
3533,3897.104074127963,3927.41379442363,3930.234465249168,30.30972029566692,2.820670825538044,33.130391121204866,2
3534,3897.1958260965125,3929.8218692528476,3932.3236975201485,32.62604315633507,2.5018282673007266,35.12787142363595,1
3535,3899.223442764143,3930.234465249168,3932.6364671365045,31.011022485025023,2.4020018873366067,33.41302437236163,2
3536,3899.893375546923,3932.3236975201485,3932.7640599146166,32.430321973225546,0.4403623944681008,32.870684367693684,1
3537,3900.1097166617374,3932.6364671365045,3933.6244911035,32.52675047476714,0.9880239669954448,33.51477444176271,2
3538,3901.439361065644,3932.7640599146166,3932.970212120418,31.32469884897273,0.20615220580138696,31.530851054774303,1
3539,3901.9361260276823,3932.970212120418,3933.580613664791,31.034086092735834,0.6104015443730366,31.644487637108796,1
3540,3902.459091541554,3933.580613664791,3934.286468528973,31.121522123237355,0.7058548641814697,31.82737698741903,1
3541,3902.988162894229,3933.6244911035,3937.496010453156,30.63632820927114,3.871519349656161,34.5078475589271,2
3542,3905.4403190326643,3934.286468528973,3935.910656789025,28.8461494963085,1.624188260052072,30.47033775636055,1
3543,3907.1703287941577,3935.910656789025,3936.2788405706897,28.74032799486713,0.3681837816646833,29.10851177653194,1
3544,3909.2910228280584,3936.2788405706897,3936.6446314474183,26.98781774263125,0.3657908767287621,27.353608619359875,1
3545,3911.7956738628513,3936.6446314474183,3937.679930754352,24.84895758456696,1.0352993069338845,25.884256891500627,1
3546,3912.763588510936,3937.496010453156,3937.50119430186,24.732421942219844,0.005183848703768811,24.73760579092368,2
3547,3913.17880398377,3937.50119430186,3938.041543024471,24.322390318089674,0.5403487226114813,24.862739040700944,2
3548,3913.6205307996506,3937.679930754352,3938.0265884908163,24.059399954701348,0.3466577364641211,24.406057691165643,1
3549,3914.1477795468268,3938.0265884908163,3938.3992155293286,23.878808943989497,0.3726270385123342,24.25143598250179,1
3550,3917.558627852463,3938.041543024471,3938.5607479850505,20.482915172008234,0.5192049605793708,21.002120132587606,2
3551,3917.9008755855357,3938.3992155293286,3942.1069299148517,20.49833994379287,3.707714385523277,24.206054329315975,1
3552,3918.6282913382556,3938.5607479850505,3941.1367317757577,19.93245664679489,2.5759837907072374,22.50844043750203,2
3553,3921.540422913969,3941.1367317757577,3941.7823590408902,19.596308861788657,0.6456272651326703,20.241936126921246,2
3554,3921.8753187413,3941.7823590408902,3942.7877642798435,19.907040299590335,1.005405238953313,20.91244553854358,2
3555,3924.5905011063496,3942.1069299148517,3943.212644933588,17.51642880850204,1.1057150187363423,18.622143827238233,1
3556,3924.7185895065672,3942.7877642798435,3946.494860082876,18.069174773276245,3.7070958030324506,21.77627057630889,2
3557,3924.896999413327,3943.212644933588,3944.459029886523,18.31564552026066,1.2463849529348465,19.56203047319559,1
3558,3925.8299542262657,3944.459029886523,3946.1760029935735,18.629075660257058,1.716973107050787,20.34604876730782,1
3559,3927.2300081109147,3946.1760029935735,3946.7264460996835,18.94599488265885,0.5504431061101438,19.496437988768776,1
3560,3927.7984513456963,3946.494860082876,3954.295054376023,18.69640873717981,7.800194293146821,26.496603030326696,2
3561,3928.611683955495,3946.7264460996835,3946.762050493805,18.114762144188262,0.03560439412135895,18.150366538309754,1
3562,3928.9357606162434,3946.762050493805,3949.4215617442906,17.82628987756152,2.659511250485764,20.485801128047115,1
3563,3929.4011887138245,3949.4215617442906,3952.4567886932114,20.02037303046609,3.035226948920865,23.055599979386898,1
3564,3929.9838521558763,3952.4567886932114,3955.3691383871724,22.472936537335045,2.9123496939610285,25.38528623129605,1
3565,3930.704240143635,3954.295054376023,3954.589519052663,23.590814232387856,0.29446467664023546,23.885278909027875,2
3566,3932.7059579521783,3954.589519052663,3954.9099805980013,21.883561100484712,0.32046154533847593,22.204022645822988,2
3567,3933.8579927421847,3954.9099805980013,3959.1016479036216,21.051987855816606,4.191667305620487,25.24365516143689,2
3568,3934.6646309054586,3955.3691383871724,3955.421285587654,20.70450748171379,0.05214720048182059,20.756654682195403,1
3569,3935.6318803675504,3955.421285587654,3962.969697631435,19.789405220103617,7.5484120437807976,27.337817263884517,1
3570,3936.255614514457,3959.1016479036216,3964.208039825806,22.846033389164404,5.106391922184455,27.952425311348634,2
3571,3936.9083651580795,3962.969697631435,3963.6498284295712,26.061332473355378,0.6801307981363849,26.74146327149174,1
3572,3937.529285524715,3963.6498284295712,3967.1286295502914,26.120542904856393,3.4788011207199454,29.599344025576556,1
3573,3937.858676024641,3964.208039825806,3964.421516048157,26.3493638011646,0.21347622235150296,26.562840023515946,2
3574,3937.9483924969304,3964.421516048157,3966.7061987649836,26.473123551226763,2.2846827168264916,28.757806268053173,2
3575,3938.8086991678806,3966.7061987649836,3967.1495148188637,27.89749959710298,0.4433160538801617,28.34081565098313,2
3576,3942.108965667646,3967.1286295502914,3968.8612740016224,25.019663882645546,1.732644451330932,26.752308333976544,1
3577,3942.577578239952,3967.1495148188637,3969.0738681477656,24.571936578911846,1.9243533289016725,26.49628990781366,2
3578,3945.3763068649405,3968.8612740016224,3973.4770597675815,23.484967136681917,4.615785765958953,28.100752902641034,1
3579,3946.745898365357,3969.0738681477656,3971.7179454728907,22.327969782408672,2.6440773251250738,24.972047107533854,2
3580,3946.9895165725807,3971.7179454728907,3971.8209728146826,24.728428900310064,0.1030273417920273,24.831456242101922,2
3581,3949.33121480886,3971.8209728146826,3971.865623188945,22.48975800582275,0.044650374262310805,22.534408380085097,2
3582,3949.9347008544414,3971.865623188945,3972.14281250139,21.93092233450352,0.2771893124450851,22.20811164694851,2
3583,3950.727774881072,3972.14281250139,3972.8844772564516,21.41503762031789,0.7416647550616745,22.15670237537961,2
3584,3950.8900454138015,3972.8844772564516,3973.43553366749,21.9944318426501,0.5510564110381846,22.54548825368829,2
3585,3951.0635833983165,3973.43553366749,3973.8643901667506,22.37195026917334,0.42885649926060126,22.800806768434086,2
3586,3952.8273341123254,3973.4770597675815,3976.705138516332,20.649725655256134,3.2280787487507365,23.877804404006838,1
3587,3954.3290779479103,3973.8643901667506,3975.437435110606,19.535312218840318,1.5730449438554122,21.10835716269594,2
3588,3955.567457511679,3975.437435110606,3977.4573425980816,19.869977598927107,2.019907487475189,21.8898850864025,2
3589,3955.651533631639,3976.705138516332,3977.168078856408,21.053604884693414,0.46294034007569146,21.51654522476929,1
3590,3956.0384913296057,3977.168078856408,3983.348215472194,21.129587526802425,6.180136615786121,27.309724142588493,1
3591,3956.8649741391314,3977.4573425980816,3977.9775011991082,20.592368458950205,0.5201586010266087,21.112527059976856,2
3592,3957.7695049454965,3977.9775011991082,3978.6077660232086,20.207996253611782,0.6302648241004926,20.838261077712104,2
3593,3959.745893937551,3978.6077660232086,3978.873129980301,18.861872085657524,0.265363957092563,19.127236042750155,2
3594,3960.7040709029216,3978.873129980301,3985.16744552131,18.169059077379643,6.294315541008995,24.46337461838857,2
3595,3961.4863020290572,3983.348215472194,3984.8836554416266,21.861913443136928,1.5354399694324445,23.397353412569373,1
3596,3963.4226609531956,3984.8836554416266,3985.0806866465878,21.46099448843097,0.19703120496130283,21.65802569339212,1
3597,3964.893569932209,3985.0806866465878,3986.539550756221,20.18711671437859,1.4588641096333024,21.645980824011986,1
3598,3966.013982710765,3985.16744552131,3988.459600709101,19.15346281054508,3.2921551877907067,22.44561799833582,2
3599,3966.1790946442343,3986.539550756221,3986.7862338675127,20.360456111986878,0.24668311129169163,20.60713922327841,1
3600,3967.6335120426766,3986.7862338675127,3991.9873267196945,19.152721824836135,5.201092852181773,24.35381467701791,1
3601,3968.112845981484,3988.459600709101,3991.276136067855,20.346754727616826,2.8165353587543995,23.163290086371035,2
3602,3969.2729522892737,3991.276136067855,3991.8838581082605,22.003183778581388,0.6077220404051983,22.610905818986794,2
3603,3969.8482895142943,3991.8838581082605,3996.3613205271713,22.035568593966218,4.477462418910845,26.513031012877036,2
3604,3969.909758772166,3991.9873267196945,3993.0768264760204,22.077567947528678,1.089499756326096,23.167067703854627,1
3605,3971.7637531892346,3993.0768264760204,3996.9699445256033,21.313073286785766,3.893118049582688,25.206191336368647,1
3606,3971.893727798167,3996.3613205271713,3996.461388547527,24.46759272900408,0.10006802035571633,24.567660749359675,2
3607,3972.6801666401466,3996.461388547527,3997.162102564445,23.781221907380313,0.7007140169182273,24.48193592429834,2
3608,3974.251629819448,3996.9699445256033,3996.9775349553483,22.71831470615507,0.007590429745171393,22.72590513590012,1
3609,3974.58781696473,3996.9775349553483,3997.3018800530167,22.389717990618465,0.3243450976685579,22.71406308828682,1
3610,3975.7236745033474,3997.162102564445,4000.483734862193,21.43842806109751,3.3216322977482755,24.76006035884575,2
3611,3975.9218092126766,3997.3018800530167,3998.148093578394,21.380070840340068,0.8462135253771824,22.22628436571722,1
3612,3976.5893814008055,3998.148093578394,3998.565570737055,21.558712177588404,0.41747715866152696,21.976189336249718,1
3613,3976.8309037867366,3998.565570737055,3999.526940706415,21.73466695031857,0.9613699693598938,22.69603691967859,1
3614,3976.9836966412477,3999.526940706415,4001.8551888938573,22.543244065167528,2.328248187442215,24.87149225260964,1
3615,3978.931031282056,4000.483734862193,4000.569034180556,21.55270358013695,0.08529931836299794,21.638002898499963,2
3616,3979.200212980348,4000.569034180556,4001.9176237902657,21.368821200208004,1.348589609709492,22.71741080991751,2
3617,3980.4694684913225,4001.8551888938573,4002.5081888440877,21.385720402534844,0.6529999502305786,22.038720352765267,1
3618,3980.736362976228,4001.9176237902657,4006.343190649942,21.181260814037614,4.425566859675887,25.606827673713724,2
3619,3982.726939933638,4002.5081888440877,4002.5090080368313,19.781248910449904,0.000819192743534176,19.782068103193524,1
3620,3983.1424030917265,4002.5090080368313,4002.9223231483174,19.366604945104882,0.4133151114859605,19.77992005659098,1
3621,3985.692476395637,4002.9223231483174,4004.218274705139,17.22984675268026,1.2959515568215598,18.525798309501624,1
3622,3987.096655114796,4004.218274705139,4004.686600304638,17.121619590343016,0.46832559949910507,17.589945189842183,1
3623,3987.2721045189087,4004.686600304638,4007.312374346955,17.414495785729287,2.625774042317166,20.04026982804635,1
3624,3987.559889677587,4006.343190649942,4007.1945731477917,18.783300972354937,0.8513824978498844,19.63468347020489,2
3625,3988.392097456585,4007.1945731477917,4009.567998807963,18.802475691206837,2.3734256601710157,21.175901351377888,2
3626,3988.4353652622917,4007.312374346955,4007.7495669864106,18.877009084663314,0.43719263945548387,19.314201724118902,1
3627,3989.7321848350566,4007.7495669864106,4010.7988868394477,18.017382151354013,3.049319853037014,21.066702004391118,1
3628,3990.695855131664,4009.567998807963,4009.88657154771,18.872143676298947,0.31857273974708666,19.190716416046143,2
3629,3991.2518744855015,4009.88657154771,4012.528441887526,18.634697062208488,2.641870339815985,21.276567402024284,2
3630,3993.6711117795203,4010.7988868394477,4012.4934316117838,17.127775059927444,1.6945447723361249,18.822319832263474,1
3631,3994.1912405657285,4012.4934316117838,4014.5980978234566,18.302191046055214,2.1046662116726855,20.406857257728007,1
3632,3994.518938796727,4012.528441887526,4012.6820227293974,18.009503090798717,0.15358084187151624,18.16308393267036,2
3633,3995.005365107854,4012.6820227293974,4014.9678343173196,17.676657621543654,2.2858115879222836,19.96246920946578,2
3634,3995.2135406628927,4014.5980978234566,4015.6853972944677,19.384557160563872,1.0872994710112043,20.471856631575065,1
3635,3998.6697428116145,4014.9678343173196,4018.182735554306,16.298091505705088,3.2149012369865546,19.512992742691495,2
3636,3998.804528727254,4015.6853972944677,4017.4664698363054,16.880868567213838,1.7810725418377689,18.66194110905144,1
3637,4002.785717758691,4017.4664698363054,4018.0212018950583,14.680752077614216,0.5547320587531025,15.235484136367177,1
3638,4003.088223437533,4018.0212018950583,4018.480395210249,14.932978457525223,0.45919331519036016,15.392171772715756,1
3639,4003.8432828400596,4018.182735554306,4019.2906394165234,14.339452714246363,1.1079038622174104,15.44735657646379,2
3640,4005.5078521549585,4018.480395210249,4018.992639505681,12.972543055290316,0.5122442954322044,13.4847873507224,1
3641,4006.029432204306,4018.992639505681,4022.091719921822,12.96320730137495,3.09908041614112,16.06228771751603,1
3642,4006.1736318049634,4019.2906394165234,4021.010852893143,13.117007611559984,1.7202134766192765,14.837221088179376,2
3643,4006.714543542104,4021.010852893143,4021.139597671337,14.296309351038872,0.12874477819414806,14.425054129233104,2
3644,4008.816628353519,4021.139597671337,4025.4387517621776,12.322969317818206,4.299154090840805,16.62212340865881,2
3645,4010.0776417781503,4022.091719921822,4022.712156096633,12.014078143671668,0.6204361748110555,12.634514318482616,1
3646,4010.1014944329,4022.712156096633,4023.269232590059,12.610661663733026,0.557076493426153,13.167738157158965,1
3647,4010.2489446247364,4023.269232590059,4024.781509427141,13.020287965322495,1.5122768370819968,14.532564802404522,1
3648,4011.2758459713273,4024.781509427141,4027.8707847602545,13.505663455813647,3.089275333113832,16.594938788927266,1
3649,4011.8236640553614,4025.4387517621776,4026.6843361334413,13.615087706816212,1.2455843712635732,14.860672078079915,2
3650,4016.1592807581033,4026.6843361334413,4028.0690099757585,10.52505537533807,1.3846738423173302,11.90972921765524,2
3651,4017.4661027465086,4027.8707847602545,4030.0008089757903,10.404682013745969,2.1300242155356606,12.53470622928171,1
3652,4018.907436417038,4028.0690099757585,4030.8470127390597,9.161573558720647,2.778002763300955,11.939576322021821,2
3653,4020.707367240889,4030.0008089757903,4031.2741103610338,9.29344173490108,1.2733013852436617,10.566743120144565,1
3654,4020.928127375765,4030.8470127390597,4032.6001236167185,9.918885363294521,1.753110877658791,11.671996240953376,2
3655,4026.8920898270203,4031.2741103610338,4031.41244247751,4.3820205340134635,0.13833211647618504,4.520352650489713,1
3656,4027.104354105077,4031.41244247751,4031.901364286888,4.308088372432849,0.48892180937830887,4.797010181810947,1
3657,4027.248613040448,4031.901364286888,4033.2440457260163,4.652751246439948,1.342681439128412,5.995432685568176,1
3658,4027.918717909994,4032.6001236167185,4033.324330964246,4.68140570672449,0.7242073475275865,5.405613054252171,2
3659,4029.729155862472,4033.2440457260163,4034.9806075603437,3.51488986354434,1.7365618343273224,5.251451697871744,1
3660,4030.0836927775,4033.324330964246,4035.8601099990738,3.2406381867463097,2.535779034827591,5.776417221573865,2
3661,4030.57119868686,4034.9806075603437,4035.127929417341,4.409408873483699,0.14732185699716402,4.556730730480922,1
3662,4031.2062685766905,4035.127929417341,4038.091049699383,3.9216608406504747,2.963120282041848,6.884781122692402,1
3663,4032.0517668094662,4035.8601099990738,4036.7850161892156,3.8083431896075126,0.9249061901417372,4.733249379749395,2
3664,4032.4425001340082,4036.7850161892156,4049.1281499055035,4.342516055207398,12.343133716287912,16.685649771495264,2
3665,4033.8772171068063,4038.091049699383,4039.2600177306226,4.213832592576637,1.1689680312398303,5.382800623816365,1
3666,4033.957154896871,4039.2600177306226,4040.604748921586,5.302862833751533,1.3447311909634208,6.64759402471509,1
3667,4034.2392309036204,4040.604748921586,4040.7547421223103,6.365518017965769,0.14999320072433597,6.5155112186898805,1
3668,4035.382917870117,4040.7547421223103,4041.9214619072045,5.371824252193164,1.166719784894072,6.538544037087377,1
3669,4035.4424956648095,4041.9214619072045,4042.7503234697374,6.478966242395018,0.828861562532991,7.307827804927911,1
3670,4035.6024430295215,4042.7503234697374,4044.4168824285,7.147880440215886,1.666558958762407,8.814439398978266,1
3671,4035.8254935465047,4044.4168824285,4046.9889318081982,8.591388881995044,2.572049379698567,11.1634382616935,1
3672,4035.8790744104344,4046.9889318081982,4048.042179514829,11.10985739776379,1.0532477066306942,12.163105104394617,1
3673,4037.695106230762,4048.042179514829,4049.6436780038694,10.347073284066937,1.601498489040339,11.948571773107233,1
3674,4038.990657770658,4049.1281499055035,4054.0090607146144,10.137492134845616,4.880910809111019,15.018402943956517,2
3675,4044.016202082616,4049.6436780038694,4049.9948472789592,5.627475921253335,0.35116927509,5.978645196343223,1
3676,4044.804434841924,4049.9948472789592,4053.622104947049,5.19041243703532,3.627257668089706,8.817670105125217,1
3677,4045.307433042451,4053.622104947049,4053.6963814250435,8.314671904598072,0.07427647799446603,8.388948382592389,1
3678,4046.1738170801814,4053.6963814250435,4054.1536394498007,7.522564344862076,0.45725802475720434,7.979822369619342,1
3679,4046.3447517202344,4054.0090607146144,4054.395481132443,7.664308994380008,0.38642041782849174,8.050729412208511,2
3680,4046.429944203058,4054.1536394498007,4056.978511027313,7.723695246742864,2.824871577512073,10.548566824254976,1
3681,4049.100999272687,4054.395481132443,4055.2492993441533,5.294481859755706,0.853818211710516,6.14830007146611,2
3682,4050.368644323095,4055.2492993441533,4056.3270895736023,4.880655021058374,1.077790229448753,5.958445250507339,2
3683,4050.8457550145436,4056.3270895736023,4057.4105596649583,5.481334559058723,1.083470091356101,6.5648046504147715,2
3684,4051.3544030612225,4056.978511027313,4061.724178289139,5.624107966090378,4.745667261826575,10.369775227916762,1
3685,4051.6914174219764,4057.4105596649583,4058.6406557635114,5.719142242981889,1.2300960985529488,6.949238341534965,2
3686,4053.2750509446387,4058.6406557635114,4063.6436716339635,5.3656048188727254,5.003015870452129,10.368620689324871,2
3687,4053.8186277011746,4061.724178289139,4067.8613264208,7.905550587964626,6.137148131660991,14.042698719625605,1
3688,4055.757502266315,4063.6436716339635,4063.6517350732856,7.886169367648563,0.008063439321891398,7.894232806970649,2
3689,4058.0510410185275,4063.6517350732856,4064.7595169279084,5.600694054758151,1.1077818546227567,6.7084759093809225,2
3690,4059.3232119699705,4064.7595169279084,4068.299406649354,5.436304957937864,3.5398897214452525,8.976194679383298,2
3691,4059.3680224683453,4067.8613264208,4070.5697444991442,8.49330395245488,2.708418078343967,11.20172203079892,1
3692,4059.48077170169,4068.299406649354,4073.2487259442005,8.818634947663668,4.949319294846604,13.767954242510314,2
3693,4060.464499582948,4070.5697444991442,4078.824911178023,10.10524491619617,8.255166678878615,18.360411595074766,1
3694,4061.5145948055383,4073.2487259442005,4073.860929651661,11.734131138662178,0.6122037074605966,12.346334846122772,2
3695,4063.121227060043,4073.860929651661,4073.978522907548,10.73970259161797,0.11759325588651297,10.857295847504702,2
3696,4064.530285209226,4073.978522907548,4076.4726096233735,9.448237698321918,2.49408671582556,11.942324414147606,2
3697,4065.341652970952,4076.4726096233735,4077.341546544922,11.130956652421446,0.8689369215485028,11.999893573969985,2
3698,4065.411235014143,4077.341546544922,4078.586848190707,11.930311530778908,1.2453016457846247,13.17561317656373,2
3699,4065.7818993615983,4078.586848190707,4078.8920143749933,12.804948829108525,0.30516618428629644,13.110115013394989,2
3700,4065.816981940245,4078.824911178023,4079.8194478350915,13.007929237777716,0.9945366570685482,14.00246589484641,1
3701,4066.508844333004,4078.8920143749933,4081.0756243508113,12.38317004198916,2.183609975818035,14.566780017807105,2
3702,4068.650590853802,4079.8194478350915,4081.0975889208125,11.168856981289537,1.2781410857210567,12.446998067010554,1
3703,4069.216075063178,4081.0756243508113,4081.377899737238,11.8595492876334,0.3022753864265728,12.161824674059972,2
3704,4069.3879588226278,4081.0975889208125,4081.2747344000545,11.709630098184789,0.17714547924212104,11.88677557742676,1
3705,4070.2454240972997,4081.2747344000545,4081.932604037875,11.029310302754766,0.657869637820368,11.687179940575334,1
3706,4070.3124231960155,4081.377899737238,4081.5347525052734,11.065476541222324,0.156852768035783,11.22232930925793,2
3707,4071.900712897934,4081.5347525052734,4081.7821638036257,9.634039607339218,0.24741129835206538,9.881450905691509,2
3708,4073.0019011216714,4081.7821638036257,4082.4005218382163,8.780262681954355,0.6183580345905557,9.398620716544883,2
3709,4074.917112861209,4081.932604037875,4082.4182828046733,7.0154911766662735,0.4856787667983346,7.501169943464447,1
3710,4075.105089593217,4082.4005218382163,4083.491683376824,7.29543224499912,1.0911615386075537,8.386593783606713,2
3711,4076.9531105656233,4082.4182828046733,4085.612334363469,5.465172239049934,3.1940515587957763,8.659223797845698,1
3712,4078.5329786154966,4083.491683376824,4085.56880971395,4.958704761327226,2.0771263371263458,7.0358310984534,2
3713,4080.029414089724,4085.56880971395,4087.467482621634,5.539395624226017,1.8986729076843318,7.438068531910176,2
3714,4080.044218620495,4085.612334363469,4085.631017539185,5.568115742973987,0.018683175715992137,5.586798918689965,1
3715,4081.2014554612297,4085.631017539185,4085.8694511378017,4.429562077955325,0.23843359861670246,4.667995676571991,1
3716,4081.757592479507,4085.8694511378017,4085.93102877946,4.11185865829475,0.06157764165839642,4.1734362999532095,1
3717,4082.178807217332,4085.93102877946,4086.2988611287437,3.752221562127943,0.36783234928344855,4.12005391141156,1
3718,4084.8115467544603,4086.2988611287437,4088.188782611828,1.4873143742834145,1.8899214830842685,3.3772358573678503,1
3719,4084.905131092024,4087.467482621634,4087.573450466576,2.5623515296101687,0.10596784494197833,2.668319374552084,2
3720,4085.191275653085,4087.573450466576,4089.9517594635845,2.3821748134910194,2.3783089970083227,4.760483810499409,2
3721,4085.9512912153727,4088.188782611828,4089.9293072062464,2.2374913964554253,1.7405245944183187,3.9780159908737005,1
3722,4086.8395882174727,4089.9293072062464,4092.4208170021193,3.0897189887737113,2.49150979587268,5.581228784646555,1
3723,4087.5458118111255,4089.9517594635845,4091.041465210052,2.4059476524589627,1.0897057464675124,3.4956533989266063,2
3724,4087.593095694598,4091.041465210052,4091.1825622799306,3.448369515454033,0.14109706987839019,3.5894665853325023,2
3725,4088.419258444937,4091.1825622799306,4092.3337129496886,2.7633038349936214,1.1511506697579041,3.914454504751575,2
3726,4088.473183900497,4092.3337129496886,4095.8733174572194,3.8605290491914275,3.5396045075306355,7.400133556722267,2
3727,4090.6549840949197,4092.4208170021193,4098.548836341721,1.7658329071996377,6.12801933960179,7.893852246801089,1
3728,4093.196379265373,4095.8733174572194,4096.6358516773425,2.6769381918466024,0.7625342201235593,3.4394724119697457,2
3729,4098.0300570941645,4098.0300570941645,4099.200549545318,0.0,1.1704924511530046,1.1704924511532226,2
3730,4098.066073054477,4098.548836341721,4101.317729225827,0.48276328724386985,2.768892884105948,3.251656171350078,1
3731,4098.568285044115,4099.200549545318,4100.952866338966,0.6322645012023713,1.7523167936477142,2.38458129485025,2
3732,4099.7688838514805,4100.952866338966,4103.917442039802,1.183982487485082,2.9645757008367206,4.148558188321658,2
3733,4099.946738457179,4101.317729225827,4105.209059267383,1.370990768647971,3.891330041556024,5.2623208102040735,1
3734,4099.952010020274,4103.917442039802,4107.779086437794,3.965432019527725,3.861644397991351,7.827076417519493,2
3735,4100.254592146485,4105.209059267383,4118.015471914838,4.954467120897789,12.806412647454428,17.760879768352424,1
3736,4100.575506635936,4107.779086437794,4108.502695487257,7.203579801857813,0.723609049463356,7.927188851321262,2
3737,4101.24233128635,4108.502695487257,4109.382493117121,7.260364200907134,0.8797976298634319,8.140161830770921,2
3738,4103.226667617168,4109.382493117121,4110.719916099668,6.1558254999536075,1.337422982546386,7.4932484825003485,2
3739,4105.018025400979,4110.719916099668,4111.183716162775,5.701890698688658,0.4638000631075071,6.165690761796213,2
3740,4105.143640787944,4111.183716162775,4111.339427413038,6.040075374831758,0.15571125026266855,6.195786625094115,2
3741,4106.277495722113,4111.339427413038,4115.195289352352,5.061931690925121,3.855861939314151,8.91779363023943,2
3742,4106.831120207857,4115.195289352352,4120.157160418893,8.364169144495463,4.961871066541125,13.326040211036343,2
3743,4106.9574621712845,4118.015471914838,4119.2065062191805,11.058009743553157,1.191034304342617,12.24904404789595,1
3744,4109.393266845075,4119.2065062191805,4122.5083041273165,9.813239374105251,3.30179790813573,13.115037282241246,1
3745,4110.546287334368,4120.157160418893,4121.264109137973,9.610873084525338,1.10694871908002,10.717821803605148,2
3746,4110.8410005171145,4121.264109137973,4122.264283025168,10.42310862085833,1.0001738871952948,11.42328250805349,2
3747,4112.3152095208425,4122.264283025168,4125.6925646857735,9.949073504325497,3.4282816606051787,13.377355164931032,2
3748,4112.379247971768,4122.5083041273165,4124.9576895503415,10.129056155548824,2.4493854230247396,12.578441578573802,1
3749,4113.190179557463,4124.9576895503415,4126.418409845499,11.767509992878331,1.4607202951578337,13.228230288035775,1
3750,4113.278758176756,4125.6925646857735,4125.97506866035,12.413806509017377,0.2825039745762516,12.696310483594061,2
3751,4114.860870825817,4125.97506866035,4126.680893596911,11.114197834533115,0.7058249365609119,11.820022771094045,2
3752,4118.327214946265,4126.418409845499,4130.491395842828,8.091194899234324,4.072985997328546,12.164180896563266,1
3753,4118.826372809114,4126.680893596911,4128.550015580894,7.8545207877969005,1.8691219839826325,9.72364277177985,2
3754,4119.3929918684125,4128.550015580894,4131.323446194136,9.157023712481532,2.7734306132414503,11.930454325723076,2
3755,4120.213706312348,4130.491395842828,4131.302652060169,10.27768953047962,0.8112562173409362,11.088945747820617,1
3756,4121.987510854502,4131.302652060169,4131.602910809851,9.315141205666805,0.30025874968189087,9.615399955348948,1
3757,4122.574159754384,4131.323446194136,4132.790799700428,8.749286439751813,1.4673535062918563,10.21663994604387,2
3758,4123.8182360139635,4131.602910809851,4135.160448579228,7.78467479588744,3.557537769376998,11.342212565264163,1
3759,4124.8280468562225,4132.790799700428,4133.86963716039,7.96275284420517,1.0788374599619617,9.041590304167585,2
3760,4125.781337089887,4133.86963716039,4134.149190190979,8.088300070503465,0.2795530305893285,8.367853101092805,2
3761,4127.287319377645,4134.149190190979,4134.869293080053,6.861870813334463,0.720102889073425,7.581973702407595,2
3762,4131.290676171941,4134.869293080053,4135.021202110265,3.578616908111144,0.15190903021258412,3.730525938323808,2
3763,4131.366405434855,4135.021202110265,4140.157592866605,3.65479667541058,5.136390756339925,8.791187431750586,2
3764,4132.189176505283,4135.160448579228,4136.5002823741725,2.9712720739444194,1.3398337949445924,4.311105868889172,1
3765,4132.474595657186,4136.5002823741725,4136.552318620332,4.025686716986456,0.052036246159249705,4.0777229631457885,1
3766,4134.71599333979,4136.552318620332,4137.153556320364,1.8363252805420416,0.60123770003212,2.437562980574512,1
3767,4137.235209473271,4137.235209473271,4138.390922599794,0.0,1.1557131265229121,1.1557131265226417,1
3768,4139.976820514897,4139.976820514897,4142.334386350658,0.0,2.357565835761022,2.3575658357613065,1
3769,4144.004841792399,4144.004841792399,4145.965085604899,0.0,1.9602438124999815,1.9602438125002664,1
3770,4144.366946419978,4144.366946419978,4146.639221962099,0.0,2.2722755421209238,2.2722755421209513,2
3771,4148.2856847212815,4148.2856847212815,4149.005821197068,0.0,0.7201364757865792,0.7201364757866031,1
3772,4148.81890629171,4148.81890629171,4150.690134648998,0.0,1.8712283572880597,1.8712283572876913,2
3773,4150.072603482471,4150.072603482471,4155.1672690726455,0.0,5.094665590174298,5.0946655901743725,1
3774,4150.608358478291,4150.690134648998,4151.64869023968,0.0817761707066893,0.9585555906825058,1.0403317613890977,2
3775,4151.143712963765,4151.64869023968,4151.899705192598,0.5049772759148254,0.25101495291803466,0.755992228832838,2
3776,4152.907782026655,4152.907782026655,4157.117266850796,0.0,4.209484824141754,4.209484824141327,2
3777,4153.494754172756,4155.1672690726455,4162.5715625303765,1.6725148998893928,7.404293457730638,9.076808357620394,1
3778,4156.216214417925,4157.117266850796,4157.856340882975,0.9010524328714382,0.7390740321788889,1.6401264650503435,2
3779,4157.842933690787,4157.856340882975,4159.091170174935,0.013407192188424233,1.2348292919591735,1.2482364841480376,2
3780,4159.2044904666345,4159.2044904666345,4159.398961443817,0.0,0.19447097718232675,0.19447097718239093,2
3781,4161.495373293906,4161.495373293906,4161.541241329099,0.0,0.045868035193398896,0.04586803519305249,2
3782,4161.75228923068,4161.75228923068,4165.564524337498,0.0,3.81223510681893,3.8122351068186617,2
3783,4161.969505357554,4162.5715625303765,4165.584183142186,0.6020571728222421,3.0126206118093726,3.614677784631567,1
3784,4163.5238015313025,4165.564524337498,4166.107696073844,2.040722806195845,0.5431717363451617,2.583894542541202,2
3785,4163.554436062096,4165.584183142186,4166.892233582692,2.0297470800896917,1.308050440506119,3.3377975205958137,1
3786,4166.452060686973,4166.452060686973,4170.799385207734,0.0,4.347324520761817,4.347324520761504,2
3787,4166.71565911973,4166.892233582692,4167.43729617972,0.17657446296198032,0.5450625970277894,0.7216370599899165,1
3788,4167.443551513483,4167.443551513483,4171.066692821886,0.0,3.623141308403285,3.6231413084033193,1
3789,4168.197811141907,4170.799385207734,4171.871258848724,2.6015740658276627,1.071873640989949,3.6734477068175693,2
3790,4168.563036361637,4171.066692821886,4172.8956307970375,2.5036564602487488,1.828937975150969,4.332594435400097,1
3791,4168.87189022602,4171.871258848724,4175.970433312954,2.9993686227044236,4.099174464229782,7.098543086934114,2
3792,4169.631914724307,4172.8956307970375,4174.574116475747,3.2637160727308583,1.6784856787098223,4.942201751440734,1
3793,4169.748655297231,4174.574116475747,4184.768599254934,4.8254611785159796,10.194482779186856,15.019943957702708,1
3794,4171.946063144998,4175.970433312954,4176.354325958038,4.024370167955567,0.3838926450846295,4.408262813039983,2
3795,4173.223020536458,4176.354325958038,4177.645425927064,3.1313054215806915,1.291099969025398,4.4224053906064,2
3796,4174.455017261073,4177.645425927064,4179.293211879835,3.190408665990617,1.647785952771247,4.838194618761918,2
3797,4175.332111637028,4179.293211879835,4181.383171686408,3.9611002428073334,2.0899598065722254,6.051060049379885,2
3798,4176.409820531437,4181.383171686408,4183.203103638845,4.973351154971169,1.8199319524372972,6.79328310740857,2
3799,4176.527313459417,4183.203103638845,4183.344487828246,6.675790179428077,0.14138418940071934,6.817174368829001,2
3800,4177.361895049245,4183.344487828246,4183.624468215493,5.982592779001607,0.27998038724702035,6.26257316624833,2
3801,4177.913408441331,4183.624468215493,4187.68733675869,5.711059774162095,4.062868543197105,9.773928317359605,2
3802,4178.4517260776865,4184.768599254934,4186.977036603485,6.316873177247544,2.208437348551315,8.525310525798886,1
3803,4181.548920661103,4186.977036603485,4189.621404527518,5.428115942382647,2.644367924032538,8.072483866415496,1
3804,4181.970177026738,4187.68733675869,4189.528552099158,5.7171597319520515,1.8412153404676836,7.558375072419949,2
3805,4182.334266463954,4189.528552099158,4193.503273153292,7.194285635204324,3.974721054133734,11.169006689337948,2
3806,4185.20009557109,4189.621404527518,4190.688868918559,4.42130895642822,1.067464391040766,5.48877334746885,1
3807,4186.012168455099,4190.688868918559,4191.094681304861,4.676700463460293,0.40581238630226535,5.082512849762679,1
3808,4186.061547228141,4191.094681304861,4191.891574974027,5.033134076720671,0.7968936691657579,5.830027745886582,1
3809,4187.501832761002,4191.891574974027,4191.941150356749,4.389742213024874,0.04957538272139502,4.4393175957466156,1
3810,4189.295954884785,4191.941150356749,4193.859475167408,2.6451954719641435,1.918324810659231,4.563520282623358,1
3811,4189.9173585527615,4193.503273153292,4196.720795350072,3.5859146005304865,3.2175221967800827,6.803436797310496,2
3812,4190.040321182257,4193.859475167408,4197.2854707428805,3.819153985151388,3.425995575472792,7.245149560623759,1
3813,4190.255743487921,4196.720795350072,4198.736260846051,6.4650518621510855,2.015465495978733,8.480517358129873,2
3814,4190.786209237713,4197.2854707428805,4199.257758192243,6.499261505167851,1.9722874493628684,8.47154895453059,1
3815,4191.220171462897,4198.736260846051,4198.834069060827,7.516089383153485,0.09780821477543943,7.613897597929281,2
3816,4191.295851555113,4198.834069060827,4200.137939915941,7.538217505713874,1.3038708551151321,8.842088360828711,2
3817,4191.4746487300245,4199.257758192243,4200.152254475037,7.7831094622188175,0.8944962827939945,8.677605745012443,1
3818,4191.9044151418075,4200.137939915941,4202.177474925861,8.233524774133912,2.039535009919703,10.273059784053657,2
3819,4193.3004279313145,4200.152254475037,4201.5760634099115,6.851826543722382,1.4238089348742724,8.275635478596996,1
3820,4193.4287016176695,4201.5760634099115,4202.362407154457,8.147361792242009,0.7863437445453663,8.933705536787784,1
3821,4194.701714422462,4202.177474925861,4204.486546982272,7.475760503399215,2.3090720564107468,9.784832559809729,2
3822,4195.261721965482,4202.362407154457,4206.599094582945,7.100685188975149,4.236687428488151,11.337372617463188,1
3823,4196.455853953688,4204.486546982272,4205.556980238051,8.0306930285833,1.0704332557799874,9.10112628436309,2
3824,4196.5706328850765,4205.556980238051,4205.9750853329,8.986347352974917,0.4181050948484049,9.404452447823132,2
3825,4196.814319966505,4205.9750853329,4207.994979986891,9.160765366395026,2.01989465399088,11.180660020386313,2
3826,4197.277238045688,4206.599094582945,4206.778980028517,9.32185653725719,0.1798854455715777,9.501741982829117,1
3827,4197.9383118078385,4206.778980028517,4209.549668347025,8.840668220678708,2.7706883185071254,11.61135653918609,1
3828,4199.62930312341,4207.994979986891,4210.3325252248005,8.365676863480985,2.337545237909912,10.703222101390566,2
3829,4200.7763920585085,4209.549668347025,4212.952883631304,8.773276288516172,3.4032152842792422,12.176491572795385,1
3830,4201.781384686952,4210.3325252248005,4211.181347305596,8.551140537848369,0.8488220807954119,9.399962618644167,2
3831,4202.336191068659,4211.181347305596,4211.389353735779,8.845156236937328,0.2080064301822023,9.053162667119977,2
3832,4204.229266344543,4211.389353735779,4213.125451143854,7.16008739123572,1.7360974080743745,8.896184799310504,2
3833,4205.296729423635,4212.952883631304,4214.154963826445,7.656154207668806,1.202080195140907,8.858234402810012,1
3834,4205.9542145711,4213.125451143854,4225.403855700293,7.171236572753514,12.278404556439309,19.44964112919297,2
3835,4208.497251458208,4214.154963826445,4214.76892719743,5.6577123682372985,0.6139633709841904,6.2716757392217914,1
3836,4208.6064900600595,4214.76892719743,4216.77796328334,6.162437137370034,2.009036085909966,8.171473223280373,1
3837,4210.439789311918,4216.77796328334,4219.276742685534,6.338173971422293,2.498779402194239,8.83695337361678,1
3838,4210.5810199165,4219.276742685534,4219.9941271070975,8.695722769034546,0.7173844215632444,9.413107190597657,1
3839,4212.019715600688,4219.9941271070975,4220.268895140274,7.974411506409524,0.27476803317712406,8.249179539586294,1
3840,4212.570736978382,4220.268895140274,4224.236720261969,7.6981581618920245,3.967825121694971,11.665983283586684,1
3841,4214.0532295401035,4224.236720261969,4225.0935635927435,10.183490721865383,0.8568433307743346,11.040334052639992,1
3842,4215.0257040767465,4225.0935635927435,4225.884372037561,10.067859515997043,0.7908084448173508,10.858667960814273,1
3843,4215.241425642287,4225.403855700293,4226.174652623285,10.162430058006066,0.7707969229912588,10.93322698099746,2
3844,4217.106173066341,4225.884372037561,4228.68301701392,8.778198971219354,2.798644976358921,11.576843947578709,1
3845,4217.832489193595,4226.174652623285,4226.926632547681,8.342163429689208,0.7519799243968037,9.094143354085645,2
3846,4218.196759034892,4226.926632547681,4228.073641363136,8.7298735127888,1.1470088154550007,9.876882328243482,2
3847,4218.5985795808,4228.073641363136,4228.903174649783,9.475061782335615,0.8295332866477163,10.304595068982962,2
3848,4218.71737170314,4228.68301701392,4230.390882938306,9.965645310780019,1.7078659243861352,11.673511235166188,1
3849,4218.865542756554,4228.903174649783,4233.242337206183,10.037631893229445,4.339162556399557,14.376794449629415,2
3850,4223.097187627411,4230.390882938306,4230.500850203554,7.2936953108956,0.10996726524798106,7.403662576143688,1
3851,4224.199474589681,4230.500850203554,4232.961141357587,6.301375613873461,2.4602911540325567,8.761666767905808,1
3852,4224.418357390869,4232.961141357587,4234.5090690943625,8.542783966718162,1.5479277367760718,10.09071170349398,1
3853,4225.663063672123,4233.242337206183,4234.009745311702,7.579273534060121,0.767408105519731,8.346681639579401,2
3854,4225.703847896958,4234.009745311702,4239.534688017576,8.305897414744322,5.524942705873092,13.830840120617722,2
3855,4226.217577053691,4234.5090690943625,4235.215317666468,8.291492040671983,0.7062485721051442,8.997740612777307,1
3856,4226.859372690673,4235.215317666468,4237.214840677992,8.355944975794955,1.9995230115235587,10.355467987318661,1
3857,4226.967641786625,4237.214840677992,4238.656116492178,10.24719889136668,1.4412758141858408,11.688474705552835,1
3858,4228.484503515502,4238.656116492178,4239.664418797501,10.171612976675533,1.0083023053226277,11.179915281998547,1
3859,4229.058481574367,4239.534688017576,4239.6265146482,10.476206443208866,0.09182663062444213,10.568033073833249,2
3860,4232.610954384903,4239.6265146482,4239.697142718875,7.01556026329672,0.07062807067423676,7.086188333971222,2
3861,4232.740185742936,4239.664418797501,4239.6699165060345,6.924233054564866,0.005497708533557385,6.9297307630986325,1
3862,4233.029446742113,4239.6699165060345,4241.472329149672,6.640469763921828,1.8024126436374703,8.44288240755941,1
3863,4233.396360167461,4239.697142718875,4245.829341326236,6.300782551413249,6.132198607361565,12.432981158774965,2
3864,4235.15673172379,4241.472329149672,4241.518333359988,6.315597425882515,0.04600421031600533,6.361601636198429,1
3865,4235.920553044492,4241.518333359988,4245.868530408839,5.597780315495584,4.350197048851044,9.947977364347025,1
3866,4236.893059735829,4245.829341326236,4246.7045973487075,8.936281590406907,0.8752560224710736,9.811537612878055,2
3867,4237.508571761522,4245.868530408839,4246.161660236885,8.359958647317399,0.29312982804544835,8.653088475362892,1
3868,4238.66330298721,4246.161660236885,4246.560725492616,7.498357249674882,0.3990652557311856,7.897422505406212,1
3869,4240.163433390745,4246.560725492616,4247.688712939385,6.397292101871244,1.127987446769138,7.525279548640356,1
3870,4240.512316803262,4246.7045973487075,4247.813538050546,6.192280545445101,1.1089407018385555,7.301221247284047,2
3871,4241.6990266044095,4247.688712939385,4248.690312809181,5.989686334975886,1.0015998697955693,6.991286204771313,1
3872,4243.165952862658,4247.813538050546,4248.2713376343,4.6475851878885805,0.4577995837535013,5.105384771642093,2
3873,4243.480861324587,4248.2713376343,4248.486156900262,4.790476309713085,0.2148192659626696,5.005295575675518,2
3874,4245.433157856446,4248.486156900262,4249.330412549976,3.0529990438162713,0.8442556497135865,3.897254693530158,2
3875,4245.742304370598,4248.690312809181,4257.371908514517,2.9480084385832015,8.681595705335868,11.629604143919096,1
3876,4247.0894383101895,4249.330412549976,4249.71314312746,2.2409742397867376,0.38273057748387684,2.6237048172706636,2
3877,4247.147971298867,4249.71314312746,4252.0226677392375,2.5651718285935203,2.309524611777225,4.874696440370826,2
3878,4249.874665248866,4252.0226677392375,4252.327043035056,2.1480024903712547,0.3043752958180158,2.4523777861895724,2
3879,4250.999272363599,4252.327043035056,4256.652730847625,1.327770671457074,4.325687812569117,5.653458484026487,2
3880,4251.276436268209,4256.652730847625,4262.910489852157,5.376294579416026,6.2577590045321925,11.634053583948116,2
3881,4251.6942158045995,4257.371908514517,4257.726056076401,5.67769270991721,0.3541475618843789,6.031840271801229,1
3882,4253.198611588391,4257.726056076401,4261.338801347514,4.527444488009678,3.6127452711138686,8.140189759123132,1
3883,4253.3824469580195,4261.338801347514,4262.479904682866,7.956354389494663,1.1411033353516065,9.097457724846208,1
3884,4257.062431370469,4262.479904682866,4265.624902837817,5.417473312396396,3.1449981549514314,8.562471467347677,1
3885,4257.537466979873,4262.910489852157,4263.121254074772,5.373022872284309,0.2107642226143769,5.58378709489898,2
3886,4258.463765464024,4263.121254074772,4263.5909935489,4.65748861074826,0.46973947412824624,5.127228084876151,2
3887,4259.340080294072,4263.5909935489,4264.70444828503,4.2509132548275375,1.113454736130005,5.364367990957362,2
3888,4259.756727734454,4264.70444828503,4267.977014320013,4.947720550575468,3.272566034983518,8.220286585558824,2
3889,4259.782506457062,4265.624902837817,4268.10468449812,5.842396380755417,2.479781660303538,8.322178041058578,1
3890,4260.213050606519,4267.977014320013,4272.162479629048,7.763963713494377,4.18546530903524,11.94942902252933,2
3891,4261.495633034668,4268.10468449812,4269.380357849547,6.609051463452488,1.2756733514271095,7.884724814879519,1
3892,4262.411013553676,4269.380357849547,4272.064962603375,6.969344295871451,2.6846047538272373,9.653949049698895,1
3893,4262.428215479712,4272.064962603375,4272.682447546374,9.636747123662644,0.6174849429990472,10.254232066661643,1
3894,4262.950836941274,4272.162479629048,4273.070133149014,9.211642687773747,0.9076535199654229,10.119296207739353,2
3895,4265.803004268873,4272.682447546374,4273.789467811666,6.879443277500286,1.1070202652925778,7.98646354279299,1
3896,4266.690706373971,4273.070133149014,4275.919035214528,6.3794267750427025,2.8489020655140447,9.22832884055697,2
3897,4267.288757839155,4273.789467811666,4274.261028821682,6.500709972511686,0.47156101001568557,6.972270982527334,1
3898,4268.326225454133,4274.261028821682,4274.511529952699,5.934803367548739,0.2505011310165712,6.185304498565529,1
3899,4268.373644950842,4274.511529952699,4277.492373985845,6.137885001856375,2.9808440331461483,9.118729035002616,1
3900,4270.54501866949,4275.919035214528,4276.619886476338,5.374016545038103,0.7008512618107418,6.074867806848488,2
3901,4270.78517078152,4276.619886476338,4277.999781481514,5.834715694818442,1.379895005175999,7.2146106999944095,2
3902,4271.425085772886,4277.492373985845,4278.242015776582,6.0672882129592836,0.749641790737008,6.816930003696143,1
3903,4271.870749822149,4277.999781481514,4281.649781061111,6.129031659364955,3.6499995795963898,9.77903123896158,2
3904,4274.47339029436,4278.242015776582,4279.689443949452,3.768625482221978,1.4474281728700151,5.216053655091855,1
3905,4275.400735659452,4279.689443949452,4280.460672116173,4.288708289999704,0.7712281667209451,5.059936456720607,1
3906,4276.636523786661,4280.460672116173,4281.00743702269,3.824148329511445,0.5467649065175963,4.370913236029082,1
3907,4276.640651685822,4281.00743702269,4283.514639049392,4.366785336867906,2.507202026701511,6.87398736356954,1
3908,4276.795029827482,4281.649781061111,4283.96280099619,4.854751233629031,2.31301993507924,7.167771168707986,2
3909,4278.1970882711075,4283.514639049392,4284.973112836389,5.317550778284385,1.4584737869971751,6.776024565281659,1
3910,4278.876148616407,4283.96280099619,4289.590553834133,5.086652379783118,5.627752837942868,10.71440521772638,2
3911,4279.1756566814975,4284.973112836389,4285.708397697494,5.797456154891734,0.7352848611040508,6.53274101599618,1
3912,4279.285596546317,4285.708397697494,4288.055814681412,6.422801151176827,2.347416983918229,8.770218135095092,1
3913,4282.506553915039,4288.055814681412,4290.219272687692,5.549260766372754,2.163458006279847,7.712718772652806,1
3914,4282.803712351633,4289.590553834133,4292.828427935511,6.786841482499767,3.2378741013780252,10.024715583877878,2
3915,4284.817331488656,4290.219272687692,4291.676987342626,5.4019411990357185,1.4577146549336093,6.859655853969343,1
3916,4285.13646888665,4291.676987342626,4292.549018692861,6.540518455975871,0.8720313502354575,7.412549806211246,1
3917,4288.985218840355,4292.549018692861,4296.477781903335,3.5637998525062358,3.9287632104738575,7.49256306298048,1
3918,4291.166062463919,4292.828427935511,4297.989551055943,1.6623654715922385,5.161123120431164,6.82348859202375,2
3919,4291.488322340405,4296.477781903335,4297.165422071817,4.9894595629302785,0.6876401684818394,5.677099731412454,1
3920,4292.593874548706,4297.165422071817,4301.490633999239,4.5715475231118035,4.325211927421825,8.896759450533864,1
3921,4293.848517061221,4297.989551055943,4300.023228211576,4.141033994721511,2.033677155632653,6.174711150354597,2
3922,4295.610782812599,4300.023228211576,4306.383924199023,4.41244539897707,6.360695987447096,10.773141386423958,2
3923,4296.398699720321,4301.490633999239,4308.109729084415,5.091934278918416,6.61909508517642,11.71102936409443,1
3924,4296.999668874946,4306.383924199023,4308.0937675899695,9.384255324076548,1.7098433909465611,11.094098715023392,2
3925,4297.470464004166,4308.0937675899695,4309.816907622978,10.623303585803114,1.7231400330079019,12.346443618811463,2
3926,4298.777818522774,4308.109729084415,4309.069357385944,9.331910561641052,0.9596283015292462,10.29153886316999,1
3927,4299.46292674627,4309.069357385944,4310.636301518175,9.606430639674727,1.566944132230622,11.1733747719054,1
3928,4301.242490583044,4309.816907622978,4310.371152362773,8.574417039933905,0.5542447397950883,9.128661779728645,2
3929,4302.6641802558,4310.371152362773,4310.604770427327,7.7069721069728985,0.23361806455429585,7.940590171527219,2
3930,4302.721853140212,4310.604770427327,4312.211706522487,7.882917287114651,1.6069360951592675,9.489853382274305,2
3931,4305.221990404854,4310.636301518175,4310.860758367669,5.414311113320764,0.22445684949406197,5.638767962815109,1
3932,4306.036837717699,4310.860758367669,4313.987156218631,4.823920649970205,3.126397850961564,7.950318500931644,1
3933,4307.186316310308,4312.211706522487,4314.901114110175,5.025390212178536,2.689407587687589,7.714797799866574,2
3934,4308.248523375895,4313.987156218631,4316.61437588782,5.738632842735569,2.6272196691891176,8.365852511924459,1
3935,4308.366058315976,4314.901114110175,4316.23833736341,6.5350557941983425,1.3372232532357715,7.872279047433949,2
3936,4309.407021822887,4316.23833736341,4316.436770687817,6.8313155405230646,0.19843332440734732,7.029748864930298,2
3937,4309.664909712941,4316.436770687817,4316.501112027099,6.77186097487629,0.0643413392820113,6.836202314158072,2
3938,4311.657084714409,4316.501112027099,4323.239700563925,4.844027312689832,6.738588536825739,11.582615849515605,2
3939,4311.891025429784,4316.61437588782,4316.771673126523,4.723350458035384,0.15729723870298348,4.880647696738379,1
3940,4312.22579293806,4316.771673126523,4317.812773524405,4.545880188462434,1.0411003978828834,5.586980586344907,1
3941,4314.838898491775,4317.812773524405,4318.996489686382,2.9738750326305308,1.1837161619766394,4.157591194607448,1
3942,4315.230760138125,4318.996489686382,4319.671539439985,3.765729548256786,0.6750497536027378,4.440779301859948,1
3943,4315.61640026967,4319.671539439985,4320.99012075047,4.05513917031567,1.31858131048462,5.37372048080033,1
3944,4315.993827183768,4320.99012075047,4321.702340592874,4.996293566701752,0.7122198424037959,5.7085134091057625,1
3945,4317.708916983486,4321.702340592874,4322.329420471185,3.993423609387719,0.6270798783104428,4.620503487698443,1
3946,4318.730092514243,4322.329420471185,4322.667411118214,3.599327956942034,0.33799064702919207,3.9373186039711072,1
3947,4318.827832905488,4322.667411118214,4324.0245742925445,3.839578212725428,1.3571631743310917,5.196741387056136,1
3948,4318.993392035538,4323.239700563925,4324.372336212195,4.24630852838709,1.1326356482693116,5.37894417665666,2
3949,4319.6468586720775,4324.0245742925445,4327.207089236251,4.377715620466915,3.1825149437064275,7.560230564173253,1
3950,4320.576544131994,4324.372336212195,4324.516387247209,3.795792080200954,0.1440510350146613,3.939843115215808,2
3951,4321.310639878519,4324.516387247209,4325.042683246344,3.2057473686900266,0.526295999134129,3.7320433678241898,2
3952,4321.692718456296,4325.042683246344,4327.556596547952,3.349964790048034,2.5139133016079054,5.863878091656261,2
3953,4322.406062781393,4327.207089236251,4329.517468989027,4.801026454857492,2.310379752776241,7.111406207633991,1
3954,4322.41946983105,4327.556596547952,4329.181439204005,5.137126716901548,1.624842656053688,6.761969372954809,2
3955,4323.490043437756,4329.181439204005,4330.469871867086,5.691395766249116,1.2884326630806648,6.979828429330155,2
3956,4324.237772853831,4329.517468989027,4331.714860807874,5.279696135195991,2.197391818846886,7.477087954042872,1
3957,4324.447317344839,4330.469871867086,4331.2897468070005,6.022554522247447,0.8198749399140438,6.842429462161817,2
3958,4324.973822170475,4331.2897468070005,4339.750788904121,6.315924636525779,8.46104209712009,14.776966733646077,2
3959,4326.890373537844,4331.714860807874,4332.319624388468,4.824487270029749,0.604763580593213,5.429250850623248,1
3960,4328.838069100258,4332.319624388468,4332.402500353581,3.4815552882100747,0.0828759651134644,3.564431253323164,1
3961,4329.6526353040135,4332.402500353581,4335.742799793549,2.7498650495672337,3.340299439968319,6.090164489535709,1
3962,4329.926170424366,4335.742799793549,4337.710493050487,5.81662936918292,1.9676932569372365,7.784322626120229,1
3963,4330.479260358105,4337.710493050487,4342.475329153429,7.231232692381127,4.764836102942046,11.996068795323481,1
3964,4333.330474419333,4339.750788904121,4340.311949757903,6.420314484787923,0.5611608537821663,6.981475338569908,2
3965,4333.693608632727,4340.311949757903,4341.1263180313435,6.618341125175903,0.8143682734408513,7.43270939861668,2
3966,4334.555603430363,4341.1263180313435,4341.892769590184,6.570714600980864,0.7664515588401067,7.337166159821209,2
3967,4336.11005095303,4341.892769590184,4344.33945943563,5.782718637154176,2.446689845445284,8.229408482599865,2
3968,4337.17155519623,4342.475329153429,4342.796283617503,5.303773957199155,0.3209544640738835,5.624728421273176,1
3969,4337.230321008702,4342.796283617503,4342.872497148676,5.565962608800874,0.07621353117356246,5.642176139974254,1
3970,4338.985724931191,4342.872497148676,4343.231966443809,3.886772217485486,0.3594692951325169,4.246241512618326,1
3971,4339.022183174342,4343.231966443809,4347.846625135555,4.209783269467152,4.6146586917459524,8.82444196121287,1
3972,4339.023239935076,4344.33945943563,4345.159872296735,5.316219500553416,0.8204128611047197,6.136632361658485,2
3973,4339.461551364472,4345.159872296735,4347.164265240398,5.698320932262504,2.004392943662884,7.702713875925838,2
3974,4340.42009465129,4347.164265240398,4349.638599784476,6.744170589107853,2.4743345440786673,9.218505133186227,2
3975,4341.705634809125,4347.846625135555,4354.752744594209,6.140990326430256,6.906119458653924,13.047109785084103,1
3976,4342.818181993605,4349.638599784476,4349.87744664089,6.8204177908710335,0.238846856413653,7.05926464728509,2
3977,4343.278400424044,4349.87744664089,4351.920285501247,6.599046216846546,2.042838860357149,8.64188507720337,2
3978,4343.350791497338,4351.920285501247,4352.4722245897765,8.569494003909313,0.5519390885295663,9.121433092438565,2
3979,4345.711345414978,4352.4722245897765,4353.334580951405,6.760879174798902,0.8623563616284909,7.6232355364272735,2
3980,4347.822306423356,4353.334580951405,4354.300031584817,5.5122745280486924,0.9654506334120038,6.477725161460512,2
3981,4348.574896217156,4354.300031584817,4357.138205559635,5.725135367661096,2.838173974818273,8.563309342479442,2
3982,4348.799072052724,4354.752744594209,4354.924253747794,5.953672541484593,0.17150915358523397,6.125181695069841,1
3983,4348.814633258694,4354.924253747794,4355.827105671334,6.1096204891000525,0.9028519235398259,7.012472412639909,1
3984,4352.856819986839,4355.827105671334,4358.342487924252,2.9702856844951384,2.5153822529179384,5.485667937413382,1
3985,4354.223124088839,4357.138205559635,4361.19626061335,2.9150814707963946,4.058055053715027,6.973136524511574,2
3986,4356.089599950658,4358.342487924252,4358.531539230828,2.2528879735937153,0.18905130657535282,2.4419392801692084,1
3987,4356.900967206396,4358.531539230828,4360.28086311673,1.6305720244317854,1.7493238859026132,3.3798959103341986,1
3988,4359.685632078939,4360.28086311673,4362.09036500057,0.5952310377906542,1.8095018838406878,2.4047329216309663,1
3989,4361.585020732958,4361.585020732958,4364.9734899477935,0.0,3.3884692148359403,3.3884692148358226,2
3990,4361.868957181491,4362.09036500057,4362.0919657742725,0.22140781907910423,0.0016007737025849063,0.22300859278129792,1
3991,4363.844866737082,4363.844866737082,4364.213003211408,0.0,0.3681364743258837,0.36813647432609287,1
3992,4364.423658625277,4364.423658625277,4365.6109521996095,0.0,1.187293574332552,1.187293574332216,1
3993,4364.626807650009,4364.9734899477935,4366.064251063724,0.3466822977843549,1.090761115931237,1.4374434137153003,2
3994,4365.303069917137,4365.6109521996095,4368.7941266988155,0.30788228247274674,3.183174499205529,3.491056781678708,1
3995,4366.118306004793,4366.118306004793,4366.688554986955,0.0,0.5702489821615022,0.5702489821615018,2
3996,4375.288275866395,4375.288275866395,4375.607589578067,0.0,0.3193137116717937,0.3193137116713842,1
3997,4379.8782023498225,4379.8782023498225,4384.294229875912,0.0,4.416027526089351,4.416027526089238,1
3998,4380.120447222974,4380.120447222974,4380.989963633701,0.0,0.8695164107271668,0.8695164107275559,2
3999,4381.168858746298,4381.168858746298,4384.4719453229345,0.0,3.303086576636887,3.303086576636815,2
4000,4381.171534298279,4384.294229875912,4385.74915088314,3.1226955776328396,1.4549210072284633,4.577616584861062,1
4001,4381.618088089556,4384.4719453229345,4384.643049615158,2.8538572333782213,0.17110429222383658,3.0249615256016114,2
4002,4382.6329709633,4384.643049615158,4389.562996003193,2.010078651857839,4.919946388034686,6.930025039892826,2
4003,4383.276094176035,4385.74915088314,4388.428081186793,2.4730567071046607,2.678930303653038,5.1519870107576935,1
4004,4383.859410088129,4388.428081186793,4388.942844115512,4.568671098663799,0.5147629287194396,5.083434027383191,1
4005,4384.78209760852,4388.942844115512,4389.711944907398,4.160746506991927,0.7691007918853846,4.929847298877576,1
4006,4386.863990523917,4389.562996003193,4390.9430821922215,2.699005479275911,1.3800861890283505,4.0790916683045,2
4007,4387.266558571124,4389.711944907398,4392.357042449934,2.4453863362741686,2.645097542536246,5.090483878810119,1
4008,4388.887508373748,4390.9430821922215,4391.720246906063,2.055573818473931,0.7771647138419147,2.8327385323154886,2
4009,4391.69166308484,4391.720246906063,4392.035451861204,0.028583821223037376,0.31520495514052715,0.34378877636390826,2
4010,4391.785770743188,4392.035451861204,4392.509724853473,0.24968111801626947,0.4742729922692188,0.7239541102853764,2
4011,4391.855738927448,4392.357042449934,4393.150577957295,0.5013035224856139,0.7935355073615439,1.2948390298470258,1
4012,4397.909991613759,4397.909991613759,4399.309142268356,0.0,1.3991506545960803,1.3991506545962693,1
4013,4399.6165158876975,4399.6165158876975,4399.759403220343,0.0,0.14288733264621958,0.14288733264584152,1
4014,4401.713005961456,4401.713005961456,4402.0949526473605,0.0,0.3819466859051016,0.38194668590494985,1
4015,4402.889782183361,4402.889782183361,4405.317732488177,0.0,2.427950304816422,2.427950304816477,1
4016,4403.289532091858,4403.289532091858,4407.221175896413,0.0,3.931643804555051,3.9316438045552786,2
4017,4403.50457434535,4405.317732488177,4409.0795864170095,1.8131581428269783,3.7618539288320267,5.57501207165933,1
4018,4403.841324463023,4407.221175896413,4410.253969797321,3.379851433390286,3.0327939009078504,6.412645334297849,2
4019,4404.084516998253,4409.0795864170095,4413.4000073111465,4.9950694187564295,4.320420894136821,9.315490312893417,1
4020,4404.625283638622,4410.253969797321,4413.797624313754,5.628686158698656,3.5436545164331927,9.172340675131636,2
4021,4404.86570531097,4413.4000073111465,4420.630889085758,8.534302000176467,7.230881774611326,15.765183774788056,1
4022,4409.707720737857,4413.797624313754,4415.6867723017285,4.089903575896642,1.8891479879749555,5.979051563871508,2
4023,4410.100860835215,4415.6867723017285,4417.085695583971,5.585911466513608,1.3989232822422533,6.9848347487559295,2
4024,4410.3004164640315,4417.085695583971,4417.2112088632975,6.785279119939332,0.12551327932698741,6.910792399266029,2
4025,4410.38603840839,4417.2112088632975,4417.42745946748,6.825170454907493,0.21625060418228065,7.041421059089771,2
4026,4414.703468533909,4417.42745946748,4420.588370068982,2.723990933571258,3.160910601502087,5.884901535073368,2
4027,4415.713913869279,4420.588370068982,4421.733556929087,4.874456199702763,1.1451868601049753,6.019643059808004,2
4028,4416.09587271667,4420.630889085758,4424.206449237471,4.5350163690882255,3.5755601517133337,8.11057652080126,1
4029,4416.68081450115,4421.733556929087,4422.355745239121,5.052742427937119,0.6221883100332818,5.674930737970499,2
4030,4418.746451900469,4422.355745239121,4425.750255861805,3.609293338651696,3.39451062268508,7.003803961336416,2
4031,4420.457524311105,4424.206449237471,4427.287056727328,3.7489249263662714,3.080607489856222,6.829532416222719,1
4032,4421.182302299143,4425.750255861805,4428.704288959501,4.5679535626622965,2.9540330976956466,7.52198666035838,2
4033,4423.023753317832,4427.287056727328,4429.787685537129,4.263303409495165,2.500628809800905,6.763932219296294,1
4034,4423.310527698733,4428.704288959501,4432.180847612552,5.39376126076877,3.476558653049957,8.870319913819003,2
4035,4423.797055382331,4429.787685537129,4433.77542942532,5.990630154798055,3.9877438881913636,9.978374042989344,1
4036,4425.261289164816,4432.180847612552,4432.823251707779,6.919558447735653,0.6424040952269078,7.561962542962647,2
4037,4426.644080771687,4432.823251707779,4433.840229987215,6.179170936091396,1.0169782794368036,7.196149215527839,2
4038,4427.215513560681,4433.77542942532,4434.879774625525,6.5599158646391516,1.1043452002053533,7.6642610648441405,1
4039,4427.372966329224,4433.840229987215,4434.844336452339,6.46726365799077,1.0041064651236702,7.471370123114866,2
4040,4432.150590584974,4434.844336452339,4436.890260267458,2.693745867364669,2.045923815118674,4.739669682483509,2
4041,4433.432190894328,4434.879774625525,4435.819985928538,1.4475837311965734,0.9402113030128227,2.3877950342093754,1
4042,4433.632486374553,4435.819985928538,4439.6700871070125,2.1874995539847077,3.850101178474538,6.037600732459396,1
4043,4433.779908392097,4436.890260267458,4438.381332865174,3.1103518753607204,1.4910725977163208,4.601424473076804,2
4044,4436.7823659666155,4438.381332865174,4443.5569374158995,1.5989668985585013,5.175604550725675,6.77457144928394,2
4045,4438.359281262237,4439.6700871070125,4441.655347997037,1.3108058447751318,1.9852608900242201,3.2960667347997514,1
4046,4439.752858500855,4441.655347997037,4443.29233793453,1.9024894961821701,1.6369899374928458,3.5394794336752966,1
4047,4445.097077820369,4445.097077820369,4446.004271786016,0.0,0.9071939656470007,0.9071939656469112,1
4048,4445.392655262012,4445.392655262012,4447.095328319175,0.0,1.7026730571621789,1.7026730571624284,2
4049,4447.295641602072,4447.295641602072,4454.159783199899,0.0,6.86414159782729,6.864141597827256,1
4050,4448.836160353322,4448.836160353322,4449.146441153544,0.0,0.31028080022192395,0.3102808002222446,2
4051,4449.4446033895865,4449.4446033895865,4449.842672457366,0.0,0.3980690677786335,0.3980690677790335,2
4052,4450.336627359429,4450.336627359429,4454.316969869964,0.0,3.980342510534775,3.9803425105346832,2
4053,4453.289217385964,4454.159783199899,4455.47264227967,0.8705658139351726,1.3128590797718425,2.183424893706615,1
4054,4455.587924050067,4455.587924050067,4457.723088048053,0.0,2.135163997986112,2.135163997985728,1
4055,4455.778843578065,4455.778843578065,4460.479894133546,0.0,4.701050555480436,4.701050555480833,2
4056,4456.282081083622,4457.723088048053,4459.425152033436,1.441006964430926,1.7020639853829125,3.143070949813591,1
4057,4460.309302291688,4460.309302291688,4463.4969730459325,0.0,3.1876707542443863,3.187670754244209,1
4058,4461.237671472885,4461.237671472885,4461.731074469159,0.0,0.49340299627302603,0.4934029962732893,2
4059,4461.390833159429,4461.731074469159,4462.574679018146,0.3402413097292083,0.8436045489871111,1.1838458587162677,2
4060,4466.103613500678,4466.103613500678,4470.776353656104,0.0,4.6727401554264905,4.672740155426254,1
4061,4470.765873111605,4470.765873111605,4473.306478648131,0.0,2.540605536525764,2.540605536525618,2
4062,4470.979361251383,4470.979361251383,4471.698400493814,0.0,0.719039242431051,0.7190392424308811,1
4063,4471.877758423934,4471.877758423934,4474.8858547875925,0.0,3.0080963636581695,3.0080963636582965,1
4064,4473.375003300119,4473.375003300119,4473.443520697604,0.0,0.0685173974848452,0.06851739748526597,2
4065,4474.4033360230815,4474.4033360230815,4474.877744890402,0.0,0.4744088673201596,0.4744088673205624,2
4066,4475.211095223306,4475.211095223306,4475.714341605201,0.0,0.5032463818955162,0.5032463818952237,1
4067,4476.294123207244,4476.294123207244,4480.760228860131,0.0,4.466105652886385,4.466105652886654,1
4068,4476.641670221325,4476.641670221325,4479.166792529334,0.0,2.5251223080094283,2.525122308009486,2
4069,4477.83186056702,4479.166792529334,4482.587365892055,1.3349319623139309,3.42057336272071,4.755505325034392,2
4070,4480.599159304611,4480.760228860131,4481.928154724978,0.16106955552004365,1.1679258648470137,1.3289954203673915,1
4071,4486.36984875992,4486.36984875992,4489.257295590948,0.0,2.8874468310277557,2.8874468310277734,1
4072,4486.748252248221,4486.748252248221,4494.177630909512,0.0,7.4293786612906105,7.429378661290684,2
4073,4486.792702010771,4489.257295590948,4492.613927625129,2.4645935801772794,3.3566320341809073,5.8212256143579,1
4074,4487.240078465974,4492.613927625129,4498.724318158001,5.373849159154815,6.1103905328720485,11.484239692026676,1
4075,4487.560439163597,4494.177630909512,4497.206461620558,6.617191745915079,3.0288307110458192,9.646022456960964,2
4076,4487.763983015203,4497.206461620558,4497.918953052303,9.442478605355063,0.7124914317450155,10.154970037099702,2
4077,4488.561824487459,4497.918953052303,4498.648091136298,9.35712856484406,0.7291380839948848,10.086266648839228,2
4078,4488.975279317653,4498.648091136298,4499.703881345679,9.672811818644732,1.0557902093810978,10.728602028026216,2
4079,4489.256111054489,4498.724318158001,4500.526817353978,9.468207103511304,1.8024991959774759,11.270706299488666,1
4080,4490.440399667907,4499.703881345679,4500.906699781027,9.263481677772688,1.2028184353478237,10.466300113120269,2
4081,4491.5357984067405,4500.526817353978,4508.1328715951895,8.991018947237535,7.606054241211254,16.59707318844903,1
4082,4491.940580308337,4500.906699781027,4501.6285857102275,8.96611947268957,0.721885929200624,9.688005401890223,2
4083,4494.161147443115,4501.6285857102275,4503.497326112064,7.4674382671128114,1.8687404018368947,9.336178668949287,2
4084,4494.952613951028,4503.497326112064,4504.563241057836,8.544712161035932,1.065914945772256,9.610627106808352,2
4085,4495.147510612936,4504.563241057836,4506.806983142475,9.415730444900873,2.2437420846379417,11.659472529539016,2
4086,4497.311291118334,4506.806983142475,4507.115479746357,9.495692024140226,0.30849660388191347,9.80418862802253,2
4087,4497.880479529968,4507.115479746357,4509.111326498264,9.235000216388471,1.9958467519075267,11.230846968295737,2
4088,4498.742682956778,4508.1328715951895,4508.284736038666,9.390188638411928,0.15186444347636113,9.542053081888298,1
4089,4501.677431238305,4508.284736038666,4510.873857379867,6.607304800360907,2.5891213412015714,9.19642614156237,1
4090,4505.484372854456,4509.111326498264,4512.373503321639,3.6269536438085197,3.262176823374992,6.8891304671833495,2
4091,4506.10634340328,4510.873857379867,4511.239952733863,4.767513976586997,0.3660953539954494,5.133609330582658,1
4092,4506.114748933066,4511.239952733863,4512.104822193969,5.125203800796953,0.8648694601060815,5.990073260903046,1
4093,4506.204009545276,4512.104822193969,4514.041787538474,5.900812648693318,1.9369653445043373,7.83777799319796,1
4094,4506.528905655742,4512.373503321639,4512.888195222661,5.844597665896799,0.5146919010223524,6.35928956691896,2
4095,4507.130398950448,4512.888195222661,4513.66748297831,5.757796272213454,0.7792877556486046,6.537084027861965,2
4096,4509.027572261128,4513.66748297831,4515.117261442912,4.63991071718192,1.4497784646026024,6.089689181784706,2
4097,4509.487319204546,4514.041787538474,4517.132200912831,4.554468333927616,3.090413374357225,7.644881708284629,1
4098,4512.380187828719,4515.117261442912,4515.504951246517,2.7370736141938323,0.38768980360455096,3.1247634177980217,2
4099,4513.23250441249,4515.504951246517,4515.882266514211,2.2724468340265958,0.37731526769444484,2.6497621017206257,2
4100,4513.598551129212,4515.882266514211,4517.158725747121,2.283715384998686,1.2764592329103701,3.5601746179090696,2
4101,4515.289192508021,4517.132200912831,4517.3821143755695,1.8430084048095523,0.24991346273894582,2.0929218675482844,1
4102,4515.836728212362,4517.158725747121,4520.7136270008605,1.321997534759248,3.554901253739354,4.876898788498693,2
4103,4517.083785613805,4517.3821143755695,4519.571870858214,0.2983287617644237,2.1897564826450453,2.488085244409376,1
4104,4517.69988007775,4519.571870858214,4521.623788834064,1.8719907804643299,2.05191797584972,3.923908756313722,1
4105,4518.242853781262,4520.7136270008605,4524.4986652907,2.4707732195984136,3.7850382898393127,6.25581150943799,2
4106,4519.083593861801,4521.623788834064,4523.967188227213,2.540194972262725,2.343399393149663,4.8835943654121365,1
4107,4520.2643171585305,4523.967188227213,4525.402096808439,3.7028710686827253,1.434908581225154,5.137779649908225,1
4108,4520.514815434465,4524.4986652907,4533.453894457105,3.983849856234883,8.955229166404678,12.939079022639817,2
4109,4520.670287348145,4525.402096808439,4526.2846317386675,4.731809460293334,0.8825349302289607,5.614344390522092,1
4110,4521.234805892321,4526.2846317386675,4533.630277382766,5.049825846346721,7.345645644098107,12.395471490444834,1
4111,4521.648656120798,4533.453894457105,4533.807653456221,11.805238336307411,0.3537589991159291,12.15899733542301,2
4112,4522.29770824486,4533.630277382766,4534.205755030273,11.33256913790592,0.5754776475078661,11.908046785413717,1
4113,4523.361537189809,4533.807653456221,4537.112687728455,10.446116266411991,3.305034272234203,13.75115053864647,2
4114,4523.860219997593,4534.205755030273,4535.562938352414,10.345535032680345,1.3571833221401521,11.702718354820718,1
4115,4524.064833016475,4535.562938352414,4538.087802591499,11.498105335938817,2.52486423908513,14.022969575024035,1
4116,4525.30136701219,4537.112687728455,4538.33492389133,11.811320716265072,1.2222361628750873,13.033556879139724,2
4117,4525.7536583610035,4538.087802591499,4539.306323453474,12.33414423049544,1.2185208619745296,13.552665092470306,1
4118,4527.562062687299,4538.33492389133,4538.853032050101,10.77286120403096,0.518108158771311,11.29096936280257,2
4119,4528.14933709818,4538.853032050101,4540.105581128812,10.703694951921534,1.252549078711092,11.95624403063266,2
4120,4529.639639744052,4539.306323453474,4540.427333636744,9.666683709421704,1.121010183270319,10.787693892692005,1
4121,4530.02406020008,4540.105581128812,4540.208187507412,10.081520928732061,0.10260637859945522,10.184127307331437,2
4122,4533.190392532951,4540.208187507412,4543.760934302673,7.01779497446114,3.552746795261804,10.570541769722695,2
4123,4533.34982104067,4540.427333636744,4540.69093917734,7.0775125960744845,0.26360554059551666,7.3411181366700475,1
4124,4534.8124706849285,4540.69093917734,4541.024686069198,5.87846849241123,0.33374689185836787,6.212215384269257,1
4125,4535.034960820949,4541.024686069198,4541.486114652172,5.98972524824876,0.46142858297431544,6.451153831222655,1
4126,4535.419135735068,4541.486114652172,4542.41755796711,6.06697891710337,0.9314433149379721,6.998422232041776,1
4127,4535.643260899075,4542.41755796711,4542.61634026358,6.774297068034684,0.19878229647009218,6.973079364504883,1
4128,4535.677557333314,4542.61634026358,4542.833400822921,6.938782930265916,0.21706055934062196,7.155843489606923,1
4129,4535.963187497796,4542.833400822921,4543.153359006026,6.870213325125405,0.31995818310510016,7.190171508230378,1
4130,4537.817586635981,4543.153359006026,4549.955678555335,5.335772370045561,6.802319549308601,12.138091919354338,1
4131,4541.287420421019,4543.760934302673,4544.431013966263,2.473513881654071,0.6700796635897283,3.143593545243675,2
4132,4541.603616143113,4544.431013966263,4549.421948819068,2.8273978231500223,4.990934852805398,7.818332675955389,2
4133,4541.640482590021,4549.421948819068,4555.072373480414,7.78146622904751,5.650424661345732,13.431890890393333,2
4134,4543.139975920638,4549.955678555335,4551.039526231272,6.815702634697118,1.083847675937246,7.899550310634368,1
4135,4544.060462897716,4551.039526231272,4553.596752570407,6.9790633335560415,2.5572263391346404,9.536289672691055,1
4136,4544.848143925702,4553.596752570407,4553.867869292638,8.7486086447052,0.27111672223099015,9.019725366935745,1
4137,4547.065276905243,4553.867869292638,4554.546390153584,6.802592387394725,0.6785208609466614,7.481113248340989,1
4138,4548.006819802232,4554.546390153584,4554.839071989646,6.539570351352268,0.2926818360619647,6.832252187414269,1
4139,4548.288695696697,4554.839071989646,4556.158884327212,6.550376292949295,1.3198123375657076,7.870188630515258,1
4140,4549.871240168025,4555.072373480414,4558.2798350461735,5.2011333123891745,3.2074615657591297,8.408594878148506,2
4141,4550.074963703171,4556.158884327212,4557.00691481186,6.083920624040729,0.8480304846477784,6.931951108688736,1
4142,4552.714349816416,4557.00691481186,4559.153692179863,4.292564995444081,2.146777368003201,6.439342363447395,1
4143,4553.314385942053,4558.2798350461735,4567.261485287617,4.965449104120125,8.981650241443146,13.947099345563402,2
4144,4553.644303397137,4559.153692179863,4561.252003292631,5.5093887827260914,2.0983111127675804,7.607699895494079,1
4145,4554.106954037684,4561.252003292631,4562.967282660609,7.14504925494748,1.7152793679783462,8.860328622925408,1
4146,4554.645445965125,4562.967282660609,4563.2413566615305,8.321836695484308,0.2740740009211816,8.595910696405554,1
4147,4555.578027297945,4563.2413566615305,4566.3011020490385,7.6633293635859445,3.059745387508223,10.723074751093918,1
4148,4557.425299868891,4566.3011020490385,4570.253788503413,8.87580218014773,3.952686454373849,12.828488634521818,1
4149,4558.4651361874785,4567.261485287617,4568.325882723218,8.796349100138286,1.0643974356006152,9.860746535739054,2
4150,4558.878893074457,4568.325882723218,4569.40681657895,9.446989648760791,1.0809338557330928,10.527923504493629,2
4151,4558.940811012634,4569.40681657895,4570.611418042718,10.466005566316198,1.2046014637668154,11.670607030083374,2
4152,4561.019666831934,4570.253788503413,4571.56558798837,9.234121671478533,1.311799484957199,10.545921156435725,1
4153,4563.222053314726,4570.611418042718,4572.684787899385,7.3893647279919605,2.0733698566672008,9.462734584659302,2
4154,4564.047195725758,4571.56558798837,4571.662016577506,7.518392262611997,0.09642858913606508,7.614820851747936,1
4155,4564.447354911255,4571.662016577506,4574.348976279649,7.214661666250322,2.686959702143066,9.901621368393535,1
4156,4565.141737467175,4572.684787899385,4573.506815523097,7.543050432210293,0.8220276237126201,8.365078055922822,2
4157,4566.449419176766,4573.506815523097,4575.018760293496,7.057396346331188,1.5119447703980387,8.569341116729447,2
4158,4566.575172767138,4574.348976279649,4575.740742713446,7.773803512511222,1.3917664337971416,9.165569946308096,1
4159,4567.129442609867,4575.018760293496,4577.813845619694,7.889317683629088,2.7950853261978446,10.684403009827292,2
4160,4568.669568539176,4575.740742713446,4579.379354103252,7.0711741742697996,3.638611389806448,10.7097855640759,1
4161,4568.950502789737,4577.813845619694,4579.575797565218,8.863342829957219,1.7619519455240173,10.625294775481052,2
4162,4569.33667576426,4579.379354103252,4582.074967488575,10.042678338992118,2.695613385322403,12.738291724314877,1
4163,4570.972652463177,4579.575797565218,4588.737372686532,8.603145102040799,9.161575121313978,17.764720223354743,2
4164,4572.135511760613,4582.074967488575,4582.957119064903,9.939455727962013,0.8821515763284419,10.82160730429041,1
4165,4572.184780445562,4582.957119064903,4583.011681554691,10.772338619341099,0.054562489788113636,10.826901109128812,1
4166,4574.134176507969,4583.011681554691,4584.425599866031,8.877505046722035,1.4139183113403733,10.291423358062275,1
4167,4575.705573637273,4584.425599866031,4586.2860706488555,8.720026228757888,1.8604707828245197,10.580497011582338,1
4168,4577.606358587967,4586.2860706488555,4587.936250009187,8.67971206088805,1.6501793603313255,10.329891421219145,1
4169,4577.942805005095,4587.936250009187,4588.092287238659,9.993445004091882,0.1560372294726739,10.149482233564413,1
4170,4579.538367997916,4588.092287238659,4588.900509968814,8.553919240743198,0.8082227301547267,9.362141970897937,1
4171,4582.844155878861,4588.737372686532,4588.986504341968,5.893216807670797,0.2491316554356338,6.142348463106828,2
4172,4583.779425614125,4588.900509968814,4594.053721629833,5.121084354688719,5.153211661018502,10.274296015707478,1
4173,4584.364877722868,4588.986504341968,4592.083251604585,4.621626619099516,3.0967472626169648,7.718373881716616,2
4174,4584.40244020389,4592.083251604585,4592.1482771646615,7.680811400694438,0.06502556007698324,7.7458369607711575,2
4175,4585.174491550373,4592.1482771646615,4592.494642248886,6.9737856142883174,0.34636508422453566,7.320150698512407,2
4176,4586.147542714104,4592.494642248886,4598.296217307916,6.3470995347815915,5.801575059030415,12.148674593811847,2
4177,4586.47456532087,4594.053721629833,4595.398894503127,7.5791563089624105,1.3451728732948112,8.92432918225677,1
4178,4586.774366013397,4595.398894503127,4597.283359119684,8.624528489729528,1.8844646165571703,10.508993106286653,1
4179,4586.847511661582,4597.283359119684,4598.269694921569,10.435847458102216,0.9863358018846765,11.422183259986923,1
4180,4587.61811664219,4598.269694921569,4602.67833570746,10.651578279378555,4.408640785890967,15.060219065269848,1
4181,4588.2481597310825,4598.296217307916,4599.868607210188,10.048057576833344,1.5723899022722332,11.620447479105678,2
4182,4588.603366320188,4599.868607210188,4600.554018761194,11.265240890000314,0.6854115510060617,11.950652441006241,2
4183,4589.400093559595,4600.554018761194,4601.910401815375,11.153925201599122,1.3563830541807342,12.510308255779819,2
4184,4589.763780634575,4601.910401815375,4602.06889253536,12.146621180800139,0.15849071998495595,12.30511190078505,2
4185,4592.602748997761,4602.06889253536,4603.445662693544,9.466143537598327,1.376770158184647,10.842913695782954,2
4186,4592.797755098866,4602.67833570746,4603.1151502036355,9.880580608593846,0.43681449617575796,10.317395104769275,1
4187,4594.997010690083,4603.1151502036355,4603.909699263849,8.118139513552705,0.7945490602136177,8.91268857376599,1
4188,4596.142876889782,4603.445662693544,4607.065507400315,7.302785803762163,3.6198447067713215,10.922630510533054,2
4189,4596.677005001429,4603.909699263849,4604.233909695541,7.2326942624195,0.3242104316927569,7.556904694111836,1
4190,4601.377341722322,4604.233909695541,4605.079130382019,2.856567973219171,0.8452206864777313,3.701788659696831,1
4191,4602.743334710481,4605.079130382019,4605.371249188719,2.335795671538108,0.29211880670023044,2.627914478238381,1
4192,4604.434137564868,4605.371249188719,4612.686537750334,0.9371116238507966,7.315288561614964,8.252400185465376,1
4193,4607.46885851551,4607.46885851551,4607.710486725895,0.0,0.2416282103847757,0.24162821038498805,2
4194,4610.661284602258,4610.661284602258,4612.942971345748,0.0,2.281686743490175,2.2816867434903543,2
4195,4610.680693043419,4612.686537750334,4615.009935812911,2.0058447069150134,2.3233980625772435,4.329242769492339,1
4196,4610.768548881768,4612.942971345748,4613.554149123351,2.1744224639805907,0.6111777776022989,2.78560024158287,2
4197,4611.295535809531,4613.554149123351,4617.519253243655,2.2586133138192963,3.965104120303964,6.2237174341235,2
4198,4612.594263402688,4615.009935812911,4616.318811031183,2.4156724102231237,1.3088752182721926,3.724547628495202,1
4199,4612.852013564285,4616.318811031183,4618.367195119911,3.4667974668982424,2.04838408872811,5.515181555626441,1
4200,4613.688272364295,4617.519253243655,4618.48607451397,3.8309808793601405,0.966821270315007,4.79780214967559,2
4201,4613.709679895154,4618.367195119911,4619.763791943616,4.657515224756935,1.3965968237042252,6.05411204846132,1
4202,4614.467471181675,4618.48607451397,4620.102594217082,4.018603332295243,1.6165197031118568,5.63512303540665,2
4203,4623.52823296345,4623.52823296345,4624.229117525616,0.0,0.7008845621655392,0.7008845621658111,1
4204,4623.629546694993,4623.629546694993,4627.844233370697,0.0,4.214686675704259,4.214686675703888,2
4205,4623.844625729914,4624.229117525616,4625.351044838635,0.38449179570216074,1.1219273130194676,1.5064191087212748,1
4206,4625.881415104719,4625.881415104719,4627.20611512488,0.0,1.3247000201612629,1.3247000201608898,1
4207,4628.590918230601,4628.590918230601,4629.1235496336585,0.0,0.5326314030570178,0.5326314030571666,1
4208,4628.69908504816,4628.69908504816,4629.589108074528,0.0,0.8900230263678333,0.8900230263679987,2
4209,4629.199179556978,4629.199179556978,4637.746561979326,0.0,8.547382422347322,8.547382422347255,1
4210,4630.79783811523,4630.79783811523,4631.639883948882,0.0,0.8420458336521994,0.8420458336522643,2
4211,4632.762272480952,4632.762272480952,4632.890788072616,0.0,0.1285155916642812,0.1285155916639269,2
4212,4633.238554834899,4633.238554834899,4639.2971317340825,0.0,6.058576899182811,6.058576899183208,2
4213,4633.553247801039,4637.746561979326,4639.181416533226,4.193314178286528,1.4348545539007758,5.628168732187078,1
4214,4634.136942525809,4639.181416533226,4640.085354506872,5.044474007417193,0.9039379736459002,5.9484119810631455,1
4215,4636.648465552999,4639.2971317340825,4639.645196539175,2.648666181083172,0.3480648050922399,2.996730986175862,2
4216,4638.906730429864,4639.645196539175,4642.82386404882,0.7384661093110481,3.178667509644916,3.9171336189556314,2
4217,4639.176844963918,4640.085354506872,4640.472672623374,0.9085095429545618,0.38731811650164455,1.2958276594563358,1
4218,4639.275548167209,4640.472672623374,4641.253507836583,1.1971244561646017,0.7808352132092155,1.9779596693733765,1
4219,4640.0488632561455,4641.253507836583,4641.5824935576775,1.2046445804371615,0.3289857210945994,1.5336303015319572,1
4220,4642.740730631161,4642.740730631161,4646.544157142206,0.0,3.8034265110453522,3.8034265110454726,1
4221,4647.163832119728,4647.163832119728,4647.475159670497,0.0,0.31132755076959956,0.31132755076941976,1
4222,4647.571255124148,4647.571255124148,4648.551184986841,0.0,0.9799298626927497,0.9799298626930977,1
4223,4648.121400614024,4648.121400614024,4649.289653026163,0.0,1.168252412138819,1.168252412138827,2
4224,4649.064618374039,4649.064618374039,4652.032822823334,0.0,2.96820444929463,2.968204449294717,1
4225,4650.420571983181,4650.420571983181,4652.751058732413,0.0,2.330486749232574,2.3304867492324775,2
4226,4652.017666252559,4652.032822823334,4654.8445167213295,0.015156570774706779,2.811693897995868,2.826850468770317,1
4227,4653.1706588696115,4653.1706588696115,4654.111203987395,0.0,0.940545117783543,0.9405451177835857,2
4228,4655.264232220872,4655.264232220872,4658.264202001593,0.0,2.999969780720756,2.9999697807206758,1
4229,4656.025963727734,4656.025963727734,4657.025727060496,0.0,0.9997633327617778,0.9997633327620861,2
4230,4657.140965537154,4657.140965537154,4657.14174550505,0.0,0.0007799678955387751,0.0007799678951414535,2
4231,4657.195337619736,4657.195337619736,4659.1368550511015,0.0,1.9415174313650996,1.9415174313653552,2
4232,4657.648710135551,4658.264202001593,4659.265544580911,0.6154918660422481,1.0013425793185577,1.616834445360837,1
4233,4658.31236035168,4659.1368550511015,4659.892857501491,0.824494699421848,0.7560024503886968,1.5804971498109808,2
4234,4662.63996093397,4662.63996093397,4663.464588770389,0.0,0.8246278364198824,0.824627836419495,1
4235,4663.535520525229,4663.535520525229,4664.362824702516,0.0,0.8273041772869753,0.8273041772872602,1
4236,4665.212346795726,4665.212346795726,4673.899648734222,0.0,8.6873019384961,8.687301938495693,1
4237,4666.381561781131,4666.381561781131,4668.119882296928,0.0,1.7383205157974186,1.738320515797568,2
4238,4667.38230192185,4668.119882296928,4669.696812838637,0.7375803750783234,1.576930541708724,2.314510916787185,2
4239,4668.163422633217,4669.696812838637,4673.015489840373,1.5333902054198916,3.318677001736788,4.852067207156324,2
4240,4668.779705998599,4673.015489840373,4676.381701519909,4.235783841774719,3.3662116795361317,7.601995521310528,2
4241,4668.952922502337,4673.899648734222,4675.703289527836,4.946726231884895,1.8036407936138366,6.750367025499145,1
4242,4669.0724933565025,4675.703289527836,4678.887594161495,6.630796171333714,3.1843046336587286,9.815100804992653,1
4243,4669.627309927469,4676.381701519909,4679.163818446527,6.754391592440697,2.7821169266176713,9.53650851905877,2
4244,4671.061816669642,4678.887594161495,4679.423991364971,7.825777491852932,0.536397203475643,8.362174695328576,1
4245,4672.16326551089,4679.163818446527,4679.298958120713,7.000552935637643,0.13513967418540498,7.135692609823309,2
4246,4672.307957657849,4679.298958120713,4682.743987169071,6.991000462863667,3.445029048358623,10.436029511221932,2
4247,4675.625679413571,4679.423991364971,4680.402398416269,3.7983119514001373,0.9784070512977487,4.776719002697973,1
4248,4675.784104521268,4680.402398416269,4685.995233274806,4.618293895000534,5.592834858537431,10.211128753538105,1
4249,4676.0522518755915,4682.743987169071,4684.343089738257,6.691735293479724,1.5991025691851177,8.290837862665285,2
4250,4676.582611988879,4684.343089738257,4686.158069912239,7.760477749377969,1.8149801739818536,9.575457923359863,2
4251,4677.639553075335,4685.995233274806,4687.665231086382,8.355680199470953,1.6699978115759784,10.025678011046693,1
4252,4678.369287591449,4686.158069912239,4692.476327961834,7.788782320789323,6.318258049595109,14.107040370384311,2
4253,4679.397569360617,4687.665231086382,4688.2371233108215,8.26766172576481,0.5718922244399721,8.83955395020439,1
4254,4679.568591536585,4688.2371233108215,4688.64530353049,8.668531774236726,0.4081802196687048,9.07671199390552,1
4255,4679.693055567762,4688.64530353049,4689.0526631769035,8.952247962728507,0.4073596464128464,9.359607609141676,1
4256,4680.804869169746,4689.0526631769035,4692.738451813611,8.247794007157609,3.68578863670782,11.93358264386552,1
4257,4680.9920341936395,4692.476327961834,4698.950256133733,11.48429376819422,6.473928171899057,17.95822194009361,2
4258,4682.169641780824,4692.738451813611,4693.7993774932775,10.568810032787042,1.0609256796656439,11.629735712453112,1
4259,4683.097859909324,4693.7993774932775,4693.995069448289,10.701517583953319,0.19569195501118947,10.89720953896449,1
4260,4683.39233359663,4693.995069448289,4695.730432198811,10.602735851658508,1.735362750522502,12.338098602181162,1
4261,4684.880078841464,4695.730432198811,4695.792973307021,10.850353357347558,0.06254110821055175,10.912894465557656,1
4262,4685.571404820085,4695.792973307021,4697.430887447722,10.221568486936121,1.6379141407002213,11.85948262763668,1
4263,4686.936381750628,4697.430887447722,4700.197264727341,10.4945056970937,2.76637727961898,13.26088297671231,1
4264,4687.985374796056,4698.950256133733,4699.605316812961,10.96488133767707,0.6550606792284225,11.619942016905043,2
4265,4688.145228409659,4699.605316812961,4701.394228897085,11.460088403302507,1.7889120841239015,13.249000487426201,2
4266,4688.450502523015,4700.197264727341,4701.3260072034445,11.746762204325933,1.1287424761040858,12.875504680429913,1
4267,4689.841341007813,4701.3260072034445,4704.620597735975,11.48466619563169,3.2945905325301372,14.779256728162181,1
4268,4689.925016692161,4701.394228897085,4705.759017730847,11.469212204923679,4.3647888337620815,15.834001038685528,2
4269,4690.180788278731,4704.620597735975,4705.838623743322,14.439809457244337,1.2180260073470282,15.657835464591699,1
4270,4690.4703167358575,4705.759017730847,4707.579568740024,15.288700994989085,1.8205510091778674,17.109252004166592,2
4271,4692.258277741073,4705.838623743322,4708.603744194154,13.580346002249826,2.7651204508315788,16.345466453081826,1
4272,4693.061754199983,4707.579568740024,4707.89573653714,14.5178145400414,0.3161677971152577,14.833982337157067,2
4273,4693.726924757272,4707.89573653714,4712.146852497254,14.16881177986761,4.2511159601145705,18.419927739982086,2
4274,4694.692784781096,4708.603744194154,4709.3381633321405,13.910959413058663,0.7344191379864722,14.645378551044814,1
4275,4695.756924024556,4709.3381633321405,4710.561426377035,13.581239307584838,1.2232630448939972,14.804502352479176,1
4276,4699.336963899407,4710.561426377035,4711.437306809982,11.22446247762764,0.8758804329471377,12.10034291057491,1
4277,4701.3812480746565,4711.437306809982,4712.930169130098,10.056058735325678,1.4928623201161306,11.548921055441497,1
4278,4703.131184323813,4712.146852497254,4712.174238796381,9.015668173441554,0.027386299127141526,9.043054472568656,2
4279,4704.371646730528,4712.174238796381,4713.939588510175,7.802592065853787,1.7653497137937642,9.567941779647299,2
4280,4706.786862259367,4712.930169130098,4713.375276440949,6.143306870731067,0.44510731085120403,6.588414181582266,1
4281,4709.053296572657,4713.375276440949,4718.029095234742,4.321979868292146,4.653818793793193,8.975798662085253,1
4282,4709.162454862728,4713.939588510175,4720.40621101458,4.7771336474470445,6.466622504404534,11.243756151851812,2
4283,4709.7885954597805,4718.029095234742,4722.061350498787,8.24049977496179,4.03225526404475,12.27275503900637,1
4284,4710.4859888027295,4720.40621101458,4721.496973589892,9.92022221185016,1.0907625753125674,11.01098478716267,2
4285,4711.544714361857,4721.496973589892,4722.444907414567,9.952259228035473,0.9479338246743928,10.900193052710165,2
4286,4712.01201864392,4722.061350498787,4722.763663128683,10.049331854866978,0.7023126298960586,10.751644484763347,1
4287,4716.122102675358,4722.444907414567,4724.954844651123,6.32280473920855,2.509937236556056,8.832741975764293,2
4288,4716.297770691835,4722.763663128683,4723.035655839128,6.465892436848662,0.27199271044419226,6.737885147293127,1
4289,4716.638872756571,4723.035655839128,4723.919919092727,6.396783082556794,0.8842632535992281,7.2810463361556685,1
4290,4717.665463244859,4723.919919092727,4726.062983469363,6.254455847867575,2.143064376636044,8.39752022450375,1
4291,4717.7279797766505,4724.954844651123,4726.344266338364,7.226864874472085,1.3894216872412433,8.616286561713423,2
4292,4717.839585993261,4726.062983469363,4728.412250035634,8.223397476102036,2.3492665662711767,10.572664042373617,1
4293,4718.297081041065,4726.344266338364,4726.547564527177,8.04718529729871,0.2032981888129315,8.250483486111989,2
4294,4719.056556019338,4726.547564527177,4727.675269708873,7.491008507839069,1.1277051816960908,8.61871368953507,2
4295,4719.812385776133,4727.675269708873,4729.221814598934,7.86288393274026,1.546544890060535,9.409428822800692,2
4296,4721.7673703053315,4728.412250035634,4729.197602133935,6.644879730302819,0.7853520983004917,7.43023182860361,1
4297,4724.285406862816,4729.197602133935,4730.700403313538,4.912195271119344,1.502801179603216,6.414996450722356,1
4298,4726.369745969455,4729.221814598934,4737.170055068915,2.8520686294787083,7.94824046998124,10.80030909945981,2
4299,4726.444447574577,4730.700403313538,4731.051748467105,4.255955738961347,0.3513451535674222,4.607300892528656,1
4300,4727.122602285482,4731.051748467105,4731.3004833393,3.9291461816237643,0.24873487219427126,4.177881053818055,1
4301,4727.409346916061,4731.3004833393,4732.016781720449,3.891136423239004,0.7162983811496267,4.607434804388504,1
4302,4727.512625485578,4732.016781720449,4735.755623139425,4.504156234871516,3.7388414189758667,8.242997653846942,1
4303,4728.773290879657,4735.755623139425,4735.862201499102,6.982332259767645,0.10657835967761839,7.088910619445414,1
4304,4731.664858795145,4735.862201499102,4737.197327686464,4.197342703957474,1.3351261873616362,5.532468891318786,1
4305,4731.790242404293,4737.170055068915,4738.262232296234,5.379812664621568,1.0921772273195713,6.471989891941121,2
4306,4732.343750081533,4737.197327686464,4739.948707067347,4.853577604931161,2.751379380882818,7.6049569858141695,1
4307,4732.981373353489,4738.262232296234,4739.369570990731,5.280858942744999,1.1073386944966093,6.388197637241319,2
4308,4733.328180498956,4739.369570990731,4740.01052427275,6.041390491775019,0.6409532820196117,6.682343773794855,2
4309,4737.6431357816455,4739.948707067347,4740.849808515338,2.3055712857012622,0.9011014479911285,3.2066727336923577,1
4310,4737.6798095348995,4740.01052427275,4749.722500382507,2.33071473785094,9.711976109756446,12.042690847607446,2
4311,4742.878867089361,4742.878867089361,4745.17374184709,0.0,2.294874757728965,2.2948747577293034,1
4312,4745.10967519701,4745.17374184709,4745.321208704679,0.06406665008034906,0.1474668575883172,0.2115335076687188,1
4313,4746.886849010338,4746.886849010338,4749.426736356606,0.0,2.539887346268519,2.5398873462681877,1
4314,4748.498118770946,4749.426736356606,4750.220306481789,0.9286175856595946,0.7935701251822731,1.7221877108422632,1
4315,4748.786684129065,4749.722500382507,4754.850750058766,0.9358162534417716,5.128249676258384,6.064065929700519,2
4316,4752.653893034115,4752.653893034115,4752.738198913978,0.0,0.08430587986249372,0.08430587986276805,1
4317,4752.776207359622,4752.776207359622,4757.980271995329,0.0,5.204064635706081,5.204064635706345,1
4318,4753.749841416742,4754.850750058766,4756.355186540075,1.100908642023569,1.504436481309514,2.6053451233328815,2
4319,4754.136701834613,4756.355186540075,4757.0947790460095,2.218484705462288,0.739592505934577,2.9580772113968123,2
4320,4754.408447796429,4757.0947790460095,4757.226007671938,2.6863312495806895,0.1312286259277737,2.8175598755087776,2
4321,4758.901720888798,4758.901720888798,4763.1124948272145,0.0,4.210773938416324,4.210773938416423,1
4322,4758.991397314236,4758.991397314236,4764.432003534738,0.0,5.4406062205027625,5.440606220502559,2
4323,4759.17011728202,4763.1124948272145,4767.648288745668,3.9423775451941765,4.535793918452953,8.478171463647413,1
4324,4759.587163854818,4764.432003534738,4772.940132650464,4.844839679920369,8.508129115725348,13.35296879564612,2
4325,4759.777730218339,4767.648288745668,4767.659645771005,7.8705585273291945,0.011357025336971438,7.881915552666214,1
4326,4760.295580831863,4767.659645771005,4768.080876158371,7.3640649391418265,0.42123038736628143,7.785295326508276,1
4327,4760.343751933522,4768.080876158371,4768.932920086201,7.73712422484914,0.8520439278296172,8.589168152679122,1
4328,4760.5673857567635,4768.932920086201,4770.7412513755435,8.36553432943765,1.8083312893427186,10.173865618779928,1
4329,4762.649136120428,4770.7412513755435,4771.540821820819,8.09211525511546,0.799570445275026,8.891685700390553,1
4330,4765.080319260549,4771.540821820819,4775.075879932586,6.4605025602695605,3.535058111767059,9.995560672036845,1
4331,4765.497873685409,4772.940132650464,4776.226147479018,7.442258965054862,3.2860148285541317,10.728273793609333,2
4332,4765.568070430078,4775.075879932586,4775.954676232924,9.50780950250828,0.8787963003378974,10.386605802846134,1
4333,4766.388647659576,4775.954676232924,4778.986650331753,9.566028573347467,3.0319740988290156,12.598002672176335,1
4334,4766.862627039088,4776.226147479018,4778.496393280501,9.363520439930653,2.270245801482843,11.633766241413468,2
4335,4767.083471530053,4778.496393280501,4780.128778470148,11.412921750447822,1.6323851896465214,13.045306940094633,2
4336,4767.195734707187,4778.986650331753,4779.8804940214895,11.790915624565969,0.8938436897374105,12.684759314302937,1
4337,4767.842475739792,4779.8804940214895,4780.555538031342,12.038018281697987,0.6750440098524421,12.713062291550159,1
4338,4767.928276779564,4780.128778470148,4782.033695717135,12.200501690584133,1.9049172469864442,14.105418937570903,2
4339,4768.11451188262,4780.555538031342,4780.63458077089,12.441026148721903,0.07904273954891605,12.520068888270544,1
4340,4768.499868424295,4780.63458077089,4781.201129035453,12.134712346595734,0.5665482645629314,12.701260611158432,1
4341,4768.682202217927,4781.201129035453,4782.051921650482,12.518926817526335,0.8507926150288975,13.36971943255503,1
4342,4768.784492077697,4782.033695717135,4782.458007959139,13.249203639437837,0.4243122420042809,13.673515881441745,2
4343,4769.72464505073,4782.051921650482,4783.376249988642,12.327276599751713,1.3243283381598747,13.651604937911543,1
4344,4771.545064605167,4782.458007959139,4784.285733169551,10.912943353971968,1.8277252104125703,12.740668564384578,2
4345,4773.130260752094,4783.376249988642,4784.4678468071015,10.245989236547757,1.091596818459752,11.337586055007705,1
4346,4773.789334336978,4784.285733169551,4784.449766982902,10.496398832573504,0.16403381334984843,10.66043264592372,2
4347,4773.9693155278,4784.449766982902,4786.907641854186,10.480451455101502,2.4578748712845,12.938326326386232,2
4348,4773.970910019918,4784.4678468071015,4784.470744540918,10.496936787183586,0.0028977338157567677,10.499834520999684,1
4349,4776.2658977366145,4784.470744540918,4792.466240467718,8.204846804303088,7.9954959268006744,16.200342731103774,1
4350,4777.109173908462,4786.907641854186,4787.474587770811,9.798467945724042,0.5669459166248816,10.36541386234876,2
4351,4777.825862725274,4787.474587770811,4788.53786546724,9.648725045536594,1.0632776964295634,10.71200274196599,2
4352,4778.344162022478,4788.53786546724,4790.471844952907,10.193703444762832,1.933979485666815,12.127682930429728,2
4353,4779.128314044626,4790.471844952907,4792.9457134579725,11.343530908281537,2.4738685050656097,13.81739941334672,2
4354,4782.032430461642,4792.466240467718,4793.933795815195,10.433810006075873,1.4675553474762033,11.901365353552137,1
4355,4782.179031374567,4792.9457134579725,4795.690483217904,10.766682083405613,2.7447697599316907,13.511451843337454,2
4356,4782.474053150753,4793.933795815195,4795.2649002960925,11.459742664441364,1.3311044808981651,12.790847145339285,1
4357,4782.931658691061,4795.2649002960925,4795.59546857294,12.333241605031617,0.3305682768482024,12.663809881879388,1
4358,4785.21120133309,4795.59546857294,4801.622815598961,10.384267239850487,6.0273470260209,16.41161426587132,1
4359,4786.925488157259,4795.690483217904,4796.779735674198,8.76499506064556,1.089252456292852,9.854247516938813,2
4360,4788.037630774542,4796.779735674198,4800.7590076075985,8.742104899655715,3.9792719334007685,12.721376833056638,2
4361,4788.224149541209,4800.7590076075985,4802.066694325482,12.53485806638946,1.3076867178835618,13.842544784272832,2
4362,4788.274694174736,4801.622815598961,4804.103579365131,13.3481214242247,2.4807637661701127,15.82888519039443,1
4363,4789.092828175028,4802.066694325482,4803.595483149758,12.973866150453432,1.528788824276219,14.502654974729921,2
4364,4789.363222762795,4803.595483149758,4806.267992345621,14.23226038696339,2.6725091958627796,16.904769582825793,2
4365,4789.488024576257,4804.103579365131,4805.2142749768245,14.615554788873851,1.110695611693476,15.726250400567551,1
4366,4789.620153261514,4805.2142749768245,4806.799492279741,15.594121715310393,1.5852173029164933,17.17933901822653,1
4367,4790.263084020794,4806.267992345621,4807.9556141287385,16.00490832482683,1.687621783118142,17.69253010794455,2
4368,4794.949941246109,4806.799492279741,4807.094774652311,11.849551033631542,0.2952823725696104,12.144833406201542,1
4369,4796.097622332837,4807.094774652311,4808.313288432331,10.997152319473571,1.218513780020968,12.215666099494229,1
4370,4797.196612482879,4807.9556141287385,4809.758542748558,10.759001645859826,1.8029286198195147,12.56193026567962,2
4371,4797.706263064457,4808.313288432331,4811.9683019440245,10.607025367874485,3.6550135116927236,14.262038879567626,1
4372,4798.040972964331,4809.758542748558,4811.37467017881,11.717569784227635,1.616127430251918,13.333697214479798,2
4373,4798.248553668228,4811.37467017881,4812.432368243888,13.126116510582506,1.0576980650772623,14.183814575660108,2
4374,4799.357801100037,4811.9683019440245,4813.330666933884,12.61050084398721,1.362364989858705,13.9728658338463,1
4375,4800.491756873997,4812.432368243888,4813.989017427919,11.940611369891485,1.5566491840306418,13.497260553922388,2
4376,4800.563526361879,4813.330666933884,4813.444688324131,12.767140572004791,0.11402139024717356,12.881161962252008,1
4377,4802.791555203956,4813.444688324131,4819.015292659524,10.65313312017497,5.570604335392615,16.22373745556797,1
4378,4803.446845874241,4813.989017427919,4816.454761791922,10.54217155367769,2.4657443640022874,13.007915917680293,2
4379,4807.132226949886,4816.454761791922,4817.625562614412,9.322534842035566,1.1708008224906017,10.493335664526057,2
4380,4810.062716769312,4817.625562614412,4819.321058220566,7.562845845100128,1.695495606153995,9.258341451253727,2
4381,4811.167057736804,4819.015292659524,4822.146021404868,7.848234922719712,3.1307287453448303,10.978963668064353,1
4382,4811.195480582606,4819.321058220566,4822.843725792869,8.125577637959395,3.522667572303761,11.648245210262758,2
4383,4814.22381994158,4822.146021404868,4824.036739090816,7.922201463288729,1.8907176859473136,9.812919149236222,1
4384,4815.380816512288,4822.843725792869,4823.237170217586,7.462909280580789,0.3934444247172011,7.856353705297806,2
4385,4815.719543425639,4823.237170217586,4824.598022011167,7.5176267919468955,1.3608517935808369,8.878478585527773,2
4386,4816.737533873521,4824.036739090816,4826.475027562121,7.299205217294912,2.438288471304908,9.737493688599898,1
4387,4817.69963353746,4824.598022011167,4826.984593809532,6.8983884737072,2.3865717983655697,9.284960272072567,2
4388,4817.745683022687,4826.475027562121,4828.367846402867,8.729344539433441,1.892818840746284,10.6221633801797,1
4389,4818.687543785431,4826.984593809532,4827.316976005362,8.297050024100827,0.33238219583009665,8.629432219931005,2
4390,4819.57969717291,4827.316976005362,4829.5853661063065,7.73727883245283,2.2683901009444924,10.005668933396919,2
4391,4819.645047608626,4828.367846402867,4829.522344044519,8.722798794241498,1.154497641652113,9.877296435893186,1
4392,4821.451154201247,4829.522344044519,4829.705487120787,8.071189843271895,0.1831430762686883,8.254332919540502,1
4393,4823.586102968441,4829.5853661063065,4829.856712239305,5.999263137865455,0.2713461329987335,6.270609270864043,2
4394,4825.19429382193,4829.705487120787,4831.278753090774,4.511193298857506,1.5732659699872402,6.084459268844512,1
4395,4825.93483729436,4829.856712239305,4830.249688434942,3.921874944945557,0.39297619563655023,4.314851140582505,2
4396,4827.054789063106,4830.249688434942,4836.182784405402,3.1948993718360725,5.933095970460181,9.127995342296344,2
4397,4827.282432138309,4831.278753090774,4832.296929770292,3.996320952465794,1.0181766795172065,5.014497631983431,1
4398,4829.138726002761,4832.296929770292,4832.337137967864,3.158203767530722,0.04020819757200049,3.198411965102423,1
4399,4831.034170218928,4832.337137967864,4833.948036933062,1.302967748935771,1.6108989651988588,2.913866714134201,1
4400,4831.580332745714,4833.948036933062,4835.8923723440685,2.367704187347954,1.9443354110065683,4.312039598354204,1
4401,4831.722725014139,4835.8923723440685,4836.608043665923,4.1696473299298304,0.715671321854524,4.885318651784473,1
4402,4832.015437818002,4836.182784405402,4837.614255069324,4.167346587400061,1.4314706639218655,5.598817251321634,2
4403,4832.304858292777,4836.608043665923,4838.278624779644,4.303185373146334,1.6705811137207935,5.9737664868671345,1
4404,4834.14751887002,4837.614255069324,4837.988940404771,3.4667361993042505,0.3746853354473304,3.8414215347511345,2
4405,4834.642111358428,4837.988940404771,4840.152058170642,3.3468290463424637,2.1631177658711525,5.509946812213457,2
4406,4834.75816358652,4838.278624779644,4840.216749870814,3.5204611931239924,1.938125091170094,5.458586284294142,1
4407,4836.61839863812,4840.152058170642,4844.165873690194,3.5336595325215967,4.01381551955169,7.547475052073423,2
4408,4839.453838276375,4840.216749870814,4843.7949299067395,0.7629115944391742,3.578180035925414,4.3410916303646445,1
4409,4840.289117444488,4843.7949299067395,4848.174869538422,3.5058124622519244,4.379939631682571,7.88575209393457,1
4410,4842.995705483221,4844.165873690194,4844.270328899526,1.1701682069724484,0.10445520933264928,1.2746234163050758,2
4411,4843.9022890992865,4844.270328899526,4845.501969730459,0.3680398002397851,1.2316408309322322,1.5996806311723049,2
4412,4843.992899900015,4845.501969730459,4848.699752864244,1.5090698304438774,3.197783133785009,4.706852964229256,2
4413,4844.378889309713,4848.174869538422,4848.883050204948,3.7959802287095954,0.7081806665252766,4.504160895235145,1
4414,4844.763541463229,4848.699752864244,4849.64286617039,3.9362114010154983,0.9431133061459764,4.879324707161686,2
4415,4845.499445869895,4848.883050204948,4853.780902715251,3.3836043350529508,4.897852510303299,8.281456845355933,1
4416,4845.669072512785,4849.64286617039,4850.776906183584,3.973793657605711,1.1340400131937978,5.107833670799664,2
4417,4846.028930206272,4850.776906183584,4852.668947002086,4.747975977312308,1.892040818501651,6.640016795813608,2
4418,4847.132593550571,4852.668947002086,4853.362749354022,5.536353451514515,0.6938023519363019,6.230155803450543,2
4419,4849.753643531979,4853.362749354022,4854.179958619248,3.609105822042693,0.817209265226577,4.426315087269359,2
4420,4851.062279788318,4853.780902715251,4856.134902495956,2.718622926932767,2.353999780706086,5.072622707638402,1
4421,4851.359056344127,4854.179958619248,4854.53678765628,2.8209022751216253,0.3568290370311978,3.1777313121529005,2
4422,4852.684404499355,4854.53678765628,4857.297876411164,1.8523831569245885,2.7610887548842413,4.613471911809029,2
4423,4853.10152859472,4856.134902495956,4858.297634503631,3.0333739012367005,2.162732007675278,5.196105908911704,1
4424,4855.907447070339,4857.297876411164,4863.212988101974,1.3904293408249941,5.915111690809263,7.305541031634675,2
4425,4858.3576680623855,4858.3576680623855,4861.1092144327695,0.0,2.751546370383636,2.7515463703839487,1
4426,4858.7564746908165,4861.1092144327695,4862.481781867731,2.3527397419529734,1.3725674349620425,3.7253071769146118,1
4427,4858.75780733914,4862.481781867731,4862.790923624173,3.723974528591498,0.3091417564416562,4.0331162850334294,1
4428,4859.162476462069,4862.790923624173,4866.378120295442,3.628447162103839,3.5871966712693832,7.2156438333731785,1
4429,4859.906753408132,4863.212988101974,4863.837693718731,3.306234693841361,0.6247056167579236,3.9309403105989986,2
4430,4860.902955309975,4863.837693718731,4864.948631712126,2.9347384087559476,1.1109379933949468,4.0456764021510025,2
4431,4861.20867684857,4864.948631712126,4865.578363206264,3.7399548635567044,0.6297314941375965,4.369686357694263,2
4432,4863.050071244983,4865.578363206264,4869.067713265554,2.5282919612809565,3.489350059290007,6.017642020570747,2
4433,4863.2218612467195,4866.378120295442,4877.212914514505,3.156259048722859,10.834794219063264,13.991053267785901,1
4434,4863.286673251535,4869.067713265554,4870.086075438543,5.781040014018799,1.0183621729891101,6.799402187008127,2
4435,4864.108479301235,4870.086075438543,4873.93869573217,5.977596137307955,3.8526202936275227,9.830216430935252,2
4436,4866.224871509263,4873.93869573217,4875.361883842367,7.713824222907533,1.4231881101971344,9.137012333104394,2
4437,4866.609638579751,4875.361883842367,4882.586576558216,8.75224526261627,7.224692715848956,15.976937978464775,2
4438,4866.744819812312,4877.212914514505,4879.798079883867,10.468094702193412,2.5851653693613432,13.053260071555087,1
4439,4866.842369705844,4879.798079883867,4879.945432129434,12.955710178022855,0.14735224556719076,13.103062423590018,1
4440,4868.924508322078,4879.945432129434,4880.248414845128,11.020923807356667,0.3029827156935062,11.323906523050027,1
4441,4869.329803743251,4880.248414845128,4880.93473567071,10.918611101876195,0.6863208255823174,11.604931927458892,1
4442,4869.860120381868,4880.93473567071,4882.577032897965,11.074615288842324,1.642297227254845,12.716912516097182,1
4443,4871.42766713444,4882.577032897965,4884.8261527760915,11.149365763525566,2.2491198781267094,13.39848564165186,1
4444,4873.360435992193,4882.586576558216,4883.090027766034,9.226140566022877,0.5034512078179045,9.729591773841094,2
4445,4873.519211947253,4883.090027766034,4886.097878074874,9.57081581878083,3.007850308840244,12.578666127620636,2
4446,4874.196060528553,4884.8261527760915,4888.244056066832,10.630092247538414,3.417903290740527,14.047995538278883,1
4447,4876.0253423715885,4886.097878074874,4887.241724842488,10.072535703285212,1.143846767613954,11.216382470899589,2
4448,4878.167394195724,4887.241724842488,4889.6983101299065,9.074330646763883,2.456585287418375,11.530915934182303,2
4449,4880.15781037212,4888.244056066832,4897.059623658569,8.086245694711579,8.815567591736528,16.901813286448487,1
4450,4880.842357839397,4889.6983101299065,4891.023805625545,8.855952290509777,1.3254954956385085,10.181447786148055,2
4451,4881.355418283749,4891.023805625545,4891.379318164584,9.668387341796006,0.3555125390398248,10.023899880835415,2
4452,4882.2971683892465,4891.379318164584,4894.7878971963355,9.082149775337712,3.408579031751208,12.490728807088999,2
4453,4882.8037949080635,4894.7878971963355,4899.004570906208,11.98410228827197,4.216673709872428,16.20077599814431,2
4454,4883.215054261555,4897.059623658569,4898.308349540748,13.844569397013402,1.248725882179608,15.093295279192716,1
4455,4884.907278916641,4898.308349540748,4908.507703478083,13.401070624106978,10.199353937334914,23.600424561442196,1
4456,4885.769542550776,4899.004570906208,4899.417853849366,13.235028355431496,0.41328294315861525,13.64831129858976,2
4457,4890.154152261184,4899.417853849366,4901.2519685204425,9.263701588181902,1.8341146710759715,11.097816259258252,2
4458,4890.963306357505,4901.2519685204425,4903.127868603513,10.288662162937726,1.8759000830707118,12.164562246008245,2
4459,4891.131064624258,4903.127868603513,4904.242804790596,11.996803979254764,1.114936187082941,13.111740166337768,2
4460,4891.18375278652,4904.242804790596,4907.468891707278,13.059052004075966,3.2260869166816617,16.285138920758072,2
4461,4891.878795047498,4907.468891707278,4908.810210712114,15.590096659780102,1.341319004835843,16.931415664615997,2
4462,4892.871714382937,4908.507703478083,4908.545474426344,15.635989095146215,0.037770948260813536,15.673760043407128,1
4463,4892.965399333746,4908.545474426344,4909.05208050728,15.580075092598236,0.5066060809362231,16.08668117353409,1
4464,4896.216864336513,4908.810210712114,4909.090185511373,12.593346375600959,0.27997479925900676,12.873321174860394,2
4465,4897.603891205497,4909.05208050728,4909.804943409692,11.448189301782804,0.7528629024116682,12.201052204194639,1
4466,4898.719262781067,4909.090185511373,4917.196062864829,10.37092273030612,8.105877353455563,18.4768000837621,2
4467,4901.556525508001,4909.804943409692,4912.537007746546,8.248417901691028,2.732064336854087,10.980482238544937,1
4468,4902.093336297211,4912.537007746546,4914.431470757575,10.443671449334943,1.8944630110287561,12.338134460364017,1
4469,4903.86569911808,4914.431470757575,4916.430762389857,10.565771639495324,1.9992916322813088,12.565063271777035,1
4470,4906.697596256157,4916.430762389857,4917.372582857692,9.733166133699342,0.9418204678354001,10.674986601534329,1
4471,4906.974640742572,4917.196062864829,4918.051546599881,10.221422122257536,0.8554837350507674,11.076905857308702,2
4472,4908.850136930559,4917.372582857692,4917.669271986081,8.522445927133049,0.29668912838996947,8.819135055522565,1
4473,4909.993480519645,4917.669271986081,4924.370286729918,7.6757914664358395,6.701014743836568,14.376806210272662,1
4474,4910.807796367758,4918.051546599881,4919.462943760191,7.243750232122693,1.4113971603101096,8.65514739243281,2
4475,4911.389730118142,4919.462943760191,4922.226565514757,8.073213642048358,2.7636217545655417,10.836835396614333,2
4476,4911.4317389792595,4922.226565514757,4922.623702473517,10.794826535497123,0.39713695876099536,11.191963494257834,2
4477,4914.639628212068,4922.623702473517,4923.757105031594,7.984074261449678,1.1334025580767388,9.117476819526019,2
4478,4915.218178938451,4923.757105031594,4924.85760534098,8.538926093142436,1.100500309386298,9.639426402528443,2
4479,4915.6514379767095,4924.370286729918,4924.971873644148,8.718848753208476,0.601586914230588,9.320435667438687,1
4480,4917.899199072939,4924.85760534098,4927.00536535469,6.958406268040562,2.147760013710727,9.10616628175103,2
4481,4918.047278396667,4924.971873644148,4927.344839981956,6.924595247481193,2.372966337807893,9.297561585289259,1
4482,4920.743134289176,4927.00536535469,4927.758042390078,6.262231065514243,0.7526770353876282,7.014908100902176,2
4483,4922.603042761744,4927.344839981956,4928.227158246248,4.741797220211993,0.8823182642918407,5.624115484503818,1
4484,4923.703857210208,4927.758042390078,4928.107081941936,4.054185179869819,0.3490395518576754,4.403224731727278,2
4485,4926.520522240277,4928.107081941936,4928.774427777199,1.5865597016581887,0.6673458352631189,2.253905536921593,2
4486,4926.723165710375,4928.227158246248,4932.615284002382,1.5039925358732944,4.388125756133867,5.892118292007581,1
4487,4927.29024195914,4928.774427777199,4932.027072542792,1.4841858180589043,3.252644765592648,4.736830583651681,2
4488,4927.330291272647,4932.027072542792,4934.699183937638,4.696781270145038,2.672111394846344,7.368892664991108,2
4489,4928.819899865029,4932.615284002382,4933.036407932537,3.7953841373537216,0.4211239301547405,4.216508067508585,1
4490,4929.060257048185,4933.036407932537,4939.479682366705,3.976150884352137,6.443274434167618,10.419425318519643,1
4491,4930.000083850678,4934.699183937638,4936.7489164078015,4.699100086960243,2.049732470163834,6.748832557123933,2
4492,4930.268697104523,4936.7489164078015,4936.999390647945,6.480219303278318,0.250474240143372,6.730693543421694,2
4493,4930.520674330005,4936.999390647945,4937.0903634234455,6.47871631793987,0.09097277550025909,6.569689093440502,2
4494,4933.702180238972,4937.0903634234455,4937.224717148297,3.3881831844737462,0.13435372485154973,3.5225369093250265,2
4495,4934.575707702391,4937.224717148297,4937.501060613854,2.6490094459059037,0.2763434655573702,2.925352911463051,2
4496,4936.875777269386,4937.501060613854,4942.086229392,0.625283344467789,4.585168778146269,5.210452122613788,2
4497,4940.274339011764,4940.274339011764,4940.56847133858,0.0,0.29413232681619694,0.29413232681599766,1
4498,4940.964502286865,4940.964502286865,4941.227625680048,0.0,0.2631233931826882,0.26312339318246813,1
4499,4943.080216510894,4943.080216510894,4950.5986690966965,0.0,7.518452585802376,7.518452585802152,1
4500,4944.358640804013,4944.358640804013,4946.584158970774,0.0,2.225518166761622,2.2255181667615034,2
4501,4947.635177738852,4947.635177738852,4947.835228858435,0.0,0.20005111958323643,0.2000511195828949,2
4502,4948.7227081405845,4948.7227081405845,4948.872158127226,0.0,0.149449986641564,0.14944998664122977,2
4503,4949.0293995636885,4949.0293995636885,4958.513504140863,0.0,9.484104577174321,9.484104577174548,2
4504,4950.414324273462,4950.5986690966965,4950.611467297622,0.1843448232348237,0.01279820092533582,0.19714302416014107,1
4505,4950.9125222011035,4950.9125222011035,4951.813238947619,0.0,0.90071674651498,0.9007167465151724,1
4506,4950.9609285701345,4951.813238947619,4951.98363807074,0.8523103774841729,0.17039912312157346,1.0227095006057425,1
4507,4951.273481690557,4951.98363807074,4957.165044500603,0.7101563801834345,5.181406429862531,5.891562810045798,1
4508,4951.471075592045,4957.165044500603,4957.973856483482,5.693968908557508,0.8088119828794812,6.502780891437396,1
4509,4952.489847892004,4957.973856483482,4959.066281306156,5.484008591478414,1.092424822673712,6.576433414152234,1
4510,4954.445675058472,4958.513504140863,4960.3168575348645,4.067829082390745,1.8033533940017965,5.871182476392278,2
4511,4956.329088458709,4959.066281306156,4959.232207091037,2.737192847447659,0.16592578488063045,2.9031186323281872,1
4512,4956.7680440244,4959.232207091037,4967.334178053575,2.4641630666365018,8.101970962537782,10.566134029174464,1
4513,4957.564744613356,4960.3168575348645,4961.569094877966,2.752112921508342,1.2522373431010176,4.004350264609457,2
4514,4958.714053108641,4961.569094877966,4961.912278775343,2.8550417693249983,0.34318389737745336,3.198225666702456,2
4515,4959.479561742119,4961.912278775343,4964.622439640565,2.432717033224435,2.71016086522236,5.142877898446386,2
4516,4960.243312170575,4964.622439640565,4969.644539916684,4.379127469989726,5.022100276119488,9.401227746108816,2
4517,4960.886468341122,4967.334178053575,4970.023686162941,6.447709712452706,2.6895081093660336,9.137217821818922,1
4518,4961.904241315863,4969.644539916684,4972.404523293734,7.740298600821006,2.7599833770503586,10.500281977871055,2
4519,4962.564306408957,4970.023686162941,4972.851226837097,7.45937975398374,2.82754067415625,10.286920428139638,1
4520,4963.756229103828,4972.404523293734,4980.8467126571695,8.648294189905755,8.442189363435714,17.090483553341073,2
4521,4965.291660780658,4972.851226837097,4977.208247212604,7.559566056438598,4.3570203755070676,11.916586431945689,1
4522,4966.664895556354,4977.208247212604,4981.490692322538,10.543351656249797,4.282445109933913,14.825796766183885,1
4523,4967.107305848753,4980.8467126571695,4981.955398398987,13.739406808416788,1.1086857418178233,14.848092550234469,2
4524,4969.452294001866,4981.490692322538,4982.4486696650065,12.038398320672059,0.9579773424687327,12.996375663140498,1
4525,4969.81424253503,4981.955398398987,4985.240702343648,12.141155863957465,3.2853039446608623,15.426459808618347,2
4526,4970.869996191965,4982.4486696650065,4986.048894186209,11.578673473041817,3.600224521201861,15.178897994243925,1
4527,4971.977954386781,4985.240702343648,4986.519109482304,13.262747956867315,1.2784071386558955,14.541155095523209,2
4528,4972.104066906081,4986.048894186209,4986.755099548594,13.944827280127356,0.7062053623860424,14.6510326425132,1
4529,4972.24719032486,4986.519109482304,4986.547584345278,14.271919157444245,0.028474862974153366,14.300394020418025,2
4530,4977.400482244224,4986.547584345278,4992.167871507233,9.14710210105386,5.620287161955499,14.767389263009136,2
4531,4978.553668489988,4986.755099548594,4986.89669207707,8.201431058606431,0.14159252847529477,8.343023587081916,1
4532,4980.435101889497,4986.89669207707,4992.864878121229,6.461590187573165,5.96818604415831,12.429776231731921,1
4533,4981.920204241147,4992.167871507233,4993.838788412507,10.247667266085955,1.6709169052733184,11.918584171359726,2
4534,4982.030335962665,4992.864878121229,4994.132971429592,10.834542158563636,1.268093308362905,12.102635466926586,1
4535,4982.448438242128,4993.838788412507,4996.760831381171,11.390350170378952,2.922042968664239,14.312393139042797,2
4536,4983.5812155048025,4994.132971429592,4994.2418314459455,10.551755924789177,0.10886001635393106,10.660615941143078,1
4537,4983.611455938716,4994.2418314459455,4998.534073711699,10.630375507229473,4.2922422657539165,14.922617772983358,1
4538,4983.652220201046,4996.760831381171,4999.655049484855,13.10861118012508,2.8942181036844556,16.00282928380966,2
4539,4984.518571619054,4998.534073711699,4999.210333051613,14.015502092645875,0.6762593399136636,14.69176143255936,1
4540,4984.930915499869,4999.210333051613,4999.9265631766575,14.27941755174379,0.7162301250447424,14.995647676788394,1
4541,4985.363490409656,4999.655049484855,5001.724512994554,14.291559075199075,2.0694635096987013,16.36102258489791,2
4542,4986.031103391993,4999.9265631766575,5001.517302017309,13.895459784664126,1.5907388406516925,15.48619862531541,1
4543,4986.08328702506,5001.517302017309,5010.843825041872,15.434014992249104,9.32652302456371,24.76053801681246,1
4544,4987.473513586105,5001.724512994554,5005.332088820816,14.250999408449388,3.6075758262627233,17.85857523471168,2
4545,4988.450334643988,5005.332088820816,5005.695538654441,16.881754176828508,0.3634498336254907,17.245204010453563,2
4546,4988.637237089807,5005.695538654441,5007.063316697426,17.05830156463435,1.367778042984394,18.426079607618703,2
4547,4988.64073526911,5007.063316697426,5008.116979395371,18.422581428315425,1.053662697945137,19.476244126261008,2
4548,4991.0089065230595,5008.116979395371,5010.343965645689,17.108072872311823,2.226986250318319,19.3350591226299,2
4549,4991.219966935585,5010.343965645689,5012.235052329525,19.123998710104388,1.8910866838360727,21.015085393940353,2
4550,4993.137639951626,5010.843825041872,5016.057293421289,17.706185090246436,5.213468379416296,22.91965346966299,1
4551,4994.248867977049,5012.235052329525,5013.491994495431,17.986184352476812,1.2569421659056301,19.24312651838227,2
4552,4994.728052155284,5013.491994495431,5014.035209259286,18.76394234014697,0.5432147638552142,19.307157104001817,2
4553,4995.227569127238,5014.035209259286,5014.8891911058845,18.80764013204771,0.8539818465992506,19.661621978646508,2
4554,4995.610123078861,5014.8891911058845,5016.379790672166,19.27906802702364,1.4905995662810072,20.769667593304803,2
4555,4997.168699969364,5016.057293421289,5016.29190472603,18.888593451924862,0.23461130474112435,19.123204756666382,1
4556,4998.668522503737,5016.29190472603,5018.382747425374,17.623382222293003,2.090842699343806,19.714224921636742,1
4557,4999.000132114855,5016.379790672166,5019.280390634806,17.379658557310904,2.900599962640328,20.28025851995153,2
4558,5000.817754655322,5018.382747425374,5018.387418283067,17.564992770052413,0.004670857692815201,17.569663627745285,1
4559,5002.0508659064935,5018.387418283067,5018.598238236029,16.33655237657331,0.2108199529622374,16.547372329535392,1
4560,5002.610977174959,5018.598238236029,5024.93210970044,15.987261061070058,6.333871464411497,22.321132525481516,1
4561,5002.787711046747,5019.280390634806,5019.968748764491,16.492679588059218,0.6883581296840338,17.181037717743493,2
4562,5003.334582509058,5019.968748764491,5020.727572996962,16.63416625543232,0.758824232471458,17.39299048790417,2
4563,5003.417164257652,5020.727572996962,5022.829416573794,17.310408739310333,2.1018435768316577,19.412252316142258,2
4564,5004.851437946576,5022.829416573794,5023.447048822653,17.977978627218363,0.617632248858805,18.595610876077444,2
4565,5005.998514687795,5023.447048822653,5027.683547228325,17.448534134858164,4.23649840567103,21.68503254052939,2
4566,5007.178254073923,5024.93210970044,5026.168644405925,17.75385562651718,1.2365347054844755,18.99039033200188,1
4567,5009.633818485731,5026.168644405925,5026.485899182035,16.534825920193725,0.3172547761096758,16.852080696303346,1
4568,5012.754549450296,5026.485899182035,5028.718431329677,13.731349731739101,2.2325321476423063,15.963881879381006,1
4569,5013.31812010238,5027.683547228325,5033.85574427714,14.365427125944734,6.172197048815598,20.537624174759912,2
4570,5013.857275416336,5028.718431329677,5028.890571925876,14.861155913340554,0.1721405962001725,15.033296509540378,1
4571,5015.061899666771,5028.890571925876,5030.346693397127,13.828672259105588,1.456121471250644,15.284793730355887,1
4572,5015.349908569148,5030.346693397127,5031.224398747996,14.996784827978445,0.8777053508693973,15.874490178847736,1
4573,5016.658393352853,5031.224398747996,5035.781155182958,14.566005395143293,4.556756434962041,19.122761830105446,1
4574,5017.6550228803,5033.85574427714,5038.9965777519255,16.20072139683998,5.140833474785778,21.341554871625704,2
4575,5018.012247156335,5035.781155182958,5036.129013427136,17.76890802662274,0.34785824417742317,18.116766270800326,1
4576,5019.478394743077,5036.129013427136,5036.537421905414,16.650618684058827,0.4084084782784018,17.05902716233686,1
4577,5019.868464899136,5036.537421905414,5037.600924420389,16.668957006278106,1.0635025149752793,17.732459521253077,1
4578,5021.568181076357,5037.600924420389,5042.370482237837,16.032743344031587,4.769557817448392,20.80230116147959,1
4579,5021.682810287781,5038.9965777519255,5040.028277390665,17.313767464144803,1.031699638739161,18.34546710288396,2
4580,5025.163294907166,5040.028277390665,5041.295861311186,14.864982483498352,1.2675839205212005,16.1325664040196,2
4581,5025.771606205083,5041.295861311186,5048.376964262104,15.524255106102828,7.081102950917784,22.605358057020567,2
4582,5025.890784017432,5042.370482237837,5043.086297112034,16.479698220404316,0.7158148741973209,17.195513094601665,1
4583,5027.368409157303,5043.086297112034,5043.611966130222,15.71788795473094,0.5256690181875411,16.243556972918668,1
4584,5030.842752904793,5043.611966130222,5045.894222342629,12.769213225428757,2.2822562124077312,15.051469437836204,1
4585,5031.589795876839,5045.894222342629,5046.316606648473,14.30442646579013,0.4223843058435512,14.726810771633609,1
4586,5031.841810007819,5046.316606648473,5052.692976470533,14.474796640653949,6.37636982206035,20.85116646271399,1
4587,5032.985415754275,5048.376964262104,5055.128172313135,15.391548507828702,6.75120805103128,22.14275655886013,2
4588,5033.412709628633,5052.692976470533,5058.3472631116265,19.280266841899902,5.6542866410932655,24.93455348299358,1
4589,5033.6153210561115,5055.128172313135,5055.7533583503255,21.512851257023613,0.6251860371905195,22.138037294213973,2
4590,5034.314683920592,5055.7533583503255,5057.257271895004,21.43867442973351,1.5039135446784477,22.942587974412163,2
4591,5035.047415015625,5057.257271895004,5058.562196255513,22.209856879379004,1.3049243605090286,23.51478123988818,2
4592,5035.872471710828,5058.3472631116265,5059.020065471185,22.474791400798495,0.6728023595588936,23.147593760357267,1
4593,5036.857278914609,5058.562196255513,5059.864682462661,21.704917340904103,1.302486207147705,23.007403548052025,2
4594,5037.766800643103,5059.020065471185,5062.43093400874,21.253264828082138,3.4108685375545718,24.6641333656371,1
4595,5038.440453176781,5059.864682462661,5062.562515991538,21.424229285879846,2.6978335288768434,24.122062814756646,2
4596,5040.977010706835,5062.43093400874,5065.351983204691,21.45392330190498,2.9210491959515132,24.374972497856106,1
4597,5045.151539587198,5062.562515991538,5062.974677596401,17.410976404339635,0.4121616048631536,17.82313800920292,2
4598,5046.179905883039,5062.974677596401,5064.34967744293,16.794771713362024,1.3749998465290503,18.16977155989116,2
4599,5047.488860188983,5064.34967744293,5069.5670927459905,16.86081725394706,5.217415303060464,22.07823255700714,2
4600,5048.276915467823,5065.351983204691,5071.409401878718,17.075067736868732,6.057418674027245,23.13248641089558,1
4601,5048.9007529757455,5069.5670927459905,5072.781052055297,20.66633977024503,3.213959309306346,23.88029907955115,2
4602,5049.142308150286,5071.409401878718,5073.039769852103,22.267093728431973,1.6303679733843643,23.89746170181661,1
4603,5050.312372885605,5072.781052055297,5073.892916057309,22.468679169691313,1.1118640020119588,23.58054317170354,2
4604,5050.4234097060325,5073.039769852103,5074.553584546087,22.616360146070292,1.5138146939840187,24.13017484005468,1
4605,5054.5739419786905,5073.892916057309,5074.165778169627,19.31897407861834,0.2728621123177397,19.591836190936192,2
4606,5055.911810247152,5074.165778169627,5077.086349559093,18.253967922474658,2.9205713894664194,21.174539311940862,2
4607,5056.26009675064,5074.553584546087,5075.997795555026,18.293487795447618,1.4442110089383513,19.737698804386127,1
4608,5056.310927417391,5075.997795555026,5076.35655872042,19.68686813763452,0.35876316539485803,20.04563130302904,1
4609,5057.26448548485,5076.35655872042,5078.475164325957,19.092073235569842,2.1186056055367692,21.210678841106528,1
4610,5058.163993982764,5077.086349559093,5079.005747885133,18.92235557632921,1.919398326040158,20.84175390236942,2
4611,5058.826847775849,5078.475164325957,5079.89855714222,19.648316550107666,1.4233928162627782,21.07170936637067,1
4612,5061.11284782802,5079.005747885133,5079.265845391918,17.892900057113366,0.2600975067854177,18.15299756389868,2
4613,5065.6424013598935,5079.265845391918,5080.392750184094,13.623444032024963,1.1269047921762514,14.750348824200955,2
4614,5066.0035731138805,5079.89855714222,5080.084167375966,13.894984028339422,0.1856102337459509,14.08059426208547,1
4615,5066.509313976946,5080.084167375966,5082.141302117618,13.574853399019958,2.057134741651284,15.631988140671638,1
4616,5066.834933501867,5080.392750184094,5080.5547341661095,13.557816682226985,0.16198398201547043,13.71980066424203,2
4617,5068.321482289566,5080.5547341661095,5083.300153360353,12.233251876543363,2.7454191942433646,14.978671070786731,2
4618,5069.3736943431095,5082.141302117618,5096.264538808015,12.767607774508178,14.123236690397132,26.890844464905058,1
4619,5069.4532037581785,5083.300153360353,5088.121444149576,13.84694960217439,4.821290789223153,18.668240391397376,2
4620,5070.570125887976,5088.121444149576,5091.559269519582,17.55131826159959,3.437825370006076,20.989143631605657,2
4621,5072.460596237007,5091.559269519582,5094.44976406132,19.098673282574964,2.8904945417382635,21.989167824312972,2
4622,5072.766414678193,5094.44976406132,5102.297479274417,21.68334938312728,7.84771521309678,29.531064596224496,2
4623,5077.192372384462,5096.264538808015,5096.329052635852,19.072166423552517,0.06451382783768775,19.136680251390317,1
4624,5080.474009097461,5096.329052635852,5104.507053826075,15.855043538391328,8.178001190222545,24.033044728614186,1
4625,5080.776185560623,5102.297479274417,5103.297750481305,21.521293713793966,1.0002712068876827,22.521564920682067,2
4626,5080.851263769509,5103.297750481305,5106.351085035775,22.446486711795842,3.053334554469834,25.499821266265826,2
4627,5081.504962207329,5104.507053826075,5105.983841321381,23.002091618745908,1.4767874953059237,24.47887911405178,1
4628,5082.413985201102,5105.983841321381,5106.387035707505,23.569856120278928,0.4031943861236061,23.973050506402615,1
4629,5082.961739745776,5106.351085035775,5108.549182696434,23.389345289999255,2.198097660659165,25.587442950658442,2
4630,5083.5472238104285,5106.387035707505,5106.7790738997655,22.839811897076288,0.3920381922607669,23.23185008933706,1
4631,5088.00028968407,5106.7790738997655,5106.856904972372,18.77878421569585,0.07783107260600079,18.856615288302237,1
4632,5089.593170843956,5106.856904972372,5109.609823824431,17.263734128416218,2.7529188520595373,20.016652980475556,1
4633,5090.290244465403,5108.549182696434,5108.897810478675,18.258938231031607,0.34862778224037505,18.607566013271935,2
4634,5093.083082084112,5108.897810478675,5112.9249580641335,15.814728394562735,4.027147585458413,19.84187598002154,2
4635,5095.717706887575,5109.609823824431,5111.300450159056,13.892116936855928,1.6906263346249604,15.582743271480467,1
4636,5101.519739837486,5111.300450159056,5112.522155156948,9.78071032157004,1.22170499789224,11.00241531946267,1
4637,5102.162473249284,5112.522155156948,5114.988910253866,10.359681907664708,2.4667550969179315,12.826437004582658,1
4638,5102.698699869673,5112.9249580641335,5113.20460576182,10.22625819446057,0.2796476976865846,10.505905892146984,2
4639,5103.153862997209,5113.20460576182,5115.191539007581,10.050742764610732,1.986933245761089,12.037676010371797,2
4640,5104.2294715885155,5114.988910253866,5116.203311255026,10.759438665350899,1.2144010011595472,11.973839666510685,1
4641,5104.300976817688,5115.191539007581,5115.426783402064,10.89056218989299,0.23524439448278764,11.125806584375823,2
4642,5104.541718041469,5115.426783402064,5116.676773086931,10.885065360595036,1.2499896848663423,12.13505504546174,2
4643,5107.607256729174,5116.203311255026,5118.1804722245215,8.596054525852196,1.9771609694949464,10.57321549534754,1
4644,5107.865531540809,5116.676773086931,5119.442568776876,8.811241546121892,2.765795689945947,11.577037236067554,2
4645,5110.526814734885,5118.1804722245215,5126.300155833689,7.653657489636316,8.119683609167483,15.77334109880394,1
4646,5112.6685269740565,5119.442568776876,5120.055025987235,6.774041802819738,0.6124572103592806,7.386499013178764,2
4647,5112.984960647616,5120.055025987235,5120.0880908678055,7.07006533961885,0.033064880570284526,7.103130220189087,2
4648,5113.270493281224,5120.0880908678055,5120.252675786455,6.817597586581542,0.1645849186499618,6.982182505231322,2
4649,5114.511900128889,5120.252675786455,5121.441815558499,5.740775657566701,1.1891397720436392,6.929915429610446,2
4650,5115.662912286116,5121.441815558499,5121.4763541174,5.778903272383104,0.034538558900592126,5.813441831283853,2
4651,5119.033727013126,5121.4763541174,5124.794493635052,2.4426271042739245,3.3181395176524755,5.76076662192645,2
4652,5121.486705890716,5124.794493635052,5126.048835945962,3.307787744336565,1.254342310910046,4.562130055246598,2
4653,5121.657616320101,5126.048835945962,5127.688123867293,4.391219625861595,1.639287921330953,6.030507547192428,2
4654,5122.877307997335,5126.300155833689,5135.11082424903,3.422847836353867,8.810668415340787,12.23351625169471,1
4655,5123.998325809278,5127.688123867293,5127.996091210807,3.6897980580151852,0.30796734351364224,3.99776540152925,2
4656,5124.303424187902,5127.996091210807,5133.234165007015,3.6926670229049705,5.238073796207524,8.930740819112543,2
4657,5125.537387378266,5133.234165007015,5135.695418804954,7.69677762874835,2.4612537979390536,10.158031426687558,2
4658,5127.388768865097,5135.11082424903,5135.22855577786,7.722055383933366,0.11773152882982561,7.839786912762975,1
4659,5129.341557423704,5135.22855577786,5136.453118536244,5.8869983541553665,1.224562758384553,7.111561112539675,1
4660,5129.730602237201,5135.695418804954,5139.619361589127,5.964816567752678,3.923942784172666,9.888759351925728,2
4661,5130.218270957126,5136.453118536244,5137.129194019894,6.234847579117741,0.6760754836500922,6.910923062768234,1
4662,5132.023408831498,5137.129194019894,5137.287872173337,5.105785188396112,0.1586781534420932,5.264463341838564,1
4663,5132.2560999213165,5137.287872173337,5142.4257832554695,5.031772252020346,5.137911082132282,10.169683334152978,1
4664,5135.363497436555,5139.619361589127,5142.192621240084,4.25586415257203,2.573259650956781,6.829123803529001,2
4665,5136.5558249435135,5142.192621240084,5142.7077211136975,5.636796296570537,0.5150998736136035,6.151896170184045,2
4666,5138.255775707889,5142.4257832554695,5143.049424619651,4.170007547580099,0.6236413641817729,4.79364891176192,1
4667,5140.826425316741,5142.7077211136975,5143.108424615989,1.8812957969566924,0.4007035022917926,2.2819992992481275,2
4668,5141.667544378697,5143.049424619651,5145.6708053441735,1.3818802409541604,2.6213807245225116,4.003260965476329,1
4669,5141.9231484698585,5143.108424615989,5145.648386014196,1.1852761461304908,2.5399613982073523,3.7252375443376877,2
4670,5143.363488683123,5145.648386014196,5145.886825562599,2.284897331072898,0.23843954840325499,2.523336879476119,2
4671,5143.658126093149,5145.6708053441735,5146.94803286841,2.012679251024565,1.2772275242370783,3.289906775261443,1
4672,5144.250009432761,5145.886825562599,5147.640477316434,1.636816129838735,1.7536517538346053,3.3904678836734092,2
4673,5144.980142292625,5146.94803286841,5148.736323012979,1.9678905757855318,1.788290144568434,3.7561807203537683,1
4674,5145.025359128994,5147.640477316434,5148.273106713117,2.6151181874402027,0.6326293966832198,3.247747584123317,2
4675,5145.372659913392,5148.273106713117,5149.598384998987,2.9004467997247048,1.3252782858697083,4.225725085594604,2
4676,5146.029351509058,5148.736323012979,5151.2072874670575,2.706971503920613,2.4709644540789113,5.17793595799958,1
4677,5147.9390378422495,5149.598384998987,5150.590340647961,1.6593471567375673,0.9919556489735457,2.651302805711566,2
4678,5149.587316698854,5150.590340647961,5150.919031244946,1.003023949107046,0.3286905969850256,1.3317145460923712,2
4679,5150.354621026093,5150.919031244946,5151.075338161081,0.5644102188534816,0.15630691613497574,0.7207171349882628,2
4680,5150.951985511853,5151.075338161081,5154.870643166022,0.12335264922785427,3.79530500494083,3.9186576541687828,2
4681,5151.249821657961,5151.249821657961,5155.070160041188,0.0,3.820338383226982,3.8203383832269537,1
4682,5151.531683321598,5154.870643166022,5156.900842096164,3.338959844423698,2.0301989301412204,5.369158774565221,2
4683,5151.656911454334,5155.070160041188,5159.5105603656775,3.4132485868540243,4.440400324490082,7.853648911343953,1
4684,5152.949804059477,5156.900842096164,5158.334417243395,3.951038036686441,1.4335751472319251,5.384613183918191,2
4685,5153.544504312224,5158.334417243395,5161.432236029794,4.789912931171784,3.097818786398181,7.887731717570205,2
4686,5153.6516381550055,5159.5105603656775,5161.018856922536,5.858922210672063,1.5082965568577296,7.367218767530176,1
4687,5154.661011947373,5161.018856922536,5164.052298970684,6.3578449751630615,3.0334420481486313,9.391287023311634,1
4688,5156.863749701865,5161.432236029794,5162.1726648895465,4.56848632792844,0.740428859753098,5.308915187681123,2
4689,5159.523507616126,5162.1726648895465,5162.640806625487,2.6491572734203146,0.46814173594095726,3.117299009360977,2
4690,5161.413249852143,5162.640806625487,5171.744612698964,1.2275567733440766,9.103806073477182,10.331362846821321,2
4691,5162.255632367868,5164.052298970684,5164.851443011903,1.7966666028160034,0.7991440412184956,2.5958106440348274,1
4692,5163.066134297714,5164.851443011903,5165.8237156421455,1.7853087141893411,0.9722726302421003,2.7575813444318555,1
4693,5163.611269892154,5165.8237156421455,5166.605967318676,2.212445749991275,0.7822516765310084,2.9946974265221797,1
4694,5164.601732005921,5166.605967318676,5174.382479422806,2.0042353127555543,7.776512104128902,9.780747416884878,1
4695,5164.9867945723145,5171.744612698964,5171.781699189882,6.757818126649909,0.03708649091766826,6.7949046175672265,2
4696,5166.495552577621,5171.781699189882,5172.061266038039,5.2861466122603815,0.2795668481572269,5.56571346041801,2
4697,5167.380398051121,5172.061266038039,5176.58946950551,4.6808679869182015,4.528203467470989,9.209071454389232,2
4698,5167.734147970217,5174.382479422806,5174.531408578521,6.648331452588536,0.14892915571515125,6.797260608303986,1
4699,5168.171559283019,5174.531408578521,5178.46252045452,6.3598492955024994,3.931111875998363,10.290961171501294,1
4700,5169.430686069858,5176.58946950551,5177.771796607372,7.158783435652367,1.1823271018621762,8.341110537514396,2
4701,5169.931139942176,5177.771796607372,5178.492315471718,7.840656665196548,0.7205188643458249,8.561175529542197,2
4702,5170.414408271221,5178.46252045452,5179.062847790723,8.048112183299054,0.6003273362033329,8.648439519502062,1
4703,5170.621908617358,5178.492315471718,5178.65888941998,7.870406854360226,0.1665739482623085,8.036980802622566,2
4704,5172.637758201356,5178.65888941998,5185.072235793605,6.02113121862476,6.413346373624292,12.434477592249095,2
4705,5174.934883315313,5179.062847790723,5179.776860697897,4.127964475410408,0.7140129071741863,4.841977382584446,1
4706,5175.15711785768,5179.776860697897,5180.454932496302,4.619742840217441,0.6780717984042929,5.297814638622185,1
4707,5181.413539479401,5181.413539479401,5188.704973772559,0.0,7.291434293157692,7.29143429315809,1
4708,5182.08023486604,5185.072235793605,5186.039831900287,2.9920009275647317,0.9675961066824034,3.9595970342470537,2
4709,5184.365415487434,5186.039831900287,5186.237869274417,1.6744164128531338,0.19803737413028227,1.8724537869829874,2
4710,5184.571862611055,5186.237869274417,5187.3282613757265,1.6660066633621682,1.090392101309925,2.756398764671758,2
4711,5185.6502700064775,5187.3282613757265,5187.395270004032,1.6779913692489572,0.06700862830556238,1.7449999975542596,2
4712,5187.888260453387,5187.888260453387,5189.035554588149,0.0,1.1472941347617445,1.147294134761978,2
4713,5188.112191084951,5188.704973772559,5189.770328168306,0.5927826876086328,1.0653543957470006,1.658137083355541,1
4714,5188.912049470131,5189.035554588149,5189.095079296495,0.12350511801832909,0.059524708345307265,0.18302982636396337,2
4715,5189.105417884781,5189.105417884781,5191.842079157991,0.0,2.736661273210423,2.736661273210302,2
4716,5189.59531185673,5189.770328168306,5196.426241783687,0.17501631157574593,6.655913615380772,6.830929926956742,1
4717,5189.9762650783805,5191.842079157991,5192.00721343231,1.8658140796105727,0.16513427431935107,2.030948353929489,2
4718,5190.218156410271,5192.00721343231,5193.992339345624,1.7890570220388327,1.9851259133133918,3.7741829353526555,2
4719,5190.354598585131,5193.992339345624,5194.866170265182,3.637740760493216,0.8738309195574839,4.51157168005102,2
4720,5191.0256924498835,5194.866170265182,5195.2804972553195,3.8404778152980725,0.41432699013784313,4.254804805435924,2
4721,5191.731515499676,5195.2804972553195,5197.014437180744,3.548981755643581,1.7339399254244727,5.282921681067819,2
4722,5192.391531166061,5196.426241783687,5198.723344626638,4.034710617625933,2.297102842951265,6.331813460576996,1
4723,5193.980243546584,5197.014437180744,5197.382453474365,3.0341936341601468,0.3680162936218942,3.402209927781769,2
4724,5195.175658841515,5197.382453474365,5197.904973060225,2.2067946328506878,0.5225195858588663,2.7293142187099875,2
4725,5196.220262740102,5197.904973060225,5199.557525117211,1.6847103201225764,1.6525520569864576,3.337262377109255,2
4726,5197.1270782269,5198.723344626638,5199.1690730555165,1.5962663997379423,0.4457284288785995,2.0419948286162253,1
4727,5198.084673675174,5199.1690730555165,5201.44340835243,1.084399380342802,2.274335296913313,3.358734677256507,1
4728,5199.8989732853315,5199.8989732853315,5203.764310478291,0.0,3.865337192959523,3.865337192959487,2
4729,5200.584639730253,5201.44340835243,5202.579968607259,0.8587686221771946,1.1365602548282796,1.9953288770057043,1
4730,5201.798897266317,5202.579968607259,5213.131699256331,0.7810713409417076,10.551730649072095,11.33280199001365,1
4731,5203.149103323442,5203.764310478291,5203.79566599381,0.6152071548485765,0.031355515518838785,0.6465626703675298,2
4732,5203.498477934205,5203.79566599381,5210.528772054576,0.2971880596051051,6.733106060766052,7.030294120370854,2
4733,5204.190350325263,5210.528772054576,5213.263122041,6.338421729312358,2.7343499864244833,9.072771715736963,2
4734,5204.202248725699,5213.131699256331,5215.716125795601,8.929450530631584,2.584426539271081,11.513877069902264,1
4735,5205.658208083694,5213.263122041,5214.093122054701,7.604913957306053,0.8300000137008868,8.434913971006608,2
4736,5207.219639326345,5214.093122054701,5217.447359900974,6.873482728356066,3.3542378462734237,10.22772057462953,2
4737,5208.685441843768,5215.716125795601,5223.462494000853,7.030683951833453,7.746368205252485,14.777052157085564,1
4738,5209.7728150992725,5217.447359900974,5217.9598215666665,7.674544801701813,0.5124616656917543,8.187006467393985,2
4739,5210.013654899186,5217.9598215666665,5220.277389155066,7.946166667480611,2.317567588399406,10.263734255880081,2
4740,5210.442079180537,5220.277389155066,5221.46001387025,9.835309974529082,1.1826247151842186,11.017934689713002,2
4741,5210.474859027329,5221.46001387025,5228.13772013772,10.985154842920565,6.677706267470024,17.662861110390622,2
4742,5210.916732469182,5223.462494000853,5224.473937086275,12.545761531671815,1.0114430854222163,13.557204617093703,1
4743,5211.703193967924,5224.473937086275,5225.335696454316,12.770743118351675,0.8617593680407853,13.632502486392696,1
4744,5212.822759563536,5225.335696454316,5227.970860319062,12.51293689078011,2.635163864745509,15.148100755525775,1
4745,5213.073619810225,5227.970860319062,5233.971956808937,14.897240508837058,6.0010964898750885,20.898336998711784,1
4746,5213.23484860475,5228.13772013772,5237.261014914446,14.902871532969584,9.123294776725446,24.026166309695327,2
4747,5213.513618064681,5233.971956808937,5234.590922253059,20.458338744255343,0.618965444122574,21.07730418837764,1
4748,5214.450897408438,5234.590922253059,5237.697617544139,20.14002484462071,3.106695291079976,23.246720135700343,1
4749,5215.449692475073,5237.261014914446,5241.580457168929,21.811322439372816,4.319442254482828,26.13076469385578,2
4750,5216.11895978199,5237.697617544139,5238.660327485859,21.578657762148396,0.9627099417201118,22.541367703868673,1
4751,5216.12276356369,5238.660327485859,5239.557501859606,22.537563922169284,0.8971743737472577,23.43473829591676,1
4752,5217.1498978362615,5239.557501859606,5240.192886354728,22.407604023344902,0.6353844951215943,23.0429885184667,1
4753,5217.367034415589,5240.192886354728,5241.639731412983,22.825851939139284,1.4468450582548327,24.272696997393723,1
4754,5218.197840263529,5241.580457168929,5241.839485935005,23.382616905400027,0.25902876607554615,23.641645671476,2
4755,5218.273556098215,5241.639731412983,5242.869496796463,23.366175314768043,1.2297653834806248,24.59594069824834,1
4756,5218.638188440706,5241.839485935005,5247.8093302796415,23.20129749429907,5.969844344636734,29.17114183893591,2
4757,5219.450051838457,5242.869496796463,5243.506206442158,23.419444958006352,0.6367096456949769,24.056154603701543,1
4758,5222.417299331477,5243.506206442158,5246.607609079856,21.088907110681248,3.101402637698273,24.19030974837915,1
4759,5223.34310842443,5246.607609079856,5251.884491708089,23.264500655425763,5.276882628232366,28.541383283658433,1
4760,5223.573437827994,5247.8093302796415,5252.97021904501,24.235892451647487,5.160888765368186,29.396781217015814,2
4761,5227.770036331899,5251.884491708089,5253.731904030803,24.114455376189653,1.8474123227144872,25.961867698903916,1
4762,5228.576666983254,5252.97021904501,5257.8601520500315,24.393552061756054,4.889933005021453,29.283485066777757,2
4763,5229.874164538862,5253.731904030803,5254.068690672552,23.857739491941174,0.3367866417492173,24.194526133690488,1
4764,5231.342465731102,5254.068690672552,5254.35372889596,22.72622494145071,0.28503822340753765,23.011263164858065,1
4765,5231.948363944014,5254.35372889596,5255.130922116605,22.405364951945558,0.7771932206451619,23.18255817259069,1
4766,5232.722283978166,5255.130922116605,5256.548702958443,22.40863813843862,1.417780841837875,23.826418980276685,1
4767,5233.467349782991,5256.548702958443,5260.689954218122,23.081353175452023,4.141251259679038,27.22260443513096,1
4768,5235.740513760172,5257.8601520500315,5259.5719697844515,22.119638289859722,1.7118177344200656,23.83145602427976,2
4769,5236.946091727503,5259.5719697844515,5263.342130065926,22.62587805694875,3.770160281474199,26.39603833842284,2
4770,5237.992212574996,5260.689954218122,5263.201363067255,22.697741643125482,2.511408849133439,25.20915049225914,1
4771,5238.807970698239,5263.201363067255,5263.218411060642,24.39339236901651,0.01704799338643938,24.41044036240328,1
4772,5239.8427728215365,5263.218411060642,5265.253036047834,23.375638239105683,2.0346249871914677,25.410263226297502,1
4773,5239.88878590515,5263.342130065926,5265.147453847409,23.453344160775487,1.8053237814837695,25.258667942259308,2
4774,5240.663315345057,5265.147453847409,5265.960586514958,24.484138502352835,0.8131326675482998,25.29727116990125,2
4775,5244.032419858371,5265.253036047834,5265.413906632061,21.220616189462817,0.16087058422756204,21.381486773690085,1
4776,5244.432778853111,5265.413906632061,5267.8103326736355,20.981127778950395,2.396426041574516,23.377553820524554,1
4777,5244.5816023771,5265.960586514958,5266.302219029235,21.378984137857515,0.34163251427691943,21.720616652134595,2
4778,5245.550610160685,5266.302219029235,5266.521355587706,20.751608868549738,0.21913655847097882,20.97074542702103,2
4779,5247.294319364404,5266.521355587706,5269.864097216082,19.227036223302093,3.3427416283761078,22.569777851677827,2
4780,5249.040572218866,5267.8103326736355,5268.574766687177,18.76976045476931,0.7644340135412808,19.53419446831049,1
4781,5249.279846738875,5268.574766687177,5270.398882970827,19.294919948301867,1.8241162836498257,21.119036231952123,1
4782,5251.281831966022,5269.864097216082,5270.766409024671,18.582265250060118,0.9023118085885224,19.484577058648938,2
4783,5253.572076008037,5270.398882970827,5271.6990118759895,16.826806962790215,1.3001289051623313,18.126935867952852,1
4784,5254.375668205894,5270.766409024671,5271.78726032131,16.390740818776976,1.0208512966393453,17.41159211541617,2
4785,5254.600566366779,5271.6990118759895,5275.174196953351,17.09844550921025,3.4751850773619215,20.573630586572108,1
4786,5254.927361017467,5271.78726032131,5274.315822492314,16.85989930384312,2.528562171003553,19.388461474846736,2
4787,5255.871476475982,5274.315822492314,5276.5118910016035,18.44434601633202,2.19606850929013,20.640414525621964,2
4788,5255.9258588979865,5275.174196953351,5275.608879625491,19.24833805536491,0.4346826721393981,19.6830207275043,1
4789,5258.616044275182,5275.608879625491,5276.019994774388,16.99283535030918,0.4111151488972774,17.403950499206076,1
4790,5259.060847300629,5276.019994774388,5276.095819136107,16.959147473759003,0.07582436171885854,17.034971835478245,1
4791,5259.098100312916,5276.095819136107,5281.269999944864,16.997718823190553,5.174180808757098,22.17189963194778,1
4792,5260.517922835293,5276.5118910016035,5281.393168325977,15.993968166310879,4.881277324373501,20.875245490684392,2
4793,5262.838754352651,5281.269999944864,5287.277455025556,18.43124559221269,6.007455080691995,24.438700672904815,1
4794,5263.633494424088,5281.393168325977,5283.272244917984,17.759673901889073,1.8790765920066252,19.638750493895714,2
4795,5263.863945300503,5283.272244917984,5285.069788494054,19.408299617481134,1.7975435760697926,21.205843193551118,2
4796,5264.335855233648,5285.069788494054,5285.124378777043,20.733933260406047,0.054590282988657285,20.78852354339506,2
4797,5264.581446504244,5285.124378777043,5289.517016350999,20.54293227279868,4.392637573956738,24.935569846755243,2
4798,5267.729940721594,5287.277455025556,5289.839614757249,19.54751430396209,2.5621597316927547,22.10967403565519,1
4799,5267.940706412011,5289.517016350999,5292.097704160293,21.576309938987833,2.580687809293694,24.156997748281356,2
4800,5268.394857241126,5289.839614757249,5291.874396900423,21.44475751612299,2.0347821431731306,23.47953965929628,1
4801,5269.057532405424,5291.874396900423,5292.92053005151,22.8168644949983,1.0461331510866243,23.862997646085205,1
4802,5269.867700233149,5292.097704160293,5300.429807185509,22.230003927144026,8.33210302521658,30.56210695236041,2
4803,5271.446298050403,5292.92053005151,5296.705827352079,21.47423200110643,3.7852973005691224,25.259529301675684,1
4804,5271.57619438971,5296.705827352079,5297.18241130561,25.129632962369215,0.4765839535309872,25.606216915900404,1
4805,5279.677794484816,5297.18241130561,5298.79472210068,17.50461682079367,1.6123107950701496,19.11692761586346,1
4806,5280.765736907573,5298.79472210068,5300.912416390902,18.028985193106564,2.117694290222422,20.146679483328626,1
4807,5280.9781831248965,5300.429807185509,5301.719407224932,19.45162406061263,1.2896000394225826,20.74122410003565,2
4808,5281.323384755669,5300.912416390902,5301.083273886714,19.58903163523246,0.1708574958124561,19.759889131044474,1
4809,5282.46076391777,5301.083273886714,5302.034193607935,18.622509968943632,0.9509197212212802,19.57342969016463,1
4810,5282.568222454373,5301.719407224932,5302.8194885104385,19.151184770558757,1.1000812855065805,20.251266056065106,2
4811,5283.450178457855,5302.034193607935,5302.477594573755,18.584015150079722,0.4434009658195619,19.02741611589954,1
4812,5283.514180539777,5302.477594573755,5304.042182539118,18.963414033977642,1.564587965362948,20.52800199934063,1
4813,5287.500152614978,5302.8194885104385,5304.369987720059,15.319335895460426,1.5504992096200825,16.86983510508071,2
4814,5287.971382752994,5304.042182539118,5304.0713140964135,16.070799786123644,0.02913155729551119,16.099931343419485,1
4815,5288.821104947203,5304.0713140964135,5308.091607203443,15.250209149210605,4.020293107029795,19.270502256240434,1
4816,5289.051011266266,5304.369987720059,5306.681814318983,15.318976453792857,2.3118265989241973,17.630803052717056,2
4817,5289.539035040208,5306.681814318983,5311.807750043387,17.14277927877538,5.125935724404676,22.26871500317975,2
4818,5289.940872333084,5308.091607203443,5314.779861640528,18.150734870358974,6.688254437085042,24.838989307443626,1
4819,5291.827308328861,5311.807750043387,5312.0482796035285,19.980441714526023,0.24052956014087926,20.220971274667136,2
4820,5292.499305850121,5312.0482796035285,5313.612369682065,19.548973753407154,1.564090078536377,21.11306383194369,2
4821,5293.290432748685,5313.612369682065,5316.743935572685,20.32193693338013,3.131565890620052,23.45350282399977,2
4822,5293.510277448319,5314.779861640528,5318.142022420419,21.26958419220864,3.362160779891605,24.631744972100023,1
4823,5293.815788859518,5316.743935572685,5317.165250976929,22.928146713166825,0.4213154042447843,23.34946211741135,2
4824,5296.095181806961,5317.165250976929,5319.533236867048,21.07006916996852,2.367985890118289,23.43805506008721,2
4825,5298.079008363848,5318.142022420419,5324.439717826073,20.063014056571774,6.29769540565423,26.360709462225714,1
4826,5299.497616455807,5319.533236867048,5320.987755694233,20.035620411241325,1.4545188271847527,21.49013923842631,2
4827,5299.915130099839,5320.987755694233,5321.051785504766,21.072625594393685,0.06402981053271545,21.136655404926387,2
4828,5300.559355702109,5321.051785504766,5323.326052687219,20.49242980265626,2.2742671824534826,22.766696985109775,2
4829,5301.053027470065,5323.326052687219,5327.895567078852,22.2730252171541,4.569514391633154,26.842539608786865,2
4830,5302.63298582946,5324.439717826073,5328.20887046372,21.806731996613053,3.7691526376467257,25.575884634259637,1
4831,5303.794535077934,5327.895567078852,5330.795098356852,24.101032000918167,2.89953127800014,27.00056327891798,2
4832,5305.165932809953,5328.20887046372,5328.451828130687,23.042937653766785,0.24295766696776508,23.2858953207342,1
4833,5306.1345039017315,5328.451828130687,5330.1462653922235,22.31732422895584,1.6944372615362429,24.011761490492063,1
4834,5308.999417195237,5330.1462653922235,5332.5584167329835,21.146848196986866,2.4121513407602095,23.558999537746786,1
4835,5309.3256638522835,5330.795098356852,5334.5153326017025,21.4694345045682,3.7202342448511065,25.18966874941907,2
4836,5310.973534171023,5332.5584167329835,5334.624413993846,21.584882561960512,2.065997260862418,23.6508798228233,1
4837,5312.585795084796,5334.5153326017025,5339.60497364983,21.92953751690675,5.089641048127359,27.019178565034053,2
4838,5313.091883006332,5334.624413993846,5338.006271719392,21.532530987514292,3.3818577255458115,24.91438871306036,1
4839,5313.37959651746,5338.006271719392,5344.5835948463055,24.626675201931903,6.57732312691331,31.203998328845046,1
4840,5314.005915594373,5339.60497364983,5340.362253710498,25.599058055457135,0.7572800606684714,26.3563381161257,2
4841,5314.081517768037,5340.362253710498,5344.295210562919,26.280735942461433,3.9329568524203937,30.213692794882263,2
4842,5314.089110098421,5344.295210562919,5346.293294176246,30.206100464498377,1.998083613326164,32.20418407782472,2
4843,5315.430407962409,5344.5835948463055,5345.101648630644,29.153186883896524,0.518053784338611,29.67124066823544,1
4844,5315.680946240812,5345.101648630644,5345.630179145382,29.420702389832513,0.5285305147368277,29.949232904569726,1
4845,5316.204613853503,5345.630179145382,5352.635753782536,29.42556529187823,7.005574637154509,36.431139929032724,1
4846,5317.131823735176,5346.293294176246,5347.408664731588,29.16147044106947,1.1153705553427364,30.27684099641192,2
4847,5318.202950404243,5347.408664731588,5348.619381082694,29.20571432734505,1.2107163511061976,30.416430678451434,2
4848,5320.802895515028,5348.619381082694,5349.69442308999,27.81648556766686,1.0750420072954385,28.89152757496231,2
4849,5324.53768138517,5349.69442308999,5350.0848043615015,25.15674170481998,0.39038127151164587,25.547122976331593,2
4850,5329.316192600653,5350.0848043615015,5350.142203285645,20.768611760848216,0.05739892414412124,20.82601068499207,2
4851,5329.700897747549,5350.142203285645,5350.981301083687,20.441305538096458,0.8390977980413353,21.28040333613808,2
4852,5332.4787178047845,5350.981301083687,5354.082378744749,18.50258327890242,3.101077661062151,21.603660939964357,2
4853,5333.857673395143,5352.635753782536,5353.719682820357,18.778080387392947,1.0839290378204607,19.862009425213728,1
4854,5334.313758532165,5353.719682820357,5355.868580819662,19.405924288192182,2.148897999305618,21.5548222874977,1
4855,5334.564436108069,5354.082378744749,5358.43862555614,19.517942636680345,4.356246811391585,23.874189448071775,2
4856,5335.675504303307,5355.868580819662,5360.366192402594,20.193076516355177,4.497611582931307,24.69068809928649,1
4857,5336.335368994933,5358.43862555614,5360.073969775712,22.103256561207672,1.6353442195713326,23.738600780779052,2
4858,5338.81362758958,5360.073969775712,5360.544890562978,21.26034218613131,0.47092078726657877,21.73126297339786,2
4859,5339.077623072566,5360.366192402594,5363.238016466565,21.288569330027713,2.8718240639707067,24.160393393998675,1
4860,5340.739643707496,5360.544890562978,5362.092382002747,19.805246855482437,1.5474914397690582,21.352738295251584,2
4861,5342.230741181689,5362.092382002747,5362.580962491594,19.861640821058245,0.48858048884621763,20.350221309904555,2
4862,5342.349017679679,5362.580962491594,5362.969608145081,20.231944811915128,0.3886456534875767,20.62059046540253,2
4863,5344.702858253146,5362.969608145081,5367.326631426668,18.266749891935433,4.357023281587053,22.62377317352275,2
4864,5344.994942780166,5363.238016466565,5364.158186788541,18.24307368639893,0.9201703219763153,19.16324400837493,1
4865,5345.192903552809,5364.158186788541,5365.654342096499,18.965283235731476,1.4961553079584267,20.461438543689837,1
4866,5346.999150686521,5365.654342096499,5367.5342922520595,18.655191409978215,1.8799501555607707,20.53514156553865,1
4867,5347.198944716989,5367.326631426668,5367.352127324263,20.127686709679438,0.025495897594305938,20.153182607274175,2
4868,5350.032292303398,5367.352127324263,5368.8429892643035,17.319835020864957,1.4908619400405714,18.81069696090526,2
4869,5350.043414872091,5367.5342922520595,5368.237394581421,17.49087737996888,0.7031023293612925,18.19397970933005,1
4870,5350.380470609613,5368.237394581421,5369.464209876238,17.85692397180719,1.22681529481687,19.083739266624434,1
4871,5351.0269018069075,5368.8429892643035,5372.09460565588,17.816087457395952,3.2516163915757215,21.067703848972087,2
4872,5351.6497153283435,5369.464209876238,5369.681104783993,17.814494547894355,0.21689490775535636,18.031389455649332,1
4873,5352.650387573219,5369.681104783993,5370.392988640238,17.030717210774128,0.711883856245641,17.742601067019677,1
4874,5353.872300940008,5370.392988640238,5370.550567164512,16.520687700230155,0.15757852427422955,16.678266224504114,1
4875,5358.944510368734,5370.550567164512,5370.817454767256,11.606056795778386,0.26688760274359147,11.872944398522122,1
4876,5359.1996032716825,5370.817454767256,5371.462417447435,11.617851495573632,0.6449626801787343,12.262814175752283,1
4877,5359.330698795504,5371.462417447435,5376.12893255875,12.131718651930896,4.666515111315459,16.79823376324657,1
4878,5362.2709834308325,5372.09460565588,5372.278980788242,9.823622225047075,0.1843751323621015,10.007997357409295,2
4879,5362.299788448459,5372.278980788242,5372.893999558374,9.979192339782458,0.615018770132563,10.594211109914795,2
4880,5364.187476092972,5372.893999558374,5379.086485578532,8.706523465401915,6.192486020158287,14.899009485559873,2
4881,5364.526399934092,5376.12893255875,5377.883308594142,11.602532624658124,1.7543760353923612,13.356908660050067,1
4882,5364.9930422524685,5377.883308594142,5385.417916956616,12.89026634167385,7.534608362473558,20.42487470414744,1
4883,5368.722759614367,5379.086485578532,5379.098672331777,10.363725964165496,0.01218675324491838,10.375912717410756,2
4884,5370.134941813225,5379.098672331777,5379.964524793053,8.963730518552438,0.8658524612757793,9.829582979828047,2
4885,5370.598222471162,5379.964524793053,5382.714253329801,9.366302321890544,2.7497285367478774,12.116030858638624,2
4886,5371.590708630502,5382.714253329801,5382.957880706391,11.12354469929869,0.24362737659005668,11.367172075888448,2
4887,5371.664121064106,5382.957880706391,5383.013817586404,11.293759642284385,0.055936880012933496,11.349696522297563,2
4888,5372.524431477699,5383.013817586404,5383.018360337489,10.48938610870482,0.00454275108493772,10.493928859789776,2
4889,5373.51081653255,5383.018360337489,5385.99176640037,9.507543804938905,2.973406062880297,12.480949867819618,2
4890,5375.154095584802,5385.417916956616,5388.554500047638,10.26382137181372,3.136583091022023,13.400404462835468,1
4891,5375.470010350225,5385.99176640037,5386.449349574758,10.521756050145086,0.45758317438900636,10.97933922453376,2
4892,5377.097097479971,5386.449349574758,5387.470571842922,9.352252094787218,1.02122226816432,10.373474362951129,2
4893,5378.525291813297,5387.470571842922,5388.337764394189,8.945280029624882,0.8671925512669498,9.812472580892063,2
4894,5379.664504946333,5388.337764394189,5389.776107555511,8.673259447856253,1.4383431613217137,10.11160260917768,2
4895,5380.4762281281355,5388.554500047638,5389.492732667243,8.078271919502185,0.9382326196053018,9.0165045391077,1
4896,5382.176596592871,5389.492732667243,5390.677263830892,7.31613607437248,1.184531163649267,8.500667238021379,1
4897,5382.483639737135,5389.776107555511,5390.3366298987485,7.292467818376281,0.5605223432375033,7.852990161613889,2
4898,5382.912579837391,5390.3366298987485,5393.099245532471,7.424050061357775,2.762615633722991,10.186665695080592,2
4899,5383.133387872433,5390.677263830892,5393.1811362250855,7.543875958459466,2.503872394193142,10.047748352652889,1
4900,5384.558526112321,5393.099245532471,5394.896647876963,8.540719420150708,1.7974023444910632,10.338121764641983,2
4901,5385.270080830774,5393.1811362250855,5397.0414934614555,7.911055394311916,3.8603572363702323,11.77141263068188,1
4902,5386.904278759508,5394.896647876963,5395.630238254986,7.992369117454473,0.7335903780232385,8.725959495477582,2
4903,5388.199140632336,5395.630238254986,5397.120169586521,7.431097622649759,1.4899313315358875,8.921028954185203,2
4904,5389.344708192412,5397.0414934614555,5398.550546726981,7.6967852690431755,1.5090532655255349,9.205838534569011,1
4905,5391.501633154708,5397.120169586521,5398.0163531569615,5.618536431813482,0.8961835704401261,6.514720002253853,2
4906,5391.847883623796,5398.0163531569615,5400.555200716258,6.16846953316508,2.5388475592959683,8.70731709246138,2
4907,5393.775814497956,5398.550546726981,5399.317998886861,4.774732229025176,0.7674521598787828,5.5421843889043885,1
4908,5394.380460210416,5399.317998886861,5402.207392207629,4.937538676445001,2.8893933207682756,7.826931997213251,1
4909,5395.75634789223,5400.555200716258,5402.086200290853,4.798852824027563,1.530999574595516,6.3298523986231885,2
4910,5396.044145309249,5402.086200290853,5402.361328999181,6.042054981604451,0.27512870832728564,6.3171836899318805,2
4911,5398.743779628996,5402.207392207629,5404.275879824284,3.4636125786328193,2.0684876166555424,5.532100195287967,1
4912,5398.777399713313,5402.361328999181,5402.443193534335,3.58392928586818,0.08186453515341524,3.665793821021907,2
4913,5400.425871485528,5402.443193534335,5408.999381574219,2.017322048806818,6.556188039884627,8.573510088691364,2
4914,5400.968420588854,5404.275879824284,5405.908393675879,3.307459235429633,1.6325138515950315,4.939973087024555,1
4915,5401.09293255558,5405.908393675879,5409.649014909325,4.815461120299005,3.7406212334463356,8.556082353745296,1
4916,5401.79827266326,5408.999381574219,5409.634934290169,7.201108910959192,0.6355527159501363,7.8366616269095175,2
4917,5401.918942199845,5409.634934290169,5411.863509776388,7.715992090324107,2.2285754862183924,9.944567576542795,2
4918,5402.036880985161,5409.649014909325,5410.168110172841,7.612133924164482,0.5190952635153956,8.13122918768022,1
4919,5402.210629207754,5410.168110172841,5410.256885465054,7.957480965086688,0.08877529221335653,8.046256257300229,1
4920,5402.255680981888,5410.256885465054,5410.743367331762,8.001204483166475,0.4864818667076288,8.487686349873911,1
4921,5403.3460347197615,5410.743367331762,5411.111558247181,7.397332612000355,0.36819091541913707,7.765523527419646,1
4922,5403.843407754873,5411.111558247181,5413.050861040772,7.26815049230845,1.939302793590834,9.207453285899646,1
4923,5404.28003437065,5411.863509776388,5413.139770729816,7.583475405737772,1.2762609534277363,8.859736359165254,2
4924,5405.867364768398,5413.050861040772,5416.136556802607,7.183496272374214,3.085695761834718,10.269192034208572,1
4925,5405.929920822143,5413.139770729816,5413.512519864998,7.209849907672833,0.37274913518186614,7.582599042854781,2
4926,5407.3146137293925,5413.512519864998,5413.9205056118735,6.197906135605081,0.4079857468755741,6.605891882481046,2
4927,5407.900692791388,5413.9205056118735,5420.820519282954,6.01981282048564,6.90001367108005,12.9198264915658,2
4928,5410.228829350787,5416.136556802607,5416.880922086527,5.907727451819483,0.7443652839205473,6.652092735739643,1
4929,5410.608863959433,5416.880922086527,5423.178669128194,6.272058127094169,6.297747041666761,12.569805168761377,1
4930,5412.172468877977,5420.820519282954,5420.95940990038,8.648050404976857,0.13889061742607364,8.78694102240297,2
4931,5412.693679536534,5420.95940990038,5421.220274682671,8.26573036384616,0.260864782290831,8.52659514613697,2
4932,5414.795425574675,5421.220274682671,5429.311588198392,6.424849107995215,8.091313515721712,14.51616262371681,2
4933,5415.628120129004,5423.178669128194,5427.0965512968205,7.550548999190141,3.917882168626612,11.468431167816561,1
4934,5416.774886768108,5427.0965512968205,5427.5661299918165,10.321664528712063,0.46957869499593125,10.79124322370808,1
4935,5417.632300754818,5427.5661299918165,5430.437867676393,9.933829236998463,2.8717376845762668,12.80556692157461,1
4936,5418.0373182913945,5429.311588198392,5429.637818649583,11.274269906997688,0.3262304511907425,11.600500358188583,2
4937,5418.174211301162,5429.637818649583,5439.086059523226,11.463607348420737,9.448240873643293,20.91184822206378,2
4938,5420.223260614726,5430.437867676393,5433.660301554192,10.214607061666356,3.2224338777999804,13.437040939465987,1
4939,5421.06350381012,5433.660301554192,5434.8309902546025,12.596797744072319,1.1706887004102444,13.767486444482529,1
4940,5422.5603686477325,5434.8309902546025,5438.196556912077,12.270621606870009,3.3655666574742407,15.636188264344128,1
4941,5422.58677108718,5438.196556912077,5439.063660147945,15.60978582489679,0.8671032358682095,16.476889060764734,1
4942,5423.823935843529,5439.063660147945,5442.302357037259,15.239724304415176,3.2386968893140256,18.478421193729446,1
4943,5425.34381952143,5439.086059523226,5439.339622557066,13.742240001795835,0.25356303383973705,13.995803035635618,2
4944,5425.528203605293,5439.339622557066,5445.028195368448,13.811418951772794,5.688572811381861,19.499991763154867,2
4945,5428.943907008696,5442.302357037259,5443.200211640435,13.358450028562402,0.8978546031759171,14.256304631738203,1
4946,5429.867940640319,5443.200211640435,5443.695074636036,13.332271000115725,0.4948629956014979,13.827133995717304,1
4947,5430.403284976486,5443.695074636036,5447.510070172912,13.291789659549977,3.8149955368754944,17.106785196425335,1
4948,5430.968776262097,5445.028195368448,5446.2048818195735,14.059419106351015,1.1766864511255486,15.236105557476549,2
4949,5434.961770040774,5446.2048818195735,5446.900751322697,11.243111778799175,0.6958695031238096,11.938981281922679,2
4950,5435.760960782724,5446.900751322697,5446.985868136324,11.139790539972637,0.08511681362720917,11.22490735359952,2
4951,5435.769673920788,5446.985868136324,5449.215783063624,11.216194215536234,2.229914927300548,13.446109142836576,2
4952,5435.831701400983,5447.510070172912,5448.441777954165,11.678368771928945,0.9317077812540813,12.610076553182807,1
4953,5436.449106996094,5448.441777954165,5448.516540042093,11.992670958071358,0.07476208792775164,12.067433045998769,1
4954,5436.478733601299,5448.516540042093,5449.762402167874,12.037806440794157,1.2458621257812534,13.283668566575216,1
4955,5437.720113372684,5449.215783063624,5457.827523321987,11.495669690940304,8.611740258363472,20.107409949303474,2
4956,5440.9436048055095,5449.762402167874,5451.41123286629,8.818797362364421,1.6488306984162524,10.467628060780953,1
4957,5441.2486139340945,5451.41123286629,5452.5899695036405,10.162618932195983,1.1787366373503694,11.341355569546067,1
4958,5441.262076065546,5452.5899695036405,5453.685994474532,11.32789343809418,1.0960249708918122,12.423918408985628,1
4959,5441.397703582568,5453.685994474532,5458.611467673808,12.288290891963698,4.925473199275569,17.213764091239682,1
4960,5441.8212562531535,5457.827523321987,5462.991608269944,16.00626706883395,5.164084947956188,21.170352016790275,2
4961,5441.833878812857,5458.611467673808,5460.0812089777555,16.777588860951255,1.4697413039477092,18.247330164898813,1
4962,5443.721581651075,5460.0812089777555,5461.674508158219,16.35962732668031,1.59329918046393,17.952926507144184,1
4963,5444.449123492398,5461.674508158219,5462.024347412229,17.225384665821366,0.34983925400984694,17.575223919830933,1
4964,5445.392344592826,5462.024347412229,5462.122436949041,16.63200281940317,0.09808953681171916,16.73009235621521,1
4965,5446.560476343198,5462.122436949041,5465.6369373378175,15.561960605842614,3.5145003887768818,19.076460994619083,1
4966,5450.600687294465,5462.991608269944,5466.549968683986,12.390920975478366,3.5583604140422573,15.949281389520365,2
4967,5452.884242012243,5465.6369373378175,5469.631906578245,12.752695325574678,3.994969240428014,16.74766456600264,1
4968,5454.817182715578,5466.549968683986,5466.709151814228,11.73278596840737,0.15918313024230601,11.891969098649497,2
4969,5454.822291006094,5466.709151814228,5467.056298260377,11.88686080813386,0.3471464461489276,12.234007254282915,2
4970,5455.8034340369495,5467.056298260377,5467.666439129263,11.252864223427423,0.6101408688861593,11.86300509231387,2
4971,5456.493509092374,5467.666439129263,5469.458760990137,11.172930036889738,1.7923218608743081,12.965251897763665,2
4972,5458.539653727916,5469.458760990137,5469.482216700057,10.919107262221587,0.023455709919700824,10.942562972140877,2
4973,5458.671072195934,5469.482216700057,5469.903823280773,10.81114450412224,0.421606580716601,11.232751084839038,2
4974,5458.880026484678,5469.631906578245,5470.86455416403,10.751880093567706,1.232647585784848,11.98452767935214,1
4975,5459.0291625844,5469.903823280773,5470.863452449058,10.874660696373212,0.9596291682845437,11.834289864657876,2
4976,5459.803926555832,5470.863452449058,5473.996970075174,11.059525893226237,3.1335176261160615,14.19304351934261,2
4977,5459.940739834153,5470.86455416403,5472.022616635663,10.923814329877132,1.1580624716331598,12.081876801510589,1
4978,5462.200832247414,5472.022616635663,5473.509416802318,9.821784388249398,1.486800166654962,11.308584554903973,1
4979,5467.222636305293,5473.509416802318,5475.600432829782,6.286780497024665,2.0910160274639957,8.377796524488986,1
4980,5468.832865837432,5473.996970075174,5474.814227956848,5.164104237742322,0.8172578816736916,5.98136211941619,2
4981,5471.4154388168945,5474.814227956848,5475.5920066985955,3.3987891399538057,0.777778741746783,4.176567881700976,2
4982,5471.566712400678,5475.5920066985955,5480.430524456814,4.025294297917753,4.838517758218712,8.86381205613634,2
4983,5473.7683859426315,5475.600432829782,5481.1158077315595,1.8320468871506819,5.51537490177718,7.347421788927932,1
4984,5474.046972826871,5480.430524456814,5482.759150707716,6.383551629943213,2.328626250901424,8.712177880845047,2
4985,5475.871712894756,5481.1158077315595,5486.8659623405065,5.244094836803924,5.750154608947292,10.994249445750938,1
4986,5476.074178777942,5482.759150707716,5485.4999504615025,6.684971929774292,2.740799753786934,9.425771683560924,2
4987,5476.871484493506,5485.4999504615025,5486.310113722302,8.628465967996817,0.8101632607992681,9.438629228796344,2
4988,5477.553293665409,5486.310113722302,5486.733675152782,8.756820056893048,0.4235614304802411,9.18038148737287,2
4989,5479.346501816857,5486.733675152782,5489.203143498814,7.387173335924672,2.469468346031919,9.856641681956717,2
4990,5480.279628161131,5486.8659623405065,5493.7808717832095,6.586334179375626,6.914909442702866,13.501243622078619,1
4991,5481.376711854605,5489.203143498814,5491.486046897115,7.826431644209151,2.2829033983010434,10.109335042509883,2
4992,5483.247404016618,5491.486046897115,5491.558031259729,8.238642880496627,0.07198436261481979,8.310627243111412,2
4993,5483.546041061069,5491.558031259729,5496.305979903451,8.011990198659987,4.747948643721036,12.759938842381416,2
4994,5485.2977606394215,5493.7808717832095,5493.798181170432,8.483111143787937,0.01730938722256573,8.500420531010604,1
4995,5485.437827259669,5493.798181170432,5494.37273139416,8.360353910763479,0.5745502237274877,8.934904134491262,1
4996,5486.006207703916,5494.37273139416,5497.842793132575,8.366523690244321,3.4700617384146857,11.836585428659419,1
4997,5486.022588609233,5496.305979903451,5497.96793074987,10.283391294217836,1.6619508464192638,11.945342140636967,2
4998,5486.631755057071,5497.842793132575,5500.069104052537,11.211038075503893,2.2263109199618683,13.437348995465982,1
4999,5487.625416062929,5497.96793074987,5498.6816797303645,10.342514686941286,0.7137489804947502,11.056263667435815,2
5000,5487.759916585155,5498.6816797303645,5499.5054435440825,10.921763145209297,0.8237638137176351,11.745526958927258,2
