time,event,working,spares,broken,repair_queue,busy_repairers,good_machines
1.9471860169745714,failure,10,2,1,0,1,12
4.396109058031424,repair_complete,10,3,0,0,0,13
33.92384793983403,failure,10,2,1,0,1,12
34.126433917781235,repair_complete,10,3,0,0,0,13
35.59332818050892,failure,10,2,1,0,1,12
37.05234039179768,repair_complete,10,3,0,0,0,13
49.3234167163084,failure,10,2,1,0,1,12
50.98478007694679,repair_complete,10,3,0,0,0,13
53.82891198314606,failure,10,2,1,0,1,12
55.384575973677165,repair_complete,10,3,0,0,0,13
64.00699210596817,failure,10,2,1,0,1,12
65.36887372066872,repair_complete,10,3,0,0,0,13
103.55338054197617,failure,10,2,1,0,1,12
104.06739562111275,failure,10,1,2,1,1,11
108.44966521130365,repair_complete,10,2,1,0,1,12
108.79566605577376,repair_complete,10,3,0,0,0,13
111.66623624138464,failure,10,2,1,0,1,12
111.98391361899708,repair_complete,10,3,0,0,0,13
128.99255865672794,failure,10,2,1,0,1,12
129.8748333230117,repair_complete,10,3,0,0,0,13
135.32490414628379,failure,10,2,1,0,1,12
135.779421434116,repair_complete,10,3,0,0,0,13
138.15148161049095,failure,10,2,1,0,1,12
139.4041209204754,repair_complete,10,3,0,0,0,13
142.0093600391377,failure,10,2,1,0,1,12
142.2235363912652,repair_complete,10,3,0,0,0,13
147.63140079825186,failure,10,2,1,0,1,12
148.97018605071625,repair_complete,10,3,0,0,0,13
153.97235439895059,failure,10,2,1,0,1,12
154.45927694474784,repair_complete,10,3,0,0,0,13
183.2834091922304,failure,10,2,1,0,1,12
184.59837079508685,repair_complete,10,3,0,0,0,13
188.27890643406963,failure,10,2,1,0,1,12
189.9601521588266,failure,10,1,2,1,1,11
190.061842423898,repair_complete,10,2,1,0,1,12
190.8973373907369,repair_complete,10,3,0,0,0,13
192.7458223313339,failure,10,2,1,0,1,12
193.2015705202335,repair_complete,10,3,0,0,0,13
205.37653670720317,failure,10,2,1,0,1,12
205.6701689648835,repair_complete,10,3,0,0,0,13
213.78207243477866,failure,10,2,1,0,1,12
216.46857214119743,repair_complete,10,3,0,0,0,13
226.68981790037688,failure,10,2,1,0,1,12
227.1757126140899,repair_complete,10,3,0,0,0,13
229.88753868086977,failure,10,2,1,0,1,12
230.60861708437025,repair_complete,10,3,0,0,0,13
232.24295428423977,failure,10,2,1,0,1,12
234.21451470263798,repair_complete,10,3,0,0,0,13
239.44733974207514,failure,10,2,1,0,1,12
239.45438252258563,repair_complete,10,3,0,0,0,13
241.1905988326421,failure,10,2,1,0,1,12
241.68499920133496,failure,10,1,2,1,1,11
242.34781029929195,repair_complete,10,2,1,0,1,12
242.58747737455937,repair_complete,10,3,0,0,0,13
252.76849278364307,failure,10,2,1,0,1,12
252.90207180786098,failure,10,1,2,1,1,11
254.5406472027181,failure,10,0,3,2,1,10
254.7173280079389,repair_complete,10,1,2,1,1,11
255.27665408756735,repair_complete,10,2,1,0,1,12
255.28000338424363,repair_complete,10,3,0,0,0,13
256.88243796264544,failure,10,2,1,0,1,12
259.4953165777852,repair_complete,10,3,0,0,0,13
260.302284273602,failure,10,2,1,0,1,12
261.2865557148618,failure,10,1,2,1,1,11
261.8001856131692,repair_complete,10,2,1,0,1,12
262.1821087668322,repair_complete,10,3,0,0,0,13
299.20909542457673,failure,10,2,1,0,1,12
299.5072857456653,repair_complete,10,3,0,0,0,13
308.3899451521985,failure,10,2,1,0,1,12
308.9916793724338,repair_complete,10,3,0,0,0,13
321.11770198646667,failure,10,2,1,0,1,12
321.7100510314027,repair_complete,10,3,0,0,0,13
341.82406139219455,failure,10,2,1,0,1,12
344.7951639705946,repair_complete,10,3,0,0,0,13
349.7559779932898,failure,10,2,1,0,1,12
349.92356597349533,failure,10,1,2,1,1,11
352.39763878226404,failure,10,0,3,2,1,10
354.8350981811329,repair_complete,10,1,2,1,1,11
357.59963358590375,repair_complete,10,2,1,0,1,12
358.3726442653546,failure,10,1,2,1,1,11
358.6565677013806,repair_complete,10,2,1,0,1,12
358.91586506705585,repair_complete,10,3,0,0,0,13
369.5927771948176,failure,10,2,1,0,1,12
369.64238053662416,repair_complete,10,3,0,0,0,13
376.7278051627,failure,10,2,1,0,1,12
376.8500026034331,repair_complete,10,3,0,0,0,13
384.65272425158616,failure,10,2,1,0,1,12
384.88316069246247,repair_complete,10,3,0,0,0,13
386.81637647329546,failure,10,2,1,0,1,12
387.3032290329453,repair_complete,10,3,0,0,0,13
400.58776886283385,failure,10,2,1,0,1,12
401.9206815270013,repair_complete,10,3,0,0,0,13
404.6080951644409,failure,10,2,1,0,1,12
404.6801744359659,repair_complete,10,3,0,0,0,13
426.0306094111048,failure,10,2,1,0,1,12
426.17648470032736,repair_complete,10,3,0,0,0,13
428.2874807960795,failure,10,2,1,0,1,12
430.09259957797923,repair_complete,10,3,0,0,0,13
474.4647251824047,failure,10,2,1,0,1,12
474.7031961534392,repair_complete,10,3,0,0,0,13
481.54702732050214,failure,10,2,1,0,1,12
483.20425458291993,failure,10,1,2,1,1,11
484.1026481767089,repair_complete,10,2,1,0,1,12
485.3079906655381,repair_complete,10,3,0,0,0,13
493.886268617841,failure,10,2,1,0,1,12
494.51331844599844,repair_complete,10,3,0,0,0,13
498.84585343924164,failure,10,2,1,0,1,12
498.9535704460152,repair_complete,10,3,0,0,0,13
499.9348685725573,failure,10,2,1,0,1,12
501.1661580017297,repair_complete,10,3,0,0,0,13
501.29695106102866,failure,10,2,1,0,1,12
502.1115083561298,repair_complete,10,3,0,0,0,13
516.63951050764,failure,10,2,1,0,1,12
517.4815937348895,repair_complete,10,3,0,0,0,13
519.2869497258082,failure,10,2,1,0,1,12
519.6295707458153,repair_complete,10,3,0,0,0,13
524.8771981902618,failure,10,2,1,0,1,12
525.223184936774,repair_complete,10,3,0,0,0,13
535.1165075507953,failure,10,2,1,0,1,12
535.3855190225078,repair_complete,10,3,0,0,0,13
553.9124396586045,failure,10,2,1,0,1,12
554.1419507485456,repair_complete,10,3,0,0,0,13
558.8545224201397,failure,10,2,1,0,1,12
561.4316473061759,repair_complete,10,3,0,0,0,13
567.0524026704363,failure,10,2,1,0,1,12
567.4260661066363,repair_complete,10,3,0,0,0,13
575.0092809696857,failure,10,2,1,0,1,12
575.2771212329509,repair_complete,10,3,0,0,0,13
578.0500352265084,failure,10,2,1,0,1,12
578.2088552402845,repair_complete,10,3,0,0,0,13
578.8271770056396,failure,10,2,1,0,1,12
581.3123682154882,repair_complete,10,3,0,0,0,13
589.8885136842132,failure,10,2,1,0,1,12
590.4483437183602,repair_complete,10,3,0,0,0,13
591.0903622015031,failure,10,2,1,0,1,12
594.2742432335584,repair_complete,10,3,0,0,0,13
601.6608788893724,failure,10,2,1,0,1,12
602.570088513126,repair_complete,10,3,0,0,0,13
613.1441425544591,failure,10,2,1,0,1,12
616.2011360409616,failure,10,1,2,1,1,11
616.3146794695137,repair_complete,10,2,1,0,1,12
616.5542594519524,repair_complete,10,3,0,0,0,13
634.1257537717198,failure,10,2,1,0,1,12
637.0923478529145,repair_complete,10,3,0,0,0,13
641.1476329449422,failure,10,2,1,0,1,12
642.6839640215485,repair_complete,10,3,0,0,0,13
656.1328269688315,failure,10,2,1,0,1,12
657.6508723076513,repair_complete,10,3,0,0,0,13
672.8644783833321,failure,10,2,1,0,1,12
673.5469308429745,repair_complete,10,3,0,0,0,13
679.3996629708674,failure,10,2,1,0,1,12
680.0028458182475,repair_complete,10,3,0,0,0,13
684.0778998930672,failure,10,2,1,0,1,12
684.4831235736938,failure,10,1,2,1,1,11
685.3733868880242,repair_complete,10,2,1,0,1,12
686.4626085203688,repair_complete,10,3,0,0,0,13
709.553020627924,failure,10,2,1,0,1,12
709.8024817452454,repair_complete,10,3,0,0,0,13
713.2997395610034,failure,10,2,1,0,1,12
713.3908493547792,repair_complete,10,3,0,0,0,13
715.3824268876697,failure,10,2,1,0,1,12
715.552387119032,repair_complete,10,3,0,0,0,13
718.5945091517502,failure,10,2,1,0,1,12
719.6870995579332,repair_complete,10,3,0,0,0,13
721.0925349747818,failure,10,2,1,0,1,12
721.9558005398279,repair_complete,10,3,0,0,0,13
728.3789331980164,failure,10,2,1,0,1,12
728.4251985070795,repair_complete,10,3,0,0,0,13
732.2680629934665,failure,10,2,1,0,1,12
732.9308018376142,repair_complete,10,3,0,0,0,13
757.8683807199017,failure,10,2,1,0,1,12
758.342258993195,repair_complete,10,3,0,0,0,13
771.1575932334812,failure,10,2,1,0,1,12
771.1741347749444,repair_complete,10,3,0,0,0,13
786.1202345240343,failure,10,2,1,0,1,12
786.542840286399,repair_complete,10,3,0,0,0,13
797.9735571309614,failure,10,2,1,0,1,12
798.7968124310339,repair_complete,10,3,0,0,0,13
824.4264410184542,failure,10,2,1,0,1,12
824.8881559034281,repair_complete,10,3,0,0,0,13
826.9499812062166,failure,10,2,1,0,1,12
827.8971199273867,repair_complete,10,3,0,0,0,13
831.1185197765149,failure,10,2,1,0,1,12
831.336648275618,repair_complete,10,3,0,0,0,13
832.4347893150047,failure,10,2,1,0,1,12
832.7371320771224,repair_complete,10,3,0,0,0,13
836.2821343722277,failure,10,2,1,0,1,12
836.529879068878,failure,10,1,2,1,1,11
837.0714112873638,repair_complete,10,2,1,0,1,12
839.2759715338839,repair_complete,10,3,0,0,0,13
856.4522567598251,failure,10,2,1,0,1,12
857.6713819205512,repair_complete,10,3,0,0,0,13
860.858576475974,failure,10,2,1,0,1,12
861.9465714331242,repair_complete,10,3,0,0,0,13
868.5702777716899,failure,10,2,1,0,1,12
869.0177860903939,repair_complete,10,3,0,0,0,13
891.7499757362804,failure,10,2,1,0,1,12
892.7509117126441,repair_complete,10,3,0,0,0,13
907.1281569394429,failure,10,2,1,0,1,12
909.2427900966081,repair_complete,10,3,0,0,0,13
934.9170844567839,failure,10,2,1,0,1,12
935.2528353790348,repair_complete,10,3,0,0,0,13
943.0450690373324,failure,10,2,1,0,1,12
943.1269946601161,repair_complete,10,3,0,0,0,13
966.8860529794699,failure,10,2,1,0,1,12
967.4566669641922,repair_complete,10,3,0,0,0,13
977.3450911149091,failure,10,2,1,0,1,12
978.9572462142742,repair_complete,10,3,0,0,0,13
983.7423794525042,failure,10,2,1,0,1,12
983.9553379567977,repair_complete,10,3,0,0,0,13
988.9097875101868,failure,10,2,1,0,1,12
989.6172088941177,failure,10,1,2,1,1,11
990.4392888023659,repair_complete,10,2,1,0,1,12
990.8924864969899,repair_complete,10,3,0,0,0,13
1001.3809206212647,failure,10,2,1,0,1,12
1002.149771305281,repair_complete,10,3,0,0,0,13
1006.2266062983005,failure,10,2,1,0,1,12
1007.2112878268053,repair_complete,10,3,0,0,0,13
1017.1764373869082,failure,10,2,1,0,1,12
1017.904372337286,repair_complete,10,3,0,0,0,13
1028.8837765070712,failure,10,2,1,0,1,12
1029.4228660435344,repair_complete,10,3,0,0,0,13
1030.7126643955921,failure,10,2,1,0,1,12
1031.5229675466794,repair_complete,10,3,0,0,0,13
1045.1534358452914,failure,10,2,1,0,1,12
1046.1551440936937,repair_complete,10,3,0,0,0,13
1061.2371380987465,failure,10,2,1,0,1,12
1061.5315816219445,repair_complete,10,3,0,0,0,13
1069.5559900578608,failure,10,2,1,0,1,12
1069.9032617657294,failure,10,1,2,1,1,11
1070.7399119824267,repair_complete,10,2,1,0,1,12
1071.1265087422346,failure,10,1,2,1,1,11
1072.7076775141682,repair_complete,10,2,1,0,1,12
1073.809480197517,repair_complete,10,3,0,0,0,13
1078.3037090793475,failure,10,2,1,0,1,12
1081.692629956984,repair_complete,10,3,0,0,0,13
1087.4777594837674,failure,10,2,1,0,1,12
1088.4201299346942,repair_complete,10,3,0,0,0,13
1093.1381156885889,failure,10,2,1,0,1,12
1096.440606249951,repair_complete,10,3,0,0,0,13
1098.7082470525256,failure,10,2,1,0,1,12
1100.82140038157,repair_complete,10,3,0,0,0,13
1107.717896932916,failure,10,2,1,0,1,12
1109.8192622744227,repair_complete,10,3,0,0,0,13
1185.047629929208,failure,10,2,1,0,1,12
1185.8084312497965,repair_complete,10,3,0,0,0,13
1186.8780683653954,failure,10,2,1,0,1,12
1188.6772932373913,repair_complete,10,3,0,0,0,13
1189.2899046773632,failure,10,2,1,0,1,12
1189.6910534461535,repair_complete,10,3,0,0,0,13
1191.5678296652304,failure,10,2,1,0,1,12
1191.6383440266522,repair_complete,10,3,0,0,0,13
1197.492196757002,failure,10,2,1,0,1,12
1197.5770601921977,repair_complete,10,3,0,0,0,13
1220.8079020312064,failure,10,2,1,0,1,12
1221.9613101422296,repair_complete,10,3,0,0,0,13
1224.0119668102157,failure,10,2,1,0,1,12
1224.7148472657052,failure,10,1,2,1,1,11
1226.608515817498,failure,10,0,3,2,1,10
1227.3054087514402,repair_complete,10,1,2,1,1,11
1228.5955652636756,repair_complete,10,2,1,0,1,12
1229.097805317741,repair_complete,10,3,0,0,0,13
1230.8628716616743,failure,10,2,1,0,1,12
1232.1108164312209,repair_complete,10,3,0,0,0,13
1249.7267059765836,failure,10,2,1,0,1,12
1252.525870678989,repair_complete,10,3,0,0,0,13
1281.0740718222569,failure,10,2,1,0,1,12
1281.3792600383058,repair_complete,10,3,0,0,0,13
1286.0037473940406,failure,10,2,1,0,1,12
1286.983348270254,repair_complete,10,3,0,0,0,13
1315.5766778978623,failure,10,2,1,0,1,12
1315.6143820561729,repair_complete,10,3,0,0,0,13
1327.9476065044948,failure,10,2,1,0,1,12
1328.352306201656,repair_complete,10,3,0,0,0,13
1333.237491709223,failure,10,2,1,0,1,12
1333.5089375611863,repair_complete,10,3,0,0,0,13
1350.623680003373,failure,10,2,1,0,1,12
1350.653028559263,failure,10,1,2,1,1,11
1351.0917169945794,repair_complete,10,2,1,0,1,12
1351.9295998093703,repair_complete,10,3,0,0,0,13
1353.7536142929316,failure,10,2,1,0,1,12
1354.0712019618868,repair_complete,10,3,0,0,0,13
1370.7548525252064,failure,10,2,1,0,1,12
1370.7799545415558,repair_complete,10,3,0,0,0,13
1404.2279521796602,failure,10,2,1,0,1,12
1404.881157558515,repair_complete,10,3,0,0,0,13
1415.4154002975956,failure,10,2,1,0,1,12
1415.8407371768888,repair_complete,10,3,0,0,0,13
1422.7352680926163,failure,10,2,1,0,1,12
1422.8465410903984,repair_complete,10,3,0,0,0,13
1438.2729187307673,failure,10,2,1,0,1,12
1438.3273879259166,failure,10,1,2,1,1,11
1438.3427121259472,repair_complete,10,2,1,0,1,12
1440.3219067088003,repair_complete,10,3,0,0,0,13
1450.6392497369638,failure,10,2,1,0,1,12
1451.5518167526086,repair_complete,10,3,0,0,0,13
1476.3377917855364,failure,10,2,1,0,1,12
1477.7617231074435,repair_complete,10,3,0,0,0,13
1509.7649459461204,failure,10,2,1,0,1,12
1510.347345648555,repair_complete,10,3,0,0,0,13
1521.6639410562013,failure,10,2,1,0,1,12
1522.8206165573347,repair_complete,10,3,0,0,0,13
1527.4372274936675,failure,10,2,1,0,1,12
1529.6227609264167,repair_complete,10,3,0,0,0,13
1532.7666910835753,failure,10,2,1,0,1,12
1533.3937835518996,repair_complete,10,3,0,0,0,13
1540.3783973307325,failure,10,2,1,0,1,12
1541.825658743947,failure,10,1,2,1,1,11
1542.6516193069638,failure,10,0,3,2,1,10
1543.0679431230708,repair_complete,10,1,2,1,1,11
1544.2792170259252,repair_complete,10,2,1,0,1,12
1544.9664413420687,repair_complete,10,3,0,0,0,13
1575.970280176024,failure,10,2,1,0,1,12
1577.907140287355,repair_complete,10,3,0,0,0,13
1603.0496996139657,failure,10,2,1,0,1,12
1603.2110755179253,repair_complete,10,3,0,0,0,13
1604.532836232937,failure,10,2,1,0,1,12
1606.4253009461684,repair_complete,10,3,0,0,0,13
1610.6210973771185,failure,10,2,1,0,1,12
1611.0968101256929,repair_complete,10,3,0,0,0,13
1630.1662772248196,failure,10,2,1,0,1,12
1630.7902308277542,repair_complete,10,3,0,0,0,13
1634.5072899310157,failure,10,2,1,0,1,12
1635.5481524743834,repair_complete,10,3,0,0,0,13
1636.8201679594647,failure,10,2,1,0,1,12
1637.6341984302933,repair_complete,10,3,0,0,0,13
1650.8986393139865,failure,10,2,1,0,1,12
1651.5354949655623,repair_complete,10,3,0,0,0,13
1672.3711696831967,failure,10,2,1,0,1,12
1672.3925061286307,repair_complete,10,3,0,0,0,13
1678.514526269657,failure,10,2,1,0,1,12
1680.1555756276077,repair_complete,10,3,0,0,0,13
1684.236612226817,failure,10,2,1,0,1,12
1684.3190930394544,repair_complete,10,3,0,0,0,13
1686.77818810789,failure,10,2,1,0,1,12
1688.4971608606488,repair_complete,10,3,0,0,0,13
1718.4631146431152,failure,10,2,1,0,1,12
1719.2532884057753,repair_complete,10,3,0,0,0,13
1719.3227587661274,failure,10,2,1,0,1,12
1720.1160804687693,repair_complete,10,3,0,0,0,13
1726.730651998209,failure,10,2,1,0,1,12
1727.303041576897,repair_complete,10,3,0,0,0,13
1730.2904900697733,failure,10,2,1,0,1,12
1730.3421018413824,repair_complete,10,3,0,0,0,13
1731.7606472143427,failure,10,2,1,0,1,12
1731.9008747625226,repair_complete,10,3,0,0,0,13
1734.225876077897,failure,10,2,1,0,1,12
1734.2897337321813,repair_complete,10,3,0,0,0,13
1735.7694943407103,failure,10,2,1,0,1,12
1736.3219265807525,repair_complete,10,3,0,0,0,13
1746.626587135262,failure,10,2,1,0,1,12
1747.246971937415,failure,10,1,2,1,1,11
1748.08004337154,repair_complete,10,2,1,0,1,12
1749.665243414327,repair_complete,10,3,0,0,0,13
1750.3610018660943,failure,10,2,1,0,1,12
1751.69619922928,failure,10,1,2,1,1,11
1752.182024970784,repair_complete,10,2,1,0,1,12
1752.8346996128369,repair_complete,10,3,0,0,0,13
1753.8517824434596,failure,10,2,1,0,1,12
1755.39224615671,repair_complete,10,3,0,0,0,13
1780.7766238335632,failure,10,2,1,0,1,12
1780.8544429815306,repair_complete,10,3,0,0,0,13
1781.8312282350826,failure,10,2,1,0,1,12
1782.6516476345491,repair_complete,10,3,0,0,0,13
1790.5240591624693,failure,10,2,1,0,1,12
1790.603969785797,repair_complete,10,3,0,0,0,13
1799.1598202360076,failure,10,2,1,0,1,12
1799.410007225681,repair_complete,10,3,0,0,0,13
1810.7274628447901,failure,10,2,1,0,1,12
1811.4751419057177,repair_complete,10,3,0,0,0,13
1819.8917588673821,failure,10,2,1,0,1,12
1820.3590728109673,repair_complete,10,3,0,0,0,13
1820.4906012773167,failure,10,2,1,0,1,12
1821.7504896739608,repair_complete,10,3,0,0,0,13
1834.1556420937877,failure,10,2,1,0,1,12
1836.0671243727159,repair_complete,10,3,0,0,0,13
1849.1931280004057,failure,10,2,1,0,1,12
1850.3281995427392,repair_complete,10,3,0,0,0,13
1862.454001036909,failure,10,2,1,0,1,12
1862.8609027497876,repair_complete,10,3,0,0,0,13
1865.1495180090676,failure,10,2,1,0,1,12
1867.1770270118152,repair_complete,10,3,0,0,0,13
1868.905337894445,failure,10,2,1,0,1,12
1869.3371861881144,repair_complete,10,3,0,0,0,13
1871.6083071358446,failure,10,2,1,0,1,12
1872.419491299886,failure,10,1,2,1,1,11
1873.3601780101915,repair_complete,10,2,1,0,1,12
1875.3542872020325,repair_complete,10,3,0,0,0,13
1893.6306520887963,failure,10,2,1,0,1,12
1894.183120084157,repair_complete,10,3,0,0,0,13
1909.528278022885,failure,10,2,1,0,1,12
1909.7725188601185,repair_complete,10,3,0,0,0,13
1910.9896717651861,failure,10,2,1,0,1,12
1911.1351309220452,repair_complete,10,3,0,0,0,13
1923.0008601167608,failure,10,2,1,0,1,12
1924.278119342909,repair_complete,10,3,0,0,0,13
1938.427013036378,failure,10,2,1,0,1,12
1938.8039475993432,repair_complete,10,3,0,0,0,13
1939.2800713688107,failure,10,2,1,0,1,12
1939.7896318511507,repair_complete,10,3,0,0,0,13
1942.2556201442549,failure,10,2,1,0,1,12
1943.8059348386328,failure,10,1,2,1,1,11
1945.5144700728315,repair_complete,10,2,1,0,1,12
1946.2748474949017,repair_complete,10,3,0,0,0,13
1949.5847192419235,failure,10,2,1,0,1,12
1949.9913997057772,repair_complete,10,3,0,0,0,13
1957.1398889859727,failure,10,2,1,0,1,12
1958.6469965933318,repair_complete,10,3,0,0,0,13
1982.8835605215968,failure,10,2,1,0,1,12
1983.111443065183,failure,10,1,2,1,1,11
1983.463232466712,failure,10,0,3,2,1,10
1984.142354488399,repair_complete,10,1,2,1,1,11
1984.686523972664,repair_complete,10,2,1,0,1,12
1987.5771402722685,repair_complete,10,3,0,0,0,13
1998.8988717394657,failure,10,2,1,0,1,12
1999.6891870092188,repair_complete,10,3,0,0,0,13
2026.579019571294,failure,10,2,1,0,1,12
2027.6497202195324,repair_complete,10,3,0,0,0,13
2049.964840382591,failure,10,2,1,0,1,12
2050.272464569105,repair_complete,10,3,0,0,0,13
2051.0310466575756,failure,10,2,1,0,1,12
2052.8736550295594,repair_complete,10,3,0,0,0,13
2052.957964384652,failure,10,2,1,0,1,12
2053.0095670769406,repair_complete,10,3,0,0,0,13
2054.5413320469047,failure,10,2,1,0,1,12
2054.7065990954993,repair_complete,10,3,0,0,0,13
2062.099868172255,failure,10,2,1,0,1,12
2062.9157767888473,repair_complete,10,3,0,0,0,13
2063.2977376851104,failure,10,2,1,0,1,12
2065.662517787295,failure,10,1,2,1,1,11
2065.66793031619,repair_complete,10,2,1,0,1,12
2066.2818064025646,repair_complete,10,3,0,0,0,13
2069.1010962551786,failure,10,2,1,0,1,12
2069.6723642946063,failure,10,1,2,1,1,11
2070.2719779701065,repair_complete,10,2,1,0,1,12
2070.8837403324733,repair_complete,10,3,0,0,0,13
2074.106038830967,failure,10,2,1,0,1,12
2076.067143822711,repair_complete,10,3,0,0,0,13
2101.7810545634547,failure,10,2,1,0,1,12
2101.8877568040134,repair_complete,10,3,0,0,0,13
2114.415259894677,failure,10,2,1,0,1,12
2114.42397680905,repair_complete,10,3,0,0,0,13
2135.05671721409,failure,10,2,1,0,1,12
2136.948078483622,repair_complete,10,3,0,0,0,13
2153.6351037615314,failure,10,2,1,0,1,12
2153.948407932435,repair_complete,10,3,0,0,0,13
2173.3535887857865,failure,10,2,1,0,1,12
2173.587520510377,repair_complete,10,3,0,0,0,13
2173.926596208684,failure,10,2,1,0,1,12
2174.1938531094243,repair_complete,10,3,0,0,0,13
2184.4690985246025,failure,10,2,1,0,1,12
2184.661862611437,repair_complete,10,3,0,0,0,13
2209.7389091279515,failure,10,2,1,0,1,12
2210.4305368310447,repair_complete,10,3,0,0,0,13
2219.4431029367447,failure,10,2,1,0,1,12
2219.8882370990336,repair_complete,10,3,0,0,0,13
2228.110420514529,failure,10,2,1,0,1,12
2228.492332766443,repair_complete,10,3,0,0,0,13
2246.38034263957,failure,10,2,1,0,1,12
2246.7807100350456,repair_complete,10,3,0,0,0,13
2255.1184709838844,failure,10,2,1,0,1,12
2255.668957733851,repair_complete,10,3,0,0,0,13
2283.6351535281847,failure,10,2,1,0,1,12
2285.6223275415928,repair_complete,10,3,0,0,0,13
2290.3091179320536,failure,10,2,1,0,1,12
2290.485739875863,repair_complete,10,3,0,0,0,13
2295.966593876624,failure,10,2,1,0,1,12
2296.4706620756347,repair_complete,10,3,0,0,0,13
2304.4323483611906,failure,10,2,1,0,1,12
2306.5626114310917,repair_complete,10,3,0,0,0,13
2312.3405998820404,failure,10,2,1,0,1,12
2314.4919883042726,repair_complete,10,3,0,0,0,13
2319.951964040753,failure,10,2,1,0,1,12
2321.742979705509,repair_complete,10,3,0,0,0,13
2334.76368112523,failure,10,2,1,0,1,12
2335.0127161368705,repair_complete,10,3,0,0,0,13
2335.5196008842217,failure,10,2,1,0,1,12
2335.640223858638,repair_complete,10,3,0,0,0,13
2342.440795441614,failure,10,2,1,0,1,12
2342.6531433049418,repair_complete,10,3,0,0,0,13
2350.6246677887257,failure,10,2,1,0,1,12
2351.1593815165293,repair_complete,10,3,0,0,0,13
2360.164900120564,failure,10,2,1,0,1,12
2360.6674380302406,repair_complete,10,3,0,0,0,13
2362.0175577272926,failure,10,2,1,0,1,12
2362.714064190418,repair_complete,10,3,0,0,0,13
2372.1184272577566,failure,10,2,1,0,1,12
2373.2002593404877,repair_complete,10,3,0,0,0,13
2379.9023356364664,failure,10,2,1,0,1,12
2381.892252364056,repair_complete,10,3,0,0,0,13
2396.002853981385,failure,10,2,1,0,1,12
2396.4108750093083,repair_complete,10,3,0,0,0,13
2413.045024143633,failure,10,2,1,0,1,12
2413.0821526579734,repair_complete,10,3,0,0,0,13
2420.23672712388,failure,10,2,1,0,1,12
2420.770111468535,repair_complete,10,3,0,0,0,13
2423.1268965470135,failure,10,2,1,0,1,12
2424.8873955860195,repair_complete,10,3,0,0,0,13
2436.4370065402477,failure,10,2,1,0,1,12
2437.955843688639,repair_complete,10,3,0,0,0,13
2470.777583280221,failure,10,2,1,0,1,12
2470.995803504956,repair_complete,10,3,0,0,0,13
2488.704181758218,failure,10,2,1,0,1,12
2489.553857957233,repair_complete,10,3,0,0,0,13
2500.140189428647,failure,10,2,1,0,1,12
2500.728755687685,repair_complete,10,3,0,0,0,13
2507.5059360244836,failure,10,2,1,0,1,12
2509.2615893613647,repair_complete,10,3,0,0,0,13
2511.380058333025,failure,10,2,1,0,1,12
2511.5887676714597,repair_complete,10,3,0,0,0,13
2512.4323498538447,failure,10,2,1,0,1,12
2512.586391860585,repair_complete,10,3,0,0,0,13
2513.0679909515507,failure,10,2,1,0,1,12
2513.75877258685,repair_complete,10,3,0,0,0,13
2526.1693553131227,failure,10,2,1,0,1,12
2528.1514254324748,repair_complete,10,3,0,0,0,13
2544.5982109193287,failure,10,2,1,0,1,12
2544.96582844463,repair_complete,10,3,0,0,0,13
2562.5195989076474,failure,10,2,1,0,1,12
2562.6053286554284,repair_complete,10,3,0,0,0,13
2576.399362732289,failure,10,2,1,0,1,12
2576.992609927947,repair_complete,10,3,0,0,0,13
2583.297395730033,failure,10,2,1,0,1,12
2583.6374932059593,repair_complete,10,3,0,0,0,13
2606.1773871408122,failure,10,2,1,0,1,12
2606.393117338875,repair_complete,10,3,0,0,0,13
2612.1078369754114,failure,10,2,1,0,1,12
2612.512112389245,repair_complete,10,3,0,0,0,13
2614.3646215035815,failure,10,2,1,0,1,12
2614.5756682413876,repair_complete,10,3,0,0,0,13
2632.314796897536,failure,10,2,1,0,1,12
2632.792602767434,repair_complete,10,3,0,0,0,13
2633.7580600462793,failure,10,2,1,0,1,12
2633.8212014402857,failure,10,1,2,1,1,11
2635.1307636918664,repair_complete,10,2,1,0,1,12
2635.915045862337,repair_complete,10,3,0,0,0,13
2646.364520129511,failure,10,2,1,0,1,12
2647.0730395046967,failure,10,1,2,1,1,11
2647.474437225398,failure,10,0,3,2,1,10
2648.410345388557,repair_complete,10,1,2,1,1,11
2649.321604788425,repair_complete,10,2,1,0,1,12
2649.6662660083725,repair_complete,10,3,0,0,0,13
2661.162074076189,failure,10,2,1,0,1,12
2661.5788332115017,repair_complete,10,3,0,0,0,13
2680.1913807927954,failure,10,2,1,0,1,12
2680.200412630262,repair_complete,10,3,0,0,0,13
2683.7565805992176,failure,10,2,1,0,1,12
2685.103261858612,repair_complete,10,3,0,0,0,13
2689.1500594250847,failure,10,2,1,0,1,12
2690.592311032663,repair_complete,10,3,0,0,0,13
2700.6730683726623,failure,10,2,1,0,1,12
2702.9523713435606,failure,10,1,2,1,1,11
2704.126384561061,repair_complete,10,2,1,0,1,12
2707.2709557162934,repair_complete,10,3,0,0,0,13
2707.8512660198257,failure,10,2,1,0,1,12
2707.8648051591554,failure,10,1,2,1,1,11
2708.7744877954237,repair_complete,10,2,1,0,1,12
2709.1800898871106,repair_complete,10,3,0,0,0,13
2711.143544198874,failure,10,2,1,0,1,12
2711.8721825140788,repair_complete,10,3,0,0,0,13
2721.2988429729485,failure,10,2,1,0,1,12
2721.802391678089,repair_complete,10,3,0,0,0,13
2726.3052882071365,failure,10,2,1,0,1,12
2727.279338406923,repair_complete,10,3,0,0,0,13
2741.4695559670167,failure,10,2,1,0,1,12
2742.073885741973,failure,10,1,2,1,1,11
2743.2119580291164,failure,10,0,3,2,1,10
2744.7574758283163,repair_complete,10,1,2,1,1,11
2746.503452196675,repair_complete,10,2,1,0,1,12
2748.316478635701,repair_complete,10,3,0,0,0,13
2750.426460122043,failure,10,2,1,0,1,12
2752.0637625112877,failure,10,1,2,1,1,11
2752.4714340859955,repair_complete,10,2,1,0,1,12
2754.052040919328,repair_complete,10,3,0,0,0,13
2755.553436870011,failure,10,2,1,0,1,12
2757.7880304661776,repair_complete,10,3,0,0,0,13
2760.4024888337854,failure,10,2,1,0,1,12
2761.123158356976,repair_complete,10,3,0,0,0,13
2775.8761091131782,failure,10,2,1,0,1,12
2776.692917956956,repair_complete,10,3,0,0,0,13
2798.3212223227188,failure,10,2,1,0,1,12
2798.377170251889,repair_complete,10,3,0,0,0,13
2824.479620869506,failure,10,2,1,0,1,12
2825.292763127189,repair_complete,10,3,0,0,0,13
2827.7868287969222,failure,10,2,1,0,1,12
2829.3174241108054,repair_complete,10,3,0,0,0,13
2849.608449152692,failure,10,2,1,0,1,12
2849.832913066063,repair_complete,10,3,0,0,0,13
2853.046633946168,failure,10,2,1,0,1,12
2854.575458680026,repair_complete,10,3,0,0,0,13
2858.984287433345,failure,10,2,1,0,1,12
2859.405030941234,repair_complete,10,3,0,0,0,13
2865.0490174419183,failure,10,2,1,0,1,12
2865.6845093708357,repair_complete,10,3,0,0,0,13
2883.0678315677746,failure,10,2,1,0,1,12
2883.2918344704003,repair_complete,10,3,0,0,0,13
2893.4488598534317,failure,10,2,1,0,1,12
2898.802697329088,repair_complete,10,3,0,0,0,13
2903.4140188855768,failure,10,2,1,0,1,12
2904.6811365910253,repair_complete,10,3,0,0,0,13
2927.4733648543297,failure,10,2,1,0,1,12
2928.2135980347057,repair_complete,10,3,0,0,0,13
2941.387630431255,failure,10,2,1,0,1,12
2941.8489740431255,repair_complete,10,3,0,0,0,13
2951.533312119292,failure,10,2,1,0,1,12
2952.2251162460752,failure,10,1,2,1,1,11
2952.554580894206,repair_complete,10,2,1,0,1,12
2953.4927438137083,repair_complete,10,3,0,0,0,13
2992.273266577062,failure,10,2,1,0,1,12
2992.2993435671783,repair_complete,10,3,0,0,0,13
2997.8789074670103,failure,10,2,1,0,1,12
2998.005339504366,repair_complete,10,3,0,0,0,13
3018.6707110845136,failure,10,2,1,0,1,12
3019.9717169664054,repair_complete,10,3,0,0,0,13
3027.959343393755,failure,10,2,1,0,1,12
3029.6988860868933,repair_complete,10,3,0,0,0,13
3034.2135538272837,failure,10,2,1,0,1,12
3036.284175078132,repair_complete,10,3,0,0,0,13
3046.1997983475894,failure,10,2,1,0,1,12
3046.7753470101493,repair_complete,10,3,0,0,0,13
3051.774574534372,failure,10,2,1,0,1,12
3052.062943251449,repair_complete,10,3,0,0,0,13
3052.869525826533,failure,10,2,1,0,1,12
3053.6381740278584,repair_complete,10,3,0,0,0,13
3056.6264954013704,failure,10,2,1,0,1,12
3057.255285053533,repair_complete,10,3,0,0,0,13
3066.3527772119346,failure,10,2,1,0,1,12
3066.7791908099366,repair_complete,10,3,0,0,0,13
3082.0493776700105,failure,10,2,1,0,1,12
3082.0885254184855,repair_complete,10,3,0,0,0,13
3083.512843277395,failure,10,2,1,0,1,12
3083.896299109149,repair_complete,10,3,0,0,0,13
3124.3528958810743,failure,10,2,1,0,1,12
3125.2513331558907,repair_complete,10,3,0,0,0,13
3129.9607729938093,failure,10,2,1,0,1,12
3130.0135631605135,repair_complete,10,3,0,0,0,13
3134.784067565259,failure,10,2,1,0,1,12
3137.058457560756,failure,10,1,2,1,1,11
3137.2829588197233,repair_complete,10,2,1,0,1,12
3139.537794288858,repair_complete,10,3,0,0,0,13
3150.551336458151,failure,10,2,1,0,1,12
3151.5477258403675,repair_complete,10,3,0,0,0,13
3162.784027460033,failure,10,2,1,0,1,12
3163.280858463176,repair_complete,10,3,0,0,0,13
3163.527928329037,failure,10,2,1,0,1,12
3164.237991109116,repair_complete,10,3,0,0,0,13
3165.962974845517,failure,10,2,1,0,1,12
3166.2010177959887,repair_complete,10,3,0,0,0,13
3176.712362844912,failure,10,2,1,0,1,12
3177.0985725929577,repair_complete,10,3,0,0,0,13
3183.793204064449,failure,10,2,1,0,1,12
3186.4311577378166,repair_complete,10,3,0,0,0,13
3187.278920403315,failure,10,2,1,0,1,12
3187.3078263682282,repair_complete,10,3,0,0,0,13
3189.5520919900896,failure,10,2,1,0,1,12
3190.801310005912,repair_complete,10,3,0,0,0,13
3205.566458997353,failure,10,2,1,0,1,12
3207.7381609935564,repair_complete,10,3,0,0,0,13
3236.7449026401496,failure,10,2,1,0,1,12
3236.7492083110023,failure,10,1,2,1,1,11
3237.3131176737243,repair_complete,10,2,1,0,1,12
3237.8238409057763,repair_complete,10,3,0,0,0,13
3254.2219114309914,failure,10,2,1,0,1,12
3254.5280973219155,repair_complete,10,3,0,0,0,13
3271.951710029041,failure,10,2,1,0,1,12
3273.53152579646,repair_complete,10,3,0,0,0,13
3277.7864288992428,failure,10,2,1,0,1,12
3279.1198188884896,repair_complete,10,3,0,0,0,13
3281.4358709158905,failure,10,2,1,0,1,12
3281.9931027051207,repair_complete,10,3,0,0,0,13
3290.128571195116,failure,10,2,1,0,1,12
3291.095052161461,repair_complete,10,3,0,0,0,13
3305.779261042076,failure,10,2,1,0,1,12
3306.9440780365735,repair_complete,10,3,0,0,0,13
3337.589551065616,failure,10,2,1,0,1,12
3337.883326128557,repair_complete,10,3,0,0,0,13
3339.282533314362,failure,10,2,1,0,1,12
3339.5011882874805,repair_complete,10,3,0,0,0,13
3344.937189307674,failure,10,2,1,0,1,12
3347.135411858054,repair_complete,10,3,0,0,0,13
3354.966525483853,failure,10,2,1,0,1,12
3355.5069525755202,repair_complete,10,3,0,0,0,13
3362.79930837166,failure,10,2,1,0,1,12
3363.900562093305,repair_complete,10,3,0,0,0,13
3365.738624181786,failure,10,2,1,0,1,12
3366.682965207266,repair_complete,10,3,0,0,0,13
3378.0289008626314,failure,10,2,1,0,1,12
3379.559435652389,repair_complete,10,3,0,0,0,13
3384.85548801133,failure,10,2,1,0,1,12
3385.2866039592654,failure,10,1,2,1,1,11
3386.1489961112334,repair_complete,10,2,1,0,1,12
3386.2046921477317,repair_complete,10,3,0,0,0,13
3389.368916448301,failure,10,2,1,0,1,12
3389.600031017952,failure,10,1,2,1,1,11
3390.1171793449266,repair_complete,10,2,1,0,1,12
3391.2676743827055,repair_complete,10,3,0,0,0,13
3396.980002773799,failure,10,2,1,0,1,12
3399.640768548371,failure,10,1,2,1,1,11
3400.0423768364576,repair_complete,10,2,1,0,1,12
3400.605325693712,repair_complete,10,3,0,0,0,13
3403.181428559166,failure,10,2,1,0,1,12
3405.334707237885,repair_complete,10,3,0,0,0,13
3406.597570044138,failure,10,2,1,0,1,12
3408.556251315349,repair_complete,10,3,0,0,0,13
3425.636527900965,failure,10,2,1,0,1,12
3425.926864733201,repair_complete,10,3,0,0,0,13
3427.246819544124,failure,10,2,1,0,1,12
3427.423939779509,repair_complete,10,3,0,0,0,13
3430.886831057324,failure,10,2,1,0,1,12
3431.406112664134,repair_complete,10,3,0,0,0,13
3444.995078107487,failure,10,2,1,0,1,12
3445.0925901805526,repair_complete,10,3,0,0,0,13
3452.432075872659,failure,10,2,1,0,1,12
3452.451467584602,repair_complete,10,3,0,0,0,13
3459.2222212109637,failure,10,2,1,0,1,12
3461.1405943846357,repair_complete,10,3,0,0,0,13
3476.8332065379836,failure,10,2,1,0,1,12
3477.170097391412,repair_complete,10,3,0,0,0,13
3480.0438563622533,failure,10,2,1,0,1,12
3480.090261682007,repair_complete,10,3,0,0,0,13
3483.201296840859,failure,10,2,1,0,1,12
3486.601924197179,repair_complete,10,3,0,0,0,13
3492.4685471729063,failure,10,2,1,0,1,12
3492.8775900880173,repair_complete,10,3,0,0,0,13
3496.7456128798794,failure,10,2,1,0,1,12
3496.9612027497687,repair_complete,10,3,0,0,0,13
3500.1203303775715,failure,10,2,1,0,1,12
3504.556170477478,repair_complete,10,3,0,0,0,13
3507.313896470733,failure,10,2,1,0,1,12
3507.4445883904777,repair_complete,10,3,0,0,0,13
3510.1553672058426,failure,10,2,1,0,1,12
3512.768828734725,repair_complete,10,3,0,0,0,13
3519.680287851341,failure,10,2,1,0,1,12
3521.2927572198446,repair_complete,10,3,0,0,0,13
3542.9539427370364,failure,10,2,1,0,1,12
3543.3100847908063,repair_complete,10,3,0,0,0,13
3556.8960336843707,failure,10,2,1,0,1,12
3558.081807850357,repair_complete,10,3,0,0,0,13
3570.108534412115,failure,10,2,1,0,1,12
3570.2543848090045,repair_complete,10,3,0,0,0,13
3577.305017600556,failure,10,2,1,0,1,12
3577.6753767652403,repair_complete,10,3,0,0,0,13
3584.9781323691964,failure,10,2,1,0,1,12
3585.662903961258,repair_complete,10,3,0,0,0,13
3589.759464634662,failure,10,2,1,0,1,12
3591.111205071568,repair_complete,10,3,0,0,0,13
3599.8690389970175,failure,10,2,1,0,1,12
3600.751509919799,repair_complete,10,3,0,0,0,13
3624.402128028007,failure,10,2,1,0,1,12
3624.5922957896883,repair_complete,10,3,0,0,0,13
3625.879220441932,failure,10,2,1,0,1,12
3626.288571822102,repair_complete,10,3,0,0,0,13
3648.8443965015153,failure,10,2,1,0,1,12
3649.0264250343544,repair_complete,10,3,0,0,0,13
3660.798327227063,failure,10,2,1,0,1,12
3661.1425276657565,repair_complete,10,3,0,0,0,13
3667.6273406652235,failure,10,2,1,0,1,12
3669.194921428573,repair_complete,10,3,0,0,0,13
3707.947311322594,failure,10,2,1,0,1,12
3708.5177669402606,repair_complete,10,3,0,0,0,13
3708.7079290159845,failure,10,2,1,0,1,12
3709.546242606129,repair_complete,10,3,0,0,0,13
3718.1543290623454,failure,10,2,1,0,1,12
3718.4936403296797,repair_complete,10,3,0,0,0,13
3725.216302644944,failure,10,2,1,0,1,12
3726.7540916531702,repair_complete,10,3,0,0,0,13
3728.7278527269345,failure,10,2,1,0,1,12
3731.6678097762388,repair_complete,10,3,0,0,0,13
3745.6697246980307,failure,10,2,1,0,1,12
3747.63705685399,repair_complete,10,3,0,0,0,13
3747.772123021716,failure,10,2,1,0,1,12
3749.0368880626884,repair_complete,10,3,0,0,0,13
3753.364821408547,failure,10,2,1,0,1,12
3753.967113963251,repair_complete,10,3,0,0,0,13
3762.692207833074,failure,10,2,1,0,1,12
3762.960663869851,repair_complete,10,3,0,0,0,13
3770.576724395822,failure,10,2,1,0,1,12
3771.7537577404105,repair_complete,10,3,0,0,0,13
3784.959512791923,failure,10,2,1,0,1,12
3784.9667645552645,repair_complete,10,3,0,0,0,13
3856.1252412797985,failure,10,2,1,0,1,12
3856.255586075461,repair_complete,10,3,0,0,0,13
3859.8869793362933,failure,10,2,1,0,1,12
3862.878460940074,repair_complete,10,3,0,0,0,13
3873.8624342033168,failure,10,2,1,0,1,12
3873.8765774203116,repair_complete,10,3,0,0,0,13
3875.2560097299424,failure,10,2,1,0,1,12
3875.8409860819206,failure,10,1,2,1,1,11
3876.0287117359944,repair_complete,10,2,1,0,1,12
3878.94508892615,repair_complete,10,3,0,0,0,13
3884.5495786238707,failure,10,2,1,0,1,12
3884.771234122428,repair_complete,10,3,0,0,0,13
3904.3698683414227,failure,10,2,1,0,1,12
3906.9204290333164,repair_complete,10,3,0,0,0,13
3907.901857759295,failure,10,2,1,0,1,12
3908.3113999761367,failure,10,1,2,1,1,11
3908.403295541967,repair_complete,10,2,1,0,1,12
3908.6567652082417,repair_complete,10,3,0,0,0,13
3915.2948787140317,failure,10,2,1,0,1,12
3916.9151070768075,failure,10,1,2,1,1,11
3916.984888947797,failure,10,0,3,2,1,10
3918.4135987943805,repair_complete,10,1,2,1,1,11
3918.5314341724097,repair_complete,10,2,1,0,1,12
3918.810803016425,failure,10,1,2,1,1,11
3920.2085082416907,repair_complete,10,2,1,0,1,12
3920.335482108207,repair_complete,10,3,0,0,0,13
3921.489153992284,failure,10,2,1,0,1,12
3923.2729981673433,repair_complete,10,3,0,0,0,13
3930.752868254991,failure,10,2,1,0,1,12
3930.831595544689,repair_complete,10,3,0,0,0,13
3933.121072412014,failure,10,2,1,0,1,12
3933.550821419045,repair_complete,10,3,0,0,0,13
3934.896777266706,failure,10,2,1,0,1,12
3937.3524894295847,repair_complete,10,3,0,0,0,13
3946.7271453516605,failure,10,2,1,0,1,12
3948.0225450557946,repair_complete,10,3,0,0,0,13
3965.4659003799807,failure,10,2,1,0,1,12
3965.8199027194855,repair_complete,10,3,0,0,0,13
3967.5084791188947,failure,10,2,1,0,1,12
3967.8953192278177,repair_complete,10,3,0,0,0,13
3968.9897522073984,failure,10,2,1,0,1,12
3969.1988430208417,repair_complete,10,3,0,0,0,13
3975.635310510716,failure,10,2,1,0,1,12
3975.6823043057707,repair_complete,10,3,0,0,0,13
3976.703534443008,failure,10,2,1,0,1,12
3977.2052106798396,repair_complete,10,3,0,0,0,13
3981.2431060516233,failure,10,2,1,0,1,12
3981.373567751999,repair_complete,10,3,0,0,0,13
3986.3477525085164,failure,10,2,1,0,1,12
3986.3883520555955,repair_complete,10,3,0,0,0,13
3988.861905272116,failure,10,2,1,0,1,12
3989.7504165521063,repair_complete,10,3,0,0,0,13
4003.6092466952196,failure,10,2,1,0,1,12
4004.71132033272,repair_complete,10,3,0,0,0,13
4006.304741899244,failure,10,2,1,0,1,12
4007.1063777671443,failure,10,1,2,1,1,11
4007.357474087946,repair_complete,10,2,1,0,1,12
4008.001234120185,repair_complete,10,3,0,0,0,13
4013.0880056685537,failure,10,2,1,0,1,12
4013.0882104730795,repair_complete,10,3,0,0,0,13
4022.8730259011763,failure,10,2,1,0,1,12
4023.3333638751583,repair_complete,10,3,0,0,0,13
4028.2251687760627,failure,10,2,1,0,1,12
4028.638899194682,repair_complete,10,3,0,0,0,13
4066.598798667516,failure,10,2,1,0,1,12
4068.570446867598,repair_complete,10,3,0,0,0,13
4069.091945602514,failure,10,2,1,0,1,12
4069.6562458824687,repair_complete,10,3,0,0,0,13
4071.959911603141,failure,10,2,1,0,1,12
4073.598223458263,repair_complete,10,3,0,0,0,13
4097.490308266529,failure,10,2,1,0,1,12
4097.6594553601935,repair_complete,10,3,0,0,0,13
4103.279505367954,failure,10,2,1,0,1,12
4103.392268958987,repair_complete,10,3,0,0,0,13
4103.703894016354,failure,10,2,1,0,1,12
4104.344056226558,repair_complete,10,3,0,0,0,13
4106.446950536634,failure,10,2,1,0,1,12
4106.832715824857,repair_complete,10,3,0,0,0,13
4114.179157272263,failure,10,2,1,0,1,12
4114.275900611636,repair_complete,10,3,0,0,0,13
4134.977428477518,failure,10,2,1,0,1,12
4135.892312971834,repair_complete,10,3,0,0,0,13
4152.1174924914185,failure,10,2,1,0,1,12
4152.774499201927,repair_complete,10,3,0,0,0,13
4156.276342346104,failure,10,2,1,0,1,12
4156.539914940578,repair_complete,10,3,0,0,0,13
4176.174722149917,failure,10,2,1,0,1,12
4176.806751750549,failure,10,1,2,1,1,11
4176.808532215186,repair_complete,10,2,1,0,1,12
4177.976602132602,repair_complete,10,3,0,0,0,13
4180.053164800561,failure,10,2,1,0,1,12
4181.451591069929,repair_complete,10,3,0,0,0,13
4198.387223472352,failure,10,2,1,0,1,12
4198.678716591603,repair_complete,10,3,0,0,0,13
4204.282606440798,failure,10,2,1,0,1,12
4206.429539768589,failure,10,1,2,1,1,11
4208.566227751063,repair_complete,10,2,1,0,1,12
4208.712517297154,repair_complete,10,3,0,0,0,13
4218.931344623355,failure,10,2,1,0,1,12
4221.404430013798,repair_complete,10,3,0,0,0,13
4252.673696744379,failure,10,2,1,0,1,12
4253.947559212424,repair_complete,10,3,0,0,0,13
4258.561284400733,failure,10,2,1,0,1,12
4258.946051192907,repair_complete,10,3,0,0,0,13
4264.594655292814,failure,10,2,1,0,1,12
4264.660712522371,repair_complete,10,3,0,0,0,13
4273.765262138772,failure,10,2,1,0,1,12
4273.882218837865,repair_complete,10,3,0,0,0,13
4290.513527307058,failure,10,2,1,0,1,12
4290.516931789861,repair_complete,10,3,0,0,0,13
4298.53197999077,failure,10,2,1,0,1,12
4301.066785550907,failure,10,1,2,1,1,11
4301.433814840774,repair_complete,10,2,1,0,1,12
4301.823325836293,repair_complete,10,3,0,0,0,13
4316.607024388506,failure,10,2,1,0,1,12
4318.953767745985,repair_complete,10,3,0,0,0,13
4344.971207787917,failure,10,2,1,0,1,12
4345.281959935431,repair_complete,10,3,0,0,0,13
4394.834775241432,failure,10,2,1,0,1,12
4395.1156410109315,repair_complete,10,3,0,0,0,13
4403.446715465442,failure,10,2,1,0,1,12
4404.372662605508,repair_complete,10,3,0,0,0,13
4415.717989316434,failure,10,2,1,0,1,12
4416.480408503342,repair_complete,10,3,0,0,0,13
4431.007976676013,failure,10,2,1,0,1,12
4433.111695107273,repair_complete,10,3,0,0,0,13
4439.569315626623,failure,10,2,1,0,1,12
4439.6842404739955,repair_complete,10,3,0,0,0,13
4440.069212841659,failure,10,2,1,0,1,12
4441.489799820803,repair_complete,10,3,0,0,0,13
4459.241527648053,failure,10,2,1,0,1,12
4459.633326439672,repair_complete,10,3,0,0,0,13
4462.729726467126,failure,10,2,1,0,1,12
4464.552865271395,repair_complete,10,3,0,0,0,13
4473.264858362444,failure,10,2,1,0,1,12
4475.577191170906,repair_complete,10,3,0,0,0,13
4478.6288020792435,failure,10,2,1,0,1,12
4478.925238693479,repair_complete,10,3,0,0,0,13
4479.682070774041,failure,10,2,1,0,1,12
4480.050226160234,repair_complete,10,3,0,0,0,13
4497.325889153189,failure,10,2,1,0,1,12
4499.836461633387,repair_complete,10,3,0,0,0,13
4504.4464964373765,failure,10,2,1,0,1,12
4505.091691177603,repair_complete,10,3,0,0,0,13
4505.791148819695,failure,10,2,1,0,1,12
4506.879781198565,repair_complete,10,3,0,0,0,13
4508.999044932262,failure,10,2,1,0,1,12
4509.53456505123,failure,10,1,2,1,1,11
4509.610608019585,repair_complete,10,2,1,0,1,12
4512.045356431016,repair_complete,10,3,0,0,0,13
4520.512461890779,failure,10,2,1,0,1,12
4521.415190147201,repair_complete,10,3,0,0,0,13
4527.826427416454,failure,10,2,1,0,1,12
4528.0722364515395,repair_complete,10,3,0,0,0,13
4531.362475468516,failure,10,2,1,0,1,12
4534.138401650435,failure,10,1,2,1,1,11
4534.316029532464,repair_complete,10,2,1,0,1,12
4534.8245572339165,repair_complete,10,3,0,0,0,13
4561.349920713008,failure,10,2,1,0,1,12
4562.360625862269,repair_complete,10,3,0,0,0,13
4581.697153560975,failure,10,2,1,0,1,12
4583.532595217833,repair_complete,10,3,0,0,0,13
4596.292655397252,failure,10,2,1,0,1,12
4597.8646226724195,repair_complete,10,3,0,0,0,13
4601.420752637173,failure,10,2,1,0,1,12
4602.0823216514,repair_complete,10,3,0,0,0,13
4615.483978830036,failure,10,2,1,0,1,12
4615.497871983309,repair_complete,10,3,0,0,0,13
4640.036674540401,failure,10,2,1,0,1,12
4640.571818527231,repair_complete,10,3,0,0,0,13
4645.500306450128,failure,10,2,1,0,1,12
4645.6571404803935,repair_complete,10,3,0,0,0,13
4657.2896420217185,failure,10,2,1,0,1,12
4658.575304600956,repair_complete,10,3,0,0,0,13
4666.936257404579,failure,10,2,1,0,1,12
4668.859772354314,repair_complete,10,3,0,0,0,13
4678.131360105282,failure,10,2,1,0,1,12
4678.659142478538,failure,10,1,2,1,1,11
4679.112267520205,failure,10,0,3,2,1,10
4679.7594593169415,repair_complete,10,1,2,1,1,11
4680.032564778936,repair_complete,10,2,1,0,1,12
4680.762077725337,repair_complete,10,3,0,0,0,13
4710.010812307353,failure,10,2,1,0,1,12
4710.530987454241,failure,10,1,2,1,1,11
4710.747931699477,repair_complete,10,2,1,0,1,12
4711.33176233925,failure,10,1,2,1,1,11
4711.471862956106,repair_complete,10,2,1,0,1,12
4712.43860248747,failure,10,1,2,1,1,11
4714.89086018663,failure,10,0,3,2,1,10
4714.907095070808,repair_complete,10,1,2,1,1,11
4715.231361894097,repair_complete,10,2,1,0,1,12
4715.670453097466,repair_complete,10,3,0,0,0,13
4744.384663031206,failure,10,2,1,0,1,12
4744.877931160078,repair_complete,10,3,0,0,0,13
4750.907092081303,failure,10,2,1,0,1,12
4751.673020013935,repair_complete,10,3,0,0,0,13
4757.084608010169,failure,10,2,1,0,1,12
4757.753739451768,repair_complete,10,3,0,0,0,13
4772.9732183070055,failure,10,2,1,0,1,12
4773.796966928289,repair_complete,10,3,0,0,0,13
4780.350932335912,failure,10,2,1,0,1,12
4781.102231030053,repair_complete,10,3,0,0,0,13
4784.123149782424,failure,10,2,1,0,1,12
4784.244358754727,repair_complete,10,3,0,0,0,13
4794.66334147222,failure,10,2,1,0,1,12
4795.513384766632,repair_complete,10,3,0,0,0,13
4803.811318225698,failure,10,2,1,0,1,12
4805.211561128893,repair_complete,10,3,0,0,0,13
4822.142726761811,failure,10,2,1,0,1,12
4822.277573707646,repair_complete,10,3,0,0,0,13
4834.124167393178,failure,10,2,1,0,1,12
4834.2644318245675,repair_complete,10,3,0,0,0,13
4839.928238709436,failure,10,2,1,0,1,12
4840.370677048784,repair_complete,10,3,0,0,0,13
4848.890635786507,failure,10,2,1,0,1,12
4850.740495310207,repair_complete,10,3,0,0,0,13
4861.87503106545,failure,10,2,1,0,1,12
4861.91697422524,repair_complete,10,3,0,0,0,13
4875.322485393912,failure,10,2,1,0,1,12
4876.406036131732,repair_complete,10,3,0,0,0,13
4878.0395204509905,failure,10,2,1,0,1,12
4878.734272422742,repair_complete,10,3,0,0,0,13
4882.465317982928,failure,10,2,1,0,1,12
4882.667584174601,repair_complete,10,3,0,0,0,13
4884.045406678675,failure,10,2,1,0,1,12
4884.511833859979,repair_complete,10,3,0,0,0,13
4884.559242007875,failure,10,2,1,0,1,12
4885.1529166406735,repair_complete,10,3,0,0,0,13
4895.3064479210225,failure,10,2,1,0,1,12
4897.159647564251,repair_complete,10,3,0,0,0,13
4918.3762159366015,failure,10,2,1,0,1,12
4918.652803765791,repair_complete,10,3,0,0,0,13
4944.0872187505,failure,10,2,1,0,1,12
4944.217570096842,repair_complete,10,3,0,0,0,13
4949.022479879398,failure,10,2,1,0,1,12
4950.123799081213,repair_complete,10,3,0,0,0,13
4955.482197360158,failure,10,2,1,0,1,12
4956.083762380667,failure,10,1,2,1,1,11
4956.741762131392,repair_complete,10,2,1,0,1,12
4957.173398316648,repair_complete,10,3,0,0,0,13
4965.685482624197,failure,10,2,1,0,1,12
4966.299873678924,repair_complete,10,3,0,0,0,13
4970.183936857556,failure,10,2,1,0,1,12
4970.964803373679,repair_complete,10,3,0,0,0,13
4977.760798920749,failure,10,2,1,0,1,12
4978.101117529698,repair_complete,10,3,0,0,0,13
4979.496149258957,failure,10,2,1,0,1,12
4979.695625045733,repair_complete,10,3,0,0,0,13
4980.890052385073,failure,10,2,1,0,1,12
4981.0153721915485,repair_complete,10,3,0,0,0,13
4994.728363516604,failure,10,2,1,0,1,12
4994.803386311193,repair_complete,10,3,0,0,0,13
4996.392885950202,failure,10,2,1,0,1,12
4996.909296995491,repair_complete,10,3,0,0,0,13
5000.718942033312,failure,10,2,1,0,1,12
5003.594496795884,repair_complete,10,3,0,0,0,13
5004.841598127637,failure,10,2,1,0,1,12
5005.187296448427,failure,10,1,2,1,1,11
5006.730512501599,repair_complete,10,2,1,0,1,12
5008.093094502266,failure,10,1,2,1,1,11
5008.157609861667,repair_complete,10,2,1,0,1,12
5010.198373714071,repair_complete,10,3,0,0,0,13
5016.005461534366,failure,10,2,1,0,1,12
5016.397793752213,repair_complete,10,3,0,0,0,13
5041.800930871692,failure,10,2,1,0,1,12
5041.822910252101,repair_complete,10,3,0,0,0,13
5043.616177867585,failure,10,2,1,0,1,12
5043.772828731421,repair_complete,10,3,0,0,0,13
5044.611477040339,failure,10,2,1,0,1,12
5045.2638174104,repair_complete,10,3,0,0,0,13
5087.534129315363,failure,10,2,1,0,1,12
5088.089806626546,repair_complete,10,3,0,0,0,13
5094.420912639472,failure,10,2,1,0,1,12
5094.928232205537,repair_complete,10,3,0,0,0,13
5104.532827642361,failure,10,2,1,0,1,12
5105.191044303133,repair_complete,10,3,0,0,0,13
5107.426346931966,failure,10,2,1,0,1,12
5107.455115358989,repair_complete,10,3,0,0,0,13
5107.768302221404,failure,10,2,1,0,1,12
5108.947372387791,repair_complete,10,3,0,0,0,13
5167.055361585664,failure,10,2,1,0,1,12
5168.50742149318,repair_complete,10,3,0,0,0,13
5172.830019385449,failure,10,2,1,0,1,12
5173.392393141671,repair_complete,10,3,0,0,0,13
5174.767408793368,failure,10,2,1,0,1,12
5175.092372016353,repair_complete,10,3,0,0,0,13
5175.223954706967,failure,10,2,1,0,1,12
5175.251147399171,repair_complete,10,3,0,0,0,13
5177.826490454071,failure,10,2,1,0,1,12
5178.4249309578945,failure,10,1,2,1,1,11
5179.301940823615,failure,10,0,3,2,1,10
5180.044368360735,repair_complete,10,1,2,1,1,11
5180.306582945208,repair_complete,10,2,1,0,1,12
5180.533875976761,repair_complete,10,3,0,0,0,13
5195.064576874757,failure,10,2,1,0,1,12
5195.089830274017,repair_complete,10,3,0,0,0,13
5221.2104870924595,failure,10,2,1,0,1,12
5221.914029823542,repair_complete,10,3,0,0,0,13
5241.853033018355,failure,10,2,1,0,1,12
5245.04494438309,repair_complete,10,3,0,0,0,13
5246.149826927839,failure,10,2,1,0,1,12
5246.3892729073,repair_complete,10,3,0,0,0,13
5250.074246993207,failure,10,2,1,0,1,12
5251.05760830052,repair_complete,10,3,0,0,0,13
5258.727378983336,failure,10,2,1,0,1,12
5259.909293763585,repair_complete,10,3,0,0,0,13
5264.01896142664,failure,10,2,1,0,1,12
5264.905822925148,repair_complete,10,3,0,0,0,13
5266.723113384887,failure,10,2,1,0,1,12
5266.841506214017,repair_complete,10,3,0,0,0,13
5277.207708668879,failure,10,2,1,0,1,12
5278.16424362274,repair_complete,10,3,0,0,0,13
5301.735864256772,failure,10,2,1,0,1,12
5301.740827331028,repair_complete,10,3,0,0,0,13
5318.913839560673,failure,10,2,1,0,1,12
5319.352759663855,repair_complete,10,3,0,0,0,13
5342.644479519789,failure,10,2,1,0,1,12
5343.17779762366,repair_complete,10,3,0,0,0,13
5348.634448981472,failure,10,2,1,0,1,12
5348.828538943607,repair_complete,10,3,0,0,0,13
5361.789278397939,failure,10,2,1,0,1,12
5362.183562270703,repair_complete,10,3,0,0,0,13
5383.25954686467,failure,10,2,1,0,1,12
5383.502483681805,failure,10,1,2,1,1,11
5385.30020434672,repair_complete,10,2,1,0,1,12
5385.611135913349,repair_complete,10,3,0,0,0,13
5386.968419637707,failure,10,2,1,0,1,12
5387.6536668885665,repair_complete,10,3,0,0,0,13
5388.28278740331,failure,10,2,1,0,1,12
5389.248855570614,repair_complete,10,3,0,0,0,13
5393.366214116372,failure,10,2,1,0,1,12
5393.394323170015,repair_complete,10,3,0,0,0,13
5406.332097059833,failure,10,2,1,0,1,12
5407.8848271820225,repair_complete,10,3,0,0,0,13
5419.230666296808,failure,10,2,1,0,1,12
5420.419518181982,repair_complete,10,3,0,0,0,13
5442.418685160748,failure,10,2,1,0,1,12
5442.666419570084,repair_complete,10,3,0,0,0,13
5455.249820528197,failure,10,2,1,0,1,12
5457.605191181105,repair_complete,10,3,0,0,0,13
5459.4801713435845,failure,10,2,1,0,1,12
5460.514281877052,repair_complete,10,3,0,0,0,13
5462.822491776351,failure,10,2,1,0,1,12
5463.307106639239,failure,10,1,2,1,1,11
5464.413959289614,repair_complete,10,2,1,0,1,12
5464.494883185216,repair_complete,10,3,0,0,0,13
5466.279511620969,failure,10,2,1,0,1,12
5468.2129078119,repair_complete,10,3,0,0,0,13
5485.032446837997,failure,10,2,1,0,1,12
5485.160125163826,repair_complete,10,3,0,0,0,13
5494.493356032328,failure,10,2,1,0,1,12
5495.3805132993175,repair_complete,10,3,0,0,0,13
5499.199396243695,failure,10,2,1,0,1,12
5501.603032585526,repair_complete,10,3,0,0,0,13
5515.896296697845,failure,10,2,1,0,1,12
5517.208054391144,repair_complete,10,3,0,0,0,13
5525.9708928670725,failure,10,2,1,0,1,12
5527.06175748628,repair_complete,10,3,0,0,0,13
5537.552960219943,failure,10,2,1,0,1,12
5539.811869986382,repair_complete,10,3,0,0,0,13
5542.755679110891,failure,10,2,1,0,1,12
5543.157021992004,failure,10,1,2,1,1,11
5543.70133810523,repair_complete,10,2,1,0,1,12
5543.747429527668,failure,10,1,2,1,1,11
5544.159965895405,repair_complete,10,2,1,0,1,12
5544.281542828539,repair_complete,10,3,0,0,0,13
5546.35655877991,failure,10,2,1,0,1,12
5546.805598670161,repair_complete,10,3,0,0,0,13
5559.392551153516,failure,10,2,1,0,1,12
5560.201463160816,repair_complete,10,3,0,0,0,13
5561.503666499979,failure,10,2,1,0,1,12
5565.023070885788,repair_complete,10,3,0,0,0,13
5568.98979610381,failure,10,2,1,0,1,12
5570.954504039071,repair_complete,10,3,0,0,0,13
5581.912452273785,failure,10,2,1,0,1,12
5583.255482547153,repair_complete,10,3,0,0,0,13
5599.0790749645475,failure,10,2,1,0,1,12
5600.10434792175,repair_complete,10,3,0,0,0,13
5612.046121840307,failure,10,2,1,0,1,12
5613.420568863122,repair_complete,10,3,0,0,0,13
5615.574718974386,failure,10,2,1,0,1,12
5615.761145157523,repair_complete,10,3,0,0,0,13
5618.75723825698,failure,10,2,1,0,1,12
5618.778557713134,repair_complete,10,3,0,0,0,13
5621.574840236154,failure,10,2,1,0,1,12
5621.612215704259,repair_complete,10,3,0,0,0,13
5625.880425432185,failure,10,2,1,0,1,12
5627.096117321268,repair_complete,10,3,0,0,0,13
5646.420075230353,failure,10,2,1,0,1,12
5646.656171479485,repair_complete,10,3,0,0,0,13
5650.965386093565,failure,10,2,1,0,1,12
5651.86151863618,repair_complete,10,3,0,0,0,13
5652.226103684112,failure,10,2,1,0,1,12
5652.381647053064,repair_complete,10,3,0,0,0,13
5670.610501388746,failure,10,2,1,0,1,12
5672.13224377946,repair_complete,10,3,0,0,0,13
5681.628146154381,failure,10,2,1,0,1,12
5682.890957588032,repair_complete,10,3,0,0,0,13
5690.458934450603,failure,10,2,1,0,1,12
5691.139760102699,repair_complete,10,3,0,0,0,13
5700.699559094478,failure,10,2,1,0,1,12
5701.374656970415,repair_complete,10,3,0,0,0,13
5720.966317635218,failure,10,2,1,0,1,12
5721.846243185554,repair_complete,10,3,0,0,0,13
5729.744869161638,failure,10,2,1,0,1,12
5729.895776708149,repair_complete,10,3,0,0,0,13
5748.511878640807,failure,10,2,1,0,1,12
5748.927142881252,repair_complete,10,3,0,0,0,13
5750.907145967307,failure,10,2,1,0,1,12
5751.481220997503,repair_complete,10,3,0,0,0,13
5760.064803320096,failure,10,2,1,0,1,12
5760.651861086697,repair_complete,10,3,0,0,0,13
5762.391680562657,failure,10,2,1,0,1,12
5763.365351441137,repair_complete,10,3,0,0,0,13
5764.684695439543,failure,10,2,1,0,1,12
5764.882026431355,repair_complete,10,3,0,0,0,13
5783.128162503808,failure,10,2,1,0,1,12
5783.833299340701,repair_complete,10,3,0,0,0,13
5790.698138550779,failure,10,2,1,0,1,12
5792.932098691379,repair_complete,10,3,0,0,0,13
5801.371220635277,failure,10,2,1,0,1,12
5802.073508778968,repair_complete,10,3,0,0,0,13
5802.866784699661,failure,10,2,1,0,1,12
5802.965394462093,repair_complete,10,3,0,0,0,13
5815.996404343666,failure,10,2,1,0,1,12
5816.410742854663,repair_complete,10,3,0,0,0,13
5828.418016370617,failure,10,2,1,0,1,12
5828.911265806238,repair_complete,10,3,0,0,0,13
5831.298772649625,failure,10,2,1,0,1,12
5832.549736713976,repair_complete,10,3,0,0,0,13
5856.246826188141,failure,10,2,1,0,1,12
5857.14015404835,repair_complete,10,3,0,0,0,13
5871.297558764642,failure,10,2,1,0,1,12
5872.254925844482,repair_complete,10,3,0,0,0,13
5881.649337613599,failure,10,2,1,0,1,12
5881.817784774727,repair_complete,10,3,0,0,0,13
5896.632471742764,failure,10,2,1,0,1,12
5897.290814918725,failure,10,1,2,1,1,11
5898.026108514185,repair_complete,10,2,1,0,1,12
5898.203425350123,repair_complete,10,3,0,0,0,13
5903.570391439053,failure,10,2,1,0,1,12
5903.713423896601,repair_complete,10,3,0,0,0,13
5908.529402622864,failure,10,2,1,0,1,12
5908.610522050575,repair_complete,10,3,0,0,0,13
5909.874583579917,failure,10,2,1,0,1,12
5910.032378486538,failure,10,1,2,1,1,11
5910.557019972015,repair_complete,10,2,1,0,1,12
5910.578236935999,failure,10,1,2,1,1,11
5910.766061056136,repair_complete,10,2,1,0,1,12
5911.335621571854,failure,10,1,2,1,1,11
5911.4916562421,failure,10,0,3,2,1,10
5912.092467493719,repair_complete,10,1,2,1,1,11
5912.643405603908,repair_complete,10,2,1,0,1,12
5913.433293620841,repair_complete,10,3,0,0,0,13
5922.140082041995,failure,10,2,1,0,1,12
5922.47737289787,failure,10,1,2,1,1,11
5924.318742223203,repair_complete,10,2,1,0,1,12
5924.980576623781,repair_complete,10,3,0,0,0,13
5927.990127214247,failure,10,2,1,0,1,12
5928.1127313867855,repair_complete,10,3,0,0,0,13
5928.243985354226,failure,10,2,1,0,1,12
5928.532418335476,repair_complete,10,3,0,0,0,13
5935.629974791259,failure,10,2,1,0,1,12
5935.93839267237,repair_complete,10,3,0,0,0,13
5948.109179106641,failure,10,2,1,0,1,12
5948.268672106795,failure,10,1,2,1,1,11
5949.563002795921,repair_complete,10,2,1,0,1,12
5951.171008976438,failure,10,1,2,1,1,11
5951.664669454425,repair_complete,10,2,1,0,1,12
5952.4308680313325,repair_complete,10,3,0,0,0,13
5961.809164408699,failure,10,2,1,0,1,12
5962.101233268452,repair_complete,10,3,0,0,0,13
5978.974274711492,failure,10,2,1,0,1,12
5980.636322362349,repair_complete,10,3,0,0,0,13
5982.812544339548,failure,10,2,1,0,1,12
5984.205421941919,repair_complete,10,3,0,0,0,13
5994.524413985838,failure,10,2,1,0,1,12
5995.3579463151145,repair_complete,10,3,0,0,0,13
6002.454637924806,failure,10,2,1,0,1,12
6003.309910844945,repair_complete,10,3,0,0,0,13
6011.092774261194,failure,10,2,1,0,1,12
6012.20783094857,repair_complete,10,3,0,0,0,13
6029.280614832661,failure,10,2,1,0,1,12
6030.646431018185,repair_complete,10,3,0,0,0,13
6059.374326874218,failure,10,2,1,0,1,12
6061.966968390553,repair_complete,10,3,0,0,0,13
6069.875833133921,failure,10,2,1,0,1,12
6074.716129795902,repair_complete,10,3,0,0,0,13
6095.574872078583,failure,10,2,1,0,1,12
6096.7762168937015,repair_complete,10,3,0,0,0,13
6104.3396975740725,failure,10,2,1,0,1,12
6104.7085081178,repair_complete,10,3,0,0,0,13
6106.240838957198,failure,10,2,1,0,1,12
6106.4978651934525,repair_complete,10,3,0,0,0,13
6111.363763726192,failure,10,2,1,0,1,12
6112.2925966307,repair_complete,10,3,0,0,0,13
6115.08171727972,failure,10,2,1,0,1,12
6115.232694453992,repair_complete,10,3,0,0,0,13
6117.822018435593,failure,10,2,1,0,1,12
6118.697315639975,repair_complete,10,3,0,0,0,13
6132.318720182886,failure,10,2,1,0,1,12
6133.801147375419,repair_complete,10,3,0,0,0,13
6144.064882485593,failure,10,2,1,0,1,12
6144.317226034689,repair_complete,10,3,0,0,0,13
6151.149611318913,failure,10,2,1,0,1,12
6151.479367896867,repair_complete,10,3,0,0,0,13
6167.844491598858,failure,10,2,1,0,1,12
6167.984380933924,repair_complete,10,3,0,0,0,13
6168.547867573868,failure,10,2,1,0,1,12
6168.638534147731,repair_complete,10,3,0,0,0,13
6182.373242741315,failure,10,2,1,0,1,12
6185.799359019354,repair_complete,10,3,0,0,0,13
6218.335124472486,failure,10,2,1,0,1,12
6219.765712687854,repair_complete,10,3,0,0,0,13
6220.827833639108,failure,10,2,1,0,1,12
6220.857485854704,repair_complete,10,3,0,0,0,13
6226.771299291979,failure,10,2,1,0,1,12
6227.550732774931,failure,10,1,2,1,1,11
6227.951435054645,repair_complete,10,2,1,0,1,12
6228.517252991937,repair_complete,10,3,0,0,0,13
6229.279224529987,failure,10,2,1,0,1,12
6229.417669020438,repair_complete,10,3,0,0,0,13
6257.8585013111415,failure,10,2,1,0,1,12
6258.869363868873,repair_complete,10,3,0,0,0,13
6280.957887040798,failure,10,2,1,0,1,12
6281.918867485251,repair_complete,10,3,0,0,0,13
6293.102461743853,failure,10,2,1,0,1,12
6293.366787570749,repair_complete,10,3,0,0,0,13
6294.964124450896,failure,10,2,1,0,1,12
6296.459638647842,repair_complete,10,3,0,0,0,13
6299.270869661381,failure,10,2,1,0,1,12
6301.727745568641,repair_complete,10,3,0,0,0,13
6302.361241519335,failure,10,2,1,0,1,12
6303.042147044829,repair_complete,10,3,0,0,0,13
6303.083531610837,failure,10,2,1,0,1,12
6303.893139856396,repair_complete,10,3,0,0,0,13
6311.893180025703,failure,10,2,1,0,1,12
6311.964072389832,failure,10,1,2,1,1,11
6312.177241305191,repair_complete,10,2,1,0,1,12
6312.381917786876,repair_complete,10,3,0,0,0,13
6331.125340448746,failure,10,2,1,0,1,12
6331.750531038154,repair_complete,10,3,0,0,0,13
6332.665349399834,failure,10,2,1,0,1,12
6333.952990407876,repair_complete,10,3,0,0,0,13
6335.002521890024,failure,10,2,1,0,1,12
6335.020509554054,repair_complete,10,3,0,0,0,13
6362.2772572053755,failure,10,2,1,0,1,12
6363.978028109979,repair_complete,10,3,0,0,0,13
6380.33358698807,failure,10,2,1,0,1,12
6380.519080791449,repair_complete,10,3,0,0,0,13
6382.468639203853,failure,10,2,1,0,1,12
6384.583460601721,repair_complete,10,3,0,0,0,13
6403.407485215269,failure,10,2,1,0,1,12
6406.314571821966,repair_complete,10,3,0,0,0,13
6421.777537558938,failure,10,2,1,0,1,12
6422.371483437539,repair_complete,10,3,0,0,0,13
6422.4339901904705,failure,10,2,1,0,1,12
6422.728511905903,repair_complete,10,3,0,0,0,13
6429.087887109034,failure,10,2,1,0,1,12
6430.621967278108,repair_complete,10,3,0,0,0,13
6454.080871995761,failure,10,2,1,0,1,12
6454.675991436124,repair_complete,10,3,0,0,0,13
6458.317213002361,failure,10,2,1,0,1,12
6459.247393791948,repair_complete,10,3,0,0,0,13
6477.595817007455,failure,10,2,1,0,1,12
6477.731128581409,repair_complete,10,3,0,0,0,13
6477.850035591264,failure,10,2,1,0,1,12
6479.813584626142,repair_complete,10,3,0,0,0,13
6480.431449316986,failure,10,2,1,0,1,12
6480.855913364258,repair_complete,10,3,0,0,0,13
6493.269107928714,failure,10,2,1,0,1,12
6493.4239531762605,repair_complete,10,3,0,0,0,13
6509.5323153633235,failure,10,2,1,0,1,12
6509.536485062586,repair_complete,10,3,0,0,0,13
6514.442017397721,failure,10,2,1,0,1,12
6514.795459495846,repair_complete,10,3,0,0,0,13
6514.813926026003,failure,10,2,1,0,1,12
6514.819089174759,repair_complete,10,3,0,0,0,13
6515.208803969336,failure,10,2,1,0,1,12
6516.391772050007,repair_complete,10,3,0,0,0,13
6522.863854132485,failure,10,2,1,0,1,12
6523.560513855973,repair_complete,10,3,0,0,0,13
6541.594996328189,failure,10,2,1,0,1,12
6544.420635755975,repair_complete,10,3,0,0,0,13
6548.791953789094,failure,10,2,1,0,1,12
6549.374596715038,repair_complete,10,3,0,0,0,13
6561.2999888988825,failure,10,2,1,0,1,12
6561.666185785945,repair_complete,10,3,0,0,0,13
6578.95866866057,failure,10,2,1,0,1,12
6580.639375735654,repair_complete,10,3,0,0,0,13
6584.10227968986,failure,10,2,1,0,1,12
6584.509502127806,repair_complete,10,3,0,0,0,13
6588.501333216298,failure,10,2,1,0,1,12
6589.4121020859775,repair_complete,10,3,0,0,0,13
6594.183558280355,failure,10,2,1,0,1,12
6594.480590278997,repair_complete,10,3,0,0,0,13
6599.792225490052,failure,10,2,1,0,1,12
6600.341373314393,failure,10,1,2,1,1,11
6603.205213656124,repair_complete,10,2,1,0,1,12
6604.008789601067,repair_complete,10,3,0,0,0,13
6611.341796214867,failure,10,2,1,0,1,12
6611.486388396758,repair_complete,10,3,0,0,0,13
6617.853797941669,failure,10,2,1,0,1,12
6618.105524350296,repair_complete,10,3,0,0,0,13
6634.672944906498,failure,10,2,1,0,1,12
6634.959330550257,repair_complete,10,3,0,0,0,13
6638.658407463315,failure,10,2,1,0,1,12
6638.678529736778,repair_complete,10,3,0,0,0,13
6646.8935836493965,failure,10,2,1,0,1,12
6647.309784589361,failure,10,1,2,1,1,11
6647.537304084944,repair_complete,10,2,1,0,1,12
6648.528200536479,repair_complete,10,3,0,0,0,13
6653.3978917264985,failure,10,2,1,0,1,12
6653.890997069975,repair_complete,10,3,0,0,0,13
6667.8066157474,failure,10,2,1,0,1,12
6667.912059087947,repair_complete,10,3,0,0,0,13
6669.701353846757,failure,10,2,1,0,1,12
6671.3284065985035,repair_complete,10,3,0,0,0,13
6677.385462942143,failure,10,2,1,0,1,12
6677.853963433991,repair_complete,10,3,0,0,0,13
6681.409222655957,failure,10,2,1,0,1,12
6682.179565790998,repair_complete,10,3,0,0,0,13
6682.306087570021,failure,10,2,1,0,1,12
6682.466572627046,repair_complete,10,3,0,0,0,13
6689.247788494052,failure,10,2,1,0,1,12
6690.22624560117,repair_complete,10,3,0,0,0,13
6690.467683348244,failure,10,2,1,0,1,12
6692.442405441919,repair_complete,10,3,0,0,0,13
6698.267647324016,failure,10,2,1,0,1,12
6699.372745804875,repair_complete,10,3,0,0,0,13
6699.626652399897,failure,10,2,1,0,1,12
6700.126612194074,repair_complete,10,3,0,0,0,13
6726.841438504296,failure,10,2,1,0,1,12
6727.146150104303,repair_complete,10,3,0,0,0,13
6734.108171616686,failure,10,2,1,0,1,12
6734.771026416173,repair_complete,10,3,0,0,0,13
6737.5106641173425,failure,10,2,1,0,1,12
6738.205289885901,repair_complete,10,3,0,0,0,13
6738.428463773852,failure,10,2,1,0,1,12
6740.114831299826,repair_complete,10,3,0,0,0,13
6741.765506088799,failure,10,2,1,0,1,12
6742.890870664852,repair_complete,10,3,0,0,0,13
6746.941098605489,failure,10,2,1,0,1,12
6747.04479782531,repair_complete,10,3,0,0,0,13
6753.756135770926,failure,10,2,1,0,1,12
6753.8052427047605,repair_complete,10,3,0,0,0,13
6819.7992801118935,failure,10,2,1,0,1,12
6819.88633893618,repair_complete,10,3,0,0,0,13
6826.75808089154,failure,10,2,1,0,1,12
6828.9734982969085,repair_complete,10,3,0,0,0,13
6833.787759516078,failure,10,2,1,0,1,12
6834.2965782279,repair_complete,10,3,0,0,0,13
6834.970315370568,failure,10,2,1,0,1,12
6836.273513006928,repair_complete,10,3,0,0,0,13
6841.426716005882,failure,10,2,1,0,1,12
6842.17805193271,repair_complete,10,3,0,0,0,13
6845.222614886573,failure,10,2,1,0,1,12
6847.116647747262,repair_complete,10,3,0,0,0,13
6855.537400971262,failure,10,2,1,0,1,12
6856.804899696181,repair_complete,10,3,0,0,0,13
6857.745471730754,failure,10,2,1,0,1,12
6860.266126146809,failure,10,1,2,1,1,11
6860.292248420565,failure,10,0,3,2,1,10
6862.327940165386,repair_complete,10,1,2,1,1,11
6862.563853261132,repair_complete,10,2,1,0,1,12
6863.63205983932,repair_complete,10,3,0,0,0,13
6863.985189355608,failure,10,2,1,0,1,12
6864.381100137252,repair_complete,10,3,0,0,0,13
6875.863167159222,failure,10,2,1,0,1,12
6877.248821040794,failure,10,1,2,1,1,11
6877.703668589445,repair_complete,10,2,1,0,1,12
6878.062656242665,repair_complete,10,3,0,0,0,13
6884.990687096464,failure,10,2,1,0,1,12
6885.523975571311,repair_complete,10,3,0,0,0,13
6897.4971111981085,failure,10,2,1,0,1,12
6902.297125532733,repair_complete,10,3,0,0,0,13
6908.957736176865,failure,10,2,1,0,1,12
6908.988766941625,repair_complete,10,3,0,0,0,13
6916.372074852986,failure,10,2,1,0,1,12
6916.62389535887,repair_complete,10,3,0,0,0,13
6938.0315220722505,failure,10,2,1,0,1,12
6938.696759035815,repair_complete,10,3,0,0,0,13
6951.382099634472,failure,10,2,1,0,1,12
6951.5325981660435,repair_complete,10,3,0,0,0,13
6960.110124783639,failure,10,2,1,0,1,12
6962.058399128795,failure,10,1,2,1,1,11
6963.144716555802,repair_complete,10,2,1,0,1,12
6963.511836631597,repair_complete,10,3,0,0,0,13
6965.65000257119,failure,10,2,1,0,1,12
6966.450039082119,repair_complete,10,3,0,0,0,13
6970.6209171849205,failure,10,2,1,0,1,12
6972.474826806818,repair_complete,10,3,0,0,0,13
6982.614587548133,failure,10,2,1,0,1,12
6982.6893478213215,failure,10,1,2,1,1,11
6982.758009425763,repair_complete,10,2,1,0,1,12
6983.125878484711,repair_complete,10,3,0,0,0,13
6997.279975196025,failure,10,2,1,0,1,12
6998.197876099883,repair_complete,10,3,0,0,0,13
7000.258820583275,failure,10,2,1,0,1,12
7000.580659355943,repair_complete,10,3,0,0,0,13
7022.677594692958,failure,10,2,1,0,1,12
7023.40611634617,repair_complete,10,3,0,0,0,13
7028.6970222533955,failure,10,2,1,0,1,12
7029.498314145978,repair_complete,10,3,0,0,0,13
7030.607610448803,failure,10,2,1,0,1,12
7031.27210523834,repair_complete,10,3,0,0,0,13
7068.625931805461,failure,10,2,1,0,1,12
7069.634923089589,repair_complete,10,3,0,0,0,13
7112.388132886008,failure,10,2,1,0,1,12
7113.935855374556,repair_complete,10,3,0,0,0,13
7120.936519196065,failure,10,2,1,0,1,12
7121.174933784123,repair_complete,10,3,0,0,0,13
7127.463830775373,failure,10,2,1,0,1,12
7128.3907235855595,repair_complete,10,3,0,0,0,13
7129.7986246168875,failure,10,2,1,0,1,12
7130.976907945078,failure,10,1,2,1,1,11
7131.649015121214,failure,10,0,3,2,1,10
7133.436750505628,repair_complete,10,1,2,1,1,11
7133.689287376453,repair_complete,10,2,1,0,1,12
7134.344901592435,failure,10,1,2,1,1,11
7135.272727949692,repair_complete,10,2,1,0,1,12
7135.475292841763,failure,10,1,2,1,1,11
7135.558283917366,repair_complete,10,2,1,0,1,12
7135.811863286165,repair_complete,10,3,0,0,0,13
7139.4835792655695,failure,10,2,1,0,1,12
7140.209996483959,repair_complete,10,3,0,0,0,13
7157.5740415021,failure,10,2,1,0,1,12
7157.629445528756,repair_complete,10,3,0,0,0,13
7172.307956374246,failure,10,2,1,0,1,12
7172.473539853115,repair_complete,10,3,0,0,0,13
7179.593397923815,failure,10,2,1,0,1,12
7181.1035724713765,repair_complete,10,3,0,0,0,13
7195.714944635309,failure,10,2,1,0,1,12
7196.164086404953,repair_complete,10,3,0,0,0,13
7199.960443123084,failure,10,2,1,0,1,12
7200.0466318035305,repair_complete,10,3,0,0,0,13
7201.459489273238,failure,10,2,1,0,1,12
7201.772728070803,repair_complete,10,3,0,0,0,13
7201.947499424654,failure,10,2,1,0,1,12
7202.375705707343,repair_complete,10,3,0,0,0,13
7224.496476642705,failure,10,2,1,0,1,12
7224.511383624565,repair_complete,10,3,0,0,0,13
7228.884577526943,failure,10,2,1,0,1,12
7228.907741974504,repair_complete,10,3,0,0,0,13
7230.385434495909,failure,10,2,1,0,1,12
7230.5409228156805,repair_complete,10,3,0,0,0,13
7239.314623101575,failure,10,2,1,0,1,12
7239.845668105826,repair_complete,10,3,0,0,0,13
7247.726108418645,failure,10,2,1,0,1,12
7247.989944281927,repair_complete,10,3,0,0,0,13
7259.657605724443,failure,10,2,1,0,1,12
7260.090397842666,repair_complete,10,3,0,0,0,13
7268.995246424535,failure,10,2,1,0,1,12
7270.586848350273,repair_complete,10,3,0,0,0,13
7276.9763437235815,failure,10,2,1,0,1,12
7277.006620384058,repair_complete,10,3,0,0,0,13
7283.111620641728,failure,10,2,1,0,1,12
7287.097327492357,repair_complete,10,3,0,0,0,13
7290.774757844285,failure,10,2,1,0,1,12
7291.211125022336,repair_complete,10,3,0,0,0,13
7302.017122539064,failure,10,2,1,0,1,12
7304.941600738702,repair_complete,10,3,0,0,0,13
7324.175557119001,failure,10,2,1,0,1,12
7324.812718971414,repair_complete,10,3,0,0,0,13
7332.228793798502,failure,10,2,1,0,1,12
7332.3611383907455,repair_complete,10,3,0,0,0,13
7341.072051381425,failure,10,2,1,0,1,12
7341.3222170827885,repair_complete,10,3,0,0,0,13
7360.416751890209,failure,10,2,1,0,1,12
7360.52574894273,failure,10,1,2,1,1,11
7360.721079987864,failure,10,0,3,2,1,10
7361.307934304681,repair_complete,10,1,2,1,1,11
7362.480665790999,repair_complete,10,2,1,0,1,12
7364.13468280783,repair_complete,10,3,0,0,0,13
7374.571079495986,failure,10,2,1,0,1,12
7374.673703025977,repair_complete,10,3,0,0,0,13
7396.665604955765,failure,10,2,1,0,1,12
7397.412123718912,repair_complete,10,3,0,0,0,13
7400.544372666851,failure,10,2,1,0,1,12
7400.876218843889,repair_complete,10,3,0,0,0,13
7405.8699073096595,failure,10,2,1,0,1,12
7406.765270632901,failure,10,1,2,1,1,11
7407.872305793316,repair_complete,10,2,1,0,1,12
7409.644976221261,repair_complete,10,3,0,0,0,13
7412.565932612812,failure,10,2,1,0,1,12
7412.7558562171325,repair_complete,10,3,0,0,0,13
7415.479808198804,failure,10,2,1,0,1,12
7415.641445314347,repair_complete,10,3,0,0,0,13
7416.176076146093,failure,10,2,1,0,1,12
7416.9094848497525,repair_complete,10,3,0,0,0,13
7421.51065856127,failure,10,2,1,0,1,12
7421.535720279326,repair_complete,10,3,0,0,0,13
7422.831832064326,failure,10,2,1,0,1,12
7424.593733788189,repair_complete,10,3,0,0,0,13
7428.999668886844,failure,10,2,1,0,1,12
7429.062087086775,repair_complete,10,3,0,0,0,13
7436.867590311349,failure,10,2,1,0,1,12
7437.258908414621,repair_complete,10,3,0,0,0,13
7448.0401071728475,failure,10,2,1,0,1,12
7449.963358973822,repair_complete,10,3,0,0,0,13
7455.435422324016,failure,10,2,1,0,1,12
7455.558699727894,repair_complete,10,3,0,0,0,13
7458.225388803199,failure,10,2,1,0,1,12
7460.0028363683605,repair_complete,10,3,0,0,0,13
7466.701226513642,failure,10,2,1,0,1,12
7468.5061328607735,repair_complete,10,3,0,0,0,13
7481.09997532419,failure,10,2,1,0,1,12
7481.638424543139,repair_complete,10,3,0,0,0,13
7487.880998133909,failure,10,2,1,0,1,12
7488.932967033492,repair_complete,10,3,0,0,0,13
7491.988212673528,failure,10,2,1,0,1,12
7494.193181561231,repair_complete,10,3,0,0,0,13
7502.080648560421,failure,10,2,1,0,1,12
7503.4324457088915,repair_complete,10,3,0,0,0,13
7513.398382083394,failure,10,2,1,0,1,12
7513.475244190031,repair_complete,10,3,0,0,0,13
7515.8371700899925,failure,10,2,1,0,1,12
7516.195252775318,repair_complete,10,3,0,0,0,13
7518.878220563136,failure,10,2,1,0,1,12
7518.900501544477,repair_complete,10,3,0,0,0,13
7532.784837191938,failure,10,2,1,0,1,12
7534.024069301695,repair_complete,10,3,0,0,0,13
7536.741043789802,failure,10,2,1,0,1,12
7537.687362210028,repair_complete,10,3,0,0,0,13
7547.839858665773,failure,10,2,1,0,1,12
7548.097334460432,repair_complete,10,3,0,0,0,13
7555.71662522089,failure,10,2,1,0,1,12
7556.390075608113,repair_complete,10,3,0,0,0,13
7561.977525971877,failure,10,2,1,0,1,12
7562.462875290296,repair_complete,10,3,0,0,0,13
7562.6473120177725,failure,10,2,1,0,1,12
7562.755209510613,repair_complete,10,3,0,0,0,13
7584.32083035623,failure,10,2,1,0,1,12
7587.129403356688,repair_complete,10,3,0,0,0,13
7593.929171387641,failure,10,2,1,0,1,12
7594.203433040465,repair_complete,10,3,0,0,0,13
7596.290612981402,failure,10,2,1,0,1,12
7596.927422846849,repair_complete,10,3,0,0,0,13
7620.846516499957,failure,10,2,1,0,1,12
7622.264086316655,repair_complete,10,3,0,0,0,13
7628.087315144035,failure,10,2,1,0,1,12
7628.7844561003285,repair_complete,10,3,0,0,0,13
7637.090253156029,failure,10,2,1,0,1,12
7638.357356217734,repair_complete,10,3,0,0,0,13
7639.2032827967405,failure,10,2,1,0,1,12
7639.367918518695,repair_complete,10,3,0,0,0,13
7655.78722848601,failure,10,2,1,0,1,12
7658.927199741117,repair_complete,10,3,0,0,0,13
7666.359999995627,failure,10,2,1,0,1,12
7666.91043068842,repair_complete,10,3,0,0,0,13
7671.5835445744715,failure,10,2,1,0,1,12
7672.9709793815655,repair_complete,10,3,0,0,0,13
7685.201442443179,failure,10,2,1,0,1,12
7686.521027687101,repair_complete,10,3,0,0,0,13
7699.421290864443,failure,10,2,1,0,1,12
7703.8198421659245,repair_complete,10,3,0,0,0,13
7712.455771230471,failure,10,2,1,0,1,12
7713.599583797358,repair_complete,10,3,0,0,0,13
7727.855531677007,failure,10,2,1,0,1,12
7729.259944211783,repair_complete,10,3,0,0,0,13
7734.901013313432,failure,10,2,1,0,1,12
7735.220685008304,failure,10,1,2,1,1,11
7736.19155435549,repair_complete,10,2,1,0,1,12
7737.310432046859,repair_complete,10,3,0,0,0,13
7749.291905598053,failure,10,2,1,0,1,12
7749.347440537772,repair_complete,10,3,0,0,0,13
7754.905445843733,failure,10,2,1,0,1,12
7755.055918897496,repair_complete,10,3,0,0,0,13
7760.509140030811,failure,10,2,1,0,1,12
7761.951541454827,failure,10,1,2,1,1,11
7763.973829713056,repair_complete,10,2,1,0,1,12
7765.417866220959,repair_complete,10,3,0,0,0,13
7773.872988922781,failure,10,2,1,0,1,12
7774.116111399835,repair_complete,10,3,0,0,0,13
7786.3267702695275,failure,10,2,1,0,1,12
7786.461436369103,repair_complete,10,3,0,0,0,13
7787.336274463262,failure,10,2,1,0,1,12
7789.894401681206,repair_complete,10,3,0,0,0,13
7819.63114231863,failure,10,2,1,0,1,12
7820.577969207057,repair_complete,10,3,0,0,0,13
7830.000469613632,failure,10,2,1,0,1,12
7830.091874835756,failure,10,1,2,1,1,11
7830.904636859027,repair_complete,10,2,1,0,1,12
7831.36463078157,repair_complete,10,3,0,0,0,13
7836.950761685564,failure,10,2,1,0,1,12
7837.081160682263,repair_complete,10,3,0,0,0,13
7840.337210114846,failure,10,2,1,0,1,12
7842.360497155601,failure,10,1,2,1,1,11
7843.81787427421,repair_complete,10,2,1,0,1,12
7843.896216755737,failure,10,1,2,1,1,11
7844.246036967934,repair_complete,10,2,1,0,1,12
7844.596006936752,repair_complete,10,3,0,0,0,13
7845.343123447757,failure,10,2,1,0,1,12
7847.378373755274,repair_complete,10,3,0,0,0,13
7855.850212104025,failure,10,2,1,0,1,12
7857.070047303182,repair_complete,10,3,0,0,0,13
7859.0992622352305,failure,10,2,1,0,1,12
7861.151710099865,repair_complete,10,3,0,0,0,13
7862.945715361219,failure,10,2,1,0,1,12
7865.373393584886,failure,10,1,2,1,1,11
7868.69784276426,repair_complete,10,2,1,0,1,12
7869.089538592411,repair_complete,10,3,0,0,0,13
7872.570445417515,failure,10,2,1,0,1,12
7872.893045789556,repair_complete,10,3,0,0,0,13
7876.374317527312,failure,10,2,1,0,1,12
7877.264315005285,repair_complete,10,3,0,0,0,13
7881.353610735799,failure,10,2,1,0,1,12
7882.198396266343,repair_complete,10,3,0,0,0,13
7887.834789073293,failure,10,2,1,0,1,12
7889.591452581981,repair_complete,10,3,0,0,0,13
7891.502469436828,failure,10,2,1,0,1,12
7891.870866062243,repair_complete,10,3,0,0,0,13
7903.739726450207,failure,10,2,1,0,1,12
7904.561570188084,repair_complete,10,3,0,0,0,13
7906.213079554994,failure,10,2,1,0,1,12
7906.402861645406,repair_complete,10,3,0,0,0,13
7908.853692418127,failure,10,2,1,0,1,12
7908.991578899804,repair_complete,10,3,0,0,0,13
7912.134320583027,failure,10,2,1,0,1,12
7912.809383975545,repair_complete,10,3,0,0,0,13
7926.60435311831,failure,10,2,1,0,1,12
7926.879453676595,repair_complete,10,3,0,0,0,13
7937.2842390582355,failure,10,2,1,0,1,12
7937.466076272967,repair_complete,10,3,0,0,0,13
7973.688295267671,failure,10,2,1,0,1,12
7975.562038874502,repair_complete,10,3,0,0,0,13
7975.960966698302,failure,10,2,1,0,1,12
7976.396959238384,repair_complete,10,3,0,0,0,13
8006.753091026782,failure,10,2,1,0,1,12
8007.017422825577,repair_complete,10,3,0,0,0,13
8008.884938003327,failure,10,2,1,0,1,12
8011.087950145698,repair_complete,10,3,0,0,0,13
8017.635479849969,failure,10,2,1,0,1,12
8018.190905594952,repair_complete,10,3,0,0,0,13
8025.529464255403,failure,10,2,1,0,1,12
8025.972248816365,repair_complete,10,3,0,0,0,13
8030.34528239657,failure,10,2,1,0,1,12
8033.2527940158,repair_complete,10,3,0,0,0,13
8038.025489592086,failure,10,2,1,0,1,12
8038.483775996193,repair_complete,10,3,0,0,0,13
8041.083191336841,failure,10,2,1,0,1,12
8041.329654991018,repair_complete,10,3,0,0,0,13
8058.042339945924,failure,10,2,1,0,1,12
8058.048989810292,repair_complete,10,3,0,0,0,13
8078.692104067395,failure,10,2,1,0,1,12
8080.614883582772,repair_complete,10,3,0,0,0,13
8080.8032173322035,failure,10,2,1,0,1,12
8081.006318527361,repair_complete,10,3,0,0,0,13
8084.738699861006,failure,10,2,1,0,1,12
8086.357730911319,repair_complete,10,3,0,0,0,13
8092.580948275068,failure,10,2,1,0,1,12
8094.280534759403,repair_complete,10,3,0,0,0,13
8098.541318596594,failure,10,2,1,0,1,12
8098.620440867656,repair_complete,10,3,0,0,0,13
8102.610590781839,failure,10,2,1,0,1,12
8102.636433611503,repair_complete,10,3,0,0,0,13
8102.931231625361,failure,10,2,1,0,1,12
8103.17310558346,repair_complete,10,3,0,0,0,13
8107.308411716076,failure,10,2,1,0,1,12
8108.442121773449,repair_complete,10,3,0,0,0,13
8112.634982508707,failure,10,2,1,0,1,12
8114.1098802873585,repair_complete,10,3,0,0,0,13
8128.453704830092,failure,10,2,1,0,1,12
8128.506839372678,repair_complete,10,3,0,0,0,13
8156.079846762358,failure,10,2,1,0,1,12
8158.211822290068,repair_complete,10,3,0,0,0,13
8159.029122999069,failure,10,2,1,0,1,12
8159.173281267549,repair_complete,10,3,0,0,0,13
8166.5771935578405,failure,10,2,1,0,1,12
8167.553733524812,repair_complete,10,3,0,0,0,13
8167.891461173616,failure,10,2,1,0,1,12
8170.125558687151,repair_complete,10,3,0,0,0,13
8173.603686156953,failure,10,2,1,0,1,12
8175.733010603418,repair_complete,10,3,0,0,0,13
8180.565502278474,failure,10,2,1,0,1,12
8182.585923271236,repair_complete,10,3,0,0,0,13
8188.886104007351,failure,10,2,1,0,1,12
8192.365156526259,repair_complete,10,3,0,0,0,13
8198.812294239508,failure,10,2,1,0,1,12
8199.839538169086,repair_complete,10,3,0,0,0,13
8200.609782766078,failure,10,2,1,0,1,12
8201.994497227846,repair_complete,10,3,0,0,0,13
8219.007233408605,failure,10,2,1,0,1,12
8219.14317277759,repair_complete,10,3,0,0,0,13
8223.25083316502,failure,10,2,1,0,1,12
8224.922012842351,repair_complete,10,3,0,0,0,13
8228.400887539972,failure,10,2,1,0,1,12
8229.909272413748,repair_complete,10,3,0,0,0,13
8234.034467266845,failure,10,2,1,0,1,12
8234.116068247673,failure,10,1,2,1,1,11
8234.726373547057,repair_complete,10,2,1,0,1,12
8235.234647367302,repair_complete,10,3,0,0,0,13
8251.25078194742,failure,10,2,1,0,1,12
8251.549489926581,repair_complete,10,3,0,0,0,13
8264.491610826251,failure,10,2,1,0,1,12
8266.977344694062,repair_complete,10,3,0,0,0,13
8267.729168721076,failure,10,2,1,0,1,12
8271.174225626835,repair_complete,10,3,0,0,0,13
8281.225818182267,failure,10,2,1,0,1,12
8281.397226174726,failure,10,1,2,1,1,11
8283.515036211773,repair_complete,10,2,1,0,1,12
8285.123983962203,repair_complete,10,3,0,0,0,13
8299.030421208037,failure,10,2,1,0,1,12
8299.234177124963,repair_complete,10,3,0,0,0,13
8302.025579068291,failure,10,2,1,0,1,12
8302.990702124367,repair_complete,10,3,0,0,0,13
8306.73971330393,failure,10,2,1,0,1,12
8307.953005232162,repair_complete,10,3,0,0,0,13
8314.333502795216,failure,10,2,1,0,1,12
8315.601827866025,failure,10,1,2,1,1,11
8320.173352300304,repair_complete,10,2,1,0,1,12
8320.613539724927,repair_complete,10,3,0,0,0,13
8321.530582760704,failure,10,2,1,0,1,12
8322.38108636295,repair_complete,10,3,0,0,0,13
8323.445464777435,failure,10,2,1,0,1,12
8323.52952340319,repair_complete,10,3,0,0,0,13
8326.18531349266,failure,10,2,1,0,1,12
8330.164281931202,repair_complete,10,3,0,0,0,13
8339.942945466768,failure,10,2,1,0,1,12
8339.999162326241,repair_complete,10,3,0,0,0,13
8357.818246892259,failure,10,2,1,0,1,12
8358.624984052056,repair_complete,10,3,0,0,0,13
8359.376622855147,failure,10,2,1,0,1,12
8360.596462651565,repair_complete,10,3,0,0,0,13
8385.750444213501,failure,10,2,1,0,1,12
8385.799827048177,repair_complete,10,3,0,0,0,13
8390.664814258651,failure,10,2,1,0,1,12
8391.578347234568,failure,10,1,2,1,1,11
8391.686161344942,repair_complete,10,2,1,0,1,12
8392.465115582749,repair_complete,10,3,0,0,0,13
8413.9879616911,failure,10,2,1,0,1,12
8416.367422295052,repair_complete,10,3,0,0,0,13
8424.926430665408,failure,10,2,1,0,1,12
8426.28343701901,repair_complete,10,3,0,0,0,13
8446.233074168491,failure,10,2,1,0,1,12
8446.724983520531,repair_complete,10,3,0,0,0,13
8447.67049677149,failure,10,2,1,0,1,12
8448.915329352258,repair_complete,10,3,0,0,0,13
8453.580382446215,failure,10,2,1,0,1,12
8455.008404142514,repair_complete,10,3,0,0,0,13
8471.111924953355,failure,10,2,1,0,1,12
8471.694251262175,repair_complete,10,3,0,0,0,13
8477.341518319448,failure,10,2,1,0,1,12
8480.44020764488,repair_complete,10,3,0,0,0,13
8495.171160817643,failure,10,2,1,0,1,12
8496.450406217928,repair_complete,10,3,0,0,0,13
8501.815658393725,failure,10,2,1,0,1,12
8502.031840461612,repair_complete,10,3,0,0,0,13
8505.216360873472,failure,10,2,1,0,1,12
8505.740572774701,repair_complete,10,3,0,0,0,13
8520.409317817272,failure,10,2,1,0,1,12
8520.54956252029,repair_complete,10,3,0,0,0,13
8520.995654942359,failure,10,2,1,0,1,12
8521.482633243744,repair_complete,10,3,0,0,0,13
8531.31546377902,failure,10,2,1,0,1,12
8531.44576768572,repair_complete,10,3,0,0,0,13
8551.371843698282,failure,10,2,1,0,1,12
8552.94638570109,repair_complete,10,3,0,0,0,13
8554.0311917857,failure,10,2,1,0,1,12
8554.525752998978,repair_complete,10,3,0,0,0,13
8557.372542971541,failure,10,2,1,0,1,12
8558.19842428682,repair_complete,10,3,0,0,0,13
8575.077100778697,failure,10,2,1,0,1,12
8575.145456849308,repair_complete,10,3,0,0,0,13
8577.96655415784,failure,10,2,1,0,1,12
8580.82078001001,repair_complete,10,3,0,0,0,13
8580.865738241873,failure,10,2,1,0,1,12
8581.605279534706,repair_complete,10,3,0,0,0,13
8599.095910205897,failure,10,2,1,0,1,12
8601.439972205348,repair_complete,10,3,0,0,0,13
8621.880568862436,failure,10,2,1,0,1,12
8622.881795629015,repair_complete,10,3,0,0,0,13
8640.233057082412,failure,10,2,1,0,1,12
8641.127292664863,repair_complete,10,3,0,0,0,13
8645.897919654099,failure,10,2,1,0,1,12
8647.201060985199,repair_complete,10,3,0,0,0,13
8654.657495640571,failure,10,2,1,0,1,12
8654.76551183237,repair_complete,10,3,0,0,0,13
8671.090773785463,failure,10,2,1,0,1,12
8672.228736887531,repair_complete,10,3,0,0,0,13
8684.331164383639,failure,10,2,1,0,1,12
8685.821037113717,repair_complete,10,3,0,0,0,13
8698.02996394946,failure,10,2,1,0,1,12
8699.404381843548,repair_complete,10,3,0,0,0,13
8718.35420496634,failure,10,2,1,0,1,12
8721.164303300111,repair_complete,10,3,0,0,0,13
8730.131850080808,failure,10,2,1,0,1,12
8731.238950972103,repair_complete,10,3,0,0,0,13
8786.20679367646,failure,10,2,1,0,1,12
8786.601930934994,repair_complete,10,3,0,0,0,13
8798.71344412154,failure,10,2,1,0,1,12
8799.974787375217,repair_complete,10,3,0,0,0,13
8826.861719104152,failure,10,2,1,0,1,12
8826.99139300776,repair_complete,10,3,0,0,0,13
8846.321087152508,failure,10,2,1,0,1,12
8846.760509800688,repair_complete,10,3,0,0,0,13
8872.460957269379,failure,10,2,1,0,1,12
8873.30115618227,repair_complete,10,3,0,0,0,13
8876.069806127232,failure,10,2,1,0,1,12
8876.291335967042,failure,10,1,2,1,1,11
8877.253568635642,repair_complete,10,2,1,0,1,12
8877.40627670836,repair_complete,10,3,0,0,0,13
8881.9868138218,failure,10,2,1,0,1,12
8883.73524309112,repair_complete,10,3,0,0,0,13
8891.957201285873,failure,10,2,1,0,1,12
8892.763080185514,repair_complete,10,3,0,0,0,13
8910.934073859544,failure,10,2,1,0,1,12
8911.256916089867,repair_complete,10,3,0,0,0,13
8918.196253545955,failure,10,2,1,0,1,12
8918.519513471567,repair_complete,10,3,0,0,0,13
8919.91284355572,failure,10,2,1,0,1,12
8920.093155577255,repair_complete,10,3,0,0,0,13
8930.800742375413,failure,10,2,1,0,1,12
8931.328608714135,repair_complete,10,3,0,0,0,13
8944.35238747218,failure,10,2,1,0,1,12
8944.592911556903,repair_complete,10,3,0,0,0,13
8947.875562574647,failure,10,2,1,0,1,12
8948.440267342108,repair_complete,10,3,0,0,0,13
8953.200099026944,failure,10,2,1,0,1,12
8953.218245721673,repair_complete,10,3,0,0,0,13
8967.071537365526,failure,10,2,1,0,1,12
8968.532638553124,repair_complete,10,3,0,0,0,13
8969.085137429229,failure,10,2,1,0,1,12
8971.047152685745,repair_complete,10,3,0,0,0,13
8981.516259380403,failure,10,2,1,0,1,12
8981.775026776937,repair_complete,10,3,0,0,0,13
8991.613623925026,failure,10,2,1,0,1,12
8991.986348010361,repair_complete,10,3,0,0,0,13
8993.096185941407,failure,10,2,1,0,1,12
8993.209643681146,repair_complete,10,3,0,0,0,13
9007.211872541919,failure,10,2,1,0,1,12
9008.452229318933,repair_complete,10,3,0,0,0,13
9009.383489507989,failure,10,2,1,0,1,12
9009.539603327441,repair_complete,10,3,0,0,0,13
9011.247357453936,failure,10,2,1,0,1,12
9012.008634913915,repair_complete,10,3,0,0,0,13
9019.36337205577,failure,10,2,1,0,1,12
9019.407116846269,repair_complete,10,3,0,0,0,13
9023.217937627214,failure,10,2,1,0,1,12
9023.679406554014,repair_complete,10,3,0,0,0,13
9029.450212179052,failure,10,2,1,0,1,12
9033.026816421028,failure,10,1,2,1,1,11
9033.073641287792,repair_complete,10,2,1,0,1,12
9034.317587344847,repair_complete,10,3,0,0,0,13
9035.849738194269,failure,10,2,1,0,1,12
9036.986451670868,repair_complete,10,3,0,0,0,13
9038.582521021617,failure,10,2,1,0,1,12
9038.843245641741,repair_complete,10,3,0,0,0,13
9060.84948424693,failure,10,2,1,0,1,12
9063.467456090133,repair_complete,10,3,0,0,0,13
9066.29866072868,failure,10,2,1,0,1,12
9066.347447775022,repair_complete,10,3,0,0,0,13
9072.892728220166,failure,10,2,1,0,1,12
9073.21976073876,failure,10,1,2,1,1,11
9074.697747829732,repair_complete,10,2,1,0,1,12
9074.920686347943,repair_complete,10,3,0,0,0,13
9083.768839597149,failure,10,2,1,0,1,12
9084.070554001582,repair_complete,10,3,0,0,0,13
9085.529566558502,failure,10,2,1,0,1,12
9085.656018099013,repair_complete,10,3,0,0,0,13
9088.613487475395,failure,10,2,1,0,1,12
9088.822853247677,repair_complete,10,3,0,0,0,13
9100.492154215259,failure,10,2,1,0,1,12
9101.200153177551,repair_complete,10,3,0,0,0,13
9124.55984225659,failure,10,2,1,0,1,12
9128.819588503842,repair_complete,10,3,0,0,0,13
9130.498002025393,failure,10,2,1,0,1,12
9130.742109101384,failure,10,1,2,1,1,11
9130.959394971143,failure,10,0,3,2,1,10
9131.01155284766,repair_complete,10,1,2,1,1,11
9131.171528777038,repair_complete,10,2,1,0,1,12
9132.255983151215,repair_complete,10,3,0,0,0,13
9146.443702232318,failure,10,2,1,0,1,12
9148.480913305164,repair_complete,10,3,0,0,0,13
9167.388077652333,failure,10,2,1,0,1,12
9167.820190985543,repair_complete,10,3,0,0,0,13
9168.459104055957,failure,10,2,1,0,1,12
9169.679958730856,failure,10,1,2,1,1,11
9169.9751926875,repair_complete,10,2,1,0,1,12
9171.111840269738,failure,10,1,2,1,1,11
9172.229062623179,repair_complete,10,2,1,0,1,12
9172.588254526863,repair_complete,10,3,0,0,0,13
9181.528921430132,failure,10,2,1,0,1,12
9183.339183614975,repair_complete,10,3,0,0,0,13
9187.243009656786,failure,10,2,1,0,1,12
9188.872088898113,repair_complete,10,3,0,0,0,13
9214.9375306357,failure,10,2,1,0,1,12
9214.977664743368,repair_complete,10,3,0,0,0,13
9215.07707275817,failure,10,2,1,0,1,12
9215.718441850096,repair_complete,10,3,0,0,0,13
9216.337935481957,failure,10,2,1,0,1,12
9218.07265573267,repair_complete,10,3,0,0,0,13
9222.504071115953,failure,10,2,1,0,1,12
9222.8465082033,repair_complete,10,3,0,0,0,13
9226.148618943884,failure,10,2,1,0,1,12
9227.326257541074,repair_complete,10,3,0,0,0,13
9247.552426871312,failure,10,2,1,0,1,12
9248.13157346866,repair_complete,10,3,0,0,0,13
9248.381538809064,failure,10,2,1,0,1,12
9249.937686967403,repair_complete,10,3,0,0,0,13
9253.782236713636,failure,10,2,1,0,1,12
9254.024517408117,repair_complete,10,3,0,0,0,13
9254.782359148938,failure,10,2,1,0,1,12
9257.739213794708,repair_complete,10,3,0,0,0,13
9258.04583505965,failure,10,2,1,0,1,12
9258.740188800552,repair_complete,10,3,0,0,0,13
9260.908840422142,failure,10,2,1,0,1,12
9262.077267955932,repair_complete,10,3,0,0,0,13
9266.523094709428,failure,10,2,1,0,1,12
9267.286044806326,repair_complete,10,3,0,0,0,13
9270.155321798393,failure,10,2,1,0,1,12
9270.9533953693,repair_complete,10,3,0,0,0,13
9278.896796993668,failure,10,2,1,0,1,12
9284.895694275488,repair_complete,10,3,0,0,0,13
9287.629298339934,failure,10,2,1,0,1,12
9288.584412054544,repair_complete,10,3,0,0,0,13
9289.46398332009,failure,10,2,1,0,1,12
9291.69730686825,repair_complete,10,3,0,0,0,13
9292.39430968794,failure,10,2,1,0,1,12
9293.13002636045,repair_complete,10,3,0,0,0,13
9309.908895400122,failure,10,2,1,0,1,12
9310.693988102694,repair_complete,10,3,0,0,0,13
9324.304848293968,failure,10,2,1,0,1,12
9324.60240043877,repair_complete,10,3,0,0,0,13
9324.83708325507,failure,10,2,1,0,1,12
9324.906632769607,repair_complete,10,3,0,0,0,13
9328.308222732281,failure,10,2,1,0,1,12
9328.41913602454,repair_complete,10,3,0,0,0,13
9343.351315118536,failure,10,2,1,0,1,12
9343.45871744579,failure,10,1,2,1,1,11
9344.13279251688,repair_complete,10,2,1,0,1,12
9344.459127314314,failure,10,1,2,1,1,11
9344.928821915015,repair_complete,10,2,1,0,1,12
9346.04827122614,repair_complete,10,3,0,0,0,13
9352.56342179109,failure,10,2,1,0,1,12
9353.569386775582,repair_complete,10,3,0,0,0,13
9392.172151840714,failure,10,2,1,0,1,12
9393.125168019578,repair_complete,10,3,0,0,0,13
9395.981378477953,failure,10,2,1,0,1,12
9398.245915074249,repair_complete,10,3,0,0,0,13
9433.572629236958,failure,10,2,1,0,1,12
9433.575897040722,repair_complete,10,3,0,0,0,13
9435.993672505803,failure,10,2,1,0,1,12
9436.19226010344,repair_complete,10,3,0,0,0,13
9448.09532727473,failure,10,2,1,0,1,12
9448.233025212648,failure,10,1,2,1,1,11
9450.965389329871,repair_complete,10,2,1,0,1,12
9451.373786903065,repair_complete,10,3,0,0,0,13
9465.96183643772,failure,10,2,1,0,1,12
9467.582535824666,failure,10,1,2,1,1,11
9467.771265451898,repair_complete,10,2,1,0,1,12
9468.163736701421,repair_complete,10,3,0,0,0,13
9468.464422808303,failure,10,2,1,0,1,12
9469.63088904217,failure,10,1,2,1,1,11
9470.004487308674,repair_complete,10,2,1,0,1,12
9470.39986354164,repair_complete,10,3,0,0,0,13
9484.236032781328,failure,10,2,1,0,1,12
9484.79744454574,repair_complete,10,3,0,0,0,13
9489.880052205745,failure,10,2,1,0,1,12
9490.620816763534,repair_complete,10,3,0,0,0,13
9495.025792556084,failure,10,2,1,0,1,12
9495.327839493248,repair_complete,10,3,0,0,0,13
9498.868668697603,failure,10,2,1,0,1,12
9499.381802527343,repair_complete,10,3,0,0,0,13
9501.893690015386,failure,10,2,1,0,1,12
9505.811544361066,repair_complete,10,3,0,0,0,13
9506.400343068573,failure,10,2,1,0,1,12
9507.497876179394,failure,10,1,2,1,1,11
9509.219207859003,repair_complete,10,2,1,0,1,12
9509.41328944088,repair_complete,10,3,0,0,0,13
9510.451670136634,failure,10,2,1,0,1,12
9511.469668314448,failure,10,1,2,1,1,11
9513.696473545548,repair_complete,10,2,1,0,1,12
9516.233058582298,repair_complete,10,3,0,0,0,13
9517.297856456375,failure,10,2,1,0,1,12
9517.776516190224,repair_complete,10,3,0,0,0,13
9542.858763398042,failure,10,2,1,0,1,12
9543.320980951234,repair_complete,10,3,0,0,0,13
9560.301103311931,failure,10,2,1,0,1,12
9561.017588871202,failure,10,1,2,1,1,11
9565.00863486702,repair_complete,10,2,1,0,1,12
9565.530106043787,repair_complete,10,3,0,0,0,13
9566.238225891502,failure,10,2,1,0,1,12
9567.383617885553,repair_complete,10,3,0,0,0,13
9581.739586974412,failure,10,2,1,0,1,12
9583.64235444037,repair_complete,10,3,0,0,0,13
9593.560931036438,failure,10,2,1,0,1,12
9593.86095392393,repair_complete,10,3,0,0,0,13
9596.359750051704,failure,10,2,1,0,1,12
9597.35447275481,repair_complete,10,3,0,0,0,13
9618.423295996867,failure,10,2,1,0,1,12
9618.527985343977,repair_complete,10,3,0,0,0,13
9658.017110783177,failure,10,2,1,0,1,12
9658.02946985274,repair_complete,10,3,0,0,0,13
9665.699125501877,failure,10,2,1,0,1,12
9667.318693058032,repair_complete,10,3,0,0,0,13
9667.363449815442,failure,10,2,1,0,1,12
9671.057405708425,repair_complete,10,3,0,0,0,13
9675.391480835526,failure,10,2,1,0,1,12
9675.564699595952,repair_complete,10,3,0,0,0,13
9682.608449688485,failure,10,2,1,0,1,12
9682.948985973031,failure,10,1,2,1,1,11
9683.837467349917,repair_complete,10,2,1,0,1,12
9684.006733608807,repair_complete,10,3,0,0,0,13
9692.38667876581,failure,10,2,1,0,1,12
9692.756085515519,repair_complete,10,3,0,0,0,13
9709.450584074282,failure,10,2,1,0,1,12
9710.020273362106,repair_complete,10,3,0,0,0,13
9732.532885789353,failure,10,2,1,0,1,12
9733.344495644524,repair_complete,10,3,0,0,0,13
9739.463163352886,failure,10,2,1,0,1,12
9740.248854872707,repair_complete,10,3,0,0,0,13
9763.247487541968,failure,10,2,1,0,1,12
9764.22752856368,repair_complete,10,3,0,0,0,13
9769.37627353299,failure,10,2,1,0,1,12
9770.820918366711,repair_complete,10,3,0,0,0,13
9773.872793146442,failure,10,2,1,0,1,12
9774.162661976421,repair_complete,10,3,0,0,0,13
9778.301975509663,failure,10,2,1,0,1,12
9778.33836299298,repair_complete,10,3,0,0,0,13
9787.89394953333,failure,10,2,1,0,1,12
9787.956565625957,repair_complete,10,3,0,0,0,13
9796.01591672102,failure,10,2,1,0,1,12
9796.123431780346,repair_complete,10,3,0,0,0,13
9826.153447202983,failure,10,2,1,0,1,12
9827.275682619817,repair_complete,10,3,0,0,0,13
9845.67338220322,failure,10,2,1,0,1,12
9845.76175801505,repair_complete,10,3,0,0,0,13
9863.151610630073,failure,10,2,1,0,1,12
9863.866099978299,repair_complete,10,3,0,0,0,13
9866.878242516172,failure,10,2,1,0,1,12
9866.957951431732,repair_complete,10,3,0,0,0,13
9880.66068324638,failure,10,2,1,0,1,12
9882.134739214975,repair_complete,10,3,0,0,0,13
9899.206027643033,failure,10,2,1,0,1,12
9899.284150544509,repair_complete,10,3,0,0,0,13
9902.444158663324,failure,10,2,1,0,1,12
9902.760707278574,repair_complete,10,3,0,0,0,13
9910.788097238195,failure,10,2,1,0,1,12
9911.124343912004,repair_complete,10,3,0,0,0,13
9915.845410217382,failure,10,2,1,0,1,12
9917.205581413384,repair_complete,10,3,0,0,0,13
9933.937842580874,failure,10,2,1,0,1,12
9934.105285156716,repair_complete,10,3,0,0,0,13
9936.947863737427,failure,10,2,1,0,1,12
9937.67846568251,repair_complete,10,3,0,0,0,13
9947.230805493062,failure,10,2,1,0,1,12
9948.036867124269,repair_complete,10,3,0,0,0,13
9954.58092189607,failure,10,2,1,0,1,12
9954.646601892115,failure,10,1,2,1,1,11
9954.893507836063,repair_complete,10,2,1,0,1,12
9955.195635263039,failure,10,1,2,1,1,11
9956.08641225861,repair_complete,10,2,1,0,1,12
9960.014382088213,repair_complete,10,3,0,0,0,13
9968.603729700451,failure,10,2,1,0,1,12
9968.624443832128,repair_complete,10,3,0,0,0,13
9976.497277956783,failure,10,2,1,0,1,12
9976.753006062741,repair_complete,10,3,0,0,0,13
9984.040436998146,failure,10,2,1,0,1,12
9984.123593500643,repair_complete,10,3,0,0,0,13
9991.566905031736,failure,10,2,1,0,1,12
9992.534222345921,repair_complete,10,3,0,0,0,13
10004.59350222963,failure,10,2,1,0,1,12
10006.27791964677,repair_complete,10,3,0,0,0,13
10015.469127400283,failure,10,2,1,0,1,12
10015.652269129678,repair_complete,10,3,0,0,0,13
10017.519095852389,failure,10,2,1,0,1,12
10018.841267742822,repair_complete,10,3,0,0,0,13
10021.012185120488,failure,10,2,1,0,1,12
10021.249878545448,repair_complete,10,3,0,0,0,13
10031.138957342568,failure,10,2,1,0,1,12
10032.198998142198,repair_complete,10,3,0,0,0,13
10036.920833473518,failure,10,2,1,0,1,12
10036.999213388097,repair_complete,10,3,0,0,0,13
10038.867603928818,failure,10,2,1,0,1,12
10040.858979116103,repair_complete,10,3,0,0,0,13
10042.587553253175,failure,10,2,1,0,1,12
10046.928510303156,repair_complete,10,3,0,0,0,13
10054.472106769355,failure,10,2,1,0,1,12
10055.023444759749,repair_complete,10,3,0,0,0,13
10062.061490452938,failure,10,2,1,0,1,12
10067.849481797057,repair_complete,10,3,0,0,0,13
10078.791099548043,failure,10,2,1,0,1,12
10078.80859967803,failure,10,1,2,1,1,11
10078.976228878106,repair_complete,10,2,1,0,1,12
10079.0149458164,repair_complete,10,3,0,0,0,13
10079.687154778165,failure,10,2,1,0,1,12
10082.480820284896,repair_complete,10,3,0,0,0,13
10084.757692309882,failure,10,2,1,0,1,12
10085.499294399557,repair_complete,10,3,0,0,0,13
10110.079604847833,failure,10,2,1,0,1,12
10110.654950718757,repair_complete,10,3,0,0,0,13
10118.474565464434,failure,10,2,1,0,1,12
10118.641627023922,repair_complete,10,3,0,0,0,13
10118.739953486516,failure,10,2,1,0,1,12
10119.5722606828,repair_complete,10,3,0,0,0,13
10131.998479834854,failure,10,2,1,0,1,12
10132.116279606904,repair_complete,10,3,0,0,0,13
10135.188650905215,failure,10,2,1,0,1,12
10136.880692175777,repair_complete,10,3,0,0,0,13
10164.834395711425,failure,10,2,1,0,1,12
10165.731379077051,repair_complete,10,3,0,0,0,13
10168.237943861657,failure,10,2,1,0,1,12
10168.508317180434,failure,10,1,2,1,1,11
10169.619444334054,repair_complete,10,2,1,0,1,12
10170.296895561532,repair_complete,10,3,0,0,0,13
10180.528142342022,failure,10,2,1,0,1,12
10180.924413719997,repair_complete,10,3,0,0,0,13
10213.835807749516,failure,10,2,1,0,1,12
10215.142485899518,repair_complete,10,3,0,0,0,13
10219.44330279638,failure,10,2,1,0,1,12
10219.544163710956,repair_complete,10,3,0,0,0,13
10223.111201474734,failure,10,2,1,0,1,12
10224.522935545214,repair_complete,10,3,0,0,0,13
10230.33088249966,failure,10,2,1,0,1,12
10232.220809413775,repair_complete,10,3,0,0,0,13
10241.188015340033,failure,10,2,1,0,1,12
10244.29645830788,repair_complete,10,3,0,0,0,13
10271.320924355727,failure,10,2,1,0,1,12
10272.035008285578,repair_complete,10,3,0,0,0,13
10283.600657744419,failure,10,2,1,0,1,12
10284.106981149183,repair_complete,10,3,0,0,0,13
10288.57663294542,failure,10,2,1,0,1,12
10288.681674740452,repair_complete,10,3,0,0,0,13
10296.044888626837,failure,10,2,1,0,1,12
10296.322599006833,repair_complete,10,3,0,0,0,13
10301.604974764312,failure,10,2,1,0,1,12
10302.189224748256,repair_complete,10,3,0,0,0,13
10305.130226165715,failure,10,2,1,0,1,12
10307.070029135373,repair_complete,10,3,0,0,0,13
10308.855036812896,failure,10,2,1,0,1,12
10309.03052005754,repair_complete,10,3,0,0,0,13
10338.757186611618,failure,10,2,1,0,1,12
10340.376362870262,repair_complete,10,3,0,0,0,13
10344.06649287298,failure,10,2,1,0,1,12
10346.786102775215,repair_complete,10,3,0,0,0,13
10349.181738626014,failure,10,2,1,0,1,12
10349.602702416578,repair_complete,10,3,0,0,0,13
10355.277078112078,failure,10,2,1,0,1,12
10356.434411309838,repair_complete,10,3,0,0,0,13
10357.052119475255,failure,10,2,1,0,1,12
10357.961425993182,repair_complete,10,3,0,0,0,13
10361.516082762068,failure,10,2,1,0,1,12
10361.80458137497,repair_complete,10,3,0,0,0,13
10392.199155245007,failure,10,2,1,0,1,12
10394.523339585687,repair_complete,10,3,0,0,0,13
10404.66664879021,failure,10,2,1,0,1,12
10404.773215388055,repair_complete,10,3,0,0,0,13
10411.088161694868,failure,10,2,1,0,1,12
10413.344219825629,repair_complete,10,3,0,0,0,13
10418.656905354143,failure,10,2,1,0,1,12
10418.865318585636,repair_complete,10,3,0,0,0,13
10489.433803593265,failure,10,2,1,0,1,12
10489.765309821441,repair_complete,10,3,0,0,0,13
10527.767121802895,failure,10,2,1,0,1,12
10528.274405728873,repair_complete,10,3,0,0,0,13
10554.391719294708,failure,10,2,1,0,1,12
10555.106962792628,repair_complete,10,3,0,0,0,13
10565.671566304043,failure,10,2,1,0,1,12
10565.786275643546,repair_complete,10,3,0,0,0,13
10574.530842085525,failure,10,2,1,0,1,12
10577.254672690444,repair_complete,10,3,0,0,0,13
10590.901811259528,failure,10,2,1,0,1,12
10592.03379072878,repair_complete,10,3,0,0,0,13
10629.364274687261,failure,10,2,1,0,1,12
10629.433250076252,repair_complete,10,3,0,0,0,13
10631.505571730617,failure,10,2,1,0,1,12
10632.4114533372,repair_complete,10,3,0,0,0,13
10642.602221003006,failure,10,2,1,0,1,12
10642.646242806044,repair_complete,10,3,0,0,0,13
10646.194636449321,failure,10,2,1,0,1,12
10647.035659314462,repair_complete,10,3,0,0,0,13
10653.733967876102,failure,10,2,1,0,1,12
10655.372922072893,repair_complete,10,3,0,0,0,13
10659.142497078476,failure,10,2,1,0,1,12
10660.337720944086,repair_complete,10,3,0,0,0,13
10675.927407443854,failure,10,2,1,0,1,12
10676.559506808551,repair_complete,10,3,0,0,0,13
10679.97740653279,failure,10,2,1,0,1,12
10680.312269676579,repair_complete,10,3,0,0,0,13
10685.444919447293,failure,10,2,1,0,1,12
10686.326070714795,repair_complete,10,3,0,0,0,13
10704.752524142918,failure,10,2,1,0,1,12
10706.55696452089,repair_complete,10,3,0,0,0,13
10714.724780033717,failure,10,2,1,0,1,12
10715.559140515454,repair_complete,10,3,0,0,0,13
10720.092685068177,failure,10,2,1,0,1,12
10720.868398171984,repair_complete,10,3,0,0,0,13
10739.196331521334,failure,10,2,1,0,1,12
10739.585833001947,repair_complete,10,3,0,0,0,13
10741.566143181171,failure,10,2,1,0,1,12
10741.892374305275,repair_complete,10,3,0,0,0,13
10746.841656134427,failure,10,2,1,0,1,12
10747.649145997024,repair_complete,10,3,0,0,0,13
10768.430518438618,failure,10,2,1,0,1,12
10770.47389611935,repair_complete,10,3,0,0,0,13
10779.897787035707,failure,10,2,1,0,1,12
10782.489443489318,repair_complete,10,3,0,0,0,13
10796.254376998102,failure,10,2,1,0,1,12
10798.149373558606,repair_complete,10,3,0,0,0,13
10800.119624068306,failure,10,2,1,0,1,12
10800.259251818676,repair_complete,10,3,0,0,0,13
10808.954956109115,failure,10,2,1,0,1,12
10809.828333372627,failure,10,1,2,1,1,11
10810.84616223994,failure,10,0,3,2,1,10
10812.961761374112,repair_complete,10,1,2,1,1,11
10814.643382512257,repair_complete,10,2,1,0,1,12
10815.113877748217,failure,10,1,2,1,1,11
10815.211635484764,repair_complete,10,2,1,0,1,12
10815.759718256199,repair_complete,10,3,0,0,0,13
10835.020514817872,failure,10,2,1,0,1,12
10835.177757609017,repair_complete,10,3,0,0,0,13
10865.951268808103,failure,10,2,1,0,1,12
10866.572086252452,repair_complete,10,3,0,0,0,13
10873.072087704484,failure,10,2,1,0,1,12
10873.43324481688,repair_complete,10,3,0,0,0,13
10880.974292567611,failure,10,2,1,0,1,12
10881.13109111917,repair_complete,10,3,0,0,0,13
10889.326669993841,failure,10,2,1,0,1,12
10894.527280890043,repair_complete,10,3,0,0,0,13
10903.842980460135,failure,10,2,1,0,1,12
10903.95029722851,failure,10,1,2,1,1,11
10903.967618530705,repair_complete,10,2,1,0,1,12
10905.016189032036,repair_complete,10,3,0,0,0,13
10912.683623874827,failure,10,2,1,0,1,12
10913.234266520098,failure,10,1,2,1,1,11
10913.333168606132,repair_complete,10,2,1,0,1,12
10913.56787608593,repair_complete,10,3,0,0,0,13
10917.580828701124,failure,10,2,1,0,1,12
10917.626794773545,repair_complete,10,3,0,0,0,13
10921.604448871272,failure,10,2,1,0,1,12
10923.711541333276,repair_complete,10,3,0,0,0,13
10935.367500019014,failure,10,2,1,0,1,12
10935.374231427693,repair_complete,10,3,0,0,0,13
10946.024928980769,failure,10,2,1,0,1,12
10949.418820449839,repair_complete,10,3,0,0,0,13
10951.456482823016,failure,10,2,1,0,1,12
10951.69600577374,repair_complete,10,3,0,0,0,13
10955.646568400238,failure,10,2,1,0,1,12
10957.481968260947,repair_complete,10,3,0,0,0,13
10961.685109361377,failure,10,2,1,0,1,12
10961.984693238854,repair_complete,10,3,0,0,0,13
10989.917967729281,failure,10,2,1,0,1,12
10990.278699635066,repair_complete,10,3,0,0,0,13
10991.102621655029,failure,10,2,1,0,1,12
10991.835140939716,repair_complete,10,3,0,0,0,13
11022.013370763822,failure,10,2,1,0,1,12
11022.192614052765,repair_complete,10,3,0,0,0,13
11028.63894179987,failure,10,2,1,0,1,12
11028.709102002218,failure,10,1,2,1,1,11
11029.236776206568,repair_complete,10,2,1,0,1,12
11029.352404130628,repair_complete,10,3,0,0,0,13
11032.260620708394,failure,10,2,1,0,1,12
11033.090464868672,repair_complete,10,3,0,0,0,13
11033.124966638597,failure,10,2,1,0,1,12
11034.347115253151,repair_complete,10,3,0,0,0,13
11034.354611450837,failure,10,2,1,0,1,12
11034.510951024255,repair_complete,10,3,0,0,0,13
11047.942071762458,failure,10,2,1,0,1,12
11047.977074070495,repair_complete,10,3,0,0,0,13
11049.134812058359,failure,10,2,1,0,1,12
11049.63193240014,repair_complete,10,3,0,0,0,13
11059.620093585994,failure,10,2,1,0,1,12
11061.54592461569,repair_complete,10,3,0,0,0,13
11071.533388143858,failure,10,2,1,0,1,12
11072.298822682014,repair_complete,10,3,0,0,0,13
11079.371102406634,failure,10,2,1,0,1,12
11080.473318577388,repair_complete,10,3,0,0,0,13
11081.42654101881,failure,10,2,1,0,1,12
11081.999849787635,repair_complete,10,3,0,0,0,13
11092.02681174742,failure,10,2,1,0,1,12
11092.271978797913,repair_complete,10,3,0,0,0,13
11108.639980080661,failure,10,2,1,0,1,12
11109.25470333692,repair_complete,10,3,0,0,0,13
11121.184241657102,failure,10,2,1,0,1,12
11121.349529993464,repair_complete,10,3,0,0,0,13
11124.421176650798,failure,10,2,1,0,1,12
11124.557440954768,repair_complete,10,3,0,0,0,13
11148.709317563853,failure,10,2,1,0,1,12
11149.283747435218,repair_complete,10,3,0,0,0,13
11151.522253117173,failure,10,2,1,0,1,12
11151.906966364806,repair_complete,10,3,0,0,0,13
11179.770390616051,failure,10,2,1,0,1,12
11181.204198763893,repair_complete,10,3,0,0,0,13
11191.559638721228,failure,10,2,1,0,1,12
11191.686560712309,repair_complete,10,3,0,0,0,13
11212.046613143671,failure,10,2,1,0,1,12
11213.161215732787,repair_complete,10,3,0,0,0,13
11214.156434827137,failure,10,2,1,0,1,12
11215.152376101738,repair_complete,10,3,0,0,0,13
11284.602513994727,failure,10,2,1,0,1,12
11285.102002789483,repair_complete,10,3,0,0,0,13
11287.015939780798,failure,10,2,1,0,1,12
11287.98247533415,repair_complete,10,3,0,0,0,13
11294.284754875005,failure,10,2,1,0,1,12
11297.297404364164,repair_complete,10,3,0,0,0,13
11331.587750507593,failure,10,2,1,0,1,12
11333.196996718225,repair_complete,10,3,0,0,0,13
11335.406015648477,failure,10,2,1,0,1,12
11336.078268828012,repair_complete,10,3,0,0,0,13
11337.328360556283,failure,10,2,1,0,1,12
11338.34028769271,repair_complete,10,3,0,0,0,13
11360.5151462514,failure,10,2,1,0,1,12
11362.254284748265,repair_complete,10,3,0,0,0,13
11362.516653542332,failure,10,2,1,0,1,12
11363.213859335105,repair_complete,10,3,0,0,0,13
11378.488769470212,failure,10,2,1,0,1,12
11381.114726698255,repair_complete,10,3,0,0,0,13
11400.339699493246,failure,10,2,1,0,1,12
11400.806956295568,repair_complete,10,3,0,0,0,13
11422.991550078483,failure,10,2,1,0,1,12
11423.615154929275,repair_complete,10,3,0,0,0,13
11425.633444372581,failure,10,2,1,0,1,12
11427.836084847393,repair_complete,10,3,0,0,0,13
11453.833443381825,failure,10,2,1,0,1,12
11454.79024732693,repair_complete,10,3,0,0,0,13
11460.06669893513,failure,10,2,1,0,1,12
11460.254915864041,repair_complete,10,3,0,0,0,13
11480.431004991144,failure,10,2,1,0,1,12
11480.489489963484,repair_complete,10,3,0,0,0,13
11493.849219032598,failure,10,2,1,0,1,12
11494.153353078713,repair_complete,10,3,0,0,0,13
11519.236693116458,failure,10,2,1,0,1,12
11519.860099698813,repair_complete,10,3,0,0,0,13
11528.2417015285,failure,10,2,1,0,1,12
11528.351547234535,repair_complete,10,3,0,0,0,13
11552.559528825288,failure,10,2,1,0,1,12
11553.535842352361,repair_complete,10,3,0,0,0,13
11553.586290934625,failure,10,2,1,0,1,12
11555.287505820297,failure,10,1,2,1,1,11
11555.938073313064,repair_complete,10,2,1,0,1,12
11557.4568022403,repair_complete,10,3,0,0,0,13
11558.709408349237,failure,10,2,1,0,1,12
11559.732478101832,repair_complete,10,3,0,0,0,13
11571.51605976624,failure,10,2,1,0,1,12
11574.04389311035,repair_complete,10,3,0,0,0,13
11577.679808217363,failure,10,2,1,0,1,12
11578.936986590861,repair_complete,10,3,0,0,0,13
11588.810153995562,failure,10,2,1,0,1,12
11589.207267243342,repair_complete,10,3,0,0,0,13
11590.002810299586,failure,10,2,1,0,1,12
11590.608953102594,repair_complete,10,3,0,0,0,13
11594.353981406532,failure,10,2,1,0,1,12
11595.4161871244,repair_complete,10,3,0,0,0,13
11604.070599072662,failure,10,2,1,0,1,12
11605.270082762712,repair_complete,10,3,0,0,0,13
11607.402425009852,failure,10,2,1,0,1,12
11607.490207215022,repair_complete,10,3,0,0,0,13
11625.49771081609,failure,10,2,1,0,1,12
11625.547481006603,failure,10,1,2,1,1,11
11626.929371936802,repair_complete,10,2,1,0,1,12
11630.174026768267,repair_complete,10,3,0,0,0,13
11654.826325566106,failure,10,2,1,0,1,12
11655.04389629522,repair_complete,10,3,0,0,0,13
11661.396861919611,failure,10,2,1,0,1,12
11663.35484735177,failure,10,1,2,1,1,11
11664.233762397833,repair_complete,10,2,1,0,1,12
11664.707965920012,repair_complete,10,3,0,0,0,13
11672.575906580325,failure,10,2,1,0,1,12
11675.521872367144,repair_complete,10,3,0,0,0,13
11688.775334029593,failure,10,2,1,0,1,12
11689.472762898928,repair_complete,10,3,0,0,0,13
11703.43096260754,failure,10,2,1,0,1,12
11704.927900194347,repair_complete,10,3,0,0,0,13
11717.91137499533,failure,10,2,1,0,1,12
11719.1153339962,repair_complete,10,3,0,0,0,13
11721.35422242193,failure,10,2,1,0,1,12
11722.249725272775,repair_complete,10,3,0,0,0,13
11731.168913655298,failure,10,2,1,0,1,12
11731.760894443205,repair_complete,10,3,0,0,0,13
11743.601159508875,failure,10,2,1,0,1,12
11744.954814975441,repair_complete,10,3,0,0,0,13
11746.698764621195,failure,10,2,1,0,1,12
11746.714727125494,repair_complete,10,3,0,0,0,13
11747.722984576772,failure,10,2,1,0,1,12
11748.667798725042,repair_complete,10,3,0,0,0,13
11758.997499760684,failure,10,2,1,0,1,12
11760.177105040595,repair_complete,10,3,0,0,0,13
11775.32818147569,failure,10,2,1,0,1,12
11776.059105729948,repair_complete,10,3,0,0,0,13
11776.95981594964,failure,10,2,1,0,1,12
11777.503467369637,failure,10,1,2,1,1,11
11777.720091290365,repair_complete,10,2,1,0,1,12
11780.14999000206,repair_complete,10,3,0,0,0,13
11785.071805415551,failure,10,2,1,0,1,12
11785.385578848094,repair_complete,10,3,0,0,0,13
11785.389102626938,failure,10,2,1,0,1,12
11785.793543452248,repair_complete,10,3,0,0,0,13
11789.19222190585,failure,10,2,1,0,1,12
11793.927513758215,repair_complete,10,3,0,0,0,13
11808.396610238407,failure,10,2,1,0,1,12
11808.455207267809,failure,10,1,2,1,1,11
11810.153498388727,repair_complete,10,2,1,0,1,12
11810.402579291665,failure,10,1,2,1,1,11
11810.637491296106,repair_complete,10,2,1,0,1,12
11810.843609467924,repair_complete,10,3,0,0,0,13
11811.868374997444,failure,10,2,1,0,1,12
11814.46268906065,repair_complete,10,3,0,0,0,13
11824.095136080306,failure,10,2,1,0,1,12
11824.66821484278,repair_complete,10,3,0,0,0,13
11828.686536974765,failure,10,2,1,0,1,12
11829.399542632647,repair_complete,10,3,0,0,0,13
11833.520771148216,failure,10,2,1,0,1,12
11833.79023309125,failure,10,1,2,1,1,11
11834.094236382365,repair_complete,10,2,1,0,1,12
11834.440548061573,repair_complete,10,3,0,0,0,13
11835.55798196287,failure,10,2,1,0,1,12
11836.06787855315,repair_complete,10,3,0,0,0,13
11843.862498304003,failure,10,2,1,0,1,12
11844.937496339473,repair_complete,10,3,0,0,0,13
11846.01819643688,failure,10,2,1,0,1,12
11846.179172822465,repair_complete,10,3,0,0,0,13
11885.849829392531,failure,10,2,1,0,1,12
11886.428269955048,repair_complete,10,3,0,0,0,13
11913.071446764163,failure,10,2,1,0,1,12
11913.255975455077,repair_complete,10,3,0,0,0,13
11915.428683129823,failure,10,2,1,0,1,12
11915.904141939574,repair_complete,10,3,0,0,0,13
11922.746309160026,failure,10,2,1,0,1,12
11922.873534466797,repair_complete,10,3,0,0,0,13
11925.212429253514,failure,10,2,1,0,1,12
11925.870372166795,repair_complete,10,3,0,0,0,13
11945.712844541735,failure,10,2,1,0,1,12
11946.274004468718,repair_complete,10,3,0,0,0,13
11947.94826407109,failure,10,2,1,0,1,12
11948.568747120415,repair_complete,10,3,0,0,0,13
11973.016206084874,failure,10,2,1,0,1,12
11973.107091986561,repair_complete,10,3,0,0,0,13
11989.140480859569,failure,10,2,1,0,1,12
11990.17612522745,repair_complete,10,3,0,0,0,13
11993.466205608373,failure,10,2,1,0,1,12
11996.260170904243,repair_complete,10,3,0,0,0,13
12002.116598505123,failure,10,2,1,0,1,12
12002.193568421373,repair_complete,10,3,0,0,0,13
12011.238012932205,failure,10,2,1,0,1,12
12011.775177796706,failure,10,1,2,1,1,11
12012.0667005092,failure,10,0,3,2,1,10
12012.336317635267,repair_complete,10,1,2,1,1,11
12012.466802025992,repair_complete,10,2,1,0,1,12
12014.101797646304,repair_complete,10,3,0,0,0,13
12019.405615923935,failure,10,2,1,0,1,12
12021.4343136201,repair_complete,10,3,0,0,0,13
12035.85048231739,failure,10,2,1,0,1,12
12035.991601993484,repair_complete,10,3,0,0,0,13
12039.242222773624,failure,10,2,1,0,1,12
12039.796194694927,repair_complete,10,3,0,0,0,13
12042.08902441999,failure,10,2,1,0,1,12
12042.166095640776,repair_complete,10,3,0,0,0,13
12074.963338997399,failure,10,2,1,0,1,12
12075.771608259809,repair_complete,10,3,0,0,0,13
12085.52168721388,failure,10,2,1,0,1,12
12085.568508098993,repair_complete,10,3,0,0,0,13
12087.436433433999,failure,10,2,1,0,1,12
12088.16989432341,repair_complete,10,3,0,0,0,13
12090.028190210165,failure,10,2,1,0,1,12
12090.56353152169,repair_complete,10,3,0,0,0,13
12102.134793118577,failure,10,2,1,0,1,12
12102.688130553668,repair_complete,10,3,0,0,0,13
12117.793553433748,failure,10,2,1,0,1,12
12118.55594774683,repair_complete,10,3,0,0,0,13
12132.1381396609,failure,10,2,1,0,1,12
12133.132716330447,repair_complete,10,3,0,0,0,13
12147.514604191509,failure,10,2,1,0,1,12
12148.59691439736,repair_complete,10,3,0,0,0,13
12151.32929217311,failure,10,2,1,0,1,12
12153.034855015532,repair_complete,10,3,0,0,0,13
12155.649853635921,failure,10,2,1,0,1,12
12155.99677988331,repair_complete,10,3,0,0,0,13
12165.145231607943,failure,10,2,1,0,1,12
12166.089030245466,failure,10,1,2,1,1,11
12167.129545383457,repair_complete,10,2,1,0,1,12
12167.674376133033,repair_complete,10,3,0,0,0,13
12189.985374084652,failure,10,2,1,0,1,12
12190.906816538236,repair_complete,10,3,0,0,0,13
12214.52617431344,failure,10,2,1,0,1,12
12215.833539985262,repair_complete,10,3,0,0,0,13
12236.478942565738,failure,10,2,1,0,1,12
12236.687137113098,repair_complete,10,3,0,0,0,13
12248.850198757587,failure,10,2,1,0,1,12
12249.471313001502,repair_complete,10,3,0,0,0,13
12252.250356292638,failure,10,2,1,0,1,12
12252.269352135372,repair_complete,10,3,0,0,0,13
12253.407429833926,failure,10,2,1,0,1,12
12253.520207700969,repair_complete,10,3,0,0,0,13
12266.592962815332,failure,10,2,1,0,1,12
12266.754471866547,repair_complete,10,3,0,0,0,13
12291.191053780762,failure,10,2,1,0,1,12
12293.49651878546,repair_complete,10,3,0,0,0,13
12299.095171037989,failure,10,2,1,0,1,12
12300.267344849672,repair_complete,10,3,0,0,0,13
12313.538563058237,failure,10,2,1,0,1,12
12314.262964701587,failure,10,1,2,1,1,11
12316.933632713419,repair_complete,10,2,1,0,1,12
12319.05055790328,repair_complete,10,3,0,0,0,13
12323.334289322775,failure,10,2,1,0,1,12
12324.474141673982,repair_complete,10,3,0,0,0,13
12327.316057611424,failure,10,2,1,0,1,12
12327.608977458023,repair_complete,10,3,0,0,0,13
12328.690456127777,failure,10,2,1,0,1,12
12329.3260330233,repair_complete,10,3,0,0,0,13
12335.568249594702,failure,10,2,1,0,1,12
12336.517928119107,failure,10,1,2,1,1,11
12336.85274384274,repair_complete,10,2,1,0,1,12
12336.912716500323,repair_complete,10,3,0,0,0,13
12355.49748279931,failure,10,2,1,0,1,12
12356.405734478156,repair_complete,10,3,0,0,0,13
12368.220807948695,failure,10,2,1,0,1,12
12368.407324958207,repair_complete,10,3,0,0,0,13
12370.957884147305,failure,10,2,1,0,1,12
12371.644694499237,repair_complete,10,3,0,0,0,13
12373.152430054795,failure,10,2,1,0,1,12
12373.170640873112,repair_complete,10,3,0,0,0,13
12380.125613216753,failure,10,2,1,0,1,12
12380.50244439783,repair_complete,10,3,0,0,0,13
12410.09089574615,failure,10,2,1,0,1,12
12411.739776194252,repair_complete,10,3,0,0,0,13
12416.602158863487,failure,10,2,1,0,1,12
12417.501376168007,repair_complete,10,3,0,0,0,13
12464.464126760682,failure,10,2,1,0,1,12
12467.133310618687,repair_complete,10,3,0,0,0,13
12469.647359720228,failure,10,2,1,0,1,12
12469.755241658542,repair_complete,10,3,0,0,0,13
12478.116787411063,failure,10,2,1,0,1,12
12478.159931047843,repair_complete,10,3,0,0,0,13
12483.747566557422,failure,10,2,1,0,1,12
12484.903478325552,failure,10,1,2,1,1,11
12484.959093288928,repair_complete,10,2,1,0,1,12
12486.845960725761,repair_complete,10,3,0,0,0,13
12494.538749625666,failure,10,2,1,0,1,12
12495.21966279733,failure,10,1,2,1,1,11
12497.867031685859,repair_complete,10,2,1,0,1,12
12500.050873348187,repair_complete,10,3,0,0,0,13
12503.515248743863,failure,10,2,1,0,1,12
12503.607910764926,failure,10,1,2,1,1,11
12505.625844130638,failure,10,0,3,2,1,10
12505.815972517761,repair_complete,10,1,2,1,1,11
12507.314364390619,repair_complete,10,2,1,0,1,12
12508.124428771753,repair_complete,10,3,0,0,0,13
12516.663959045763,failure,10,2,1,0,1,12
12517.25016369149,repair_complete,10,3,0,0,0,13
12524.986638334189,failure,10,2,1,0,1,12
12528.170687162012,repair_complete,10,3,0,0,0,13
12547.140551722488,failure,10,2,1,0,1,12
12547.199464084606,repair_complete,10,3,0,0,0,13
12585.642863123623,failure,10,2,1,0,1,12
12585.671888429477,repair_complete,10,3,0,0,0,13
12597.68142783634,failure,10,2,1,0,1,12
12598.144923383616,repair_complete,10,3,0,0,0,13
12639.803691153396,failure,10,2,1,0,1,12
12640.057816256358,repair_complete,10,3,0,0,0,13
12661.257599732176,failure,10,2,1,0,1,12
12662.296604937266,repair_complete,10,3,0,0,0,13
12687.632467542853,failure,10,2,1,0,1,12
12688.135824622608,repair_complete,10,3,0,0,0,13
12693.51423657274,failure,10,2,1,0,1,12
12695.4091666253,failure,10,1,2,1,1,11
12695.859231264234,repair_complete,10,2,1,0,1,12
12696.163975209132,repair_complete,10,3,0,0,0,13
12703.373738278167,failure,10,2,1,0,1,12
12704.671066347837,repair_complete,10,3,0,0,0,13
12705.880939709872,failure,10,2,1,0,1,12
12706.079830822697,repair_complete,10,3,0,0,0,13
12721.188685738618,failure,10,2,1,0,1,12
12721.868600524918,repair_complete,10,3,0,0,0,13
12724.102511067329,failure,10,2,1,0,1,12
12724.65764641857,repair_complete,10,3,0,0,0,13
12749.414803674603,failure,10,2,1,0,1,12
12749.47133807476,repair_complete,10,3,0,0,0,13
12754.322446351705,failure,10,2,1,0,1,12
12757.678326653053,repair_complete,10,3,0,0,0,13
12792.60062801769,failure,10,2,1,0,1,12
12792.938365245225,repair_complete,10,3,0,0,0,13
12817.03562301429,failure,10,2,1,0,1,12
12817.046273977285,repair_complete,10,3,0,0,0,13
12827.116377000886,failure,10,2,1,0,1,12
12828.406724290442,repair_complete,10,3,0,0,0,13
12836.482511775,failure,10,2,1,0,1,12
12836.81348063954,repair_complete,10,3,0,0,0,13
12857.179001658376,failure,10,2,1,0,1,12
12857.70451325852,repair_complete,10,3,0,0,0,13
12872.557169117117,failure,10,2,1,0,1,12
12872.634659927451,repair_complete,10,3,0,0,0,13
12876.28654025389,failure,10,2,1,0,1,12
12876.47795117422,repair_complete,10,3,0,0,0,13
12878.14615386677,failure,10,2,1,0,1,12
12879.101992693628,repair_complete,10,3,0,0,0,13
12879.338053776806,failure,10,2,1,0,1,12
12879.684119508976,repair_complete,10,3,0,0,0,13
12894.997261954262,failure,10,2,1,0,1,12
12895.609568907992,repair_complete,10,3,0,0,0,13
12915.19489859799,failure,10,2,1,0,1,12
12915.973151749162,repair_complete,10,3,0,0,0,13
12924.023097515217,failure,10,2,1,0,1,12
12924.080176649037,repair_complete,10,3,0,0,0,13
12926.182471376922,failure,10,2,1,0,1,12
12929.382603700027,repair_complete,10,3,0,0,0,13
12952.423971489967,failure,10,2,1,0,1,12
12952.52215815503,repair_complete,10,3,0,0,0,13
12960.324520596081,failure,10,2,1,0,1,12
12961.061393925815,repair_complete,10,3,0,0,0,13
12968.407091485034,failure,10,2,1,0,1,12
12969.842045757237,failure,10,1,2,1,1,11
12969.854621821865,repair_complete,10,2,1,0,1,12
12971.885313861778,repair_complete,10,3,0,0,0,13
12972.143849736585,failure,10,2,1,0,1,12
12972.501353149291,repair_complete,10,3,0,0,0,13
12992.519925408493,failure,10,2,1,0,1,12
12992.847858080735,repair_complete,10,3,0,0,0,13
12993.088049325856,failure,10,2,1,0,1,12
12993.415611759447,repair_complete,10,3,0,0,0,13
13009.088020422694,failure,10,2,1,0,1,12
13009.85738788817,repair_complete,10,3,0,0,0,13
13010.52923443408,failure,10,2,1,0,1,12
13010.804235911606,repair_complete,10,3,0,0,0,13
13020.052162396074,failure,10,2,1,0,1,12
13021.088040322926,repair_complete,10,3,0,0,0,13
13030.213195352113,failure,10,2,1,0,1,12
13030.596386696781,repair_complete,10,3,0,0,0,13
13060.22199491431,failure,10,2,1,0,1,12
13061.15324640707,repair_complete,10,3,0,0,0,13
13065.685809051276,failure,10,2,1,0,1,12
13066.504336444917,repair_complete,10,3,0,0,0,13
13070.292728187962,failure,10,2,1,0,1,12
13070.691745586006,repair_complete,10,3,0,0,0,13
13072.568020205688,failure,10,2,1,0,1,12
13074.282038029482,repair_complete,10,3,0,0,0,13
13088.11064427874,failure,10,2,1,0,1,12
13089.756159046214,repair_complete,10,3,0,0,0,13
13091.50239885918,failure,10,2,1,0,1,12
13091.655118572977,repair_complete,10,3,0,0,0,13
13091.839888353477,failure,10,2,1,0,1,12
13092.907830952088,repair_complete,10,3,0,0,0,13
13097.575225158744,failure,10,2,1,0,1,12
13097.79497844439,repair_complete,10,3,0,0,0,13
13099.557785150651,failure,10,2,1,0,1,12
13100.20726299762,repair_complete,10,3,0,0,0,13
13109.53866668149,failure,10,2,1,0,1,12
13110.637541790462,repair_complete,10,3,0,0,0,13
13125.680342637374,failure,10,2,1,0,1,12
13126.544914844586,failure,10,1,2,1,1,11
13127.677724412793,repair_complete,10,2,1,0,1,12
13128.58350509643,failure,10,1,2,1,1,11
13129.717509145921,repair_complete,10,2,1,0,1,12
13129.733100653824,repair_complete,10,3,0,0,0,13
13143.607495637534,failure,10,2,1,0,1,12
13145.029596957645,repair_complete,10,3,0,0,0,13
13146.407995694582,failure,10,2,1,0,1,12
13149.707947851173,repair_complete,10,3,0,0,0,13
13191.068227141255,failure,10,2,1,0,1,12
13194.63939664067,repair_complete,10,3,0,0,0,13
13220.866234780537,failure,10,2,1,0,1,12
13220.893764164875,repair_complete,10,3,0,0,0,13
13235.413574780108,failure,10,2,1,0,1,12
13235.57748188609,repair_complete,10,3,0,0,0,13
13235.775527968377,failure,10,2,1,0,1,12
13235.925665980834,repair_complete,10,3,0,0,0,13
13242.954988841248,failure,10,2,1,0,1,12
13243.114968944394,failure,10,1,2,1,1,11
13245.510417597197,repair_complete,10,2,1,0,1,12
13246.628421080091,repair_complete,10,3,0,0,0,13
13266.70104516194,failure,10,2,1,0,1,12
13267.346213789748,failure,10,1,2,1,1,11
13267.674184686171,repair_complete,10,2,1,0,1,12
13269.109292507046,repair_complete,10,3,0,0,0,13
13285.43363618844,failure,10,2,1,0,1,12
13286.770852314545,repair_complete,10,3,0,0,0,13
13294.34788265302,failure,10,2,1,0,1,12
13295.581510587965,repair_complete,10,3,0,0,0,13
13297.115966664624,failure,10,2,1,0,1,12
13297.937907252826,repair_complete,10,3,0,0,0,13
13300.279519176356,failure,10,2,1,0,1,12
13300.503005329041,repair_complete,10,3,0,0,0,13
13334.024022867156,failure,10,2,1,0,1,12
13334.123831952193,repair_complete,10,3,0,0,0,13
13344.070879999248,failure,10,2,1,0,1,12
13347.424334496529,failure,10,1,2,1,1,11
13347.426491202059,repair_complete,10,2,1,0,1,12
13347.471942198483,repair_complete,10,3,0,0,0,13
13350.102841274978,failure,10,2,1,0,1,12
13350.832111860851,repair_complete,10,3,0,0,0,13
13389.460895779765,failure,10,2,1,0,1,12
13390.327410610684,repair_complete,10,3,0,0,0,13
13396.272410801686,failure,10,2,1,0,1,12
13396.39371165153,repair_complete,10,3,0,0,0,13
13397.393613715787,failure,10,2,1,0,1,12
13397.601230651986,repair_complete,10,3,0,0,0,13
13399.425383728152,failure,10,2,1,0,1,12
13400.332680149824,repair_complete,10,3,0,0,0,13
13402.644066080638,failure,10,2,1,0,1,12
13405.939909084565,repair_complete,10,3,0,0,0,13
13406.169762424513,failure,10,2,1,0,1,12
13407.858126770996,repair_complete,10,3,0,0,0,13
13432.156033820078,failure,10,2,1,0,1,12
13433.362103561725,repair_complete,10,3,0,0,0,13
13450.880159031116,failure,10,2,1,0,1,12
13450.926995716878,repair_complete,10,3,0,0,0,13
13456.54891954761,failure,10,2,1,0,1,12
13456.741967491926,repair_complete,10,3,0,0,0,13
13458.730407842695,failure,10,2,1,0,1,12
13459.202914875355,repair_complete,10,3,0,0,0,13
13465.450155282846,failure,10,2,1,0,1,12
13467.70851576452,repair_complete,10,3,0,0,0,13
13468.863551179187,failure,10,2,1,0,1,12
13469.926218251298,repair_complete,10,3,0,0,0,13
13507.760530774784,failure,10,2,1,0,1,12
13508.669715932854,repair_complete,10,3,0,0,0,13
13581.627727458197,failure,10,2,1,0,1,12
13582.401103557986,failure,10,1,2,1,1,11
13582.953768188856,repair_complete,10,2,1,0,1,12
13583.493208880482,repair_complete,10,3,0,0,0,13
13587.37121110846,failure,10,2,1,0,1,12
13590.071995837903,repair_complete,10,3,0,0,0,13
13597.406242735906,failure,10,2,1,0,1,12
13597.795916905858,failure,10,1,2,1,1,11
13598.31756778944,repair_complete,10,2,1,0,1,12
13598.366510307056,repair_complete,10,3,0,0,0,13
13625.975045937419,failure,10,2,1,0,1,12
13627.532886274952,repair_complete,10,3,0,0,0,13
13635.377531866474,failure,10,2,1,0,1,12
13638.061182268237,repair_complete,10,3,0,0,0,13
13647.201396684675,failure,10,2,1,0,1,12
13647.575149540184,repair_complete,10,3,0,0,0,13
13654.781746795363,failure,10,2,1,0,1,12
13654.90926333068,repair_complete,10,3,0,0,0,13
13660.315217673193,failure,10,2,1,0,1,12
13660.568572988659,repair_complete,10,3,0,0,0,13
13670.086266307486,failure,10,2,1,0,1,12
13670.175709699815,repair_complete,10,3,0,0,0,13
13697.81608625029,failure,10,2,1,0,1,12
13698.261910234984,repair_complete,10,3,0,0,0,13
13700.32730018275,failure,10,2,1,0,1,12
13701.108050678484,repair_complete,10,3,0,0,0,13
13714.799215945008,failure,10,2,1,0,1,12
13717.158449337558,repair_complete,10,3,0,0,0,13
13729.412209478412,failure,10,2,1,0,1,12
13729.811452891376,repair_complete,10,3,0,0,0,13
13736.653066759383,failure,10,2,1,0,1,12
13737.587547921816,repair_complete,10,3,0,0,0,13
13763.654202006008,failure,10,2,1,0,1,12
13764.227851247935,repair_complete,10,3,0,0,0,13
13768.32923312688,failure,10,2,1,0,1,12
13768.353678704778,failure,10,1,2,1,1,11
13769.129594488008,repair_complete,10,2,1,0,1,12
13769.288499914956,failure,10,1,2,1,1,11
13769.40230493792,repair_complete,10,2,1,0,1,12
13769.790168462794,repair_complete,10,3,0,0,0,13
13791.263467112245,failure,10,2,1,0,1,12
13791.595638687333,repair_complete,10,3,0,0,0,13
13793.730450141278,failure,10,2,1,0,1,12
13798.969738096506,repair_complete,10,3,0,0,0,13
13802.25878199443,failure,10,2,1,0,1,12
13802.74920613574,repair_complete,10,3,0,0,0,13
13805.922074701897,failure,10,2,1,0,1,12
13808.502217948555,repair_complete,10,3,0,0,0,13
13809.079037029851,failure,10,2,1,0,1,12
13810.150089508843,repair_complete,10,3,0,0,0,13
13815.579642810477,failure,10,2,1,0,1,12
13815.935133369001,repair_complete,10,3,0,0,0,13
13819.458933702032,failure,10,2,1,0,1,12
13819.656220119336,repair_complete,10,3,0,0,0,13
13823.731116186284,failure,10,2,1,0,1,12
13823.733606584683,repair_complete,10,3,0,0,0,13
13825.582162872199,failure,10,2,1,0,1,12
13826.091835506044,repair_complete,10,3,0,0,0,13
13837.341098990291,failure,10,2,1,0,1,12
13837.456850527322,repair_complete,10,3,0,0,0,13
13844.67953244228,failure,10,2,1,0,1,12
13846.01455649325,repair_complete,10,3,0,0,0,13
13855.190776880167,failure,10,2,1,0,1,12
13855.991893003491,repair_complete,10,3,0,0,0,13
13856.80472398603,failure,10,2,1,0,1,12
13857.31231505036,repair_complete,10,3,0,0,0,13
13868.262689773386,failure,10,2,1,0,1,12
13869.145321916374,repair_complete,10,3,0,0,0,13
13876.1393915431,failure,10,2,1,0,1,12
13876.93482394544,repair_complete,10,3,0,0,0,13
13887.06197801044,failure,10,2,1,0,1,12
13887.708535131864,repair_complete,10,3,0,0,0,13
13893.540148859807,failure,10,2,1,0,1,12
13893.765036098557,repair_complete,10,3,0,0,0,13
13913.948187441358,failure,10,2,1,0,1,12
13915.084428636968,repair_complete,10,3,0,0,0,13
13920.609516672843,failure,10,2,1,0,1,12
13921.474984267708,repair_complete,10,3,0,0,0,13
13922.921753751227,failure,10,2,1,0,1,12
13923.862333983907,repair_complete,10,3,0,0,0,13
13944.838057042663,failure,10,2,1,0,1,12
13946.607747148842,repair_complete,10,3,0,0,0,13
13964.758733236984,failure,10,2,1,0,1,12
13965.829445731608,failure,10,1,2,1,1,11
13968.386398709052,repair_complete,10,2,1,0,1,12
13968.58760663496,repair_complete,10,3,0,0,0,13
13978.394252023825,failure,10,2,1,0,1,12
13978.801160909536,failure,10,1,2,1,1,11
13979.83154519331,repair_complete,10,2,1,0,1,12
13983.167580714116,repair_complete,10,3,0,0,0,13
13985.631354950663,failure,10,2,1,0,1,12
13986.349438219559,repair_complete,10,3,0,0,0,13
13993.395586649254,failure,10,2,1,0,1,12
13993.747292035132,repair_complete,10,3,0,0,0,13
14013.629323498892,failure,10,2,1,0,1,12
14014.637675505062,repair_complete,10,3,0,0,0,13
14017.31529440626,failure,10,2,1,0,1,12
14017.360921197507,repair_complete,10,3,0,0,0,13
14024.960120031126,failure,10,2,1,0,1,12
14025.515092774076,repair_complete,10,3,0,0,0,13
14033.305997794987,failure,10,2,1,0,1,12
14033.410137432065,repair_complete,10,3,0,0,0,13
14040.136846821128,failure,10,2,1,0,1,12
14040.833444888163,repair_complete,10,3,0,0,0,13
14053.644246752572,failure,10,2,1,0,1,12
14054.538194892666,repair_complete,10,3,0,0,0,13
14066.414092866931,failure,10,2,1,0,1,12
14066.643088068162,repair_complete,10,3,0,0,0,13
14079.560444335631,failure,10,2,1,0,1,12
14080.333781823918,repair_complete,10,3,0,0,0,13
14100.436483128098,failure,10,2,1,0,1,12
14104.10222985338,repair_complete,10,3,0,0,0,13
14108.182456768436,failure,10,2,1,0,1,12
14115.643216811342,repair_complete,10,3,0,0,0,13
14121.456227980072,failure,10,2,1,0,1,12
14121.53299142766,repair_complete,10,3,0,0,0,13
14130.797794220389,failure,10,2,1,0,1,12
14131.045341353916,repair_complete,10,3,0,0,0,13
14134.199232449444,failure,10,2,1,0,1,12
14134.77337922316,repair_complete,10,3,0,0,0,13
14136.200555294123,failure,10,2,1,0,1,12
14136.512121328664,repair_complete,10,3,0,0,0,13
14136.906503265873,failure,10,2,1,0,1,12
14137.215720198625,repair_complete,10,3,0,0,0,13
14154.695086357058,failure,10,2,1,0,1,12
14155.637107169889,repair_complete,10,3,0,0,0,13
14172.618041593056,failure,10,2,1,0,1,12
14174.072258551641,repair_complete,10,3,0,0,0,13
14178.516955194369,failure,10,2,1,0,1,12
14178.71763743274,repair_complete,10,3,0,0,0,13
14190.996040191187,failure,10,2,1,0,1,12
14192.14795635711,repair_complete,10,3,0,0,0,13
14194.870181030292,failure,10,2,1,0,1,12
14194.986599747243,failure,10,1,2,1,1,11
14195.245320574944,repair_complete,10,2,1,0,1,12
14199.160471579327,repair_complete,10,3,0,0,0,13
14204.566789630167,failure,10,2,1,0,1,12
14205.063739660744,repair_complete,10,3,0,0,0,13
14206.090068658868,failure,10,2,1,0,1,12
14208.126320836398,repair_complete,10,3,0,0,0,13
14210.872707346898,failure,10,2,1,0,1,12
14211.133412509951,repair_complete,10,3,0,0,0,13
14216.49575723332,failure,10,2,1,0,1,12
14217.656910845946,repair_complete,10,3,0,0,0,13
14221.898541167297,failure,10,2,1,0,1,12
14222.770923575823,repair_complete,10,3,0,0,0,13
14244.165852349906,failure,10,2,1,0,1,12
14244.341217409545,repair_complete,10,3,0,0,0,13
14262.141185310904,failure,10,2,1,0,1,12
14262.371092595622,repair_complete,10,3,0,0,0,13
14269.358967568975,failure,10,2,1,0,1,12
14270.870688846222,repair_complete,10,3,0,0,0,13
14271.555364107133,failure,10,2,1,0,1,12
14274.663713168999,repair_complete,10,3,0,0,0,13
14310.381973709678,failure,10,2,1,0,1,12
14311.087414479825,repair_complete,10,3,0,0,0,13
14330.632494664249,failure,10,2,1,0,1,12
14332.546236749191,repair_complete,10,3,0,0,0,13
14344.88400602287,failure,10,2,1,0,1,12
14345.291945811925,repair_complete,10,3,0,0,0,13
14349.590762492913,failure,10,2,1,0,1,12
14349.793119912023,repair_complete,10,3,0,0,0,13
14351.028814537993,failure,10,2,1,0,1,12
14352.924515235505,repair_complete,10,3,0,0,0,13
14361.44817367777,failure,10,2,1,0,1,12
14363.323359363789,repair_complete,10,3,0,0,0,13
14375.328802393402,failure,10,2,1,0,1,12
14375.337225223544,repair_complete,10,3,0,0,0,13
14383.543153526745,failure,10,2,1,0,1,12
14385.062738421942,repair_complete,10,3,0,0,0,13
14386.746615476717,failure,10,2,1,0,1,12
14388.071288236455,repair_complete,10,3,0,0,0,13
14388.473284682927,failure,10,2,1,0,1,12
14389.312621271956,repair_complete,10,3,0,0,0,13
14392.066769814739,failure,10,2,1,0,1,12
14392.896076639336,repair_complete,10,3,0,0,0,13
14400.786842159674,failure,10,2,1,0,1,12
14401.332836887552,failure,10,1,2,1,1,11
14401.595752911393,repair_complete,10,2,1,0,1,12
14403.667215809484,repair_complete,10,3,0,0,0,13
14407.7741010832,failure,10,2,1,0,1,12
14407.815876718201,repair_complete,10,3,0,0,0,13
14418.250363264651,failure,10,2,1,0,1,12
14420.235427005662,repair_complete,10,3,0,0,0,13
14429.622010845886,failure,10,2,1,0,1,12
14429.646819584734,repair_complete,10,3,0,0,0,13
14436.652748091494,failure,10,2,1,0,1,12
14437.057299573988,repair_complete,10,3,0,0,0,13
14448.115590210495,failure,10,2,1,0,1,12
14448.15131431985,failure,10,1,2,1,1,11
14450.929556029525,repair_complete,10,2,1,0,1,12
14451.039301081226,repair_complete,10,3,0,0,0,13
14455.488947171865,failure,10,2,1,0,1,12
14455.594638983514,failure,10,1,2,1,1,11
14455.884613304048,failure,10,0,3,2,1,10
14456.913593582987,repair_complete,10,1,2,1,1,11
14463.09018849227,repair_complete,10,2,1,0,1,12
14465.624434069901,repair_complete,10,3,0,0,0,13
14470.806144515385,failure,10,2,1,0,1,12
14472.161164411315,repair_complete,10,3,0,0,0,13
14479.25325176729,failure,10,2,1,0,1,12
14479.402898493252,repair_complete,10,3,0,0,0,13
14496.85922712513,failure,10,2,1,0,1,12
14497.117813076813,repair_complete,10,3,0,0,0,13
14518.718999504752,failure,10,2,1,0,1,12
14518.99968630027,repair_complete,10,3,0,0,0,13
14529.71924923201,failure,10,2,1,0,1,12
14531.30913367675,repair_complete,10,3,0,0,0,13
14540.770867298614,failure,10,2,1,0,1,12
14540.775737117243,repair_complete,10,3,0,0,0,13
14542.960622466384,failure,10,2,1,0,1,12
14544.578712438191,repair_complete,10,3,0,0,0,13
14566.682572665788,failure,10,2,1,0,1,12
14567.046801481341,repair_complete,10,3,0,0,0,13
14570.290041341716,failure,10,2,1,0,1,12
14572.370466229862,repair_complete,10,3,0,0,0,13
14572.46283527183,failure,10,2,1,0,1,12
14572.747139985384,repair_complete,10,3,0,0,0,13
14575.765677813217,failure,10,2,1,0,1,12
14576.110658291516,repair_complete,10,3,0,0,0,13
14582.441467585637,failure,10,2,1,0,1,12
14583.41965759458,repair_complete,10,3,0,0,0,13
14585.90036392244,failure,10,2,1,0,1,12
14586.384835231647,repair_complete,10,3,0,0,0,13
14657.098860911987,failure,10,2,1,0,1,12
14657.777927291832,repair_complete,10,3,0,0,0,13
14658.293035796985,failure,10,2,1,0,1,12
14658.780151208228,repair_complete,10,3,0,0,0,13
14669.888349351155,failure,10,2,1,0,1,12
14671.769268915108,repair_complete,10,3,0,0,0,13
14672.454163970828,failure,10,2,1,0,1,12
14675.656740106864,repair_complete,10,3,0,0,0,13
14678.300453021568,failure,10,2,1,0,1,12
14678.955456506908,repair_complete,10,3,0,0,0,13
14679.42260622536,failure,10,2,1,0,1,12
14679.97163253542,repair_complete,10,3,0,0,0,13
14684.99108083482,failure,10,2,1,0,1,12
14686.76362138049,repair_complete,10,3,0,0,0,13
14691.450411769325,failure,10,2,1,0,1,12
14691.884128529508,repair_complete,10,3,0,0,0,13
14708.943538690684,failure,10,2,1,0,1,12
14709.598601950458,repair_complete,10,3,0,0,0,13
14709.911727115772,failure,10,2,1,0,1,12
14711.171876354701,repair_complete,10,3,0,0,0,13
14712.40060834497,failure,10,2,1,0,1,12
14714.702587984313,repair_complete,10,3,0,0,0,13
14719.792793342429,failure,10,2,1,0,1,12
14722.445101683275,repair_complete,10,3,0,0,0,13
14729.730529272167,failure,10,2,1,0,1,12
14729.993780019606,repair_complete,10,3,0,0,0,13
14735.965568951622,failure,10,2,1,0,1,12
14736.285964917099,repair_complete,10,3,0,0,0,13
14736.469975887981,failure,10,2,1,0,1,12
14736.822418486085,repair_complete,10,3,0,0,0,13
14744.601212967029,failure,10,2,1,0,1,12
14745.054576894934,repair_complete,10,3,0,0,0,13
14755.000404104001,failure,10,2,1,0,1,12
14756.019597973325,repair_complete,10,3,0,0,0,13
14758.464032242058,failure,10,2,1,0,1,12
14758.726152079746,repair_complete,10,3,0,0,0,13
14760.952516001593,failure,10,2,1,0,1,12
14761.270610481859,repair_complete,10,3,0,0,0,13
14774.943824100928,failure,10,2,1,0,1,12
14775.068684954656,repair_complete,10,3,0,0,0,13
14783.863708192855,failure,10,2,1,0,1,12
14784.768407963174,failure,10,1,2,1,1,11
14785.186881188543,repair_complete,10,2,1,0,1,12
14786.975432719897,repair_complete,10,3,0,0,0,13
14793.063285075035,failure,10,2,1,0,1,12
14797.33101821961,failure,10,1,2,1,1,11
14798.208022669114,repair_complete,10,2,1,0,1,12
14799.948953142757,repair_complete,10,3,0,0,0,13
14800.90062160323,failure,10,2,1,0,1,12
14800.981962032449,repair_complete,10,3,0,0,0,13
14801.523888003861,failure,10,2,1,0,1,12
14803.127872462675,failure,10,1,2,1,1,11
14805.140737731346,repair_complete,10,2,1,0,1,12
14805.621566224521,repair_complete,10,3,0,0,0,13
14811.755569347984,failure,10,2,1,0,1,12
14812.733445521335,repair_complete,10,3,0,0,0,13
14817.813061081331,failure,10,2,1,0,1,12
14817.911814889007,repair_complete,10,3,0,0,0,13
14848.28268364031,failure,10,2,1,0,1,12
14848.305672779656,repair_complete,10,3,0,0,0,13
14856.857410444056,failure,10,2,1,0,1,12
14857.567996130592,failure,10,1,2,1,1,11
14857.857212243995,repair_complete,10,2,1,0,1,12
14857.994300067798,repair_complete,10,3,0,0,0,13
14859.916305306919,failure,10,2,1,0,1,12
14860.52001157532,repair_complete,10,3,0,0,0,13
14863.709140693649,failure,10,2,1,0,1,12
14864.310742989186,repair_complete,10,3,0,0,0,13
14864.383523727214,failure,10,2,1,0,1,12
14865.035387143913,repair_complete,10,3,0,0,0,13
14870.926044069853,failure,10,2,1,0,1,12
14870.978130755031,repair_complete,10,3,0,0,0,13
14885.283250727764,failure,10,2,1,0,1,12
14886.303204625727,repair_complete,10,3,0,0,0,13
14888.092853686094,failure,10,2,1,0,1,12
14890.88829555456,repair_complete,10,3,0,0,0,13
14894.23054734261,failure,10,2,1,0,1,12
14894.973214040854,repair_complete,10,3,0,0,0,13
14901.163074034299,failure,10,2,1,0,1,12
14901.24354726213,repair_complete,10,3,0,0,0,13
14902.209384366377,failure,10,2,1,0,1,12
14904.003026406324,repair_complete,10,3,0,0,0,13
14923.886409410816,failure,10,2,1,0,1,12
14925.012291854859,repair_complete,10,3,0,0,0,13
14934.124008955518,failure,10,2,1,0,1,12
14934.294452637672,repair_complete,10,3,0,0,0,13
14947.645670561738,failure,10,2,1,0,1,12
14947.725796576224,repair_complete,10,3,0,0,0,13
14952.065867256473,failure,10,2,1,0,1,12
14952.244999946455,repair_complete,10,3,0,0,0,13
14955.172201304269,failure,10,2,1,0,1,12
14955.484876507484,repair_complete,10,3,0,0,0,13
14988.363867726795,failure,10,2,1,0,1,12
14988.494243974532,repair_complete,10,3,0,0,0,13
15003.738179455431,failure,10,2,1,0,1,12
15005.595463278818,repair_complete,10,3,0,0,0,13
15016.579780210293,failure,10,2,1,0,1,12
15017.394941264009,repair_complete,10,3,0,0,0,13
15020.138711371796,failure,10,2,1,0,1,12
15020.772032706298,repair_complete,10,3,0,0,0,13
15029.953508349665,failure,10,2,1,0,1,12
15030.103139895531,repair_complete,10,3,0,0,0,13
15049.385130983617,failure,10,2,1,0,1,12
15049.4424058572,failure,10,1,2,1,1,11
15050.961841094735,repair_complete,10,2,1,0,1,12
15051.077856287973,repair_complete,10,3,0,0,0,13
15051.126068819127,failure,10,2,1,0,1,12
15052.44367753438,repair_complete,10,3,0,0,0,13
15058.270120970727,failure,10,2,1,0,1,12
15059.618673691644,repair_complete,10,3,0,0,0,13
15064.332233600684,failure,10,2,1,0,1,12
15064.74692196747,repair_complete,10,3,0,0,0,13
15092.429591445254,failure,10,2,1,0,1,12
15093.407447431766,repair_complete,10,3,0,0,0,13
15096.317516936286,failure,10,2,1,0,1,12
15097.393734721249,repair_complete,10,3,0,0,0,13
15106.391117373028,failure,10,2,1,0,1,12
15107.641024895416,repair_complete,10,3,0,0,0,13
15110.18714675908,failure,10,2,1,0,1,12
15110.857049464013,repair_complete,10,3,0,0,0,13
15122.83471837991,failure,10,2,1,0,1,12
15123.177299388512,repair_complete,10,3,0,0,0,13
15154.987795270075,failure,10,2,1,0,1,12
15155.394258094493,repair_complete,10,3,0,0,0,13
15165.06627164909,failure,10,2,1,0,1,12
15166.42352966571,repair_complete,10,3,0,0,0,13
15169.04945617304,failure,10,2,1,0,1,12
15170.620615367134,repair_complete,10,3,0,0,0,13
15183.205824956007,failure,10,2,1,0,1,12
15183.845011671776,repair_complete,10,3,0,0,0,13
15206.624132863268,failure,10,2,1,0,1,12
15208.321500525593,repair_complete,10,3,0,0,0,13
15220.533301955475,failure,10,2,1,0,1,12
15221.114576643147,repair_complete,10,3,0,0,0,13
15234.190496916095,failure,10,2,1,0,1,12
15234.851951073248,repair_complete,10,3,0,0,0,13
15247.22134347876,failure,10,2,1,0,1,12
15247.865243940245,repair_complete,10,3,0,0,0,13
15304.879558987144,failure,10,2,1,0,1,12
15305.075984104735,repair_complete,10,3,0,0,0,13
15306.641944271505,failure,10,2,1,0,1,12
15306.648886718078,repair_complete,10,3,0,0,0,13
15321.830971411353,failure,10,2,1,0,1,12
15322.161853615833,repair_complete,10,3,0,0,0,13
15331.466836310568,failure,10,2,1,0,1,12
15331.522936311861,repair_complete,10,3,0,0,0,13
15336.515227299573,failure,10,2,1,0,1,12
15337.092760774327,repair_complete,10,3,0,0,0,13
15338.806734786795,failure,10,2,1,0,1,12
15339.27906195512,repair_complete,10,3,0,0,0,13
15344.697400917563,failure,10,2,1,0,1,12
15347.012927669071,repair_complete,10,3,0,0,0,13
15373.762106986984,failure,10,2,1,0,1,12
15373.934765104079,repair_complete,10,3,0,0,0,13
15382.596873494398,failure,10,2,1,0,1,12
15383.833095512262,repair_complete,10,3,0,0,0,13
15403.30673716541,failure,10,2,1,0,1,12
15405.57151118516,repair_complete,10,3,0,0,0,13
15409.215582054509,failure,10,2,1,0,1,12
15411.118743866507,repair_complete,10,3,0,0,0,13
15426.32486590604,failure,10,2,1,0,1,12
15426.679380390065,failure,10,1,2,1,1,11
15426.808138386508,repair_complete,10,2,1,0,1,12
15426.921202661704,repair_complete,10,3,0,0,0,13
15429.087764919383,failure,10,2,1,0,1,12
15430.151276486227,repair_complete,10,3,0,0,0,13
15437.796181695432,failure,10,2,1,0,1,12
15438.118967636998,repair_complete,10,3,0,0,0,13
15445.077447209818,failure,10,2,1,0,1,12
15445.314428747597,repair_complete,10,3,0,0,0,13
15450.54500194049,failure,10,2,1,0,1,12
15452.077307457344,repair_complete,10,3,0,0,0,13
15489.014128648385,failure,10,2,1,0,1,12
15490.47265271877,repair_complete,10,3,0,0,0,13
15496.30077943989,failure,10,2,1,0,1,12
15496.496039323934,repair_complete,10,3,0,0,0,13
15530.189165332053,failure,10,2,1,0,1,12
15530.199512691976,repair_complete,10,3,0,0,0,13
15532.374423096378,failure,10,2,1,0,1,12
15534.42595557969,repair_complete,10,3,0,0,0,13
15539.417503327422,failure,10,2,1,0,1,12
15539.85145036668,repair_complete,10,3,0,0,0,13
15552.85059456396,failure,10,2,1,0,1,12
15553.119036407053,repair_complete,10,3,0,0,0,13
15557.474489625647,failure,10,2,1,0,1,12
15558.209884403701,repair_complete,10,3,0,0,0,13
15560.852827555706,failure,10,2,1,0,1,12
15562.378925364774,repair_complete,10,3,0,0,0,13
15568.686061209137,failure,10,2,1,0,1,12
15568.782823163314,repair_complete,10,3,0,0,0,13
15573.180580394428,failure,10,2,1,0,1,12
15573.694145431926,repair_complete,10,3,0,0,0,13
15582.097643809293,failure,10,2,1,0,1,12
15582.280393095141,repair_complete,10,3,0,0,0,13
15601.664636851836,failure,10,2,1,0,1,12
15602.104723063674,repair_complete,10,3,0,0,0,13
15618.885497217574,failure,10,2,1,0,1,12
15619.892979812776,repair_complete,10,3,0,0,0,13
15629.204624456588,failure,10,2,1,0,1,12
15629.952904948423,repair_complete,10,3,0,0,0,13
15632.610940519618,failure,10,2,1,0,1,12
15635.531124832774,repair_complete,10,3,0,0,0,13
15643.033541696997,failure,10,2,1,0,1,12
15643.477800892777,repair_complete,10,3,0,0,0,13
15697.670244013812,failure,10,2,1,0,1,12
15698.139939212586,repair_complete,10,3,0,0,0,13
15699.173382180905,failure,10,2,1,0,1,12
15699.577694063693,repair_complete,10,3,0,0,0,13
15729.609173293567,failure,10,2,1,0,1,12
15731.363110548222,repair_complete,10,3,0,0,0,13
15749.812719849268,failure,10,2,1,0,1,12
15750.518551675783,repair_complete,10,3,0,0,0,13
15761.974348562704,failure,10,2,1,0,1,12
15762.691311627554,repair_complete,10,3,0,0,0,13
15779.146899334399,failure,10,2,1,0,1,12
15779.280090335982,repair_complete,10,3,0,0,0,13
15787.506545754573,failure,10,2,1,0,1,12
15788.679752696056,repair_complete,10,3,0,0,0,13
15801.060051593686,failure,10,2,1,0,1,12
15804.11178960983,repair_complete,10,3,0,0,0,13
15809.68733542242,failure,10,2,1,0,1,12
15811.045204114858,repair_complete,10,3,0,0,0,13
15815.705203349731,failure,10,2,1,0,1,12
15816.65183606496,repair_complete,10,3,0,0,0,13
15828.700329117373,failure,10,2,1,0,1,12
15833.305553039721,repair_complete,10,3,0,0,0,13
15835.075844164445,failure,10,2,1,0,1,12
15835.141504763555,repair_complete,10,3,0,0,0,13
15850.176809278384,failure,10,2,1,0,1,12
15851.26025113422,repair_complete,10,3,0,0,0,13
15873.10285113229,failure,10,2,1,0,1,12
15873.414031785514,repair_complete,10,3,0,0,0,13
15885.126374934458,failure,10,2,1,0,1,12
15885.703490170677,repair_complete,10,3,0,0,0,13
15887.953253884896,failure,10,2,1,0,1,12
15889.294171938378,repair_complete,10,3,0,0,0,13
15895.269361477835,failure,10,2,1,0,1,12
15895.897644293058,repair_complete,10,3,0,0,0,13
15899.257123039497,failure,10,2,1,0,1,12
15900.718960387376,repair_complete,10,3,0,0,0,13
15904.107196669205,failure,10,2,1,0,1,12
15906.07371386478,failure,10,1,2,1,1,11
15906.933199061588,repair_complete,10,2,1,0,1,12
15907.983314890584,repair_complete,10,3,0,0,0,13
15921.64130077345,failure,10,2,1,0,1,12
15924.668521636066,repair_complete,10,3,0,0,0,13
15926.917261434528,failure,10,2,1,0,1,12
15929.162173091512,repair_complete,10,3,0,0,0,13
15929.82562992773,failure,10,2,1,0,1,12
15931.330566713312,repair_complete,10,3,0,0,0,13
15934.6954803974,failure,10,2,1,0,1,12
15937.036164703735,failure,10,1,2,1,1,11
15937.976055671072,repair_complete,10,2,1,0,1,12
15940.705983826329,repair_complete,10,3,0,0,0,13
15957.169701619841,failure,10,2,1,0,1,12
15957.53481047875,repair_complete,10,3,0,0,0,13
15968.113602132704,failure,10,2,1,0,1,12
15970.18025410409,repair_complete,10,3,0,0,0,13
15984.133156608785,failure,10,2,1,0,1,12
15985.903409330414,repair_complete,10,3,0,0,0,13
16008.935645633817,failure,10,2,1,0,1,12
16009.574247090288,repair_complete,10,3,0,0,0,13
16010.903113744282,failure,10,2,1,0,1,12
16011.130694113792,repair_complete,10,3,0,0,0,13
16020.257266500004,failure,10,2,1,0,1,12
16022.55794215239,repair_complete,10,3,0,0,0,13
16024.44131741994,failure,10,2,1,0,1,12
16024.91173993394,repair_complete,10,3,0,0,0,13
16026.945213150933,failure,10,2,1,0,1,12
16028.078360142339,repair_complete,10,3,0,0,0,13
16031.900477229507,failure,10,2,1,0,1,12
16033.327410090855,repair_complete,10,3,0,0,0,13
16040.374910384582,failure,10,2,1,0,1,12
16041.645577593172,repair_complete,10,3,0,0,0,13
16044.247429259703,failure,10,2,1,0,1,12
16045.718570383498,repair_complete,10,3,0,0,0,13
16049.075527672112,failure,10,2,1,0,1,12
16049.150509819136,repair_complete,10,3,0,0,0,13
16049.83758258132,failure,10,2,1,0,1,12
16052.246939964025,repair_complete,10,3,0,0,0,13
16054.601951028773,failure,10,2,1,0,1,12
16055.177805856083,repair_complete,10,3,0,0,0,13
16056.542413861125,failure,10,2,1,0,1,12
16057.382946889378,repair_complete,10,3,0,0,0,13
16058.773455717183,failure,10,2,1,0,1,12
16060.778002803092,failure,10,1,2,1,1,11
16062.376389820258,repair_complete,10,2,1,0,1,12
16062.709318075851,repair_complete,10,3,0,0,0,13
16065.116587324064,failure,10,2,1,0,1,12
16065.513260263227,repair_complete,10,3,0,0,0,13
16073.334291337796,failure,10,2,1,0,1,12
16073.869240391985,repair_complete,10,3,0,0,0,13
16082.543617261608,failure,10,2,1,0,1,12
16082.730939507292,repair_complete,10,3,0,0,0,13
16083.841631694166,failure,10,2,1,0,1,12
16085.085987604793,repair_complete,10,3,0,0,0,13
16102.303934845228,failure,10,2,1,0,1,12
16107.363502460023,repair_complete,10,3,0,0,0,13
16111.323964425717,failure,10,2,1,0,1,12
16111.769512705318,repair_complete,10,3,0,0,0,13
16131.27302490632,failure,10,2,1,0,1,12
16131.57921295982,repair_complete,10,3,0,0,0,13
16132.593138578477,failure,10,2,1,0,1,12
16132.59623749197,repair_complete,10,3,0,0,0,13
16135.179850011182,failure,10,2,1,0,1,12
16137.64771169951,repair_complete,10,3,0,0,0,13
16143.672602014647,failure,10,2,1,0,1,12
16146.333648497703,repair_complete,10,3,0,0,0,13
16147.928762893514,failure,10,2,1,0,1,12
16150.563601178816,repair_complete,10,3,0,0,0,13
16160.344932271857,failure,10,2,1,0,1,12
16162.880033331541,repair_complete,10,3,0,0,0,13
16168.335916420028,failure,10,2,1,0,1,12
16170.224032829894,repair_complete,10,3,0,0,0,13
16180.787439248781,failure,10,2,1,0,1,12
16181.067076894431,repair_complete,10,3,0,0,0,13
16184.629590253182,failure,10,2,1,0,1,12
16186.512572416159,repair_complete,10,3,0,0,0,13
16203.202729321076,failure,10,2,1,0,1,12
16204.184371571415,repair_complete,10,3,0,0,0,13
16210.406409267825,failure,10,2,1,0,1,12
16211.137799929395,failure,10,1,2,1,1,11
16211.5106755557,repair_complete,10,2,1,0,1,12
16213.45144209743,repair_complete,10,3,0,0,0,13
16224.102659920874,failure,10,2,1,0,1,12
16224.544147126593,repair_complete,10,3,0,0,0,13
16231.033276085896,failure,10,2,1,0,1,12
16231.438924196425,repair_complete,10,3,0,0,0,13
16246.109930268303,failure,10,2,1,0,1,12
16246.117193638216,repair_complete,10,3,0,0,0,13
16250.988156184265,failure,10,2,1,0,1,12
16251.622630153315,repair_complete,10,3,0,0,0,13
16260.759284794865,failure,10,2,1,0,1,12
16261.255213230832,repair_complete,10,3,0,0,0,13
16279.882865417798,failure,10,2,1,0,1,12
16280.855880470686,repair_complete,10,3,0,0,0,13
16283.251998881393,failure,10,2,1,0,1,12
16283.644580343767,repair_complete,10,3,0,0,0,13
16285.175508359407,failure,10,2,1,0,1,12
16285.24011753192,repair_complete,10,3,0,0,0,13
16294.83085709903,failure,10,2,1,0,1,12
16294.876142692921,repair_complete,10,3,0,0,0,13
16298.436301155394,failure,10,2,1,0,1,12
16299.613917121662,repair_complete,10,3,0,0,0,13
16317.982896884816,failure,10,2,1,0,1,12
16318.36442985056,repair_complete,10,3,0,0,0,13
16348.798498697563,failure,10,2,1,0,1,12
16349.24883667684,repair_complete,10,3,0,0,0,13
16363.968469932914,failure,10,2,1,0,1,12
16365.198772994514,repair_complete,10,3,0,0,0,13
16374.883585414036,failure,10,2,1,0,1,12
16375.86263776338,repair_complete,10,3,0,0,0,13
16377.864514155795,failure,10,2,1,0,1,12
16379.342582251164,repair_complete,10,3,0,0,0,13
16398.633164822968,failure,10,2,1,0,1,12
16401.035026726146,repair_complete,10,3,0,0,0,13
16422.60468535061,failure,10,2,1,0,1,12
16423.309687916786,repair_complete,10,3,0,0,0,13
16438.64340418096,failure,10,2,1,0,1,12
16438.918498422907,repair_complete,10,3,0,0,0,13
16439.73215791313,failure,10,2,1,0,1,12
16440.23220913513,repair_complete,10,3,0,0,0,13
16448.14216435046,failure,10,2,1,0,1,12
16448.370611664675,repair_complete,10,3,0,0,0,13
16457.091766730737,failure,10,2,1,0,1,12
16457.3535271417,repair_complete,10,3,0,0,0,13
16467.64034437756,failure,10,2,1,0,1,12
16468.17893332764,repair_complete,10,3,0,0,0,13
16471.59443244253,failure,10,2,1,0,1,12
16472.51356633291,repair_complete,10,3,0,0,0,13
16483.988656255562,failure,10,2,1,0,1,12
16487.574398322166,repair_complete,10,3,0,0,0,13
16510.825944961485,failure,10,2,1,0,1,12
16513.285261937584,repair_complete,10,3,0,0,0,13
16522.969362223295,failure,10,2,1,0,1,12
16523.9824194866,repair_complete,10,3,0,0,0,13
16560.318961624656,failure,10,2,1,0,1,12
16562.15830555515,repair_complete,10,3,0,0,0,13
16575.927505853502,failure,10,2,1,0,1,12
16576.64414824982,repair_complete,10,3,0,0,0,13
16581.1474996887,failure,10,2,1,0,1,12
16581.67788871867,repair_complete,10,3,0,0,0,13
16594.601453294326,failure,10,2,1,0,1,12
16595.283203048482,repair_complete,10,3,0,0,0,13
16596.86248892137,failure,10,2,1,0,1,12
16597.348018126348,repair_complete,10,3,0,0,0,13
16630.01041136885,failure,10,2,1,0,1,12
16630.684902867833,repair_complete,10,3,0,0,0,13
16638.66291370053,failure,10,2,1,0,1,12
16639.674060875623,repair_complete,10,3,0,0,0,13
16647.853914404182,failure,10,2,1,0,1,12
16649.412856064446,repair_complete,10,3,0,0,0,13
16683.94023945267,failure,10,2,1,0,1,12
16689.083827505634,failure,10,1,2,1,1,11
16689.356791433016,repair_complete,10,2,1,0,1,12
16689.46468502694,repair_complete,10,3,0,0,0,13
16701.755019868517,failure,10,2,1,0,1,12
16702.609732187495,repair_complete,10,3,0,0,0,13
16726.680565418283,failure,10,2,1,0,1,12
16727.274955348657,repair_complete,10,3,0,0,0,13
16728.512134994067,failure,10,2,1,0,1,12
16729.225874818138,repair_complete,10,3,0,0,0,13
16760.91652782206,failure,10,2,1,0,1,12
16762.062166099488,repair_complete,10,3,0,0,0,13
16762.096546097953,failure,10,2,1,0,1,12
16762.48017507472,repair_complete,10,3,0,0,0,13
16762.50550393955,failure,10,2,1,0,1,12
16762.857025973724,repair_complete,10,3,0,0,0,13
16780.49275747507,failure,10,2,1,0,1,12
16782.168358185183,repair_complete,10,3,0,0,0,13
16784.119925010902,failure,10,2,1,0,1,12
16785.400786369493,repair_complete,10,3,0,0,0,13
16788.13764614739,failure,10,2,1,0,1,12
16789.00502053959,repair_complete,10,3,0,0,0,13
16791.040304612627,failure,10,2,1,0,1,12
16791.618888349924,repair_complete,10,3,0,0,0,13
16802.928620032173,failure,10,2,1,0,1,12
16803.981197212976,repair_complete,10,3,0,0,0,13
16810.70126349174,failure,10,2,1,0,1,12
16812.477095196075,repair_complete,10,3,0,0,0,13
16825.921580253427,failure,10,2,1,0,1,12
16825.940648045547,repair_complete,10,3,0,0,0,13
16835.586087799795,failure,10,2,1,0,1,12
16837.2971625508,repair_complete,10,3,0,0,0,13
16851.6590252622,failure,10,2,1,0,1,12
16851.97099342838,failure,10,1,2,1,1,11
16852.47457890682,repair_complete,10,2,1,0,1,12
16854.287231421295,failure,10,1,2,1,1,11
16857.46971879499,repair_complete,10,2,1,0,1,12
16857.882995494896,repair_complete,10,3,0,0,0,13
16863.109791230803,failure,10,2,1,0,1,12
16863.17118804703,repair_complete,10,3,0,0,0,13
16870.72119160128,failure,10,2,1,0,1,12
16870.750241119604,failure,10,1,2,1,1,11
16871.15919334428,repair_complete,10,2,1,0,1,12
16871.7774136601,repair_complete,10,3,0,0,0,13
16886.02986367881,failure,10,2,1,0,1,12
16887.05964426613,repair_complete,10,3,0,0,0,13
16897.03481013984,failure,10,2,1,0,1,12
16897.759302811446,failure,10,1,2,1,1,11
16906.26841059786,repair_complete,10,2,1,0,1,12
16906.322757512837,repair_complete,10,3,0,0,0,13
16911.46926178165,failure,10,2,1,0,1,12
16913.415439802542,repair_complete,10,3,0,0,0,13
16921.233182090407,failure,10,2,1,0,1,12
16922.02073458115,repair_complete,10,3,0,0,0,13
16930.445969478187,failure,10,2,1,0,1,12
16930.461594819277,repair_complete,10,3,0,0,0,13
16934.918609682514,failure,10,2,1,0,1,12
16934.92074544858,repair_complete,10,3,0,0,0,13
16943.20445741807,failure,10,2,1,0,1,12
16944.011476691416,repair_complete,10,3,0,0,0,13
16951.207582807503,failure,10,2,1,0,1,12
16951.331638365293,repair_complete,10,3,0,0,0,13
16962.073715957576,failure,10,2,1,0,1,12
16962.285734808684,failure,10,1,2,1,1,11
16963.860921706506,repair_complete,10,2,1,0,1,12
16963.8856628641,repair_complete,10,3,0,0,0,13
16973.836363488623,failure,10,2,1,0,1,12
16976.550541122393,repair_complete,10,3,0,0,0,13
16977.292854984007,failure,10,2,1,0,1,12
16977.421986214766,repair_complete,10,3,0,0,0,13
16992.53647295881,failure,10,2,1,0,1,12
16993.665607943087,failure,10,1,2,1,1,11
16994.33112598989,repair_complete,10,2,1,0,1,12
16994.959570594532,repair_complete,10,3,0,0,0,13
17003.474047797627,failure,10,2,1,0,1,12
17004.04573465103,repair_complete,10,3,0,0,0,13
17015.982147080158,failure,10,2,1,0,1,12
17017.143734233647,repair_complete,10,3,0,0,0,13
17018.98772994082,failure,10,2,1,0,1,12
17019.86555204259,repair_complete,10,3,0,0,0,13
17024.46231057811,failure,10,2,1,0,1,12
17024.83518143008,repair_complete,10,3,0,0,0,13
17031.15100296272,failure,10,2,1,0,1,12
17031.585796706728,repair_complete,10,3,0,0,0,13
17032.24643480431,failure,10,2,1,0,1,12
17034.41355041646,repair_complete,10,3,0,0,0,13
17035.89864446106,failure,10,2,1,0,1,12
17039.905596023098,repair_complete,10,3,0,0,0,13
17042.383035558832,failure,10,2,1,0,1,12
17044.39147272004,repair_complete,10,3,0,0,0,13
17047.856705165643,failure,10,2,1,0,1,12
17047.86878631634,repair_complete,10,3,0,0,0,13
17063.036218145102,failure,10,2,1,0,1,12
17064.796612806054,repair_complete,10,3,0,0,0,13
17068.45856966168,failure,10,2,1,0,1,12
17068.513083755184,repair_complete,10,3,0,0,0,13
17073.97006091274,failure,10,2,1,0,1,12
17075.276403939624,repair_complete,10,3,0,0,0,13
17087.52539948825,failure,10,2,1,0,1,12
17091.306282412308,repair_complete,10,3,0,0,0,13
17093.21299375031,failure,10,2,1,0,1,12
17094.229777103716,repair_complete,10,3,0,0,0,13
17110.178138502983,failure,10,2,1,0,1,12
17111.0982764473,repair_complete,10,3,0,0,0,13
17111.1113767941,failure,10,2,1,0,1,12
17112.184861582587,repair_complete,10,3,0,0,0,13
17122.688775342736,failure,10,2,1,0,1,12
17123.465360351987,repair_complete,10,3,0,0,0,13
17140.748398914886,failure,10,2,1,0,1,12
17141.729270853597,repair_complete,10,3,0,0,0,13
17143.60174482945,failure,10,2,1,0,1,12
17144.846655156423,repair_complete,10,3,0,0,0,13
17149.273153353966,failure,10,2,1,0,1,12
17149.397268079076,failure,10,1,2,1,1,11
17150.417129008736,repair_complete,10,2,1,0,1,12
17150.571887188085,repair_complete,10,3,0,0,0,13
17153.006230467123,failure,10,2,1,0,1,12
17154.127359518483,repair_complete,10,3,0,0,0,13
17163.478942523852,failure,10,2,1,0,1,12
17163.54711947127,repair_complete,10,3,0,0,0,13
17176.556324531135,failure,10,2,1,0,1,12
17176.56537005273,repair_complete,10,3,0,0,0,13
17201.43951252989,failure,10,2,1,0,1,12
17202.023731174482,repair_complete,10,3,0,0,0,13
17207.806035539143,failure,10,2,1,0,1,12
17208.217204775043,repair_complete,10,3,0,0,0,13
17209.221491335065,failure,10,2,1,0,1,12
17209.450823686177,repair_complete,10,3,0,0,0,13
17230.775084339457,failure,10,2,1,0,1,12
17231.556014274618,repair_complete,10,3,0,0,0,13
17240.69528801425,failure,10,2,1,0,1,12
17240.938226509184,repair_complete,10,3,0,0,0,13
17241.468689448953,failure,10,2,1,0,1,12
17241.762216798885,repair_complete,10,3,0,0,0,13
17261.452640940304,failure,10,2,1,0,1,12
17263.28619932142,repair_complete,10,3,0,0,0,13
17273.728440332266,failure,10,2,1,0,1,12
17273.909317059493,repair_complete,10,3,0,0,0,13
17280.24535097394,failure,10,2,1,0,1,12
17281.26509700253,repair_complete,10,3,0,0,0,13
17287.960029251328,failure,10,2,1,0,1,12
17288.029116584945,repair_complete,10,3,0,0,0,13
17308.204625571856,failure,10,2,1,0,1,12
17308.832923958464,repair_complete,10,3,0,0,0,13
17311.446828703687,failure,10,2,1,0,1,12
17312.015258829277,repair_complete,10,3,0,0,0,13
17323.499437528226,failure,10,2,1,0,1,12
17323.67174956841,failure,10,1,2,1,1,11
17323.975405294368,repair_complete,10,2,1,0,1,12
17324.77657883719,repair_complete,10,3,0,0,0,13
17329.223139234608,failure,10,2,1,0,1,12
17329.27258740526,repair_complete,10,3,0,0,0,13
17333.028492848458,failure,10,2,1,0,1,12
17334.248559074287,repair_complete,10,3,0,0,0,13
17337.60401576384,failure,10,2,1,0,1,12
17337.88376295884,repair_complete,10,3,0,0,0,13
17339.338686410323,failure,10,2,1,0,1,12
17340.12142646979,repair_complete,10,3,0,0,0,13
17342.74581548118,failure,10,2,1,0,1,12
17343.906075417053,repair_complete,10,3,0,0,0,13
17354.010032484053,failure,10,2,1,0,1,12
17354.813543144395,repair_complete,10,3,0,0,0,13
17366.338203799336,failure,10,2,1,0,1,12
17367.12128765553,repair_complete,10,3,0,0,0,13
17397.71800721758,failure,10,2,1,0,1,12
17398.015340660455,repair_complete,10,3,0,0,0,13
17401.488718129167,failure,10,2,1,0,1,12
17403.87448148415,repair_complete,10,3,0,0,0,13
17429.30992976921,failure,10,2,1,0,1,12
17431.4513503268,repair_complete,10,3,0,0,0,13
17440.356962046077,failure,10,2,1,0,1,12
17441.883970004325,repair_complete,10,3,0,0,0,13
17461.90717821352,failure,10,2,1,0,1,12
17462.33165970339,repair_complete,10,3,0,0,0,13
17472.714182856602,failure,10,2,1,0,1,12
17472.726890920418,repair_complete,10,3,0,0,0,13
17473.041136057946,failure,10,2,1,0,1,12
17473.858208858284,repair_complete,10,3,0,0,0,13
17474.769466341855,failure,10,2,1,0,1,12
17477.1722655888,repair_complete,10,3,0,0,0,13
17486.07894933742,failure,10,2,1,0,1,12
17489.455490063367,repair_complete,10,3,0,0,0,13
17490.96535533401,failure,10,2,1,0,1,12
17492.140313902735,repair_complete,10,3,0,0,0,13
17503.36041328661,failure,10,2,1,0,1,12
17504.24772353155,repair_complete,10,3,0,0,0,13
17514.122841984412,failure,10,2,1,0,1,12
17514.290794738554,repair_complete,10,3,0,0,0,13
17518.151621182995,failure,10,2,1,0,1,12
17519.454167735716,repair_complete,10,3,0,0,0,13
17521.20104553185,failure,10,2,1,0,1,12
17521.83179515458,failure,10,1,2,1,1,11
17523.863816547302,repair_complete,10,2,1,0,1,12
17524.231766624922,repair_complete,10,3,0,0,0,13
17527.24752843894,failure,10,2,1,0,1,12
17528.145264678304,repair_complete,10,3,0,0,0,13
17529.3115174898,failure,10,2,1,0,1,12
17529.377935094682,failure,10,1,2,1,1,11
17529.595411774135,repair_complete,10,2,1,0,1,12
17531.282765696447,repair_complete,10,3,0,0,0,13
17533.33004655516,failure,10,2,1,0,1,12
17533.565973569373,repair_complete,10,3,0,0,0,13
17566.65564357114,failure,10,2,1,0,1,12
17566.718195170037,repair_complete,10,3,0,0,0,13
17567.214232006172,failure,10,2,1,0,1,12
17567.436111992538,repair_complete,10,3,0,0,0,13
17568.601642186954,failure,10,2,1,0,1,12
17571.26768119923,failure,10,1,2,1,1,11
17572.623148553877,repair_complete,10,2,1,0,1,12
17572.702010376583,repair_complete,10,3,0,0,0,13
17573.900775780166,failure,10,2,1,0,1,12
17575.21631485243,repair_complete,10,3,0,0,0,13
17579.085548722887,failure,10,2,1,0,1,12
17579.477124192843,repair_complete,10,3,0,0,0,13
17592.711700967342,failure,10,2,1,0,1,12
17592.841342999764,failure,10,1,2,1,1,11
17592.874675389907,repair_complete,10,2,1,0,1,12
17593.26580397378,repair_complete,10,3,0,0,0,13
17608.907635055402,failure,10,2,1,0,1,12
17609.31474453538,repair_complete,10,3,0,0,0,13
17625.84306000485,failure,10,2,1,0,1,12
17626.058619945088,repair_complete,10,3,0,0,0,13
17628.966614526373,failure,10,2,1,0,1,12
17629.93593796825,repair_complete,10,3,0,0,0,13
17653.86961459244,failure,10,2,1,0,1,12
17655.861789891977,repair_complete,10,3,0,0,0,13
17657.850724018088,failure,10,2,1,0,1,12
17657.936558430407,repair_complete,10,3,0,0,0,13
17672.79568818273,failure,10,2,1,0,1,12
17673.01864617861,repair_complete,10,3,0,0,0,13
17690.522149098353,failure,10,2,1,0,1,12
17690.99020194204,repair_complete,10,3,0,0,0,13
17712.092713609734,failure,10,2,1,0,1,12
17712.740098196122,repair_complete,10,3,0,0,0,13
17718.964837393225,failure,10,2,1,0,1,12
17719.35809003054,repair_complete,10,3,0,0,0,13
17743.039759037478,failure,10,2,1,0,1,12
17743.171670044056,failure,10,1,2,1,1,11
17743.900346542476,repair_complete,10,2,1,0,1,12
17746.762950314245,failure,10,1,2,1,1,11
17749.713569764288,repair_complete,10,2,1,0,1,12
17750.383393904107,repair_complete,10,3,0,0,0,13
17780.157892436073,failure,10,2,1,0,1,12
17780.206263450207,repair_complete,10,3,0,0,0,13
17799.750760404335,failure,10,2,1,0,1,12
17800.965473452157,failure,10,1,2,1,1,11
17802.7364294228,repair_complete,10,2,1,0,1,12
17803.70808666256,repair_complete,10,3,0,0,0,13
17806.95180745156,failure,10,2,1,0,1,12
17807.176168668026,repair_complete,10,3,0,0,0,13
17818.63569937627,failure,10,2,1,0,1,12
17819.66459371897,repair_complete,10,3,0,0,0,13
17830.65877139701,failure,10,2,1,0,1,12
17833.628721713143,repair_complete,10,3,0,0,0,13
17834.262449394875,failure,10,2,1,0,1,12
17834.58919701635,repair_complete,10,3,0,0,0,13
17836.437455836527,failure,10,2,1,0,1,12
17836.664746001174,repair_complete,10,3,0,0,0,13
17838.228437635356,failure,10,2,1,0,1,12
17839.41870837867,repair_complete,10,3,0,0,0,13
17844.74563693182,failure,10,2,1,0,1,12
17847.621670988956,repair_complete,10,3,0,0,0,13
17849.18837813427,failure,10,2,1,0,1,12
17850.86255530202,repair_complete,10,3,0,0,0,13
17863.480013711833,failure,10,2,1,0,1,12
17864.00635911819,repair_complete,10,3,0,0,0,13
17873.707328661156,failure,10,2,1,0,1,12
17875.307587343606,repair_complete,10,3,0,0,0,13
17893.422437421224,failure,10,2,1,0,1,12
17893.51333444436,repair_complete,10,3,0,0,0,13
17902.271246957065,failure,10,2,1,0,1,12
17902.891641054142,repair_complete,10,3,0,0,0,13
17905.98475301282,failure,10,2,1,0,1,12
17906.314628187763,repair_complete,10,3,0,0,0,13
17927.489051543154,failure,10,2,1,0,1,12
17927.546942006513,failure,10,1,2,1,1,11
17927.75277207124,repair_complete,10,2,1,0,1,12
17928.689315373565,repair_complete,10,3,0,0,0,13
17939.11089899239,failure,10,2,1,0,1,12
17939.50100162679,repair_complete,10,3,0,0,0,13
17943.769871961234,failure,10,2,1,0,1,12
17946.940927815656,repair_complete,10,3,0,0,0,13
17958.862300206714,failure,10,2,1,0,1,12
17958.87894776735,failure,10,1,2,1,1,11
17959.358840546396,repair_complete,10,2,1,0,1,12
17965.443589305185,repair_complete,10,3,0,0,0,13
17979.698351391668,failure,10,2,1,0,1,12
17980.137171353497,repair_complete,10,3,0,0,0,13
17990.33249721232,failure,10,2,1,0,1,12
17990.35442403478,repair_complete,10,3,0,0,0,13
17994.569786101805,failure,10,2,1,0,1,12
17994.587911892737,failure,10,1,2,1,1,11
17995.796997829228,repair_complete,10,2,1,0,1,12
17996.102539070114,failure,10,1,2,1,1,11
17997.396961948794,repair_complete,10,2,1,0,1,12
17999.828169057215,repair_complete,10,3,0,0,0,13
18038.4084697799,failure,10,2,1,0,1,12
18038.58205236743,repair_complete,10,3,0,0,0,13
18039.884282824234,failure,10,2,1,0,1,12
18044.827390623443,repair_complete,10,3,0,0,0,13
18045.630968252895,failure,10,2,1,0,1,12
18045.886218280164,repair_complete,10,3,0,0,0,13
18050.573295216982,failure,10,2,1,0,1,12
18050.910674939776,repair_complete,10,3,0,0,0,13
18059.096754451162,failure,10,2,1,0,1,12
18060.010859310445,repair_complete,10,3,0,0,0,13
18081.121474699346,failure,10,2,1,0,1,12
18083.53834743083,repair_complete,10,3,0,0,0,13
18084.880975251406,failure,10,2,1,0,1,12
18085.16506998049,repair_complete,10,3,0,0,0,13
18085.984426675263,failure,10,2,1,0,1,12
18086.021686213866,repair_complete,10,3,0,0,0,13
18095.8703539638,failure,10,2,1,0,1,12
18096.243391879343,repair_complete,10,3,0,0,0,13
18106.146455977894,failure,10,2,1,0,1,12
18107.229793714592,repair_complete,10,3,0,0,0,13
18128.993839181854,failure,10,2,1,0,1,12
18129.047123589135,repair_complete,10,3,0,0,0,13
18129.32425888326,failure,10,2,1,0,1,12
18129.638900448153,repair_complete,10,3,0,0,0,13
18136.601986182894,failure,10,2,1,0,1,12
18137.256980018625,repair_complete,10,3,0,0,0,13
18138.781051236252,failure,10,2,1,0,1,12
18139.219534630385,failure,10,1,2,1,1,11
18139.562023094462,repair_complete,10,2,1,0,1,12
18140.271438449985,repair_complete,10,3,0,0,0,13
18158.46841433209,failure,10,2,1,0,1,12
18160.424854845252,repair_complete,10,3,0,0,0,13
18161.823412374684,failure,10,2,1,0,1,12
18162.7465505542,failure,10,1,2,1,1,11
18163.457756848133,repair_complete,10,2,1,0,1,12
18164.798532660938,repair_complete,10,3,0,0,0,13
18171.931220366125,failure,10,2,1,0,1,12
18172.58844358597,repair_complete,10,3,0,0,0,13
18182.684518331007,failure,10,2,1,0,1,12
18186.47239705285,repair_complete,10,3,0,0,0,13
18186.98448213829,failure,10,2,1,0,1,12
18190.151324201244,repair_complete,10,3,0,0,0,13
18205.087048390116,failure,10,2,1,0,1,12
18205.28222642603,repair_complete,10,3,0,0,0,13
18206.835240049622,failure,10,2,1,0,1,12
18206.89390895008,repair_complete,10,3,0,0,0,13
18216.89107333649,failure,10,2,1,0,1,12
18217.81210096648,repair_complete,10,3,0,0,0,13
18253.082297897894,failure,10,2,1,0,1,12
18253.12686285418,repair_complete,10,3,0,0,0,13
18261.552117237654,failure,10,2,1,0,1,12
18262.83192411747,repair_complete,10,3,0,0,0,13
18264.098978442802,failure,10,2,1,0,1,12
18266.9476169537,repair_complete,10,3,0,0,0,13
18280.57877063473,failure,10,2,1,0,1,12
18281.167839576214,repair_complete,10,3,0,0,0,13
18285.50920611769,failure,10,2,1,0,1,12
18285.707136242872,repair_complete,10,3,0,0,0,13
18288.715379866022,failure,10,2,1,0,1,12
18288.87088319897,repair_complete,10,3,0,0,0,13
18294.55660940997,failure,10,2,1,0,1,12
18294.823778876136,repair_complete,10,3,0,0,0,13
18312.967785917856,failure,10,2,1,0,1,12
18313.316989932242,repair_complete,10,3,0,0,0,13
18317.240730333142,failure,10,2,1,0,1,12
18317.81827306994,repair_complete,10,3,0,0,0,13
18322.17082830146,failure,10,2,1,0,1,12
18322.788275449693,repair_complete,10,3,0,0,0,13
18336.232781797225,failure,10,2,1,0,1,12
18337.441532224027,repair_complete,10,3,0,0,0,13
18363.863595642197,failure,10,2,1,0,1,12
18364.120096754486,repair_complete,10,3,0,0,0,13
18383.810934414527,failure,10,2,1,0,1,12
18383.82156094544,repair_complete,10,3,0,0,0,13
18388.218654824985,failure,10,2,1,0,1,12
18390.35329570331,repair_complete,10,3,0,0,0,13
18402.394200380848,failure,10,2,1,0,1,12
18403.486696732532,repair_complete,10,3,0,0,0,13
18405.130338748713,failure,10,2,1,0,1,12
18406.119372666486,repair_complete,10,3,0,0,0,13
18418.82912371549,failure,10,2,1,0,1,12
18418.852761569367,repair_complete,10,3,0,0,0,13
18423.798195412106,failure,10,2,1,0,1,12
18424.27894545499,repair_complete,10,3,0,0,0,13
18435.872121100903,failure,10,2,1,0,1,12
18435.988499854226,repair_complete,10,3,0,0,0,13
18440.525533642212,failure,10,2,1,0,1,12
18440.854501788584,repair_complete,10,3,0,0,0,13
18447.975278618374,failure,10,2,1,0,1,12
18448.917344827565,repair_complete,10,3,0,0,0,13
18508.570283736815,failure,10,2,1,0,1,12
18509.26514837074,repair_complete,10,3,0,0,0,13
18521.606523098264,failure,10,2,1,0,1,12
18521.607970206376,repair_complete,10,3,0,0,0,13
18531.747557053965,failure,10,2,1,0,1,12
18532.241132733594,repair_complete,10,3,0,0,0,13
18553.150265883705,failure,10,2,1,0,1,12
18553.969274630967,repair_complete,10,3,0,0,0,13
18569.261167637756,failure,10,2,1,0,1,12
18571.016997839255,repair_complete,10,3,0,0,0,13
18575.95469172239,failure,10,2,1,0,1,12
18576.339938177425,repair_complete,10,3,0,0,0,13
18599.937048176333,failure,10,2,1,0,1,12
18600.328659297425,repair_complete,10,3,0,0,0,13
18608.91985650769,failure,10,2,1,0,1,12
18609.87827134568,repair_complete,10,3,0,0,0,13
18616.859461917815,failure,10,2,1,0,1,12
18616.903142442163,repair_complete,10,3,0,0,0,13
18621.674641476944,failure,10,2,1,0,1,12
18622.829859360023,repair_complete,10,3,0,0,0,13
18627.508724622145,failure,10,2,1,0,1,12
18627.89658279832,repair_complete,10,3,0,0,0,13
18631.580358081064,failure,10,2,1,0,1,12
18635.2612647439,failure,10,1,2,1,1,11
18636.296739472786,repair_complete,10,2,1,0,1,12
18636.67118108201,repair_complete,10,3,0,0,0,13
18638.019068136375,failure,10,2,1,0,1,12
18638.447665872,repair_complete,10,3,0,0,0,13
18696.240153787305,failure,10,2,1,0,1,12
18696.637519959735,repair_complete,10,3,0,0,0,13
18697.193888061993,failure,10,2,1,0,1,12
18697.651072996297,repair_complete,10,3,0,0,0,13
18709.115028801578,failure,10,2,1,0,1,12
18709.19206426134,failure,10,1,2,1,1,11
18710.02964442579,repair_complete,10,2,1,0,1,12
18710.16991602113,repair_complete,10,3,0,0,0,13
18727.430346607547,failure,10,2,1,0,1,12
18729.24097343478,repair_complete,10,3,0,0,0,13
18754.826088199967,failure,10,2,1,0,1,12
18756.57732233163,repair_complete,10,3,0,0,0,13
18777.320021816045,failure,10,2,1,0,1,12
18777.762333465438,repair_complete,10,3,0,0,0,13
18804.480248335032,failure,10,2,1,0,1,12
18806.8154843182,repair_complete,10,3,0,0,0,13
18824.967657967652,failure,10,2,1,0,1,12
18825.523749650165,failure,10,1,2,1,1,11
18827.212966543564,repair_complete,10,2,1,0,1,12
18827.750986793257,repair_complete,10,3,0,0,0,13
18835.441238580614,failure,10,2,1,0,1,12
18836.17001728816,repair_complete,10,3,0,0,0,13
18860.606559983433,failure,10,2,1,0,1,12
18862.435978854617,repair_complete,10,3,0,0,0,13
18862.715596186128,failure,10,2,1,0,1,12
18864.195232891012,repair_complete,10,3,0,0,0,13
18870.874581655327,failure,10,2,1,0,1,12
18872.915547646204,repair_complete,10,3,0,0,0,13
18880.9292122501,failure,10,2,1,0,1,12
18881.433588059037,repair_complete,10,3,0,0,0,13
18910.719813646567,failure,10,2,1,0,1,12
18911.208690650885,repair_complete,10,3,0,0,0,13
18916.4378142772,failure,10,2,1,0,1,12
18916.6972347982,repair_complete,10,3,0,0,0,13
18919.34272633057,failure,10,2,1,0,1,12
18919.9202435574,repair_complete,10,3,0,0,0,13
18944.65376943251,failure,10,2,1,0,1,12
18945.581366200873,repair_complete,10,3,0,0,0,13
18965.82607751989,failure,10,2,1,0,1,12
18966.24629001611,repair_complete,10,3,0,0,0,13
18994.31693217481,failure,10,2,1,0,1,12
18996.144279290584,repair_complete,10,3,0,0,0,13
19007.01231973752,failure,10,2,1,0,1,12
19007.387199263,repair_complete,10,3,0,0,0,13
19012.38070767126,failure,10,2,1,0,1,12
19013.489652394204,repair_complete,10,3,0,0,0,13
19014.729881126994,failure,10,2,1,0,1,12
19015.326756418723,repair_complete,10,3,0,0,0,13
19017.173294192406,failure,10,2,1,0,1,12
19018.36546814504,repair_complete,10,3,0,0,0,13
19038.842327162565,failure,10,2,1,0,1,12
19040.9381583366,repair_complete,10,3,0,0,0,13
19058.17216899422,failure,10,2,1,0,1,12
19058.32042210682,repair_complete,10,3,0,0,0,13
19069.033292095326,failure,10,2,1,0,1,12
19070.495843769844,repair_complete,10,3,0,0,0,13
19083.369450515223,failure,10,2,1,0,1,12
19085.86113307685,repair_complete,10,3,0,0,0,13
19101.791979074096,failure,10,2,1,0,1,12
19101.82044459775,repair_complete,10,3,0,0,0,13
19122.64079070378,failure,10,2,1,0,1,12
19123.25921034597,repair_complete,10,3,0,0,0,13
19126.381945503963,failure,10,2,1,0,1,12
19126.577274842206,repair_complete,10,3,0,0,0,13
19128.0420594276,failure,10,2,1,0,1,12
19128.3641871998,repair_complete,10,3,0,0,0,13
19148.418189101238,failure,10,2,1,0,1,12
19149.52008837336,repair_complete,10,3,0,0,0,13
19162.721728235305,failure,10,2,1,0,1,12
19163.833255783742,repair_complete,10,3,0,0,0,13
19164.922878601225,failure,10,2,1,0,1,12
19165.06917213756,repair_complete,10,3,0,0,0,13
19174.849145365464,failure,10,2,1,0,1,12
19175.19835637949,repair_complete,10,3,0,0,0,13
19187.162130888486,failure,10,2,1,0,1,12
19188.448104913034,repair_complete,10,3,0,0,0,13
19196.941259137446,failure,10,2,1,0,1,12
19198.721422730865,repair_complete,10,3,0,0,0,13
19225.72918571951,failure,10,2,1,0,1,12
19225.983046944075,repair_complete,10,3,0,0,0,13
19227.46702979363,failure,10,2,1,0,1,12
19229.039526100983,repair_complete,10,3,0,0,0,13
19232.0650120376,failure,10,2,1,0,1,12
19235.471757684343,repair_complete,10,3,0,0,0,13
19235.74842332555,failure,10,2,1,0,1,12
19237.66872226859,failure,10,1,2,1,1,11
19237.862447385447,repair_complete,10,2,1,0,1,12
19239.5379922467,repair_complete,10,3,0,0,0,13
19247.36706528458,failure,10,2,1,0,1,12
19247.745269622883,repair_complete,10,3,0,0,0,13
19264.197400737485,failure,10,2,1,0,1,12
19266.978684786583,repair_complete,10,3,0,0,0,13
19267.614975071625,failure,10,2,1,0,1,12
19267.79124551038,repair_complete,10,3,0,0,0,13
19290.357630846247,failure,10,2,1,0,1,12
19290.419827453647,repair_complete,10,3,0,0,0,13
19297.22120632399,failure,10,2,1,0,1,12
19297.93138442706,repair_complete,10,3,0,0,0,13
19306.931059257364,failure,10,2,1,0,1,12
19307.388303222695,repair_complete,10,3,0,0,0,13
19317.96927052758,failure,10,2,1,0,1,12
19320.274852435607,failure,10,1,2,1,1,11
19320.46828699828,failure,10,0,3,2,1,10
19322.27639923139,repair_complete,10,1,2,1,1,11
19327.566382764875,repair_complete,10,2,1,0,1,12
19328.433944200715,repair_complete,10,3,0,0,0,13
19352.68657452846,failure,10,2,1,0,1,12
19354.529908470646,repair_complete,10,3,0,0,0,13
19367.6505707823,failure,10,2,1,0,1,12
19367.681909097748,repair_complete,10,3,0,0,0,13
19397.103953964626,failure,10,2,1,0,1,12
19397.77897669088,repair_complete,10,3,0,0,0,13
19398.41741433349,failure,10,2,1,0,1,12
19399.769950412923,failure,10,1,2,1,1,11
19400.716838852102,failure,10,0,3,2,1,10
19401.061794750152,repair_complete,10,1,2,1,1,11
19401.481959291883,repair_complete,10,2,1,0,1,12
19402.35674454934,repair_complete,10,3,0,0,0,13
19407.40703894947,failure,10,2,1,0,1,12
19408.44986513887,repair_complete,10,3,0,0,0,13
19444.386711422325,failure,10,2,1,0,1,12
19445.077764417543,repair_complete,10,3,0,0,0,13
19450.100951404267,failure,10,2,1,0,1,12
19450.47161959427,repair_complete,10,3,0,0,0,13
19450.84577501793,failure,10,2,1,0,1,12
19451.430068668466,repair_complete,10,3,0,0,0,13
19452.32737106795,failure,10,2,1,0,1,12
19453.86500556029,failure,10,1,2,1,1,11
19454.369788434597,repair_complete,10,2,1,0,1,12
19456.44229567551,repair_complete,10,3,0,0,0,13
19492.283333398358,failure,10,2,1,0,1,12
19494.24657276802,repair_complete,10,3,0,0,0,13
19512.059338655177,failure,10,2,1,0,1,12
19512.206325915795,repair_complete,10,3,0,0,0,13
19520.8436980804,failure,10,2,1,0,1,12
19521.73922620109,repair_complete,10,3,0,0,0,13
19536.469372561063,failure,10,2,1,0,1,12
19538.012146478224,repair_complete,10,3,0,0,0,13
19547.238556225213,failure,10,2,1,0,1,12
19547.391395075494,repair_complete,10,3,0,0,0,13
19555.168592544123,failure,10,2,1,0,1,12
19555.77902400531,repair_complete,10,3,0,0,0,13
19565.53887683987,failure,10,2,1,0,1,12
19568.208617865672,repair_complete,10,3,0,0,0,13
19568.67737426751,failure,10,2,1,0,1,12
19569.374384826297,repair_complete,10,3,0,0,0,13
19589.25406381459,failure,10,2,1,0,1,12
19590.16231851596,repair_complete,10,3,0,0,0,13
19591.752546516753,failure,10,2,1,0,1,12
19591.905821048298,repair_complete,10,3,0,0,0,13
19591.928293667293,failure,10,2,1,0,1,12
19595.2090166282,repair_complete,10,3,0,0,0,13
19606.998682124056,failure,10,2,1,0,1,12
19608.355957906628,failure,10,1,2,1,1,11
19609.66671599553,repair_complete,10,2,1,0,1,12
19611.322261771016,repair_complete,10,3,0,0,0,13
19635.416406488068,failure,10,2,1,0,1,12
19636.20710054281,repair_complete,10,3,0,0,0,13
19639.611327552175,failure,10,2,1,0,1,12
19639.951493449935,repair_complete,10,3,0,0,0,13
19650.21168652563,failure,10,2,1,0,1,12
19650.395743865804,repair_complete,10,3,0,0,0,13
19655.176930336427,failure,10,2,1,0,1,12
19655.41385237182,repair_complete,10,3,0,0,0,13
19658.332105081226,failure,10,2,1,0,1,12
19659.238409679147,repair_complete,10,3,0,0,0,13
19685.588800033336,failure,10,2,1,0,1,12
19685.74805264554,repair_complete,10,3,0,0,0,13
19690.241277585992,failure,10,2,1,0,1,12
19690.657883785734,repair_complete,10,3,0,0,0,13
19695.828871914473,failure,10,2,1,0,1,12
19697.128311994835,repair_complete,10,3,0,0,0,13
19699.15693625073,failure,10,2,1,0,1,12
19703.0139233855,repair_complete,10,3,0,0,0,13
19707.29796932256,failure,10,2,1,0,1,12
19708.92991040931,repair_complete,10,3,0,0,0,13
19722.198778221693,failure,10,2,1,0,1,12
19722.361945745506,repair_complete,10,3,0,0,0,13
19737.592094482236,failure,10,2,1,0,1,12
19737.889415298338,repair_complete,10,3,0,0,0,13
19739.199457828476,failure,10,2,1,0,1,12
19739.277784712005,repair_complete,10,3,0,0,0,13
19742.587691454726,failure,10,2,1,0,1,12
19742.86236822098,repair_complete,10,3,0,0,0,13
19761.80228927376,failure,10,2,1,0,1,12
19762.59445798298,repair_complete,10,3,0,0,0,13
19768.161728822164,failure,10,2,1,0,1,12
19768.416710130557,repair_complete,10,3,0,0,0,13
19771.522968822886,failure,10,2,1,0,1,12
19771.789255720872,repair_complete,10,3,0,0,0,13
19785.894841823083,failure,10,2,1,0,1,12
19786.198400785666,repair_complete,10,3,0,0,0,13
19792.008146060172,failure,10,2,1,0,1,12
19796.951474532027,repair_complete,10,3,0,0,0,13
19807.007807915645,failure,10,2,1,0,1,12
19807.37447652709,failure,10,1,2,1,1,11
19807.66134527256,repair_complete,10,2,1,0,1,12
19808.595177470088,failure,10,1,2,1,1,11
19809.61689585153,repair_complete,10,2,1,0,1,12
19809.785906633544,repair_complete,10,3,0,0,0,13
19829.38083583215,failure,10,2,1,0,1,12
19830.63468215757,repair_complete,10,3,0,0,0,13
19833.756427065524,failure,10,2,1,0,1,12
19833.985152051442,repair_complete,10,3,0,0,0,13
19834.246846232014,failure,10,2,1,0,1,12
19835.052941634236,repair_complete,10,3,0,0,0,13
19859.272030955697,failure,10,2,1,0,1,12
19859.314945389826,repair_complete,10,3,0,0,0,13
19867.497117510586,failure,10,2,1,0,1,12
19867.540942924123,repair_complete,10,3,0,0,0,13
19875.523777024642,failure,10,2,1,0,1,12
19875.868080158376,failure,10,1,2,1,1,11
19876.067146905632,repair_complete,10,2,1,0,1,12
19877.44118111278,repair_complete,10,3,0,0,0,13
19878.738632526296,failure,10,2,1,0,1,12
19880.542627788964,repair_complete,10,3,0,0,0,13
19891.04069794992,failure,10,2,1,0,1,12
19891.256048183583,repair_complete,10,3,0,0,0,13
19891.719468085703,failure,10,2,1,0,1,12
19891.77049315365,repair_complete,10,3,0,0,0,13
19891.930997625917,failure,10,2,1,0,1,12
19892.32002810565,repair_complete,10,3,0,0,0,13
19943.07731700399,failure,10,2,1,0,1,12
19944.090459794497,repair_complete,10,3,0,0,0,13
19948.59649617372,failure,10,2,1,0,1,12
19950.153138464204,repair_complete,10,3,0,0,0,13
19976.29614023054,failure,10,2,1,0,1,12
19977.252183163248,repair_complete,10,3,0,0,0,13
19979.973666872967,failure,10,2,1,0,1,12
19980.92626077218,repair_complete,10,3,0,0,0,13
19998.412290894383,failure,10,2,1,0,1,12
19999.451009593853,repair_complete,10,3,0,0,0,13
20014.1573870099,failure,10,2,1,0,1,12
20014.79753031227,repair_complete,10,3,0,0,0,13
20016.35843574146,failure,10,2,1,0,1,12
20016.37198995992,repair_complete,10,3,0,0,0,13
20033.01874194323,failure,10,2,1,0,1,12
20033.67952394794,repair_complete,10,3,0,0,0,13
20040.303288379317,failure,10,2,1,0,1,12
20043.240926956285,repair_complete,10,3,0,0,0,13
20058.384430760885,failure,10,2,1,0,1,12
20059.682491947166,repair_complete,10,3,0,0,0,13
20060.82929160874,failure,10,2,1,0,1,12
20063.568036235563,repair_complete,10,3,0,0,0,13
20095.921490162917,failure,10,2,1,0,1,12
20096.536692520935,repair_complete,10,3,0,0,0,13
20100.940762673556,failure,10,2,1,0,1,12
20102.267243912487,repair_complete,10,3,0,0,0,13
20107.222713822583,failure,10,2,1,0,1,12
20107.244930140834,repair_complete,10,3,0,0,0,13
20112.839367855475,failure,10,2,1,0,1,12
20115.604475324402,repair_complete,10,3,0,0,0,13
20116.522008225194,failure,10,2,1,0,1,12
20116.543590742935,repair_complete,10,3,0,0,0,13
20130.39115194457,failure,10,2,1,0,1,12
20131.173376546736,repair_complete,10,3,0,0,0,13
20163.889218832755,failure,10,2,1,0,1,12
20164.12828674035,repair_complete,10,3,0,0,0,13
20165.23612959969,failure,10,2,1,0,1,12
20165.40419089245,repair_complete,10,3,0,0,0,13
20171.976382475892,failure,10,2,1,0,1,12
20171.9981492528,repair_complete,10,3,0,0,0,13
20176.17521416781,failure,10,2,1,0,1,12
20176.411699533604,repair_complete,10,3,0,0,0,13
20191.921550585295,failure,10,2,1,0,1,12
20192.078273111863,repair_complete,10,3,0,0,0,13
20195.62649603418,failure,10,2,1,0,1,12
20196.75713036135,repair_complete,10,3,0,0,0,13
20202.761756349184,failure,10,2,1,0,1,12
20204.722083961613,repair_complete,10,3,0,0,0,13
20207.54429268607,failure,10,2,1,0,1,12
20209.53263292816,repair_complete,10,3,0,0,0,13
20238.95648886973,failure,10,2,1,0,1,12
20239.415771286887,failure,10,1,2,1,1,11
20239.916263153267,repair_complete,10,2,1,0,1,12
20241.41408055076,failure,10,1,2,1,1,11
20241.627379566016,repair_complete,10,2,1,0,1,12
20241.959595554104,repair_complete,10,3,0,0,0,13
20242.744446838802,failure,10,2,1,0,1,12
20243.094190315616,repair_complete,10,3,0,0,0,13
20245.604727082984,failure,10,2,1,0,1,12
20246.2886160524,repair_complete,10,3,0,0,0,13
20260.727553739005,failure,10,2,1,0,1,12
20262.466267758457,repair_complete,10,3,0,0,0,13
20273.700995398816,failure,10,2,1,0,1,12
20274.42406048861,repair_complete,10,3,0,0,0,13
20278.762727875488,failure,10,2,1,0,1,12
20279.015443248372,failure,10,1,2,1,1,11
20279.803974754534,repair_complete,10,2,1,0,1,12
20280.931273312053,failure,10,1,2,1,1,11
20282.037315111564,repair_complete,10,2,1,0,1,12
20282.857753940443,repair_complete,10,3,0,0,0,13
20290.322291793604,failure,10,2,1,0,1,12
20290.51678079732,failure,10,1,2,1,1,11
20290.979043367293,repair_complete,10,2,1,0,1,12
20291.125122827783,repair_complete,10,3,0,0,0,13
20295.95542107381,failure,10,2,1,0,1,12
20297.506289186455,repair_complete,10,3,0,0,0,13
20313.97160959803,failure,10,2,1,0,1,12
20314.79800923146,repair_complete,10,3,0,0,0,13
20345.532574809633,failure,10,2,1,0,1,12
20345.596869853045,repair_complete,10,3,0,0,0,13
20355.058040293803,failure,10,2,1,0,1,12
20355.57531274431,failure,10,1,2,1,1,11
20356.720093275537,repair_complete,10,2,1,0,1,12
20356.733937259458,repair_complete,10,3,0,0,0,13
20367.626457732775,failure,10,2,1,0,1,12
20367.891819759505,failure,10,1,2,1,1,11
20368.529912540645,repair_complete,10,2,1,0,1,12
20368.978389060027,repair_complete,10,3,0,0,0,13
20375.698198909497,failure,10,2,1,0,1,12
20375.841900469044,repair_complete,10,3,0,0,0,13
20419.922335982315,failure,10,2,1,0,1,12
20422.297292253174,failure,10,1,2,1,1,11
20422.92907967336,repair_complete,10,2,1,0,1,12
20423.760844435717,repair_complete,10,3,0,0,0,13
20434.297916241714,failure,10,2,1,0,1,12
20434.50267419565,repair_complete,10,3,0,0,0,13
20466.622969811964,failure,10,2,1,0,1,12
20467.30990051918,repair_complete,10,3,0,0,0,13
20471.896725946568,failure,10,2,1,0,1,12
20472.024130032598,repair_complete,10,3,0,0,0,13
20513.537578559004,failure,10,2,1,0,1,12
20515.679887278322,repair_complete,10,3,0,0,0,13
20522.522589444146,failure,10,2,1,0,1,12
20522.720961594565,repair_complete,10,3,0,0,0,13
20575.415460461292,failure,10,2,1,0,1,12
20575.790326559123,repair_complete,10,3,0,0,0,13
20606.524042121844,failure,10,2,1,0,1,12
20607.02197471095,repair_complete,10,3,0,0,0,13
20622.861347782007,failure,10,2,1,0,1,12
20623.24609511744,repair_complete,10,3,0,0,0,13
20628.01074087628,failure,10,2,1,0,1,12
20628.433274807117,repair_complete,10,3,0,0,0,13
20632.549883101445,failure,10,2,1,0,1,12
20632.88926402239,repair_complete,10,3,0,0,0,13
20634.01113037138,failure,10,2,1,0,1,12
20634.184942116604,failure,10,1,2,1,1,11
20634.212642381903,repair_complete,10,2,1,0,1,12
20636.757799685514,repair_complete,10,3,0,0,0,13
20652.677934319632,failure,10,2,1,0,1,12
20653.132063256613,repair_complete,10,3,0,0,0,13
20662.92891303646,failure,10,2,1,0,1,12
20664.645873352958,repair_complete,10,3,0,0,0,13
20668.649216910722,failure,10,2,1,0,1,12
20668.708224063597,repair_complete,10,3,0,0,0,13
20679.844253039748,failure,10,2,1,0,1,12
20679.979837102223,repair_complete,10,3,0,0,0,13
20703.767512822058,failure,10,2,1,0,1,12
20704.748897464244,repair_complete,10,3,0,0,0,13
20708.746013684042,failure,10,2,1,0,1,12
20709.339863145422,repair_complete,10,3,0,0,0,13
20714.22407482515,failure,10,2,1,0,1,12
20714.662951901777,repair_complete,10,3,0,0,0,13
20722.12215064639,failure,10,2,1,0,1,12
20722.822803827745,repair_complete,10,3,0,0,0,13
20730.472146225995,failure,10,2,1,0,1,12
20730.968465990474,repair_complete,10,3,0,0,0,13
20742.052783319385,failure,10,2,1,0,1,12
20742.1616133741,repair_complete,10,3,0,0,0,13
20744.83826132351,failure,10,2,1,0,1,12
20744.966731499975,repair_complete,10,3,0,0,0,13
20754.493661512675,failure,10,2,1,0,1,12
20755.012890551065,repair_complete,10,3,0,0,0,13
20755.92122149328,failure,10,2,1,0,1,12
20756.560793726356,failure,10,1,2,1,1,11
20757.476855962937,repair_complete,10,2,1,0,1,12
20758.41002415703,repair_complete,10,3,0,0,0,13
20759.347465748007,failure,10,2,1,0,1,12
20760.264745938624,repair_complete,10,3,0,0,0,13
20820.125751019874,failure,10,2,1,0,1,12
20821.085451408246,repair_complete,10,3,0,0,0,13
20851.17780016586,failure,10,2,1,0,1,12
20851.91945053478,repair_complete,10,3,0,0,0,13
20855.07537604751,failure,10,2,1,0,1,12
20855.43384651599,repair_complete,10,3,0,0,0,13
20870.634829593437,failure,10,2,1,0,1,12
20871.839618007394,repair_complete,10,3,0,0,0,13
20882.71467297072,failure,10,2,1,0,1,12
20884.491891721056,repair_complete,10,3,0,0,0,13
20897.96084209719,failure,10,2,1,0,1,12
20898.388398954663,repair_complete,10,3,0,0,0,13
20902.136621558922,failure,10,2,1,0,1,12
20902.279190897276,repair_complete,10,3,0,0,0,13
20970.33061944652,failure,10,2,1,0,1,12
20970.618960287782,repair_complete,10,3,0,0,0,13
20974.314913776925,failure,10,2,1,0,1,12
20975.560027267165,repair_complete,10,3,0,0,0,13
20975.615253900873,failure,10,2,1,0,1,12
20976.27843205529,repair_complete,10,3,0,0,0,13
20988.452345699796,failure,10,2,1,0,1,12
20989.08578057827,repair_complete,10,3,0,0,0,13
20992.5727447735,failure,10,2,1,0,1,12
20994.279243252156,repair_complete,10,3,0,0,0,13
21007.76617017005,failure,10,2,1,0,1,12
21008.215120100496,repair_complete,10,3,0,0,0,13
21009.197717166408,failure,10,2,1,0,1,12
21009.99264345451,repair_complete,10,3,0,0,0,13
21020.570110490084,failure,10,2,1,0,1,12
21020.835786493597,repair_complete,10,3,0,0,0,13
21021.73407449439,failure,10,2,1,0,1,12
21021.956492738656,repair_complete,10,3,0,0,0,13
21034.173477001063,failure,10,2,1,0,1,12
21034.442950646102,repair_complete,10,3,0,0,0,13
21036.73105786243,failure,10,2,1,0,1,12
21036.800651241207,repair_complete,10,3,0,0,0,13
21037.198541256006,failure,10,2,1,0,1,12
21037.34561733434,repair_complete,10,3,0,0,0,13
21059.225753034956,failure,10,2,1,0,1,12
21059.81394857499,repair_complete,10,3,0,0,0,13
21075.993541354204,failure,10,2,1,0,1,12
21077.231375054133,repair_complete,10,3,0,0,0,13
21079.46280835131,failure,10,2,1,0,1,12
21079.546528295486,repair_complete,10,3,0,0,0,13
21091.77088550076,failure,10,2,1,0,1,12
21092.142698420503,repair_complete,10,3,0,0,0,13
21092.850758498447,failure,10,2,1,0,1,12
21092.944041448816,repair_complete,10,3,0,0,0,13
21099.606355196058,failure,10,2,1,0,1,12
21103.79209091457,repair_complete,10,3,0,0,0,13
21111.014821566307,failure,10,2,1,0,1,12
21111.30607112326,repair_complete,10,3,0,0,0,13
21114.419501593195,failure,10,2,1,0,1,12
21115.87010867787,repair_complete,10,3,0,0,0,13
21118.865675284564,failure,10,2,1,0,1,12
21119.205337471307,repair_complete,10,3,0,0,0,13
21125.698315012094,failure,10,2,1,0,1,12
21125.742889554112,repair_complete,10,3,0,0,0,13
21131.060641791017,failure,10,2,1,0,1,12
21133.092285837865,repair_complete,10,3,0,0,0,13
21157.74053573801,failure,10,2,1,0,1,12
21158.543931677166,failure,10,1,2,1,1,11
21158.752051378462,failure,10,0,3,2,1,10
21160.069699252555,repair_complete,10,1,2,1,1,11
21164.154752254803,repair_complete,10,2,1,0,1,12
21164.927701133118,repair_complete,10,3,0,0,0,13
21171.867076103877,failure,10,2,1,0,1,12
21173.463449692998,repair_complete,10,3,0,0,0,13
21173.849181075097,failure,10,2,1,0,1,12
21174.314488245862,repair_complete,10,3,0,0,0,13
21180.21484857584,failure,10,2,1,0,1,12
21180.368749684738,repair_complete,10,3,0,0,0,13
21182.170099823514,failure,10,2,1,0,1,12
21182.332353458925,repair_complete,10,3,0,0,0,13
21183.692262376127,failure,10,2,1,0,1,12
21184.384133942356,repair_complete,10,3,0,0,0,13
21198.65747912115,failure,10,2,1,0,1,12
21198.98724821977,repair_complete,10,3,0,0,0,13
21204.150718805042,failure,10,2,1,0,1,12
21205.16449481563,repair_complete,10,3,0,0,0,13
21220.071099550918,failure,10,2,1,0,1,12
21220.455398472837,repair_complete,10,3,0,0,0,13
21236.47534732608,failure,10,2,1,0,1,12
21238.993058602427,repair_complete,10,3,0,0,0,13
21247.571699925338,failure,10,2,1,0,1,12
21248.161103275423,repair_complete,10,3,0,0,0,13
21250.576255470896,failure,10,2,1,0,1,12
21251.684218426304,repair_complete,10,3,0,0,0,13
21268.247123991652,failure,10,2,1,0,1,12
21269.217726111438,repair_complete,10,3,0,0,0,13
21271.161008594605,failure,10,2,1,0,1,12
21274.99420504432,repair_complete,10,3,0,0,0,13
21280.108901863558,failure,10,2,1,0,1,12
21280.557874816055,repair_complete,10,3,0,0,0,13
21282.003780066716,failure,10,2,1,0,1,12
21282.4636280426,repair_complete,10,3,0,0,0,13
21290.802236683085,failure,10,2,1,0,1,12
21291.232626139048,repair_complete,10,3,0,0,0,13
21293.634478996108,failure,10,2,1,0,1,12
21293.8108782569,repair_complete,10,3,0,0,0,13
21298.485019646534,failure,10,2,1,0,1,12
21298.90572541637,repair_complete,10,3,0,0,0,13
21309.89743589166,failure,10,2,1,0,1,12
21309.948353113457,repair_complete,10,3,0,0,0,13
21319.95038903699,failure,10,2,1,0,1,12
21321.36038123074,repair_complete,10,3,0,0,0,13
21326.216329292518,failure,10,2,1,0,1,12
21326.437693455944,repair_complete,10,3,0,0,0,13
21344.651625109003,failure,10,2,1,0,1,12
21345.555932577525,repair_complete,10,3,0,0,0,13
21348.106295693866,failure,10,2,1,0,1,12
21348.703602391084,repair_complete,10,3,0,0,0,13
21353.01078140379,failure,10,2,1,0,1,12
21354.580999384503,repair_complete,10,3,0,0,0,13
21356.755361923537,failure,10,2,1,0,1,12
21357.777527363825,repair_complete,10,3,0,0,0,13
21361.70102119834,failure,10,2,1,0,1,12
21364.087664065024,repair_complete,10,3,0,0,0,13
21376.017659737303,failure,10,2,1,0,1,12
21377.64313616977,repair_complete,10,3,0,0,0,13
21384.533516454885,failure,10,2,1,0,1,12
21385.416252992247,repair_complete,10,3,0,0,0,13
21391.76266782913,failure,10,2,1,0,1,12
21392.337222089467,repair_complete,10,3,0,0,0,13
21400.649885721872,failure,10,2,1,0,1,12
21401.743690488238,repair_complete,10,3,0,0,0,13
21405.22659380913,failure,10,2,1,0,1,12
21405.955086679875,repair_complete,10,3,0,0,0,13
21411.89028378155,failure,10,2,1,0,1,12
21412.252661525705,repair_complete,10,3,0,0,0,13
21429.50571873826,failure,10,2,1,0,1,12
21430.82400632413,repair_complete,10,3,0,0,0,13
21439.03344880215,failure,10,2,1,0,1,12
21439.909699341297,repair_complete,10,3,0,0,0,13
21444.92706090468,failure,10,2,1,0,1,12
21445.10277938534,repair_complete,10,3,0,0,0,13
21449.36720728682,failure,10,2,1,0,1,12
21450.967245874894,repair_complete,10,3,0,0,0,13
21451.054644175696,failure,10,2,1,0,1,12
21454.542020566667,repair_complete,10,3,0,0,0,13
21457.71970991591,failure,10,2,1,0,1,12
21458.833174054213,repair_complete,10,3,0,0,0,13
21467.586449028506,failure,10,2,1,0,1,12
21467.686657332422,repair_complete,10,3,0,0,0,13
21480.689002558378,failure,10,2,1,0,1,12
21482.51179890344,failure,10,1,2,1,1,11
21483.279737460536,repair_complete,10,2,1,0,1,12
21483.452188033672,failure,10,1,2,1,1,11
21484.452483662237,repair_complete,10,2,1,0,1,12
21485.987618918745,repair_complete,10,3,0,0,0,13
21514.00826609827,failure,10,2,1,0,1,12
21514.62562765209,failure,10,1,2,1,1,11
21515.22360377937,repair_complete,10,2,1,0,1,12
21515.836403722446,repair_complete,10,3,0,0,0,13
21529.328631999804,failure,10,2,1,0,1,12
21529.994367644438,repair_complete,10,3,0,0,0,13
21548.44822967277,failure,10,2,1,0,1,12
21548.4505743309,repair_complete,10,3,0,0,0,13
21550.02067418948,failure,10,2,1,0,1,12
21553.42416231893,failure,10,1,2,1,1,11
21555.716789617152,repair_complete,10,2,1,0,1,12
21555.767545530816,repair_complete,10,3,0,0,0,13
21560.749609482853,failure,10,2,1,0,1,12
21560.978249754833,repair_complete,10,3,0,0,0,13
21587.233580280965,failure,10,2,1,0,1,12
21587.585792336176,repair_complete,10,3,0,0,0,13
21595.8412234508,failure,10,2,1,0,1,12
21595.987230386832,failure,10,1,2,1,1,11
21598.186719946236,repair_complete,10,2,1,0,1,12
21599.870705031255,repair_complete,10,3,0,0,0,13
21607.71180351744,failure,10,2,1,0,1,12
21609.383854837582,repair_complete,10,3,0,0,0,13
21611.65433511134,failure,10,2,1,0,1,12
21611.998830944704,repair_complete,10,3,0,0,0,13
21628.25612013383,failure,10,2,1,0,1,12
21630.766311253752,repair_complete,10,3,0,0,0,13
21645.69951940817,failure,10,2,1,0,1,12
21647.4477270412,repair_complete,10,3,0,0,0,13
21650.639418944735,failure,10,2,1,0,1,12
21651.557399377703,repair_complete,10,3,0,0,0,13
21657.78414069265,failure,10,2,1,0,1,12
21659.997159850962,repair_complete,10,3,0,0,0,13
21668.144485960827,failure,10,2,1,0,1,12
21668.150155067466,repair_complete,10,3,0,0,0,13
21669.484345651574,failure,10,2,1,0,1,12
21669.719979239857,repair_complete,10,3,0,0,0,13
21678.43899576927,failure,10,2,1,0,1,12
21678.709424872304,repair_complete,10,3,0,0,0,13
21688.527246607176,failure,10,2,1,0,1,12
21688.88301360527,repair_complete,10,3,0,0,0,13
21720.716290331893,failure,10,2,1,0,1,12
21721.36127946231,repair_complete,10,3,0,0,0,13
21740.60576698638,failure,10,2,1,0,1,12
21740.844589699627,repair_complete,10,3,0,0,0,13
21753.055465163972,failure,10,2,1,0,1,12
21753.312122970634,repair_complete,10,3,0,0,0,13
21757.275177536398,failure,10,2,1,0,1,12
21757.65316545484,repair_complete,10,3,0,0,0,13
21763.191605026168,failure,10,2,1,0,1,12
21763.66579267455,repair_complete,10,3,0,0,0,13
21768.440400771255,failure,10,2,1,0,1,12
21769.016003629346,repair_complete,10,3,0,0,0,13
21773.98538479168,failure,10,2,1,0,1,12
21774.251714116454,repair_complete,10,3,0,0,0,13
21788.954785795297,failure,10,2,1,0,1,12
21790.08544663423,failure,10,1,2,1,1,11
21792.851546500213,repair_complete,10,2,1,0,1,12
21793.441403788816,repair_complete,10,3,0,0,0,13
21793.669943765482,failure,10,2,1,0,1,12
21794.377495402507,repair_complete,10,3,0,0,0,13
21801.41181546454,failure,10,2,1,0,1,12
21802.297664055506,repair_complete,10,3,0,0,0,13
21812.86835854276,failure,10,2,1,0,1,12
21814.172391440243,repair_complete,10,3,0,0,0,13
21819.666752512512,failure,10,2,1,0,1,12
21820.10998137895,repair_complete,10,3,0,0,0,13
21828.966883700105,failure,10,2,1,0,1,12
21829.317021029077,repair_complete,10,3,0,0,0,13
21856.752020861502,failure,10,2,1,0,1,12
21856.785951691912,repair_complete,10,3,0,0,0,13
21864.455012747785,failure,10,2,1,0,1,12
21865.467040671967,failure,10,1,2,1,1,11
21865.864629271622,repair_complete,10,2,1,0,1,12
21866.006708557088,failure,10,1,2,1,1,11
21866.167758634463,repair_complete,10,2,1,0,1,12
21866.373344044787,failure,10,1,2,1,1,11
21866.520901946773,failure,10,0,3,2,1,10
21866.899503698172,repair_complete,10,1,2,1,1,11
21869.333661679433,repair_complete,10,2,1,0,1,12
21869.97441006692,repair_complete,10,3,0,0,0,13
21892.781546880797,failure,10,2,1,0,1,12
21893.098270654387,repair_complete,10,3,0,0,0,13
21902.623484513344,failure,10,2,1,0,1,12
21902.758180210232,repair_complete,10,3,0,0,0,13
21908.71906917716,failure,10,2,1,0,1,12
21909.563644848655,repair_complete,10,3,0,0,0,13
21914.951032026096,failure,10,2,1,0,1,12
21915.386726561217,repair_complete,10,3,0,0,0,13
21933.881910078704,failure,10,2,1,0,1,12
21934.991398505972,failure,10,1,2,1,1,11
21935.379188491203,repair_complete,10,2,1,0,1,12
21935.41309524351,repair_complete,10,3,0,0,0,13
21947.173718150647,failure,10,2,1,0,1,12
21948.28996632778,repair_complete,10,3,0,0,0,13
21960.472396526617,failure,10,2,1,0,1,12
21962.509583312807,repair_complete,10,3,0,0,0,13
21965.707892487222,failure,10,2,1,0,1,12
21966.37798160296,repair_complete,10,3,0,0,0,13
21990.462756201163,failure,10,2,1,0,1,12
21991.424253720594,failure,10,1,2,1,1,11
21991.722995825712,repair_complete,10,2,1,0,1,12
21993.34991294022,repair_complete,10,3,0,0,0,13
22016.96262325946,failure,10,2,1,0,1,12
22018.070582987584,repair_complete,10,3,0,0,0,13
22025.289065898054,failure,10,2,1,0,1,12
22025.54111482602,repair_complete,10,3,0,0,0,13
22029.608657318044,failure,10,2,1,0,1,12
22031.753844885065,repair_complete,10,3,0,0,0,13
22037.487896766444,failure,10,2,1,0,1,12
22039.715318992286,repair_complete,10,3,0,0,0,13
22041.111020790126,failure,10,2,1,0,1,12
22041.312380491963,repair_complete,10,3,0,0,0,13
22075.760426930432,failure,10,2,1,0,1,12
22076.981076257678,repair_complete,10,3,0,0,0,13
22078.679360459402,failure,10,2,1,0,1,12
22079.076386808065,repair_complete,10,3,0,0,0,13
22081.4154155432,failure,10,2,1,0,1,12
22082.201577486754,repair_complete,10,3,0,0,0,13
22086.375570948134,failure,10,2,1,0,1,12
22088.21549036371,repair_complete,10,3,0,0,0,13
22101.024716545868,failure,10,2,1,0,1,12
22101.140333971987,repair_complete,10,3,0,0,0,13
22102.278940807653,failure,10,2,1,0,1,12
22102.657417134356,repair_complete,10,3,0,0,0,13
22113.814102571832,failure,10,2,1,0,1,12
22114.385480135683,repair_complete,10,3,0,0,0,13
22119.6927050809,failure,10,2,1,0,1,12
22120.090225438056,repair_complete,10,3,0,0,0,13
22120.928243339622,failure,10,2,1,0,1,12
22121.220517376667,repair_complete,10,3,0,0,0,13
22121.700809373004,failure,10,2,1,0,1,12
22121.77032226066,repair_complete,10,3,0,0,0,13
22122.484909827293,failure,10,2,1,0,1,12
22122.53517634919,repair_complete,10,3,0,0,0,13
22129.978752962983,failure,10,2,1,0,1,12
22130.456813049732,repair_complete,10,3,0,0,0,13
22132.115872633894,failure,10,2,1,0,1,12
22133.46218065538,repair_complete,10,3,0,0,0,13
22155.03718599962,failure,10,2,1,0,1,12
22155.041032937515,repair_complete,10,3,0,0,0,13
22164.32251159976,failure,10,2,1,0,1,12
22165.99606952452,repair_complete,10,3,0,0,0,13
22181.006331273456,failure,10,2,1,0,1,12
22181.966544073282,repair_complete,10,3,0,0,0,13
22202.205738997724,failure,10,2,1,0,1,12
22202.213489706668,repair_complete,10,3,0,0,0,13
22208.04661266215,failure,10,2,1,0,1,12
22209.009589007343,repair_complete,10,3,0,0,0,13
22212.618024976255,failure,10,2,1,0,1,12
22213.295120023435,repair_complete,10,3,0,0,0,13
22214.059759931377,failure,10,2,1,0,1,12
22214.622697067716,failure,10,1,2,1,1,11
22214.778471348523,repair_complete,10,2,1,0,1,12
22215.1919631221,repair_complete,10,3,0,0,0,13
22223.05375099538,failure,10,2,1,0,1,12
22223.82125903944,repair_complete,10,3,0,0,0,13
22225.841772015898,failure,10,2,1,0,1,12
22226.173157402623,repair_complete,10,3,0,0,0,13
22227.522849295412,failure,10,2,1,0,1,12
22228.37631620977,failure,10,1,2,1,1,11
22230.019565254523,repair_complete,10,2,1,0,1,12
22230.122771941904,repair_complete,10,3,0,0,0,13
22234.53582752909,failure,10,2,1,0,1,12
22234.98739880494,repair_complete,10,3,0,0,0,13
22236.36121710801,failure,10,2,1,0,1,12
22237.885636312923,repair_complete,10,3,0,0,0,13
22251.60665020097,failure,10,2,1,0,1,12
22251.840812730214,repair_complete,10,3,0,0,0,13
22255.801115408613,failure,10,2,1,0,1,12
22255.8042509059,repair_complete,10,3,0,0,0,13
22258.134764699153,failure,10,2,1,0,1,12
22258.515834512207,repair_complete,10,3,0,0,0,13
22267.528246562015,failure,10,2,1,0,1,12
22267.69297061113,repair_complete,10,3,0,0,0,13
22282.30055880715,failure,10,2,1,0,1,12
22283.53497047856,repair_complete,10,3,0,0,0,13
22292.355284754845,failure,10,2,1,0,1,12
22292.55210382342,repair_complete,10,3,0,0,0,13
22294.35668326763,failure,10,2,1,0,1,12
22294.418429963924,repair_complete,10,3,0,0,0,13
22297.479118223957,failure,10,2,1,0,1,12
22298.41828163906,repair_complete,10,3,0,0,0,13
22299.130489803916,failure,10,2,1,0,1,12
22299.399720862664,repair_complete,10,3,0,0,0,13
22302.58260266373,failure,10,2,1,0,1,12
22303.20112630459,repair_complete,10,3,0,0,0,13
22308.941936313724,failure,10,2,1,0,1,12
22309.282189657562,repair_complete,10,3,0,0,0,13
22331.80094492074,failure,10,2,1,0,1,12
22332.087225734187,repair_complete,10,3,0,0,0,13
22344.345434579565,failure,10,2,1,0,1,12
22345.470863743052,failure,10,1,2,1,1,11
22346.072937095472,repair_complete,10,2,1,0,1,12
22346.199735597653,repair_complete,10,3,0,0,0,13
22350.25837949589,failure,10,2,1,0,1,12
22352.113708644083,repair_complete,10,3,0,0,0,13
22356.914454463644,failure,10,2,1,0,1,12
22357.324166229515,repair_complete,10,3,0,0,0,13
22366.45951130481,failure,10,2,1,0,1,12
22366.709759877805,repair_complete,10,3,0,0,0,13
22370.147412747585,failure,10,2,1,0,1,12
22370.17089361958,repair_complete,10,3,0,0,0,13
22376.78951262483,failure,10,2,1,0,1,12
22378.232174854533,repair_complete,10,3,0,0,0,13
22389.652923567573,failure,10,2,1,0,1,12
22390.232456897946,repair_complete,10,3,0,0,0,13
22393.327522028372,failure,10,2,1,0,1,12
22395.460577966016,repair_complete,10,3,0,0,0,13
22406.99762999898,failure,10,2,1,0,1,12
22407.01619079109,repair_complete,10,3,0,0,0,13
22408.150787362043,failure,10,2,1,0,1,12
22408.40830962559,repair_complete,10,3,0,0,0,13
22414.958662331857,failure,10,2,1,0,1,12
22416.281822095814,repair_complete,10,3,0,0,0,13
22422.573712554466,failure,10,2,1,0,1,12
22423.76002399099,repair_complete,10,3,0,0,0,13
22427.319581261458,failure,10,2,1,0,1,12
22427.451163969028,repair_complete,10,3,0,0,0,13
22428.56225316332,failure,10,2,1,0,1,12
22428.674977216742,repair_complete,10,3,0,0,0,13
22432.63676226565,failure,10,2,1,0,1,12
22434.22347400111,repair_complete,10,3,0,0,0,13
22453.7742613404,failure,10,2,1,0,1,12
22454.21269218447,repair_complete,10,3,0,0,0,13
22455.41871687497,failure,10,2,1,0,1,12
22455.71745738964,repair_complete,10,3,0,0,0,13
22461.282736846686,failure,10,2,1,0,1,12
22462.202125862772,repair_complete,10,3,0,0,0,13
22494.83567706252,failure,10,2,1,0,1,12
22494.84212274654,repair_complete,10,3,0,0,0,13
22496.0917547814,failure,10,2,1,0,1,12
22497.194807436423,failure,10,1,2,1,1,11
22498.503056103524,repair_complete,10,2,1,0,1,12
22498.72642791765,repair_complete,10,3,0,0,0,13
22499.28279759065,failure,10,2,1,0,1,12
22500.800994947793,repair_complete,10,3,0,0,0,13
22506.175217331715,failure,10,2,1,0,1,12
22507.41767171305,repair_complete,10,3,0,0,0,13
22508.84003408436,failure,10,2,1,0,1,12
22509.395893928922,repair_complete,10,3,0,0,0,13
22516.18927350433,failure,10,2,1,0,1,12
22517.389716865975,repair_complete,10,3,0,0,0,13
22533.951461537126,failure,10,2,1,0,1,12
22534.576461204553,repair_complete,10,3,0,0,0,13
22538.94188771882,failure,10,2,1,0,1,12
22541.1919056579,repair_complete,10,3,0,0,0,13
22544.524485197202,failure,10,2,1,0,1,12
22545.976441705745,repair_complete,10,3,0,0,0,13
22553.364110080554,failure,10,2,1,0,1,12
22553.515779402707,repair_complete,10,3,0,0,0,13
22564.254055340087,failure,10,2,1,0,1,12
22564.886036519714,repair_complete,10,3,0,0,0,13
22579.656490360903,failure,10,2,1,0,1,12
22579.7766980542,repair_complete,10,3,0,0,0,13
22581.67612959614,failure,10,2,1,0,1,12
22581.844122347014,repair_complete,10,3,0,0,0,13
22583.714661293845,failure,10,2,1,0,1,12
22585.691433131877,repair_complete,10,3,0,0,0,13
22605.47994826012,failure,10,2,1,0,1,12
22607.15286595744,repair_complete,10,3,0,0,0,13
22607.6298122444,failure,10,2,1,0,1,12
22609.376744471705,repair_complete,10,3,0,0,0,13
22639.445295638754,failure,10,2,1,0,1,12
22640.207222738256,failure,10,1,2,1,1,11
22640.611044851976,repair_complete,10,2,1,0,1,12
22641.730106048515,repair_complete,10,3,0,0,0,13
22644.52437370039,failure,10,2,1,0,1,12
22644.8263286336,repair_complete,10,3,0,0,0,13
22647.596254348944,failure,10,2,1,0,1,12
22647.833550601907,repair_complete,10,3,0,0,0,13
22658.375577321185,failure,10,2,1,0,1,12
22658.497696758648,repair_complete,10,3,0,0,0,13
22696.00222453558,failure,10,2,1,0,1,12
22699.564521062253,repair_complete,10,3,0,0,0,13
22718.052162559532,failure,10,2,1,0,1,12
22721.70156376115,repair_complete,10,3,0,0,0,13
22757.469753094596,failure,10,2,1,0,1,12
22763.223867543595,repair_complete,10,3,0,0,0,13
22772.215660398215,failure,10,2,1,0,1,12
22773.539088852183,repair_complete,10,3,0,0,0,13
22785.660019700284,failure,10,2,1,0,1,12
22785.731086133797,repair_complete,10,3,0,0,0,13
22788.741862178154,failure,10,2,1,0,1,12
22789.329874122577,repair_complete,10,3,0,0,0,13
22790.64799560819,failure,10,2,1,0,1,12
22790.702203873167,repair_complete,10,3,0,0,0,13
22810.787374570267,failure,10,2,1,0,1,12
22811.802283385514,repair_complete,10,3,0,0,0,13
22812.679976530646,failure,10,2,1,0,1,12
22812.89851506476,repair_complete,10,3,0,0,0,13
22821.403970291703,failure,10,2,1,0,1,12
22822.14023103499,repair_complete,10,3,0,0,0,13
22822.699621069023,failure,10,2,1,0,1,12
22822.959564064753,repair_complete,10,3,0,0,0,13
22828.780501718968,failure,10,2,1,0,1,12
22829.563519577856,repair_complete,10,3,0,0,0,13
22849.60226473126,failure,10,2,1,0,1,12
22850.046623285667,repair_complete,10,3,0,0,0,13
22850.815823931167,failure,10,2,1,0,1,12
22854.089857590243,repair_complete,10,3,0,0,0,13
22859.70650555434,failure,10,2,1,0,1,12
22861.338028126316,repair_complete,10,3,0,0,0,13
22879.640231160713,failure,10,2,1,0,1,12
22880.866358004598,failure,10,1,2,1,1,11
22881.580533963148,repair_complete,10,2,1,0,1,12
22881.89280631156,repair_complete,10,3,0,0,0,13
22889.30789472191,failure,10,2,1,0,1,12
22889.59360341484,repair_complete,10,3,0,0,0,13
22909.20817424834,failure,10,2,1,0,1,12
22909.3590714921,repair_complete,10,3,0,0,0,13
22913.245661799818,failure,10,2,1,0,1,12
22913.645665408552,repair_complete,10,3,0,0,0,13
22916.27765174606,failure,10,2,1,0,1,12
22917.909807094435,repair_complete,10,3,0,0,0,13
22927.970306119776,failure,10,2,1,0,1,12
22929.00545710295,repair_complete,10,3,0,0,0,13
22933.498649367415,failure,10,2,1,0,1,12
22933.500200524322,repair_complete,10,3,0,0,0,13
22967.73479007184,failure,10,2,1,0,1,12
22968.515835246515,repair_complete,10,3,0,0,0,13
22986.02160241234,failure,10,2,1,0,1,12
22986.528763883594,repair_complete,10,3,0,0,0,13
23001.365359958243,failure,10,2,1,0,1,12
23002.395976781943,repair_complete,10,3,0,0,0,13
23013.278775545063,failure,10,2,1,0,1,12
23013.87839680031,repair_complete,10,3,0,0,0,13
23024.794531080297,failure,10,2,1,0,1,12
23025.422551274787,failure,10,1,2,1,1,11
23026.904321576236,repair_complete,10,2,1,0,1,12
23029.4454173477,repair_complete,10,3,0,0,0,13
23043.82566080719,failure,10,2,1,0,1,12
23043.89218287267,failure,10,1,2,1,1,11
23043.981794222826,repair_complete,10,2,1,0,1,12
23044.123309498835,repair_complete,10,3,0,0,0,13
23050.414070693765,failure,10,2,1,0,1,12
23052.205339760727,repair_complete,10,3,0,0,0,13
23054.46566356173,failure,10,2,1,0,1,12
23054.89830093013,repair_complete,10,3,0,0,0,13
23062.49158887339,failure,10,2,1,0,1,12
23062.74744598403,repair_complete,10,3,0,0,0,13
23077.739276540116,failure,10,2,1,0,1,12
23078.289784470187,repair_complete,10,3,0,0,0,13
23121.049587824557,failure,10,2,1,0,1,12
23121.279243557732,repair_complete,10,3,0,0,0,13
23131.225250608288,failure,10,2,1,0,1,12
23131.27503179002,failure,10,1,2,1,1,11
23131.431467223832,repair_complete,10,2,1,0,1,12
23131.62050350451,repair_complete,10,3,0,0,0,13
23193.788471841723,failure,10,2,1,0,1,12
23195.49973154274,repair_complete,10,3,0,0,0,13
23200.326863120423,failure,10,2,1,0,1,12
23200.401181427707,repair_complete,10,3,0,0,0,13
23205.39765780198,failure,10,2,1,0,1,12
23205.63738069201,repair_complete,10,3,0,0,0,13
23221.9909092033,failure,10,2,1,0,1,12
23223.50098653398,repair_complete,10,3,0,0,0,13
23234.723581764316,failure,10,2,1,0,1,12
23235.299888347345,repair_complete,10,3,0,0,0,13
23247.607124057104,failure,10,2,1,0,1,12
23247.65303867536,repair_complete,10,3,0,0,0,13
23263.203479084354,failure,10,2,1,0,1,12
23263.353283707103,repair_complete,10,3,0,0,0,13
23312.456334395236,failure,10,2,1,0,1,12
23312.57781470449,repair_complete,10,3,0,0,0,13
23318.89309682465,failure,10,2,1,0,1,12
23319.318643417722,repair_complete,10,3,0,0,0,13
23322.55261301082,failure,10,2,1,0,1,12
23322.89130072334,repair_complete,10,3,0,0,0,13
23335.617286278073,failure,10,2,1,0,1,12
23336.98742712046,repair_complete,10,3,0,0,0,13
23358.04612037001,failure,10,2,1,0,1,12
23358.652232929842,repair_complete,10,3,0,0,0,13
23360.29063064886,failure,10,2,1,0,1,12
23360.478126429527,repair_complete,10,3,0,0,0,13
23370.719011829242,failure,10,2,1,0,1,12
23371.303847364572,repair_complete,10,3,0,0,0,13
23418.456838350034,failure,10,2,1,0,1,12
23419.84694073481,repair_complete,10,3,0,0,0,13
23422.761350226992,failure,10,2,1,0,1,12
23423.14472960078,repair_complete,10,3,0,0,0,13
23430.387682863326,failure,10,2,1,0,1,12
23430.5484990073,repair_complete,10,3,0,0,0,13
23434.805476294583,failure,10,2,1,0,1,12
23434.915069329978,repair_complete,10,3,0,0,0,13
23452.303380306566,failure,10,2,1,0,1,12
23452.62380401166,repair_complete,10,3,0,0,0,13
23460.188875601412,failure,10,2,1,0,1,12
23460.981507251363,repair_complete,10,3,0,0,0,13
23474.711569134786,failure,10,2,1,0,1,12
23475.814718442114,failure,10,1,2,1,1,11
23478.718250124355,failure,10,0,3,2,1,10
23478.82136159911,repair_complete,10,1,2,1,1,11
23479.850539809584,repair_complete,10,2,1,0,1,12
23479.870869789836,repair_complete,10,3,0,0,0,13
23491.916793396143,failure,10,2,1,0,1,12
23491.95152386605,repair_complete,10,3,0,0,0,13
23493.166268926005,failure,10,2,1,0,1,12
23494.43549444931,repair_complete,10,3,0,0,0,13
23495.766842390756,failure,10,2,1,0,1,12
23495.892493859086,repair_complete,10,3,0,0,0,13
23514.62330127278,failure,10,2,1,0,1,12
23518.089635287044,repair_complete,10,3,0,0,0,13
23525.38840308815,failure,10,2,1,0,1,12
23526.572717440406,repair_complete,10,3,0,0,0,13
23529.92442580558,failure,10,2,1,0,1,12
23530.120755013657,repair_complete,10,3,0,0,0,13
23550.55321666662,failure,10,2,1,0,1,12
23550.98403189915,repair_complete,10,3,0,0,0,13
23555.37323465878,failure,10,2,1,0,1,12
23555.37502024717,repair_complete,10,3,0,0,0,13
23566.312785782895,failure,10,2,1,0,1,12
23567.942447936362,repair_complete,10,3,0,0,0,13
23580.552233590333,failure,10,2,1,0,1,12
23580.603550199892,repair_complete,10,3,0,0,0,13
23586.080818664494,failure,10,2,1,0,1,12
23586.611863171078,repair_complete,10,3,0,0,0,13
23604.435526788442,failure,10,2,1,0,1,12
23604.632065900707,repair_complete,10,3,0,0,0,13
23617.693585145484,failure,10,2,1,0,1,12
23618.11681643043,repair_complete,10,3,0,0,0,13
23619.742024696552,failure,10,2,1,0,1,12
23620.19596792011,repair_complete,10,3,0,0,0,13
23637.187855822638,failure,10,2,1,0,1,12
23638.521696337775,repair_complete,10,3,0,0,0,13
23639.545036852644,failure,10,2,1,0,1,12
23639.9454321664,repair_complete,10,3,0,0,0,13
23643.65364818264,failure,10,2,1,0,1,12
23643.946583629207,repair_complete,10,3,0,0,0,13
23659.258751137095,failure,10,2,1,0,1,12
23659.260914263978,repair_complete,10,3,0,0,0,13
23674.199609579064,failure,10,2,1,0,1,12
23675.596653822286,repair_complete,10,3,0,0,0,13
23684.218868284,failure,10,2,1,0,1,12
23687.79181297092,failure,10,1,2,1,1,11
23688.144888986844,repair_complete,10,2,1,0,1,12
23688.751354941865,repair_complete,10,3,0,0,0,13
23690.514608079502,failure,10,2,1,0,1,12
23690.688958214036,failure,10,1,2,1,1,11
23690.817975370872,repair_complete,10,2,1,0,1,12
23691.730845063947,repair_complete,10,3,0,0,0,13
23697.540326472972,failure,10,2,1,0,1,12
23698.517180884563,repair_complete,10,3,0,0,0,13
23703.017688901222,failure,10,2,1,0,1,12
23703.374991179135,repair_complete,10,3,0,0,0,13
23706.19292465611,failure,10,2,1,0,1,12
23707.67476844483,failure,10,1,2,1,1,11
23708.118691965366,repair_complete,10,2,1,0,1,12
23709.460637335964,repair_complete,10,3,0,0,0,13
23714.804492954372,failure,10,2,1,0,1,12
23715.47122444047,failure,10,1,2,1,1,11
23715.6893161454,repair_complete,10,2,1,0,1,12
23720.07027699033,repair_complete,10,3,0,0,0,13
23722.7669038449,failure,10,2,1,0,1,12
23726.177818896,repair_complete,10,3,0,0,0,13
23734.76325736637,failure,10,2,1,0,1,12
23736.21223316791,repair_complete,10,3,0,0,0,13
23743.380710971378,failure,10,2,1,0,1,12
23743.424653680326,repair_complete,10,3,0,0,0,13
23744.31963425451,failure,10,2,1,0,1,12
23744.880296573032,repair_complete,10,3,0,0,0,13
23749.267192042294,failure,10,2,1,0,1,12
23749.59501758398,repair_complete,10,3,0,0,0,13
23771.995719142917,failure,10,2,1,0,1,12
23772.47803000521,repair_complete,10,3,0,0,0,13
23774.52467655955,failure,10,2,1,0,1,12
23775.05300347245,repair_complete,10,3,0,0,0,13
23781.363784008165,failure,10,2,1,0,1,12
23781.6938517043,repair_complete,10,3,0,0,0,13
23782.355920766313,failure,10,2,1,0,1,12
23782.81060242856,repair_complete,10,3,0,0,0,13
23784.90086676813,failure,10,2,1,0,1,12
23786.56337407467,repair_complete,10,3,0,0,0,13
23788.39702430803,failure,10,2,1,0,1,12
23788.88607199371,repair_complete,10,3,0,0,0,13
23795.85088936336,failure,10,2,1,0,1,12
23796.547631018264,repair_complete,10,3,0,0,0,13
23797.89834128222,failure,10,2,1,0,1,12
23799.690919741108,repair_complete,10,3,0,0,0,13
23806.744054641404,failure,10,2,1,0,1,12
23807.19268918439,repair_complete,10,3,0,0,0,13
23819.193105935916,failure,10,2,1,0,1,12
23820.40740548325,repair_complete,10,3,0,0,0,13
23828.534005196918,failure,10,2,1,0,1,12
23829.021297951902,repair_complete,10,3,0,0,0,13
23836.94091753777,failure,10,2,1,0,1,12
23837.346266425964,repair_complete,10,3,0,0,0,13
23840.30330371403,failure,10,2,1,0,1,12
23840.762288167916,repair_complete,10,3,0,0,0,13
23840.808315175498,failure,10,2,1,0,1,12
23841.49405981507,repair_complete,10,3,0,0,0,13
23849.095522144038,failure,10,2,1,0,1,12
23851.3090543268,repair_complete,10,3,0,0,0,13
23865.03991592248,failure,10,2,1,0,1,12
23866.635635832623,repair_complete,10,3,0,0,0,13
23879.71314816388,failure,10,2,1,0,1,12
23880.479759406626,repair_complete,10,3,0,0,0,13
23898.376550763176,failure,10,2,1,0,1,12
23898.730546027567,repair_complete,10,3,0,0,0,13
23945.98215860409,failure,10,2,1,0,1,12
23946.817191501264,failure,10,1,2,1,1,11
23951.5842916709,repair_complete,10,2,1,0,1,12
23951.95972194288,repair_complete,10,3,0,0,0,13
23958.115211769193,failure,10,2,1,0,1,12
23958.64906797552,repair_complete,10,3,0,0,0,13
23961.997716073005,failure,10,2,1,0,1,12
23963.66877441701,repair_complete,10,3,0,0,0,13
23969.58782135673,failure,10,2,1,0,1,12
23970.355076866897,repair_complete,10,3,0,0,0,13
23989.893166609225,failure,10,2,1,0,1,12
23990.943248059302,repair_complete,10,3,0,0,0,13
23992.518180244682,failure,10,2,1,0,1,12
23995.50782972265,repair_complete,10,3,0,0,0,13
23995.98821365486,failure,10,2,1,0,1,12
23996.090408375647,repair_complete,10,3,0,0,0,13
24017.744227324645,failure,10,2,1,0,1,12
24017.8419953006,repair_complete,10,3,0,0,0,13
24026.890929536068,failure,10,2,1,0,1,12
24026.967082002207,repair_complete,10,3,0,0,0,13
24045.006292698858,failure,10,2,1,0,1,12
24045.294228380353,repair_complete,10,3,0,0,0,13
24052.318348911373,failure,10,2,1,0,1,12
24052.538453094694,failure,10,1,2,1,1,11
24052.64159269946,repair_complete,10,2,1,0,1,12
24055.018394346058,repair_complete,10,3,0,0,0,13
24077.932575562318,failure,10,2,1,0,1,12
24080.457544679077,repair_complete,10,3,0,0,0,13
24094.375692632497,failure,10,2,1,0,1,12
24095.720766459763,repair_complete,10,3,0,0,0,13
24101.565782783426,failure,10,2,1,0,1,12
24102.115444885225,repair_complete,10,3,0,0,0,13
24107.688107929287,failure,10,2,1,0,1,12
24107.813347530326,repair_complete,10,3,0,0,0,13
24114.30920712462,failure,10,2,1,0,1,12
24114.52389299197,repair_complete,10,3,0,0,0,13
24124.155966125094,failure,10,2,1,0,1,12
24126.034738415136,repair_complete,10,3,0,0,0,13
24139.430090397433,failure,10,2,1,0,1,12
24139.600740133643,repair_complete,10,3,0,0,0,13
24140.030585950648,failure,10,2,1,0,1,12
24142.62486670009,failure,10,1,2,1,1,11
24144.151211615062,failure,10,0,3,2,1,10
24144.346109220358,repair_complete,10,1,2,1,1,11
24144.470083927783,repair_complete,10,2,1,0,1,12
24144.480294446428,repair_complete,10,3,0,0,0,13
24150.56561265473,failure,10,2,1,0,1,12
24150.742581772975,failure,10,1,2,1,1,11
24152.188629636774,repair_complete,10,2,1,0,1,12
24152.589850243487,repair_complete,10,3,0,0,0,13
24155.546111941112,failure,10,2,1,0,1,12
24155.74661832779,repair_complete,10,3,0,0,0,13
24158.658093286493,failure,10,2,1,0,1,12
24158.674766581447,repair_complete,10,3,0,0,0,13
24163.188388428345,failure,10,2,1,0,1,12
24163.256530508854,repair_complete,10,3,0,0,0,13
24166.035850252418,failure,10,2,1,0,1,12
24168.16432998189,repair_complete,10,3,0,0,0,13
24178.67476120119,failure,10,2,1,0,1,12
24179.035542519123,failure,10,1,2,1,1,11
24179.56409876755,repair_complete,10,2,1,0,1,12
24179.609252808466,repair_complete,10,3,0,0,0,13
24181.916376846642,failure,10,2,1,0,1,12
24182.68445402636,repair_complete,10,3,0,0,0,13
24188.38337246937,failure,10,2,1,0,1,12
24188.54355490689,repair_complete,10,3,0,0,0,13
24205.415043951452,failure,10,2,1,0,1,12
24205.508275582237,repair_complete,10,3,0,0,0,13
24209.922681239845,failure,10,2,1,0,1,12
24209.96805697116,failure,10,1,2,1,1,11
24211.716488259706,repair_complete,10,2,1,0,1,12
24211.79412480197,repair_complete,10,3,0,0,0,13
24222.03298760584,failure,10,2,1,0,1,12
24222.21339885747,repair_complete,10,3,0,0,0,13
24224.290611526314,failure,10,2,1,0,1,12
24224.36452985598,repair_complete,10,3,0,0,0,13
24228.39412727928,failure,10,2,1,0,1,12
24228.872430553307,failure,10,1,2,1,1,11
24229.39737959175,repair_complete,10,2,1,0,1,12
24229.482465273177,repair_complete,10,3,0,0,0,13
24237.098690496892,failure,10,2,1,0,1,12
24237.91313650864,repair_complete,10,3,0,0,0,13
24241.11388172687,failure,10,2,1,0,1,12
24241.765031099338,failure,10,1,2,1,1,11
24241.777781612298,repair_complete,10,2,1,0,1,12
24242.02946025088,repair_complete,10,3,0,0,0,13
24245.56962270635,failure,10,2,1,0,1,12
24246.101268840768,repair_complete,10,3,0,0,0,13
24255.550702107063,failure,10,2,1,0,1,12
24257.004706403863,repair_complete,10,3,0,0,0,13
24280.102078851585,failure,10,2,1,0,1,12
24280.501962791648,repair_complete,10,3,0,0,0,13
24285.39214756772,failure,10,2,1,0,1,12
24285.846211215176,repair_complete,10,3,0,0,0,13
24303.37742648761,failure,10,2,1,0,1,12
24304.972256958645,repair_complete,10,3,0,0,0,13
24306.337783032526,failure,10,2,1,0,1,12
24307.214232799994,repair_complete,10,3,0,0,0,13
24308.549342894625,failure,10,2,1,0,1,12
24309.5880983913,repair_complete,10,3,0,0,0,13
24333.07862607804,failure,10,2,1,0,1,12
24333.394226711047,repair_complete,10,3,0,0,0,13
24334.890183048752,failure,10,2,1,0,1,12
24335.204933277495,repair_complete,10,3,0,0,0,13
24375.108955760003,failure,10,2,1,0,1,12
24378.054528103417,repair_complete,10,3,0,0,0,13
24382.975599174242,failure,10,2,1,0,1,12
24385.96303248366,repair_complete,10,3,0,0,0,13
24401.05907993776,failure,10,2,1,0,1,12
24401.63201013152,repair_complete,10,3,0,0,0,13
24408.224020542624,failure,10,2,1,0,1,12
24408.272682931005,repair_complete,10,3,0,0,0,13
24439.487398403777,failure,10,2,1,0,1,12
24440.526585654916,repair_complete,10,3,0,0,0,13
24458.861759980675,failure,10,2,1,0,1,12
24459.92400188286,repair_complete,10,3,0,0,0,13
24485.139714213346,failure,10,2,1,0,1,12
24485.513142233613,repair_complete,10,3,0,0,0,13
24487.05114938819,failure,10,2,1,0,1,12
24489.97164618288,repair_complete,10,3,0,0,0,13
24503.2443923614,failure,10,2,1,0,1,12
24504.085318737387,repair_complete,10,3,0,0,0,13
24507.863790343956,failure,10,2,1,0,1,12
24508.049215930616,repair_complete,10,3,0,0,0,13
24514.86867100999,failure,10,2,1,0,1,12
24516.78642335545,repair_complete,10,3,0,0,0,13
24517.13357969492,failure,10,2,1,0,1,12
24517.60677169887,repair_complete,10,3,0,0,0,13
24548.046179215253,failure,10,2,1,0,1,12
24548.16547137272,failure,10,1,2,1,1,11
24551.02897620695,repair_complete,10,2,1,0,1,12
24551.608876854185,failure,10,1,2,1,1,11
24552.340906174813,repair_complete,10,2,1,0,1,12
24552.44724350212,repair_complete,10,3,0,0,0,13
24586.151712914056,failure,10,2,1,0,1,12
24586.745310687253,repair_complete,10,3,0,0,0,13
24597.67621534648,failure,10,2,1,0,1,12
24600.022016179977,repair_complete,10,3,0,0,0,13
24616.8087871526,failure,10,2,1,0,1,12
24618.362937112706,repair_complete,10,3,0,0,0,13
24652.131488300973,failure,10,2,1,0,1,12
24653.71020891192,repair_complete,10,3,0,0,0,13
24669.192131361935,failure,10,2,1,0,1,12
24669.494096895913,repair_complete,10,3,0,0,0,13
24671.73450722175,failure,10,2,1,0,1,12
24672.752435934097,repair_complete,10,3,0,0,0,13
24679.94637729533,failure,10,2,1,0,1,12
24682.96592152093,repair_complete,10,3,0,0,0,13
24714.153569738442,failure,10,2,1,0,1,12
24715.232429775246,repair_complete,10,3,0,0,0,13
24725.053864391648,failure,10,2,1,0,1,12
24725.28848236161,repair_complete,10,3,0,0,0,13
24728.304372351067,failure,10,2,1,0,1,12
24728.548043056348,repair_complete,10,3,0,0,0,13
24748.657307951868,failure,10,2,1,0,1,12
24748.934286505824,repair_complete,10,3,0,0,0,13
24760.548059355893,failure,10,2,1,0,1,12
24761.516294685658,repair_complete,10,3,0,0,0,13
24777.38476575184,failure,10,2,1,0,1,12
24778.30200429321,repair_complete,10,3,0,0,0,13
24796.062367382005,failure,10,2,1,0,1,12
24796.113857686985,failure,10,1,2,1,1,11
24797.960853532633,repair_complete,10,2,1,0,1,12
24798.690756512126,repair_complete,10,3,0,0,0,13
24813.402876789783,failure,10,2,1,0,1,12
24814.990075771042,repair_complete,10,3,0,0,0,13
24818.954603284485,failure,10,2,1,0,1,12
24819.37432518713,repair_complete,10,3,0,0,0,13
24828.398834599495,failure,10,2,1,0,1,12
24829.32173449169,repair_complete,10,3,0,0,0,13
24835.47325394127,failure,10,2,1,0,1,12
24836.86688784171,repair_complete,10,3,0,0,0,13
24841.77142782898,failure,10,2,1,0,1,12
24841.817899660295,failure,10,1,2,1,1,11
24843.465427620355,repair_complete,10,2,1,0,1,12
24843.983973611666,repair_complete,10,3,0,0,0,13
24860.882585056992,failure,10,2,1,0,1,12
24861.625977297914,repair_complete,10,3,0,0,0,13
24863.32226001946,failure,10,2,1,0,1,12
24863.850603676663,repair_complete,10,3,0,0,0,13
24886.889160076167,failure,10,2,1,0,1,12
24887.354839929627,repair_complete,10,3,0,0,0,13
24888.036348525784,failure,10,2,1,0,1,12
24889.12326545638,repair_complete,10,3,0,0,0,13
24891.78838158566,failure,10,2,1,0,1,12
24891.921380154865,repair_complete,10,3,0,0,0,13
24913.475590077873,failure,10,2,1,0,1,12
24914.74107567841,repair_complete,10,3,0,0,0,13
24921.81738506032,failure,10,2,1,0,1,12
24921.834212100784,repair_complete,10,3,0,0,0,13
24940.811269254944,failure,10,2,1,0,1,12
24940.998414819,failure,10,1,2,1,1,11
24942.288510736387,repair_complete,10,2,1,0,1,12
24942.620645620867,repair_complete,10,3,0,0,0,13
24976.331515826234,failure,10,2,1,0,1,12
24977.412544621577,repair_complete,10,3,0,0,0,13
24981.453457254334,failure,10,2,1,0,1,12
24982.27493883448,repair_complete,10,3,0,0,0,13
24987.005401661616,failure,10,2,1,0,1,12
24987.10718447493,repair_complete,10,3,0,0,0,13
25001.505713199855,failure,10,2,1,0,1,12
25002.834717375103,failure,10,1,2,1,1,11
25002.87716354525,repair_complete,10,2,1,0,1,12
25004.420187014854,repair_complete,10,3,0,0,0,13
25015.633109285925,failure,10,2,1,0,1,12
25015.84602765473,repair_complete,10,3,0,0,0,13
25029.004740542845,failure,10,2,1,0,1,12
25029.02049726288,repair_complete,10,3,0,0,0,13
25029.55662508802,failure,10,2,1,0,1,12
25030.002617942504,repair_complete,10,3,0,0,0,13
25036.091697614593,failure,10,2,1,0,1,12
25036.39709866485,repair_complete,10,3,0,0,0,13
25040.7741347489,failure,10,2,1,0,1,12
25041.913058572838,repair_complete,10,3,0,0,0,13
25091.019003325262,failure,10,2,1,0,1,12
25091.37070152992,repair_complete,10,3,0,0,0,13
25099.723562707022,failure,10,2,1,0,1,12
25100.174117839197,failure,10,1,2,1,1,11
25100.374616616,repair_complete,10,2,1,0,1,12
25103.10157657621,repair_complete,10,3,0,0,0,13
25109.80696743033,failure,10,2,1,0,1,12
25110.923578952228,repair_complete,10,3,0,0,0,13
25124.862948153565,failure,10,2,1,0,1,12
25125.61364595832,repair_complete,10,3,0,0,0,13
25127.427714361653,failure,10,2,1,0,1,12
25127.71271190494,repair_complete,10,3,0,0,0,13
25129.900842796236,failure,10,2,1,0,1,12
25130.11496326732,repair_complete,10,3,0,0,0,13
25142.190856013793,failure,10,2,1,0,1,12
25143.70475293836,repair_complete,10,3,0,0,0,13
25156.544776287916,failure,10,2,1,0,1,12
25156.67610835206,repair_complete,10,3,0,0,0,13
25169.475924167837,failure,10,2,1,0,1,12
25169.488203303466,repair_complete,10,3,0,0,0,13
25170.70630435522,failure,10,2,1,0,1,12
25173.84666076887,repair_complete,10,3,0,0,0,13
25174.627174420755,failure,10,2,1,0,1,12
25176.518350700066,repair_complete,10,3,0,0,0,13
25183.54051742938,failure,10,2,1,0,1,12
25184.062867109995,repair_complete,10,3,0,0,0,13
25229.38545087968,failure,10,2,1,0,1,12
25230.8050308744,repair_complete,10,3,0,0,0,13
25231.063603116167,failure,10,2,1,0,1,12
25231.24647055423,repair_complete,10,3,0,0,0,13
25232.210826489496,failure,10,2,1,0,1,12
25233.265675233673,repair_complete,10,3,0,0,0,13
25256.971906378043,failure,10,2,1,0,1,12
25257.545560869497,repair_complete,10,3,0,0,0,13
25264.583023964366,failure,10,2,1,0,1,12
25264.81663717425,repair_complete,10,3,0,0,0,13
25269.959815188857,failure,10,2,1,0,1,12
25273.694168616807,repair_complete,10,3,0,0,0,13
25292.71858266785,failure,10,2,1,0,1,12
25293.48581950457,repair_complete,10,3,0,0,0,13
25303.87756080461,failure,10,2,1,0,1,12
25304.03407303227,repair_complete,10,3,0,0,0,13
25333.3570971817,failure,10,2,1,0,1,12
25334.350734776213,repair_complete,10,3,0,0,0,13
25340.177131696066,failure,10,2,1,0,1,12
25340.798046396234,repair_complete,10,3,0,0,0,13
25351.14496494766,failure,10,2,1,0,1,12
25351.928201797735,repair_complete,10,3,0,0,0,13
25354.976194333052,failure,10,2,1,0,1,12
25355.4635312495,repair_complete,10,3,0,0,0,13
25359.63803166829,failure,10,2,1,0,1,12
25359.678204935928,repair_complete,10,3,0,0,0,13
25367.988493779543,failure,10,2,1,0,1,12
25368.940319878875,repair_complete,10,3,0,0,0,13
25371.010535517235,failure,10,2,1,0,1,12
25371.168329920212,repair_complete,10,3,0,0,0,13
25373.092406538377,failure,10,2,1,0,1,12
25373.645405579537,repair_complete,10,3,0,0,0,13
25376.566328478955,failure,10,2,1,0,1,12
25378.21071509699,repair_complete,10,3,0,0,0,13
25379.776222424814,failure,10,2,1,0,1,12
25383.316954200815,repair_complete,10,3,0,0,0,13
25386.824844757954,failure,10,2,1,0,1,12
25386.91491407656,repair_complete,10,3,0,0,0,13
25388.650162056907,failure,10,2,1,0,1,12
25388.936910548626,repair_complete,10,3,0,0,0,13
25389.341608687526,failure,10,2,1,0,1,12
25390.943959992816,repair_complete,10,3,0,0,0,13
25399.806781269417,failure,10,2,1,0,1,12
25400.041206523125,repair_complete,10,3,0,0,0,13
25422.54532144613,failure,10,2,1,0,1,12
25424.060268071964,repair_complete,10,3,0,0,0,13
25438.21835090068,failure,10,2,1,0,1,12
25439.386799972628,repair_complete,10,3,0,0,0,13
25442.58781771661,failure,10,2,1,0,1,12
25443.564895146763,failure,10,1,2,1,1,11
25444.509215522456,repair_complete,10,2,1,0,1,12
25445.849266196314,failure,10,1,2,1,1,11
25446.175399570402,repair_complete,10,2,1,0,1,12
25446.813732456547,repair_complete,10,3,0,0,0,13
25480.7467368677,failure,10,2,1,0,1,12
25482.664838324825,repair_complete,10,3,0,0,0,13
25482.672379543685,failure,10,2,1,0,1,12
25483.38025973696,repair_complete,10,3,0,0,0,13
25487.719364459685,failure,10,2,1,0,1,12
25489.509329877787,repair_complete,10,3,0,0,0,13
25493.738653017026,failure,10,2,1,0,1,12
25493.90899346789,repair_complete,10,3,0,0,0,13
25500.62245054166,failure,10,2,1,0,1,12
25500.970483397392,repair_complete,10,3,0,0,0,13
25516.438862663632,failure,10,2,1,0,1,12
25516.658808432934,repair_complete,10,3,0,0,0,13
25523.876910711922,failure,10,2,1,0,1,12
25525.03264619597,repair_complete,10,3,0,0,0,13
25533.25974469698,failure,10,2,1,0,1,12
25533.51222135329,repair_complete,10,3,0,0,0,13
25555.339966974727,failure,10,2,1,0,1,12
25555.955227224436,repair_complete,10,3,0,0,0,13
25566.149712424452,failure,10,2,1,0,1,12
25566.720110254133,repair_complete,10,3,0,0,0,13
25569.0940729239,failure,10,2,1,0,1,12
25570.266540303608,repair_complete,10,3,0,0,0,13
25570.412111026242,failure,10,2,1,0,1,12
25570.55868268636,repair_complete,10,3,0,0,0,13
25570.931411523175,failure,10,2,1,0,1,12
25571.1084277836,repair_complete,10,3,0,0,0,13
25574.848044348913,failure,10,2,1,0,1,12
25576.82999075652,repair_complete,10,3,0,0,0,13
25577.63299109719,failure,10,2,1,0,1,12
25578.454592020196,repair_complete,10,3,0,0,0,13
25588.050310191087,failure,10,2,1,0,1,12
25589.334224404927,repair_complete,10,3,0,0,0,13
25599.25938420601,failure,10,2,1,0,1,12
25599.436786359547,repair_complete,10,3,0,0,0,13
25601.921582192474,failure,10,2,1,0,1,12
25604.096042639525,repair_complete,10,3,0,0,0,13
25634.897827213605,failure,10,2,1,0,1,12
25636.829266404344,repair_complete,10,3,0,0,0,13
25640.155010068156,failure,10,2,1,0,1,12
25640.792957437076,repair_complete,10,3,0,0,0,13
25649.262829606032,failure,10,2,1,0,1,12
25651.084563068325,repair_complete,10,3,0,0,0,13
25652.475507545278,failure,10,2,1,0,1,12
25652.551796703643,repair_complete,10,3,0,0,0,13
25653.67781082749,failure,10,2,1,0,1,12
25654.693740888863,repair_complete,10,3,0,0,0,13
25677.167521084346,failure,10,2,1,0,1,12
25677.951639158455,repair_complete,10,3,0,0,0,13
25711.706732801627,failure,10,2,1,0,1,12
25711.887814138652,repair_complete,10,3,0,0,0,13
25715.593190540974,failure,10,2,1,0,1,12
25715.926469362304,repair_complete,10,3,0,0,0,13
25716.545187638763,failure,10,2,1,0,1,12
25718.010471329562,repair_complete,10,3,0,0,0,13
25725.220269997873,failure,10,2,1,0,1,12
25725.76676791052,repair_complete,10,3,0,0,0,13
25734.81317931095,failure,10,2,1,0,1,12
25735.553294375357,repair_complete,10,3,0,0,0,13
25735.761308814333,failure,10,2,1,0,1,12
25735.771264749463,repair_complete,10,3,0,0,0,13
25741.947347559613,failure,10,2,1,0,1,12
25742.0517124623,repair_complete,10,3,0,0,0,13
25743.31054406656,failure,10,2,1,0,1,12
25743.847155404725,repair_complete,10,3,0,0,0,13
25790.230557169714,failure,10,2,1,0,1,12
25792.6803307116,repair_complete,10,3,0,0,0,13
25794.081441376176,failure,10,2,1,0,1,12
25796.92305568915,repair_complete,10,3,0,0,0,13
25812.13509542968,failure,10,2,1,0,1,12
25814.11783626634,failure,10,1,2,1,1,11
25816.3865144929,repair_complete,10,2,1,0,1,12
25818.02010519789,repair_complete,10,3,0,0,0,13
25832.978990161755,failure,10,2,1,0,1,12
25833.318845806418,repair_complete,10,3,0,0,0,13
25852.968313105936,failure,10,2,1,0,1,12
25853.46948812792,repair_complete,10,3,0,0,0,13
25859.076800107883,failure,10,2,1,0,1,12
25860.178084487572,repair_complete,10,3,0,0,0,13
25890.368581634448,failure,10,2,1,0,1,12
25892.60933643852,repair_complete,10,3,0,0,0,13
25896.493664944574,failure,10,2,1,0,1,12
25898.31282309367,repair_complete,10,3,0,0,0,13
25905.262071690307,failure,10,2,1,0,1,12
25905.798234450285,repair_complete,10,3,0,0,0,13
25913.759240430165,failure,10,2,1,0,1,12
25914.334223163925,repair_complete,10,3,0,0,0,13
25917.604575419005,failure,10,2,1,0,1,12
25917.807379919945,repair_complete,10,3,0,0,0,13
25946.961884458222,failure,10,2,1,0,1,12
25947.22120242862,repair_complete,10,3,0,0,0,13
25948.243890771162,failure,10,2,1,0,1,12
25948.325413764094,repair_complete,10,3,0,0,0,13
25958.01784706818,failure,10,2,1,0,1,12
25958.378479938016,repair_complete,10,3,0,0,0,13
25978.280832801614,failure,10,2,1,0,1,12
25979.105277002407,repair_complete,10,3,0,0,0,13
25985.811381708925,failure,10,2,1,0,1,12
25986.092944517197,repair_complete,10,3,0,0,0,13
25992.42374588926,failure,10,2,1,0,1,12
25994.081289370042,repair_complete,10,3,0,0,0,13
25999.544656206494,failure,10,2,1,0,1,12
26000.946288710344,repair_complete,10,3,0,0,0,13
26005.0734185654,failure,10,2,1,0,1,12
26006.740144534087,failure,10,1,2,1,1,11
26007.02101153458,repair_complete,10,2,1,0,1,12
26008.146669537222,repair_complete,10,3,0,0,0,13
26016.12669700551,failure,10,2,1,0,1,12
26016.133021651625,repair_complete,10,3,0,0,0,13
26018.612229359667,failure,10,2,1,0,1,12
26020.739741392514,repair_complete,10,3,0,0,0,13
26029.41095557921,failure,10,2,1,0,1,12
26029.907032091585,repair_complete,10,3,0,0,0,13
26036.277719144084,failure,10,2,1,0,1,12
26036.377013466295,repair_complete,10,3,0,0,0,13
26049.904862934185,failure,10,2,1,0,1,12
26050.692861854317,repair_complete,10,3,0,0,0,13
26056.135898112796,failure,10,2,1,0,1,12
26056.794591426627,repair_complete,10,3,0,0,0,13
26068.78731261528,failure,10,2,1,0,1,12
26070.45077144254,repair_complete,10,3,0,0,0,13
26107.350896176526,failure,10,2,1,0,1,12
26108.610958551366,failure,10,1,2,1,1,11
26108.86398047782,repair_complete,10,2,1,0,1,12
26110.07699184,repair_complete,10,3,0,0,0,13
26115.361550668127,failure,10,2,1,0,1,12
26116.46349490606,repair_complete,10,3,0,0,0,13
26117.526375534497,failure,10,2,1,0,1,12
26119.607768131147,repair_complete,10,3,0,0,0,13
26122.70676811565,failure,10,2,1,0,1,12
26124.406625398577,repair_complete,10,3,0,0,0,13
26129.135450243335,failure,10,2,1,0,1,12
26131.05181686933,repair_complete,10,3,0,0,0,13
26150.98171107197,failure,10,2,1,0,1,12
26155.518895448746,repair_complete,10,3,0,0,0,13
26162.561396075012,failure,10,2,1,0,1,12
26164.09260897963,repair_complete,10,3,0,0,0,13
26166.94584957838,failure,10,2,1,0,1,12
26167.064633188784,repair_complete,10,3,0,0,0,13
26172.219613788056,failure,10,2,1,0,1,12
26173.202238359336,repair_complete,10,3,0,0,0,13
26173.29717053362,failure,10,2,1,0,1,12
26173.37833212055,repair_complete,10,3,0,0,0,13
26176.66286980141,failure,10,2,1,0,1,12
26179.56532010904,failure,10,1,2,1,1,11
26181.14553752778,repair_complete,10,2,1,0,1,12
26184.15871454356,repair_complete,10,3,0,0,0,13
26186.181979139026,failure,10,2,1,0,1,12
26187.03218601356,repair_complete,10,3,0,0,0,13
26197.235953115727,failure,10,2,1,0,1,12
26197.51067366547,repair_complete,10,3,0,0,0,13
26198.17183424589,failure,10,2,1,0,1,12
26198.499974338385,repair_complete,10,3,0,0,0,13
26209.395250433987,failure,10,2,1,0,1,12
26209.80568964976,repair_complete,10,3,0,0,0,13
26216.41026485329,failure,10,2,1,0,1,12
26217.62350443357,repair_complete,10,3,0,0,0,13
26218.129462923054,failure,10,2,1,0,1,12
26218.371853431592,repair_complete,10,3,0,0,0,13
26231.826358644914,failure,10,2,1,0,1,12
26233.54033663921,repair_complete,10,3,0,0,0,13
26244.416699272468,failure,10,2,1,0,1,12
26244.632703461655,repair_complete,10,3,0,0,0,13
26248.200188529932,failure,10,2,1,0,1,12
26248.5652049404,repair_complete,10,3,0,0,0,13
26249.115535895882,failure,10,2,1,0,1,12
26251.07356429647,repair_complete,10,3,0,0,0,13
26274.514574683228,failure,10,2,1,0,1,12
26274.92057286473,repair_complete,10,3,0,0,0,13
26275.813663008812,failure,10,2,1,0,1,12
26276.083908664164,repair_complete,10,3,0,0,0,13
26278.4690081106,failure,10,2,1,0,1,12
26279.88757243859,repair_complete,10,3,0,0,0,13
26294.507564654043,failure,10,2,1,0,1,12
26295.98665620428,repair_complete,10,3,0,0,0,13
26299.671855908025,failure,10,2,1,0,1,12
26299.900847036934,repair_complete,10,3,0,0,0,13
26323.298972326025,failure,10,2,1,0,1,12
26324.819338493635,repair_complete,10,3,0,0,0,13
26328.714861879624,failure,10,2,1,0,1,12
26328.793906816198,repair_complete,10,3,0,0,0,13
26331.34361010248,failure,10,2,1,0,1,12
26331.792680471743,repair_complete,10,3,0,0,0,13
26332.99167885036,failure,10,2,1,0,1,12
26333.5276333024,repair_complete,10,3,0,0,0,13
26345.12068007462,failure,10,2,1,0,1,12
26345.403605561078,repair_complete,10,3,0,0,0,13
26361.523839599035,failure,10,2,1,0,1,12
26363.1843366965,repair_complete,10,3,0,0,0,13
26370.734158769537,failure,10,2,1,0,1,12
26372.345519451017,repair_complete,10,3,0,0,0,13
26381.49864693074,failure,10,2,1,0,1,12
26381.81778392334,repair_complete,10,3,0,0,0,13
26403.686760399207,failure,10,2,1,0,1,12
26404.959290785788,failure,10,1,2,1,1,11
26406.986989711782,repair_complete,10,2,1,0,1,12
26407.964682014568,repair_complete,10,3,0,0,0,13
26426.768662838313,failure,10,2,1,0,1,12
26427.845688489968,repair_complete,10,3,0,0,0,13
26461.200222746917,failure,10,2,1,0,1,12
26461.45946707438,failure,10,1,2,1,1,11
26461.49984371831,repair_complete,10,2,1,0,1,12
26461.5469259003,repair_complete,10,3,0,0,0,13
26474.342032065644,failure,10,2,1,0,1,12
26474.475086088943,repair_complete,10,3,0,0,0,13
26478.272412359755,failure,10,2,1,0,1,12
26479.580587462286,repair_complete,10,3,0,0,0,13
26486.862588231448,failure,10,2,1,0,1,12
26487.967443836875,repair_complete,10,3,0,0,0,13
26503.756675583343,failure,10,2,1,0,1,12
26505.10559308338,repair_complete,10,3,0,0,0,13
26528.818607703026,failure,10,2,1,0,1,12
26528.968106577282,repair_complete,10,3,0,0,0,13
26529.86987209228,failure,10,2,1,0,1,12
26532.86827469049,repair_complete,10,3,0,0,0,13
26535.648035264727,failure,10,2,1,0,1,12
26536.0819735766,repair_complete,10,3,0,0,0,13
26544.80502919566,failure,10,2,1,0,1,12
26544.90979243567,repair_complete,10,3,0,0,0,13
26548.06634414389,failure,10,2,1,0,1,12
26551.48866787442,repair_complete,10,3,0,0,0,13
26556.35488676544,failure,10,2,1,0,1,12
26556.459809299482,repair_complete,10,3,0,0,0,13
26563.727705617042,failure,10,2,1,0,1,12
26564.032052048,repair_complete,10,3,0,0,0,13
26564.09638240563,failure,10,2,1,0,1,12
26564.182092457984,repair_complete,10,3,0,0,0,13
26577.43280425491,failure,10,2,1,0,1,12
26577.858116816515,repair_complete,10,3,0,0,0,13
26580.054728365416,failure,10,2,1,0,1,12
26581.477117400766,repair_complete,10,3,0,0,0,13
26581.51140137453,failure,10,2,1,0,1,12
26581.55775133345,repair_complete,10,3,0,0,0,13
26583.494019560276,failure,10,2,1,0,1,12
26583.957180839054,repair_complete,10,3,0,0,0,13
26622.961818191194,failure,10,2,1,0,1,12
26622.967671787228,repair_complete,10,3,0,0,0,13
26626.106566704646,failure,10,2,1,0,1,12
26626.309745405233,repair_complete,10,3,0,0,0,13
26644.97466922287,failure,10,2,1,0,1,12
26645.188731496175,repair_complete,10,3,0,0,0,13
26649.89396835673,failure,10,2,1,0,1,12
26650.726491929323,repair_complete,10,3,0,0,0,13
26672.783031893883,failure,10,2,1,0,1,12
26672.803043059495,repair_complete,10,3,0,0,0,13
26685.212093875445,failure,10,2,1,0,1,12
26685.74127278136,repair_complete,10,3,0,0,0,13
26712.12379143653,failure,10,2,1,0,1,12
26712.18893816192,failure,10,1,2,1,1,11
26712.484284678343,repair_complete,10,2,1,0,1,12
26713.172237189454,repair_complete,10,3,0,0,0,13
26744.752469371033,failure,10,2,1,0,1,12
26746.243863873795,repair_complete,10,3,0,0,0,13
26756.158943202125,failure,10,2,1,0,1,12
26756.33075747351,repair_complete,10,3,0,0,0,13
26769.494639100412,failure,10,2,1,0,1,12
26772.613361445405,repair_complete,10,3,0,0,0,13
26784.801793798484,failure,10,2,1,0,1,12
26784.833101426775,repair_complete,10,3,0,0,0,13
26801.05623475588,failure,10,2,1,0,1,12
26804.75575553962,repair_complete,10,3,0,0,0,13
26810.73838162606,failure,10,2,1,0,1,12
26811.99568120516,repair_complete,10,3,0,0,0,13
26814.903686999285,failure,10,2,1,0,1,12
26815.483016340906,repair_complete,10,3,0,0,0,13
26833.016663873983,failure,10,2,1,0,1,12
26833.189371972614,repair_complete,10,3,0,0,0,13
26856.633858945454,failure,10,2,1,0,1,12
26856.898688322595,failure,10,1,2,1,1,11
26858.19824587008,failure,10,0,3,2,1,10
26859.078080939827,repair_complete,10,1,2,1,1,11
26860.58365822548,repair_complete,10,2,1,0,1,12
26862.18412905262,repair_complete,10,3,0,0,0,13
26871.19989070639,failure,10,2,1,0,1,12
26871.67267842954,repair_complete,10,3,0,0,0,13
26890.321785130403,failure,10,2,1,0,1,12
26890.487532163075,repair_complete,10,3,0,0,0,13
26894.19150430364,failure,10,2,1,0,1,12
26894.850111765318,repair_complete,10,3,0,0,0,13
26904.79925533088,failure,10,2,1,0,1,12
26905.48403461838,repair_complete,10,3,0,0,0,13
26913.515487389093,failure,10,2,1,0,1,12
26914.415320791468,repair_complete,10,3,0,0,0,13
26935.921319262554,failure,10,2,1,0,1,12
26936.22122873174,repair_complete,10,3,0,0,0,13
26936.22734706944,failure,10,2,1,0,1,12
26936.920008016776,repair_complete,10,3,0,0,0,13
26942.651252428,failure,10,2,1,0,1,12
26943.020465772865,repair_complete,10,3,0,0,0,13
26950.019362615858,failure,10,2,1,0,1,12
26951.17942115726,repair_complete,10,3,0,0,0,13
26954.00875027558,failure,10,2,1,0,1,12
26955.34579094114,repair_complete,10,3,0,0,0,13
26999.139302410353,failure,10,2,1,0,1,12
26999.570170990064,repair_complete,10,3,0,0,0,13
27000.975705988778,failure,10,2,1,0,1,12
27002.30831461586,repair_complete,10,3,0,0,0,13
27025.073316865855,failure,10,2,1,0,1,12
27025.12204417317,repair_complete,10,3,0,0,0,13
27025.919357824514,failure,10,2,1,0,1,12
27026.1645375091,repair_complete,10,3,0,0,0,13
27035.1548253182,failure,10,2,1,0,1,12
27035.729309797625,repair_complete,10,3,0,0,0,13
27042.44049708236,failure,10,2,1,0,1,12
27042.5731913904,repair_complete,10,3,0,0,0,13
27052.860015835126,failure,10,2,1,0,1,12
27053.875033618173,repair_complete,10,3,0,0,0,13
27058.662627640966,failure,10,2,1,0,1,12
27060.10970540969,repair_complete,10,3,0,0,0,13
27068.430400347537,failure,10,2,1,0,1,12
27068.683855689942,repair_complete,10,3,0,0,0,13
27078.54705173297,failure,10,2,1,0,1,12
27078.834111683966,failure,10,1,2,1,1,11
27079.448721444187,repair_complete,10,2,1,0,1,12
27079.526488287524,repair_complete,10,3,0,0,0,13
27081.19225558044,failure,10,2,1,0,1,12
27081.20273896023,repair_complete,10,3,0,0,0,13
27100.894247503784,failure,10,2,1,0,1,12
27102.28197543522,failure,10,1,2,1,1,11
27104.360411423182,repair_complete,10,2,1,0,1,12
27105.81149333989,repair_complete,10,3,0,0,0,13
27112.127653650972,failure,10,2,1,0,1,12
27113.246147883376,repair_complete,10,3,0,0,0,13
27117.85737929374,failure,10,2,1,0,1,12
27118.133716969907,repair_complete,10,3,0,0,0,13
27125.751844929513,failure,10,2,1,0,1,12
27127.967449665808,failure,10,1,2,1,1,11
27129.98076439115,repair_complete,10,2,1,0,1,12
27130.772244942487,repair_complete,10,3,0,0,0,13
27134.70625393429,failure,10,2,1,0,1,12
27135.545800679727,repair_complete,10,3,0,0,0,13
27152.110439709923,failure,10,2,1,0,1,12
27154.52933074064,repair_complete,10,3,0,0,0,13
27158.275079100764,failure,10,2,1,0,1,12
27158.2925945903,repair_complete,10,3,0,0,0,13
27171.052586567304,failure,10,2,1,0,1,12
27171.280244334837,repair_complete,10,3,0,0,0,13
27172.56386341649,failure,10,2,1,0,1,12
27172.73818569428,repair_complete,10,3,0,0,0,13
27183.534413769346,failure,10,2,1,0,1,12
27184.057004382597,repair_complete,10,3,0,0,0,13
27195.42882759426,failure,10,2,1,0,1,12
27195.63763190859,repair_complete,10,3,0,0,0,13
27222.04779023312,failure,10,2,1,0,1,12
27222.82803685981,repair_complete,10,3,0,0,0,13
27224.051492063485,failure,10,2,1,0,1,12
27224.155810101533,repair_complete,10,3,0,0,0,13
27234.368874320237,failure,10,2,1,0,1,12
27234.724301675782,failure,10,1,2,1,1,11
27235.13719924012,repair_complete,10,2,1,0,1,12
27235.732061379884,repair_complete,10,3,0,0,0,13
27254.692216729138,failure,10,2,1,0,1,12
27256.423459208334,repair_complete,10,3,0,0,0,13
27266.229633226085,failure,10,2,1,0,1,12
27268.254879012973,repair_complete,10,3,0,0,0,13
27269.422378300278,failure,10,2,1,0,1,12
27272.025753028174,repair_complete,10,3,0,0,0,13
27285.98134205151,failure,10,2,1,0,1,12
27287.823865865375,repair_complete,10,3,0,0,0,13
27292.539222655905,failure,10,2,1,0,1,12
27292.688508952822,repair_complete,10,3,0,0,0,13
27306.33386832807,failure,10,2,1,0,1,12
27306.784804407103,repair_complete,10,3,0,0,0,13
27320.941996609698,failure,10,2,1,0,1,12
27321.293771603207,repair_complete,10,3,0,0,0,13
27331.51751524894,failure,10,2,1,0,1,12
27331.521666177352,repair_complete,10,3,0,0,0,13
27363.465582994897,failure,10,2,1,0,1,12
27363.614798482122,repair_complete,10,3,0,0,0,13
27367.68304371382,failure,10,2,1,0,1,12
27369.521996050553,repair_complete,10,3,0,0,0,13
27377.686703419025,failure,10,2,1,0,1,12
27378.75000085314,failure,10,1,2,1,1,11
27379.299307971996,repair_complete,10,2,1,0,1,12
27379.733774442906,repair_complete,10,3,0,0,0,13
27381.109258753477,failure,10,2,1,0,1,12
27381.13294318675,repair_complete,10,3,0,0,0,13
27393.52092680767,failure,10,2,1,0,1,12
27396.071025499903,repair_complete,10,3,0,0,0,13
27409.799251611326,failure,10,2,1,0,1,12
27409.94290651465,repair_complete,10,3,0,0,0,13
27441.825976194865,failure,10,2,1,0,1,12
27441.874313348424,repair_complete,10,3,0,0,0,13
27453.243010205344,failure,10,2,1,0,1,12
27454.88470442599,repair_complete,10,3,0,0,0,13
27457.456051916975,failure,10,2,1,0,1,12
27460.15556905414,repair_complete,10,3,0,0,0,13
27461.36198024835,failure,10,2,1,0,1,12
27461.64301756244,repair_complete,10,3,0,0,0,13
27485.26917726431,failure,10,2,1,0,1,12
27485.69565105683,repair_complete,10,3,0,0,0,13
27512.913768650717,failure,10,2,1,0,1,12
27513.07783901625,repair_complete,10,3,0,0,0,13
27521.74443274826,failure,10,2,1,0,1,12
27523.461321092876,failure,10,1,2,1,1,11
27524.51202828028,repair_complete,10,2,1,0,1,12
27524.523501455013,repair_complete,10,3,0,0,0,13
27550.59197052809,failure,10,2,1,0,1,12
27551.89813039187,repair_complete,10,3,0,0,0,13
27554.69132245553,failure,10,2,1,0,1,12
27555.022940084,repair_complete,10,3,0,0,0,13
27560.387778907796,failure,10,2,1,0,1,12
27562.30397588499,repair_complete,10,3,0,0,0,13
27564.771437372157,failure,10,2,1,0,1,12
27567.69984759129,repair_complete,10,3,0,0,0,13
27623.94939683348,failure,10,2,1,0,1,12
27624.57875899422,repair_complete,10,3,0,0,0,13
27626.922497605578,failure,10,2,1,0,1,12
27627.539592662128,repair_complete,10,3,0,0,0,13
27646.56676066375,failure,10,2,1,0,1,12
27647.84562111143,repair_complete,10,3,0,0,0,13
27652.774064671652,failure,10,2,1,0,1,12
27652.88319678195,repair_complete,10,3,0,0,0,13
27663.61040403683,failure,10,2,1,0,1,12
27663.667236250272,repair_complete,10,3,0,0,0,13
27668.910757577112,failure,10,2,1,0,1,12
27669.12350148673,failure,10,1,2,1,1,11
27672.668028595617,repair_complete,10,2,1,0,1,12
27673.383925981772,repair_complete,10,3,0,0,0,13
27675.89162800608,failure,10,2,1,0,1,12
27676.686506321632,repair_complete,10,3,0,0,0,13
27690.068842995646,failure,10,2,1,0,1,12
27690.35124993709,repair_complete,10,3,0,0,0,13
27707.61916838479,failure,10,2,1,0,1,12
27708.18403199561,repair_complete,10,3,0,0,0,13
27721.94825675901,failure,10,2,1,0,1,12
27722.201812399366,failure,10,1,2,1,1,11
27722.559142418937,repair_complete,10,2,1,0,1,12
27723.238886337167,repair_complete,10,3,0,0,0,13
27724.893843608923,failure,10,2,1,0,1,12
27725.312550079154,repair_complete,10,3,0,0,0,13
27766.17803558768,failure,10,2,1,0,1,12
27767.441116354552,repair_complete,10,3,0,0,0,13
27773.18600883371,failure,10,2,1,0,1,12
27773.695143756024,repair_complete,10,3,0,0,0,13
27784.550163043205,failure,10,2,1,0,1,12
27786.473147414607,repair_complete,10,3,0,0,0,13
27802.80310722803,failure,10,2,1,0,1,12
27802.923250056872,repair_complete,10,3,0,0,0,13
27804.035733722754,failure,10,2,1,0,1,12
27805.629470495136,repair_complete,10,3,0,0,0,13
27809.756437574546,failure,10,2,1,0,1,12
27810.59836505096,repair_complete,10,3,0,0,0,13
27836.522788984097,failure,10,2,1,0,1,12
27837.24179467559,repair_complete,10,3,0,0,0,13
27850.81729086302,failure,10,2,1,0,1,12
27852.216428255597,repair_complete,10,3,0,0,0,13
27866.819160565716,failure,10,2,1,0,1,12
27867.191314816646,failure,10,1,2,1,1,11
27868.613779306706,repair_complete,10,2,1,0,1,12
27868.71410544183,failure,10,1,2,1,1,11
27870.142289893796,repair_complete,10,2,1,0,1,12
27870.616495288017,repair_complete,10,3,0,0,0,13
27892.92057908219,failure,10,2,1,0,1,12
27894.59596974668,repair_complete,10,3,0,0,0,13
27896.86476585796,failure,10,2,1,0,1,12
27897.640146974765,repair_complete,10,3,0,0,0,13
27898.055441201934,failure,10,2,1,0,1,12
27898.22537205442,repair_complete,10,3,0,0,0,13
27943.77093510479,failure,10,2,1,0,1,12
27944.880134748604,repair_complete,10,3,0,0,0,13
27949.201159932436,failure,10,2,1,0,1,12
27950.919686323592,repair_complete,10,3,0,0,0,13
27963.49463200832,failure,10,2,1,0,1,12
27964.795114555138,failure,10,1,2,1,1,11
27964.808967153054,failure,10,0,3,2,1,10
27968.125514190968,repair_complete,10,1,2,1,1,11
27968.5100045276,repair_complete,10,2,1,0,1,12
27970.91332498981,repair_complete,10,3,0,0,0,13
27984.59051961174,failure,10,2,1,0,1,12
27987.138484535848,repair_complete,10,3,0,0,0,13
27995.061377370148,failure,10,2,1,0,1,12
27995.791430336332,repair_complete,10,3,0,0,0,13
27997.338491480958,failure,10,2,1,0,1,12
27997.694147472637,repair_complete,10,3,0,0,0,13
28001.656154442448,failure,10,2,1,0,1,12
28001.802053424453,repair_complete,10,3,0,0,0,13
28008.066843478875,failure,10,2,1,0,1,12
28008.892133859965,repair_complete,10,3,0,0,0,13
28022.551984867037,failure,10,2,1,0,1,12
28025.259654668993,repair_complete,10,3,0,0,0,13
28035.570206916014,failure,10,2,1,0,1,12
28037.201978779987,repair_complete,10,3,0,0,0,13
28044.027612678896,failure,10,2,1,0,1,12
28045.27246374216,repair_complete,10,3,0,0,0,13
28049.652985296867,failure,10,2,1,0,1,12
28050.594166748117,failure,10,1,2,1,1,11
28051.382187573425,failure,10,0,3,2,1,10
28051.546020451868,repair_complete,10,1,2,1,1,11
28052.538022221543,repair_complete,10,2,1,0,1,12
28054.080931296874,repair_complete,10,3,0,0,0,13
28055.018568050313,failure,10,2,1,0,1,12
28055.491441238562,repair_complete,10,3,0,0,0,13
28055.694916850738,failure,10,2,1,0,1,12
28056.317854555455,failure,10,1,2,1,1,11
28056.763584626973,repair_complete,10,2,1,0,1,12
28057.51046753866,repair_complete,10,3,0,0,0,13
28059.375935645425,failure,10,2,1,0,1,12
28060.561257102494,repair_complete,10,3,0,0,0,13
28083.524796406145,failure,10,2,1,0,1,12
28083.91445805513,repair_complete,10,3,0,0,0,13
28088.98618812661,failure,10,2,1,0,1,12
28089.785929390993,repair_complete,10,3,0,0,0,13
28096.635372540193,failure,10,2,1,0,1,12
28097.18499143984,repair_complete,10,3,0,0,0,13
28107.530037986595,failure,10,2,1,0,1,12
28108.33105229462,repair_complete,10,3,0,0,0,13
28113.101625393712,failure,10,2,1,0,1,12
28113.112912416527,repair_complete,10,3,0,0,0,13
28120.066004740504,failure,10,2,1,0,1,12
28120.362177828065,repair_complete,10,3,0,0,0,13
28121.30527384789,failure,10,2,1,0,1,12
28121.37209397241,repair_complete,10,3,0,0,0,13
28126.655188366407,failure,10,2,1,0,1,12
28127.06291580305,repair_complete,10,3,0,0,0,13
28147.370354875493,failure,10,2,1,0,1,12
28148.29265974164,repair_complete,10,3,0,0,0,13
28153.905117753675,failure,10,2,1,0,1,12
28155.10293726917,repair_complete,10,3,0,0,0,13
28158.472976669447,failure,10,2,1,0,1,12
28159.63904885378,repair_complete,10,3,0,0,0,13
28200.883302215425,failure,10,2,1,0,1,12
28201.593158167176,repair_complete,10,3,0,0,0,13
28202.20609140549,failure,10,2,1,0,1,12
28202.485760473643,repair_complete,10,3,0,0,0,13
28211.61003787918,failure,10,2,1,0,1,12
28211.83402580455,repair_complete,10,3,0,0,0,13
28215.331790635602,failure,10,2,1,0,1,12
28217.1728027944,repair_complete,10,3,0,0,0,13
28229.438728352616,failure,10,2,1,0,1,12
28232.958465389875,repair_complete,10,3,0,0,0,13
28239.833169549296,failure,10,2,1,0,1,12
28241.299391842433,failure,10,1,2,1,1,11
28241.39028139521,repair_complete,10,2,1,0,1,12
28241.661829587578,failure,10,1,2,1,1,11
28241.91772410572,failure,10,0,3,2,1,10
28242.314590009093,repair_complete,10,1,2,1,1,11
28242.62294548881,repair_complete,10,2,1,0,1,12
28243.57463553461,repair_complete,10,3,0,0,0,13
28273.432581758472,failure,10,2,1,0,1,12
28273.69327752005,repair_complete,10,3,0,0,0,13
28289.128993255403,failure,10,2,1,0,1,12
28290.657973385176,repair_complete,10,3,0,0,0,13
28292.55798624143,failure,10,2,1,0,1,12
28292.776303940078,repair_complete,10,3,0,0,0,13
28293.532062075923,failure,10,2,1,0,1,12
28294.121877420996,repair_complete,10,3,0,0,0,13
28297.342981077705,failure,10,2,1,0,1,12
28298.144226449767,repair_complete,10,3,0,0,0,13
28309.15643668654,failure,10,2,1,0,1,12
28312.14184835139,failure,10,1,2,1,1,11
28312.220961569823,repair_complete,10,2,1,0,1,12
28313.74145887074,repair_complete,10,3,0,0,0,13
28315.32155005148,failure,10,2,1,0,1,12
28315.331405190936,repair_complete,10,3,0,0,0,13
28335.538691815866,failure,10,2,1,0,1,12
28336.364993134244,repair_complete,10,3,0,0,0,13
28337.50355754264,failure,10,2,1,0,1,12
28338.363703960276,failure,10,1,2,1,1,11
28338.93253022632,repair_complete,10,2,1,0,1,12
28339.160522638093,repair_complete,10,3,0,0,0,13
28372.914058252034,failure,10,2,1,0,1,12
28373.548293702275,repair_complete,10,3,0,0,0,13
28394.250196127658,failure,10,2,1,0,1,12
28394.358178504364,repair_complete,10,3,0,0,0,13
28400.191042567894,failure,10,2,1,0,1,12
28400.90344901659,repair_complete,10,3,0,0,0,13
28424.954304436644,failure,10,2,1,0,1,12
28425.69325529426,repair_complete,10,3,0,0,0,13
28434.43822860478,failure,10,2,1,0,1,12
28436.748602114163,repair_complete,10,3,0,0,0,13
28446.719122663377,failure,10,2,1,0,1,12
28446.818400979395,repair_complete,10,3,0,0,0,13
28468.903100694704,failure,10,2,1,0,1,12
28469.394789262446,failure,10,1,2,1,1,11
28469.714645405893,repair_complete,10,2,1,0,1,12
28470.00982604621,repair_complete,10,3,0,0,0,13
28487.00575129959,failure,10,2,1,0,1,12
28487.45746535067,repair_complete,10,3,0,0,0,13
28487.520794624248,failure,10,2,1,0,1,12
28487.72591542745,repair_complete,10,3,0,0,0,13
28489.552051991737,failure,10,2,1,0,1,12
28490.043694356744,repair_complete,10,3,0,0,0,13
28526.120944807786,failure,10,2,1,0,1,12
28526.491747364023,repair_complete,10,3,0,0,0,13
28533.828474046513,failure,10,2,1,0,1,12
28536.770270359284,repair_complete,10,3,0,0,0,13
28540.103767069948,failure,10,2,1,0,1,12
28540.13558706071,repair_complete,10,3,0,0,0,13
28543.366535869198,failure,10,2,1,0,1,12
28545.03960878161,failure,10,1,2,1,1,11
28545.202339253694,failure,10,0,3,2,1,10
28546.364153063918,repair_complete,10,1,2,1,1,11
28546.502142343055,repair_complete,10,2,1,0,1,12
28547.06772295716,failure,10,1,2,1,1,11
28548.125877872684,repair_complete,10,2,1,0,1,12
28548.46413911193,repair_complete,10,3,0,0,0,13
28550.728731194424,failure,10,2,1,0,1,12
28550.92395033351,repair_complete,10,3,0,0,0,13
28553.768056874895,failure,10,2,1,0,1,12
28553.932189123996,repair_complete,10,3,0,0,0,13
28560.8987837213,failure,10,2,1,0,1,12
28562.727734122356,repair_complete,10,3,0,0,0,13
28582.0731624119,failure,10,2,1,0,1,12
28582.297759200697,repair_complete,10,3,0,0,0,13
28583.78304697174,failure,10,2,1,0,1,12
28584.99068853413,repair_complete,10,3,0,0,0,13
28620.273291651167,failure,10,2,1,0,1,12
28623.37996209083,repair_complete,10,3,0,0,0,13
28635.868689531784,failure,10,2,1,0,1,12
28636.17390075212,repair_complete,10,3,0,0,0,13
28651.313133079133,failure,10,2,1,0,1,12
28651.810628254432,repair_complete,10,3,0,0,0,13
28654.595587030228,failure,10,2,1,0,1,12
28657.716523472533,repair_complete,10,3,0,0,0,13
28678.068865414123,failure,10,2,1,0,1,12
28678.90434140044,repair_complete,10,3,0,0,0,13
28692.63652936166,failure,10,2,1,0,1,12
28696.602969138352,repair_complete,10,3,0,0,0,13
28696.61581592736,failure,10,2,1,0,1,12
28696.621740944855,repair_complete,10,3,0,0,0,13
28696.95612682459,failure,10,2,1,0,1,12
28699.849778138294,repair_complete,10,3,0,0,0,13
28714.07956465702,failure,10,2,1,0,1,12
28714.82174084411,repair_complete,10,3,0,0,0,13
28715.52542884468,failure,10,2,1,0,1,12
28715.78218602449,repair_complete,10,3,0,0,0,13
28719.559489584808,failure,10,2,1,0,1,12
28721.890200523565,repair_complete,10,3,0,0,0,13
28722.937979941395,failure,10,2,1,0,1,12
28724.277572188545,repair_complete,10,3,0,0,0,13
28725.50459723295,failure,10,2,1,0,1,12
28726.597698958543,repair_complete,10,3,0,0,0,13
28729.799531873858,failure,10,2,1,0,1,12
28730.89596089567,repair_complete,10,3,0,0,0,13
28762.135837444326,failure,10,2,1,0,1,12
28762.294850520175,repair_complete,10,3,0,0,0,13
28777.042644683814,failure,10,2,1,0,1,12
28777.829467620206,repair_complete,10,3,0,0,0,13
28781.77070151731,failure,10,2,1,0,1,12
28782.42645770615,repair_complete,10,3,0,0,0,13
28784.056453377263,failure,10,2,1,0,1,12
28784.27168867664,repair_complete,10,3,0,0,0,13
28786.477775005755,failure,10,2,1,0,1,12
28786.848595521842,repair_complete,10,3,0,0,0,13
28787.17200248414,failure,10,2,1,0,1,12
28787.29903418914,repair_complete,10,3,0,0,0,13
28794.58884127208,failure,10,2,1,0,1,12
28794.934047393443,repair_complete,10,3,0,0,0,13
28805.485993990904,failure,10,2,1,0,1,12
28807.93144993265,repair_complete,10,3,0,0,0,13
28816.197183894285,failure,10,2,1,0,1,12
28817.694378653283,repair_complete,10,3,0,0,0,13
28821.143333075743,failure,10,2,1,0,1,12
28821.26084282248,repair_complete,10,3,0,0,0,13
28832.189282327607,failure,10,2,1,0,1,12
28832.339097260425,repair_complete,10,3,0,0,0,13
28847.696185222878,failure,10,2,1,0,1,12
28849.567876015724,repair_complete,10,3,0,0,0,13
28858.805800294325,failure,10,2,1,0,1,12
28859.659367126525,failure,10,1,2,1,1,11
28860.192343780007,repair_complete,10,2,1,0,1,12
28860.42937956515,repair_complete,10,3,0,0,0,13
28868.580386234902,failure,10,2,1,0,1,12
28869.12489628886,repair_complete,10,3,0,0,0,13
28876.823100020534,failure,10,2,1,0,1,12
28877.377428124655,repair_complete,10,3,0,0,0,13
28898.141721285152,failure,10,2,1,0,1,12
28899.24244925699,repair_complete,10,3,0,0,0,13
28918.196099840436,failure,10,2,1,0,1,12
28919.17953484295,repair_complete,10,3,0,0,0,13
28933.042015563453,failure,10,2,1,0,1,12
28933.388695287824,repair_complete,10,3,0,0,0,13
28967.744759607438,failure,10,2,1,0,1,12
28968.584656180326,repair_complete,10,3,0,0,0,13
28989.187875932752,failure,10,2,1,0,1,12
28989.199022040095,repair_complete,10,3,0,0,0,13
28991.91659099597,failure,10,2,1,0,1,12
28992.516368445125,repair_complete,10,3,0,0,0,13
29011.212301190233,failure,10,2,1,0,1,12
29012.58530918222,repair_complete,10,3,0,0,0,13
29015.89664570218,failure,10,2,1,0,1,12
29017.045640283424,repair_complete,10,3,0,0,0,13
29018.658220495752,failure,10,2,1,0,1,12
29020.414722431567,repair_complete,10,3,0,0,0,13
29020.57825969748,failure,10,2,1,0,1,12
29021.806468434286,repair_complete,10,3,0,0,0,13
29025.39408920943,failure,10,2,1,0,1,12
29026.367932855188,repair_complete,10,3,0,0,0,13
29027.995242562407,failure,10,2,1,0,1,12
29031.137261120904,repair_complete,10,3,0,0,0,13
29040.216385067706,failure,10,2,1,0,1,12
29041.24579771376,repair_complete,10,3,0,0,0,13
29043.46354760013,failure,10,2,1,0,1,12
29044.561585905776,repair_complete,10,3,0,0,0,13
29057.608404401923,failure,10,2,1,0,1,12
29058.078020107856,repair_complete,10,3,0,0,0,13
29058.409543983013,failure,10,2,1,0,1,12
29059.26571750157,repair_complete,10,3,0,0,0,13
29073.405208358243,failure,10,2,1,0,1,12
29074.412866189337,repair_complete,10,3,0,0,0,13
29085.82899048701,failure,10,2,1,0,1,12
29086.019412769358,repair_complete,10,3,0,0,0,13
29103.828030479748,failure,10,2,1,0,1,12
29104.84003837861,repair_complete,10,3,0,0,0,13
29107.882084872792,failure,10,2,1,0,1,12
29109.072585332047,failure,10,1,2,1,1,11
29110.332183594142,repair_complete,10,2,1,0,1,12
29111.33584220629,repair_complete,10,3,0,0,0,13
29136.73974493039,failure,10,2,1,0,1,12
29137.406461748593,repair_complete,10,3,0,0,0,13
29146.33149086186,failure,10,2,1,0,1,12
29146.826331541215,failure,10,1,2,1,1,11
29148.50192604662,repair_complete,10,2,1,0,1,12
29149.394824787825,repair_complete,10,3,0,0,0,13
29154.00550682939,failure,10,2,1,0,1,12
29154.298930358374,repair_complete,10,3,0,0,0,13
29173.83758350747,failure,10,2,1,0,1,12
29173.911858406052,repair_complete,10,3,0,0,0,13
29182.137985450157,failure,10,2,1,0,1,12
29183.13712292788,repair_complete,10,3,0,0,0,13
29183.47775531892,failure,10,2,1,0,1,12
29183.96241180758,repair_complete,10,3,0,0,0,13
29185.93677113512,failure,10,2,1,0,1,12
29187.981696060666,repair_complete,10,3,0,0,0,13
29188.75061188425,failure,10,2,1,0,1,12
29188.955629086915,repair_complete,10,3,0,0,0,13
29194.246052777435,failure,10,2,1,0,1,12
29194.705161367678,repair_complete,10,3,0,0,0,13
29203.982959204623,failure,10,2,1,0,1,12
29204.041920673706,failure,10,1,2,1,1,11
29207.909132265217,repair_complete,10,2,1,0,1,12
29207.922625568364,repair_complete,10,3,0,0,0,13
29227.033791626865,failure,10,2,1,0,1,12
29227.05332894187,repair_complete,10,3,0,0,0,13
29229.560521608328,failure,10,2,1,0,1,12
29230.50761889848,failure,10,1,2,1,1,11
29231.191255352707,repair_complete,10,2,1,0,1,12
29232.591960194655,repair_complete,10,3,0,0,0,13
29251.844668146536,failure,10,2,1,0,1,12
29252.21805961826,repair_complete,10,3,0,0,0,13
29294.31509010504,failure,10,2,1,0,1,12
29296.060882832837,repair_complete,10,3,0,0,0,13
29347.19517689466,failure,10,2,1,0,1,12
29348.010978957493,repair_complete,10,3,0,0,0,13
29359.138544080586,failure,10,2,1,0,1,12
29363.172268399252,repair_complete,10,3,0,0,0,13
29408.079059007072,failure,10,2,1,0,1,12
29408.613384504493,repair_complete,10,3,0,0,0,13
29433.18725901025,failure,10,2,1,0,1,12
29433.840045217847,repair_complete,10,3,0,0,0,13
29437.505104080086,failure,10,2,1,0,1,12
29439.68875309896,repair_complete,10,3,0,0,0,13
29445.21702732606,failure,10,2,1,0,1,12
29446.31744159389,repair_complete,10,3,0,0,0,13
29456.67496297867,failure,10,2,1,0,1,12
29457.284510946938,repair_complete,10,3,0,0,0,13
29479.876731443448,failure,10,2,1,0,1,12
29480.158178082158,repair_complete,10,3,0,0,0,13
29483.60804534547,failure,10,2,1,0,1,12
29486.10116050243,repair_complete,10,3,0,0,0,13
29518.066108105904,failure,10,2,1,0,1,12
29518.241669223382,repair_complete,10,3,0,0,0,13
29524.99675076875,failure,10,2,1,0,1,12
29526.84102425394,failure,10,1,2,1,1,11
29527.095495335478,repair_complete,10,2,1,0,1,12
29527.406754912216,repair_complete,10,3,0,0,0,13
29534.524247509315,failure,10,2,1,0,1,12
29535.769323418386,repair_complete,10,3,0,0,0,13
29538.17826715304,failure,10,2,1,0,1,12
29539.625645866592,repair_complete,10,3,0,0,0,13
29552.844610029948,failure,10,2,1,0,1,12
29553.743315013453,failure,10,1,2,1,1,11
29555.931277107662,repair_complete,10,2,1,0,1,12
29556.16078654543,failure,10,1,2,1,1,11
29557.587770776096,repair_complete,10,2,1,0,1,12
29559.266219969515,repair_complete,10,3,0,0,0,13
29561.20067613364,failure,10,2,1,0,1,12
29562.104837519633,repair_complete,10,3,0,0,0,13
29588.145794728174,failure,10,2,1,0,1,12
29591.789221099953,repair_complete,10,3,0,0,0,13
29612.138948566964,failure,10,2,1,0,1,12
29613.27447031017,repair_complete,10,3,0,0,0,13
29625.320379813398,failure,10,2,1,0,1,12
29627.350439256392,repair_complete,10,3,0,0,0,13
29650.18853296668,failure,10,2,1,0,1,12
29651.46294759866,repair_complete,10,3,0,0,0,13
29657.042524195134,failure,10,2,1,0,1,12
29659.82654992161,repair_complete,10,3,0,0,0,13
29662.732544642837,failure,10,2,1,0,1,12
29662.765775240434,repair_complete,10,3,0,0,0,13
29669.89106062166,failure,10,2,1,0,1,12
29671.492415553304,repair_complete,10,3,0,0,0,13
29678.251711353012,failure,10,2,1,0,1,12
29680.680813581483,repair_complete,10,3,0,0,0,13
29681.953260229962,failure,10,2,1,0,1,12
29684.306051414118,repair_complete,10,3,0,0,0,13
29690.368575164113,failure,10,2,1,0,1,12
29691.328135500546,repair_complete,10,3,0,0,0,13
29693.17306351901,failure,10,2,1,0,1,12
29694.14024051117,repair_complete,10,3,0,0,0,13
29706.13336157792,failure,10,2,1,0,1,12
29707.059342304772,repair_complete,10,3,0,0,0,13
29710.233305156362,failure,10,2,1,0,1,12
29710.480185439174,repair_complete,10,3,0,0,0,13
29713.468657843012,failure,10,2,1,0,1,12
29713.55027993103,failure,10,1,2,1,1,11
29713.836457183326,repair_complete,10,2,1,0,1,12
29714.152069513388,repair_complete,10,3,0,0,0,13
29718.114969180086,failure,10,2,1,0,1,12
29718.713590274012,repair_complete,10,3,0,0,0,13
29756.6796996684,failure,10,2,1,0,1,12
29757.103491106547,repair_complete,10,3,0,0,0,13
29763.47382146962,failure,10,2,1,0,1,12
29763.761380825264,repair_complete,10,3,0,0,0,13
29764.00240598162,failure,10,2,1,0,1,12
29765.05783189735,repair_complete,10,3,0,0,0,13
29772.9798553134,failure,10,2,1,0,1,12
29773.10941640776,repair_complete,10,3,0,0,0,13
29780.15203366921,failure,10,2,1,0,1,12
29782.129057300215,failure,10,1,2,1,1,11
29782.35304998985,repair_complete,10,2,1,0,1,12
29785.685906439696,repair_complete,10,3,0,0,0,13
29785.77362304406,failure,10,2,1,0,1,12
29786.616608905464,failure,10,1,2,1,1,11
29787.188383942303,repair_complete,10,2,1,0,1,12
29788.107737191436,repair_complete,10,3,0,0,0,13
29788.59019580779,failure,10,2,1,0,1,12
29789.169560037342,repair_complete,10,3,0,0,0,13
29797.20041600245,failure,10,2,1,0,1,12
29799.18064660527,repair_complete,10,3,0,0,0,13
29803.841877353283,failure,10,2,1,0,1,12
29804.188175986714,repair_complete,10,3,0,0,0,13
29824.52384803509,failure,10,2,1,0,1,12
29824.91415569494,repair_complete,10,3,0,0,0,13
29838.11998671647,failure,10,2,1,0,1,12
29838.29823807481,repair_complete,10,3,0,0,0,13
29843.86690762945,failure,10,2,1,0,1,12
29845.499438279527,failure,10,1,2,1,1,11
29847.783367416152,failure,10,0,3,2,1,10
29850.8546233662,repair_complete,10,1,2,1,1,11
29851.14719082516,repair_complete,10,2,1,0,1,12
29851.608770053514,repair_complete,10,3,0,0,0,13
29852.516362849794,failure,10,2,1,0,1,12
29852.672960911183,repair_complete,10,3,0,0,0,13
29858.502068053323,failure,10,2,1,0,1,12
29858.69384151072,repair_complete,10,3,0,0,0,13
29864.933432685724,failure,10,2,1,0,1,12
29865.18839476937,repair_complete,10,3,0,0,0,13
29871.374203146686,failure,10,2,1,0,1,12
29872.03510986406,repair_complete,10,3,0,0,0,13
29874.127945687236,failure,10,2,1,0,1,12
29874.193306870045,repair_complete,10,3,0,0,0,13
29887.20778489148,failure,10,2,1,0,1,12
29887.521313167068,repair_complete,10,3,0,0,0,13
29894.034401630353,failure,10,2,1,0,1,12
29894.379437036994,repair_complete,10,3,0,0,0,13
29903.63067932343,failure,10,2,1,0,1,12
29904.84164882977,repair_complete,10,3,0,0,0,13
29905.96408801963,failure,10,2,1,0,1,12
29906.133835287714,failure,10,1,2,1,1,11
29906.495990086518,repair_complete,10,2,1,0,1,12
29909.07772328544,repair_complete,10,3,0,0,0,13
29918.11762699484,failure,10,2,1,0,1,12
29918.559939152616,repair_complete,10,3,0,0,0,13
29928.97006491086,failure,10,2,1,0,1,12
29930.21235052776,repair_complete,10,3,0,0,0,13
29943.532411869932,failure,10,2,1,0,1,12
29943.608332001408,repair_complete,10,3,0,0,0,13
29950.489251243922,failure,10,2,1,0,1,12
29950.572041696832,repair_complete,10,3,0,0,0,13
29981.026214536254,failure,10,2,1,0,1,12
29981.128463954945,repair_complete,10,3,0,0,0,13
30012.357030216852,failure,10,2,1,0,1,12
30014.07944242577,repair_complete,10,3,0,0,0,13
30015.94660365361,failure,10,2,1,0,1,12
30016.21147277334,repair_complete,10,3,0,0,0,13
30019.000026355327,failure,10,2,1,0,1,12
30019.774456206535,repair_complete,10,3,0,0,0,13
30039.4459126058,failure,10,2,1,0,1,12
30039.5549427978,repair_complete,10,3,0,0,0,13
30040.49567276392,failure,10,2,1,0,1,12
30040.592964644642,failure,10,1,2,1,1,11
30041.90574798688,repair_complete,10,2,1,0,1,12
30042.22821413453,repair_complete,10,3,0,0,0,13
30059.249696423823,failure,10,2,1,0,1,12
30062.004922633874,repair_complete,10,3,0,0,0,13
30063.414192344,failure,10,2,1,0,1,12
30064.38941168917,repair_complete,10,3,0,0,0,13
30084.724916412568,failure,10,2,1,0,1,12
30084.93947346102,repair_complete,10,3,0,0,0,13
30092.28236481912,failure,10,2,1,0,1,12
30093.070318756767,repair_complete,10,3,0,0,0,13
30104.90910858325,failure,10,2,1,0,1,12
30104.970155900108,repair_complete,10,3,0,0,0,13
30107.003154059268,failure,10,2,1,0,1,12
30108.71850684136,repair_complete,10,3,0,0,0,13
30119.272914264082,failure,10,2,1,0,1,12
30120.198279650675,repair_complete,10,3,0,0,0,13
30126.909793060073,failure,10,2,1,0,1,12
30128.173766883832,repair_complete,10,3,0,0,0,13
30129.927788726614,failure,10,2,1,0,1,12
30133.12780914696,repair_complete,10,3,0,0,0,13
30143.95922419377,failure,10,2,1,0,1,12
30144.33975904495,repair_complete,10,3,0,0,0,13
30171.044598019096,failure,10,2,1,0,1,12
30171.623974994607,repair_complete,10,3,0,0,0,13
30186.37001246324,failure,10,2,1,0,1,12
30186.515977810002,repair_complete,10,3,0,0,0,13
30198.608062081952,failure,10,2,1,0,1,12
30199.601668978237,repair_complete,10,3,0,0,0,13
30201.56764717342,failure,10,2,1,0,1,12
30201.82891625844,repair_complete,10,3,0,0,0,13
30209.100045566043,failure,10,2,1,0,1,12
30209.51971678563,repair_complete,10,3,0,0,0,13
30220.676813041948,failure,10,2,1,0,1,12
30221.28892040162,repair_complete,10,3,0,0,0,13
30222.351294006025,failure,10,2,1,0,1,12
30223.866290207894,repair_complete,10,3,0,0,0,13
30255.35401397829,failure,10,2,1,0,1,12
30255.95955984068,repair_complete,10,3,0,0,0,13
30300.83342624228,failure,10,2,1,0,1,12
30301.387410458232,repair_complete,10,3,0,0,0,13
30303.172062202004,failure,10,2,1,0,1,12
30305.41626521853,repair_complete,10,3,0,0,0,13
30307.75332108566,failure,10,2,1,0,1,12
30308.98449399218,repair_complete,10,3,0,0,0,13
30320.935874771178,failure,10,2,1,0,1,12
30322.75187602129,failure,10,1,2,1,1,11
30323.321370897214,repair_complete,10,2,1,0,1,12
30324.21061444774,repair_complete,10,3,0,0,0,13
30346.78277917245,failure,10,2,1,0,1,12
30348.27840838257,repair_complete,10,3,0,0,0,13
30349.45548988965,failure,10,2,1,0,1,12
30350.565086923194,repair_complete,10,3,0,0,0,13
30352.259074470152,failure,10,2,1,0,1,12
30354.367696127487,repair_complete,10,3,0,0,0,13
30356.993991147894,failure,10,2,1,0,1,12
30357.434897852236,repair_complete,10,3,0,0,0,13
30377.321794410887,failure,10,2,1,0,1,12
30380.34409999304,failure,10,1,2,1,1,11
30380.74882542651,repair_complete,10,2,1,0,1,12
30381.911542481397,repair_complete,10,3,0,0,0,13
30425.845379409333,failure,10,2,1,0,1,12
30426.30956560471,repair_complete,10,3,0,0,0,13
30426.79341574153,failure,10,2,1,0,1,12
30427.519448467498,failure,10,1,2,1,1,11
30427.665911552725,failure,10,0,3,2,1,10
30427.877425809223,repair_complete,10,1,2,1,1,11
30431.79852356852,repair_complete,10,2,1,0,1,12
30433.431344489072,repair_complete,10,3,0,0,0,13
30445.355424355625,failure,10,2,1,0,1,12
30445.465255882922,repair_complete,10,3,0,0,0,13
30450.18266022758,failure,10,2,1,0,1,12
30451.30906100154,repair_complete,10,3,0,0,0,13
30451.651851999595,failure,10,2,1,0,1,12
30451.80860078862,repair_complete,10,3,0,0,0,13
30464.369266771726,failure,10,2,1,0,1,12
30465.06300556333,repair_complete,10,3,0,0,0,13
30472.92997328109,failure,10,2,1,0,1,12
30473.443471796734,repair_complete,10,3,0,0,0,13
30487.804113359874,failure,10,2,1,0,1,12
30488.17253766817,failure,10,1,2,1,1,11
30489.014774866893,repair_complete,10,2,1,0,1,12
30489.488710198508,repair_complete,10,3,0,0,0,13
30496.21235317159,failure,10,2,1,0,1,12
30496.508673424876,repair_complete,10,3,0,0,0,13
30497.28585866503,failure,10,2,1,0,1,12
30498.581316301174,repair_complete,10,3,0,0,0,13
30500.214355881824,failure,10,2,1,0,1,12
30500.874378747383,repair_complete,10,3,0,0,0,13
30512.223729778278,failure,10,2,1,0,1,12
30513.299031968258,repair_complete,10,3,0,0,0,13
30529.6112135419,failure,10,2,1,0,1,12
30530.48072754019,repair_complete,10,3,0,0,0,13
30565.499812132664,failure,10,2,1,0,1,12
30567.437692581065,repair_complete,10,3,0,0,0,13
30575.653333414157,failure,10,2,1,0,1,12
30578.915995654537,repair_complete,10,3,0,0,0,13
30587.51574403522,failure,10,2,1,0,1,12
30588.77056908496,repair_complete,10,3,0,0,0,13
30600.753522637926,failure,10,2,1,0,1,12
30600.914859201228,repair_complete,10,3,0,0,0,13
30631.287402455775,failure,10,2,1,0,1,12
30632.54320150785,repair_complete,10,3,0,0,0,13
30645.40539249522,failure,10,2,1,0,1,12
30646.200854712002,repair_complete,10,3,0,0,0,13
30650.871270183878,failure,10,2,1,0,1,12
30651.639567356688,repair_complete,10,3,0,0,0,13
30656.118050915138,failure,10,2,1,0,1,12
30656.351444688804,repair_complete,10,3,0,0,0,13
30667.091161755598,failure,10,2,1,0,1,12
30668.17147781738,repair_complete,10,3,0,0,0,13
30683.56066905848,failure,10,2,1,0,1,12
30683.996740250896,repair_complete,10,3,0,0,0,13
30685.8250469343,failure,10,2,1,0,1,12
30686.703912248682,failure,10,1,2,1,1,11
30687.276372887663,failure,10,0,3,2,1,10
30687.99480375761,repair_complete,10,1,2,1,1,11
30688.668977134315,repair_complete,10,2,1,0,1,12
30689.004761270236,failure,10,1,2,1,1,11
30690.524099208345,repair_complete,10,2,1,0,1,12
30690.83786604689,repair_complete,10,3,0,0,0,13
30692.296028386914,failure,10,2,1,0,1,12
30692.485573434013,repair_complete,10,3,0,0,0,13
30706.21363545112,failure,10,2,1,0,1,12
30706.68235043347,repair_complete,10,3,0,0,0,13
30708.941676587194,failure,10,2,1,0,1,12
30710.23767789478,repair_complete,10,3,0,0,0,13
30713.275844789507,failure,10,2,1,0,1,12
30713.293998033478,failure,10,1,2,1,1,11
30714.853530053217,repair_complete,10,2,1,0,1,12
30714.966436210816,repair_complete,10,3,0,0,0,13
30719.396751355944,failure,10,2,1,0,1,12
30719.56144482283,repair_complete,10,3,0,0,0,13
30727.480170774663,failure,10,2,1,0,1,12
30728.13878328824,repair_complete,10,3,0,0,0,13
30739.31407337481,failure,10,2,1,0,1,12
30739.455466689436,repair_complete,10,3,0,0,0,13
30772.18249627467,failure,10,2,1,0,1,12
30773.186696619396,repair_complete,10,3,0,0,0,13
30793.701528604193,failure,10,2,1,0,1,12
30793.92337685525,repair_complete,10,3,0,0,0,13
30800.89602454026,failure,10,2,1,0,1,12
30802.77810757075,repair_complete,10,3,0,0,0,13
30840.246726627152,failure,10,2,1,0,1,12
30841.346421128692,repair_complete,10,3,0,0,0,13
30852.131602471934,failure,10,2,1,0,1,12
30852.472582719292,repair_complete,10,3,0,0,0,13
30855.855689277323,failure,10,2,1,0,1,12
30856.78037270483,repair_complete,10,3,0,0,0,13
30860.049305409528,failure,10,2,1,0,1,12
30860.6572842957,repair_complete,10,3,0,0,0,13
30869.403972351673,failure,10,2,1,0,1,12
30869.6110411129,repair_complete,10,3,0,0,0,13
30883.06575333184,failure,10,2,1,0,1,12
30883.165634258898,repair_complete,10,3,0,0,0,13
30884.261960479496,failure,10,2,1,0,1,12
30884.391216586122,repair_complete,10,3,0,0,0,13
30894.597470636483,failure,10,2,1,0,1,12
30895.243214475693,repair_complete,10,3,0,0,0,13
30896.745939931046,failure,10,2,1,0,1,12
30897.428453163833,repair_complete,10,3,0,0,0,13
30898.63080328933,failure,10,2,1,0,1,12
30902.374285453257,repair_complete,10,3,0,0,0,13
30927.949368327634,failure,10,2,1,0,1,12
30927.981390585108,repair_complete,10,3,0,0,0,13
30928.712845498078,failure,10,2,1,0,1,12
30929.647802891544,repair_complete,10,3,0,0,0,13
30932.17674085079,failure,10,2,1,0,1,12
30934.111986008513,repair_complete,10,3,0,0,0,13
30936.552400778597,failure,10,2,1,0,1,12
30937.006024066617,repair_complete,10,3,0,0,0,13
30944.69728039546,failure,10,2,1,0,1,12
30944.8703960742,repair_complete,10,3,0,0,0,13
30983.37455895243,failure,10,2,1,0,1,12
30983.954372014305,repair_complete,10,3,0,0,0,13
31009.338814087892,failure,10,2,1,0,1,12
31011.49512165658,repair_complete,10,3,0,0,0,13
31021.058637936607,failure,10,2,1,0,1,12
31021.293348639672,repair_complete,10,3,0,0,0,13
31022.17421912811,failure,10,2,1,0,1,12
31023.618510177897,repair_complete,10,3,0,0,0,13
31044.098415713048,failure,10,2,1,0,1,12
31044.971679525454,repair_complete,10,3,0,0,0,13
31069.61498901137,failure,10,2,1,0,1,12
31070.67822904128,repair_complete,10,3,0,0,0,13
31075.10588557039,failure,10,2,1,0,1,12
31076.654304272346,repair_complete,10,3,0,0,0,13
31088.058033942158,failure,10,2,1,0,1,12
31090.477297773232,repair_complete,10,3,0,0,0,13
31095.91654962956,failure,10,2,1,0,1,12
31096.21904875494,repair_complete,10,3,0,0,0,13
31097.978932432627,failure,10,2,1,0,1,12
31099.583980207455,repair_complete,10,3,0,0,0,13
31100.63766723633,failure,10,2,1,0,1,12
31101.302688381547,repair_complete,10,3,0,0,0,13
31103.574740446602,failure,10,2,1,0,1,12
31111.017112148485,repair_complete,10,3,0,0,0,13
31111.952707289856,failure,10,2,1,0,1,12
31112.306604265028,repair_complete,10,3,0,0,0,13
31123.220591364985,failure,10,2,1,0,1,12
31123.42522168416,repair_complete,10,3,0,0,0,13
31123.74380317516,failure,10,2,1,0,1,12
31124.419616325078,repair_complete,10,3,0,0,0,13
31139.29843217552,failure,10,2,1,0,1,12
31139.487643040058,repair_complete,10,3,0,0,0,13
31141.219530895374,failure,10,2,1,0,1,12
31141.698434940452,repair_complete,10,3,0,0,0,13
31154.639778650708,failure,10,2,1,0,1,12
31156.615183152728,repair_complete,10,3,0,0,0,13
31166.01744517918,failure,10,2,1,0,1,12
31166.869288436057,repair_complete,10,3,0,0,0,13
31185.060268355493,failure,10,2,1,0,1,12
31185.957889641842,repair_complete,10,3,0,0,0,13
31187.979240877426,failure,10,2,1,0,1,12
31188.146326386995,repair_complete,10,3,0,0,0,13
31198.170229329313,failure,10,2,1,0,1,12
31200.242430049915,repair_complete,10,3,0,0,0,13
31202.39844727101,failure,10,2,1,0,1,12
31202.59767099177,repair_complete,10,3,0,0,0,13
31207.627067566278,failure,10,2,1,0,1,12
31209.236925085548,repair_complete,10,3,0,0,0,13
31220.41247825889,failure,10,2,1,0,1,12
31220.75790749271,failure,10,1,2,1,1,11
31221.655160707476,repair_complete,10,2,1,0,1,12
31221.847225704885,repair_complete,10,3,0,0,0,13
31224.103694148445,failure,10,2,1,0,1,12
31224.45523051658,repair_complete,10,3,0,0,0,13
31232.97785890524,failure,10,2,1,0,1,12
31232.979879362465,repair_complete,10,3,0,0,0,13
31236.28808304089,failure,10,2,1,0,1,12
31237.41446573673,failure,10,1,2,1,1,11
31237.472720832662,repair_complete,10,2,1,0,1,12
31237.698933707838,repair_complete,10,3,0,0,0,13
31261.870757351815,failure,10,2,1,0,1,12
31262.362468493837,repair_complete,10,3,0,0,0,13
31292.717600093696,failure,10,2,1,0,1,12
31293.128509143575,repair_complete,10,3,0,0,0,13
31301.130480978318,failure,10,2,1,0,1,12
31301.829117360565,repair_complete,10,3,0,0,0,13
31302.10682554978,failure,10,2,1,0,1,12
31303.58616745768,repair_complete,10,3,0,0,0,13
31304.289747772484,failure,10,2,1,0,1,12
31305.33189531436,repair_complete,10,3,0,0,0,13
31308.844396789635,failure,10,2,1,0,1,12
31311.508921778783,repair_complete,10,3,0,0,0,13
31314.696928095324,failure,10,2,1,0,1,12
31318.201778048613,repair_complete,10,3,0,0,0,13
31322.48472967057,failure,10,2,1,0,1,12
31322.749780849677,repair_complete,10,3,0,0,0,13
31323.043299989204,failure,10,2,1,0,1,12
31324.87030590133,repair_complete,10,3,0,0,0,13
31332.16703407265,failure,10,2,1,0,1,12
31334.540409482484,repair_complete,10,3,0,0,0,13
31341.16534919948,failure,10,2,1,0,1,12
31341.269737996863,repair_complete,10,3,0,0,0,13
31345.43327477212,failure,10,2,1,0,1,12
31347.63259243042,failure,10,1,2,1,1,11
31348.62453334933,repair_complete,10,2,1,0,1,12
31349.974378710125,repair_complete,10,3,0,0,0,13
31363.61836454731,failure,10,2,1,0,1,12
31364.752372792238,repair_complete,10,3,0,0,0,13
31416.28965510123,failure,10,2,1,0,1,12
31417.356446601927,failure,10,1,2,1,1,11
31419.431247556724,repair_complete,10,2,1,0,1,12
31419.495555095196,failure,10,1,2,1,1,11
31420.306945123673,repair_complete,10,2,1,0,1,12
31420.37263109919,repair_complete,10,3,0,0,0,13
31424.449099570964,failure,10,2,1,0,1,12
31424.622387168503,repair_complete,10,3,0,0,0,13
31425.71984951388,failure,10,2,1,0,1,12
31427.337149389194,failure,10,1,2,1,1,11
31427.43613609131,repair_complete,10,2,1,0,1,12
31427.510508677715,repair_complete,10,3,0,0,0,13
31430.775225004512,failure,10,2,1,0,1,12
31431.504789313072,repair_complete,10,3,0,0,0,13
31437.169694997447,failure,10,2,1,0,1,12
31437.947080451806,repair_complete,10,3,0,0,0,13
31445.120940046665,failure,10,2,1,0,1,12
31445.16611484542,repair_complete,10,3,0,0,0,13
31446.30220992865,failure,10,2,1,0,1,12
31447.171414750923,repair_complete,10,3,0,0,0,13
31464.620846164176,failure,10,2,1,0,1,12
31465.601394504134,repair_complete,10,3,0,0,0,13
31467.11092936165,failure,10,2,1,0,1,12
31467.975099253734,repair_complete,10,3,0,0,0,13
31478.78389535136,failure,10,2,1,0,1,12
31479.0801029986,repair_complete,10,3,0,0,0,13
31554.17845716677,failure,10,2,1,0,1,12
31555.16664891492,repair_complete,10,3,0,0,0,13
31562.25827685269,failure,10,2,1,0,1,12
31562.893688360957,repair_complete,10,3,0,0,0,13
31576.461468023095,failure,10,2,1,0,1,12
31576.81591741035,failure,10,1,2,1,1,11
31576.884594014933,repair_complete,10,2,1,0,1,12
31577.028847086083,repair_complete,10,3,0,0,0,13
31586.955520477048,failure,10,2,1,0,1,12
31587.4093740427,repair_complete,10,3,0,0,0,13
31588.87747204051,failure,10,2,1,0,1,12
31588.987170225806,repair_complete,10,3,0,0,0,13
31594.866599021352,failure,10,2,1,0,1,12
31595.87560175777,repair_complete,10,3,0,0,0,13
31608.123157198537,failure,10,2,1,0,1,12
31609.616533759036,repair_complete,10,3,0,0,0,13
31610.659962503505,failure,10,2,1,0,1,12
31612.46764505003,repair_complete,10,3,0,0,0,13
31618.178727603812,failure,10,2,1,0,1,12
31619.29231169298,repair_complete,10,3,0,0,0,13
31622.9718954973,failure,10,2,1,0,1,12
31624.087008171788,repair_complete,10,3,0,0,0,13
31628.408023348264,failure,10,2,1,0,1,12
31630.630064351422,repair_complete,10,3,0,0,0,13
31646.75656308772,failure,10,2,1,0,1,12
31648.685284997056,repair_complete,10,3,0,0,0,13
31666.02288823601,failure,10,2,1,0,1,12
31666.676375872492,repair_complete,10,3,0,0,0,13
31669.14996173777,failure,10,2,1,0,1,12
31671.126737330436,repair_complete,10,3,0,0,0,13
31679.41611744957,failure,10,2,1,0,1,12
31681.845054278696,repair_complete,10,3,0,0,0,13
31690.75529760152,failure,10,2,1,0,1,12
31690.82967755632,repair_complete,10,3,0,0,0,13
31702.83085194633,failure,10,2,1,0,1,12
31703.34553803923,repair_complete,10,3,0,0,0,13
31705.53461538719,failure,10,2,1,0,1,12
31707.489658494513,failure,10,1,2,1,1,11
31708.06137077449,repair_complete,10,2,1,0,1,12
31709.02800733719,repair_complete,10,3,0,0,0,13
31713.12842216439,failure,10,2,1,0,1,12
31713.77314610124,repair_complete,10,3,0,0,0,13
31734.788152205132,failure,10,2,1,0,1,12
31735.189764768544,repair_complete,10,3,0,0,0,13
31745.709152711253,failure,10,2,1,0,1,12
31751.653625311224,repair_complete,10,3,0,0,0,13
31761.932899762403,failure,10,2,1,0,1,12
31762.57253814144,repair_complete,10,3,0,0,0,13
31782.460918739034,failure,10,2,1,0,1,12
31784.002529000965,repair_complete,10,3,0,0,0,13
31784.320494161184,failure,10,2,1,0,1,12
31787.18068385313,failure,10,1,2,1,1,11
31787.511822202112,failure,10,0,3,2,1,10
31787.53342672841,repair_complete,10,1,2,1,1,11
31787.767472119263,repair_complete,10,2,1,0,1,12
31789.570032595926,repair_complete,10,3,0,0,0,13
31830.307409257002,failure,10,2,1,0,1,12
31830.319148261664,repair_complete,10,3,0,0,0,13
31847.265319346654,failure,10,2,1,0,1,12
31848.19919141983,repair_complete,10,3,0,0,0,13
31850.857301172142,failure,10,2,1,0,1,12
31851.231565543912,repair_complete,10,3,0,0,0,13
31851.674861924865,failure,10,2,1,0,1,12
31852.099370687443,failure,10,1,2,1,1,11
31852.778123025844,repair_complete,10,2,1,0,1,12
31854.39070156924,repair_complete,10,3,0,0,0,13
31860.61699336499,failure,10,2,1,0,1,12
31860.68135833572,repair_complete,10,3,0,0,0,13
31865.96779230362,failure,10,2,1,0,1,12
31865.981358042583,repair_complete,10,3,0,0,0,13
31890.855242567493,failure,10,2,1,0,1,12
31891.105985740127,repair_complete,10,3,0,0,0,13
31891.252558944736,failure,10,2,1,0,1,12
31892.252330067353,repair_complete,10,3,0,0,0,13
31897.37439217808,failure,10,2,1,0,1,12
31897.795060221113,failure,10,1,2,1,1,11
31898.757133092648,repair_complete,10,2,1,0,1,12
31898.95065653577,failure,10,1,2,1,1,11
31899.67080909524,repair_complete,10,2,1,0,1,12
31900.02918556338,repair_complete,10,3,0,0,0,13
31907.964932528077,failure,10,2,1,0,1,12
31908.811226413636,repair_complete,10,3,0,0,0,13
31938.03478117354,failure,10,2,1,0,1,12
31940.556691745824,repair_complete,10,3,0,0,0,13
31965.53368725303,failure,10,2,1,0,1,12
31966.488408300913,failure,10,1,2,1,1,11
31966.751380314006,repair_complete,10,2,1,0,1,12
31967.930451121698,repair_complete,10,3,0,0,0,13
31970.992499802825,failure,10,2,1,0,1,12
31971.724227299794,repair_complete,10,3,0,0,0,13
31979.474155371878,failure,10,2,1,0,1,12
31979.85129768546,repair_complete,10,3,0,0,0,13
31994.08454105816,failure,10,2,1,0,1,12
31995.440581781473,repair_complete,10,3,0,0,0,13
32003.50050220448,failure,10,2,1,0,1,12
32005.853757898047,repair_complete,10,3,0,0,0,13
32016.694933802803,failure,10,2,1,0,1,12
32017.184652632895,repair_complete,10,3,0,0,0,13
32032.54585404011,failure,10,2,1,0,1,12
32032.992804586087,repair_complete,10,3,0,0,0,13
32035.208845711026,failure,10,2,1,0,1,12
32035.43731817394,repair_complete,10,3,0,0,0,13
32062.059976065728,failure,10,2,1,0,1,12
32064.069013215118,repair_complete,10,3,0,0,0,13
32070.01239164299,failure,10,2,1,0,1,12
32073.06785964686,repair_complete,10,3,0,0,0,13
32094.741561523195,failure,10,2,1,0,1,12
32096.536768550526,repair_complete,10,3,0,0,0,13
32103.877335430207,failure,10,2,1,0,1,12
32104.9362875553,repair_complete,10,3,0,0,0,13
32125.13366515913,failure,10,2,1,0,1,12
32128.72515822132,repair_complete,10,3,0,0,0,13
32131.90399371919,failure,10,2,1,0,1,12
32132.564862868123,repair_complete,10,3,0,0,0,13
32145.326690239093,failure,10,2,1,0,1,12
32146.61960138158,repair_complete,10,3,0,0,0,13
32151.032557137245,failure,10,2,1,0,1,12
32152.108597517166,repair_complete,10,3,0,0,0,13
32153.431510539438,failure,10,2,1,0,1,12
32156.96742057129,repair_complete,10,3,0,0,0,13
32158.988874539704,failure,10,2,1,0,1,12
32160.048985290847,repair_complete,10,3,0,0,0,13
32163.366072680827,failure,10,2,1,0,1,12
32163.407602631385,repair_complete,10,3,0,0,0,13
32172.090411258665,failure,10,2,1,0,1,12
32174.47681813072,repair_complete,10,3,0,0,0,13
32197.136977581275,failure,10,2,1,0,1,12
32197.198261767375,repair_complete,10,3,0,0,0,13
32205.25522594501,failure,10,2,1,0,1,12
32209.657656787123,repair_complete,10,3,0,0,0,13
32219.93712927064,failure,10,2,1,0,1,12
32221.02473539887,repair_complete,10,3,0,0,0,13
32221.964780686063,failure,10,2,1,0,1,12
32222.592875946517,repair_complete,10,3,0,0,0,13
32225.5893857676,failure,10,2,1,0,1,12
32226.729494199873,repair_complete,10,3,0,0,0,13
32252.499806292046,failure,10,2,1,0,1,12
32252.979931927912,repair_complete,10,3,0,0,0,13
32254.400996878394,failure,10,2,1,0,1,12
32254.951326020233,failure,10,1,2,1,1,11
32255.865376359903,failure,10,0,3,2,1,10
32257.88549378538,repair_complete,10,1,2,1,1,11
32259.204126916473,repair_complete,10,2,1,0,1,12
32260.23638847971,repair_complete,10,3,0,0,0,13
32261.287696065076,failure,10,2,1,0,1,12
32261.50033373779,repair_complete,10,3,0,0,0,13
32263.920948036317,failure,10,2,1,0,1,12
32264.947203249572,repair_complete,10,3,0,0,0,13
32274.648777350292,failure,10,2,1,0,1,12
32275.353688261795,repair_complete,10,3,0,0,0,13
32285.95382036258,failure,10,2,1,0,1,12
32285.98106341661,repair_complete,10,3,0,0,0,13
32288.002940231312,failure,10,2,1,0,1,12
32289.28452504398,repair_complete,10,3,0,0,0,13
32290.84521648894,failure,10,2,1,0,1,12
32291.74228732543,failure,10,1,2,1,1,11
32292.331138890022,repair_complete,10,2,1,0,1,12
32293.233260721183,repair_complete,10,3,0,0,0,13
32303.081075629918,failure,10,2,1,0,1,12
32303.536227057528,repair_complete,10,3,0,0,0,13
32334.501843871938,failure,10,2,1,0,1,12
32334.551034383676,repair_complete,10,3,0,0,0,13
32335.399754528997,failure,10,2,1,0,1,12
32336.047154283166,failure,10,1,2,1,1,11
32336.30084920235,repair_complete,10,2,1,0,1,12
32337.209804260077,repair_complete,10,3,0,0,0,13
32337.387974969777,failure,10,2,1,0,1,12
32338.055002630113,repair_complete,10,3,0,0,0,13
32350.54556182727,failure,10,2,1,0,1,12
32351.005874723272,repair_complete,10,3,0,0,0,13
32367.697102975253,failure,10,2,1,0,1,12
32367.863877084965,repair_complete,10,3,0,0,0,13
32374.71663030585,failure,10,2,1,0,1,12
32375.019351661616,repair_complete,10,3,0,0,0,13
32385.93980335305,failure,10,2,1,0,1,12
32386.003653926,repair_complete,10,3,0,0,0,13
32387.27816185792,failure,10,2,1,0,1,12
32387.35439729773,repair_complete,10,3,0,0,0,13
32418.17907114709,failure,10,2,1,0,1,12
32418.95219696525,repair_complete,10,3,0,0,0,13
32423.3373811497,failure,10,2,1,0,1,12
32423.467816145097,repair_complete,10,3,0,0,0,13
32437.205820048992,failure,10,2,1,0,1,12
32437.257135225576,repair_complete,10,3,0,0,0,13
32439.42051479483,failure,10,2,1,0,1,12
32440.192634391933,repair_complete,10,3,0,0,0,13
32444.260830774667,failure,10,2,1,0,1,12
32444.40731249373,repair_complete,10,3,0,0,0,13
32456.39394896062,failure,10,2,1,0,1,12
32459.209774201172,repair_complete,10,3,0,0,0,13
32479.300709685882,failure,10,2,1,0,1,12
32479.507355053964,repair_complete,10,3,0,0,0,13
32485.566416518534,failure,10,2,1,0,1,12
32488.393150643595,repair_complete,10,3,0,0,0,13
32497.949042755787,failure,10,2,1,0,1,12
32498.401304193867,repair_complete,10,3,0,0,0,13
32514.25193186776,failure,10,2,1,0,1,12
32514.729052392056,repair_complete,10,3,0,0,0,13
32535.090270359862,failure,10,2,1,0,1,12
32535.875741968495,repair_complete,10,3,0,0,0,13
32566.41876442086,failure,10,2,1,0,1,12
32566.63749057852,repair_complete,10,3,0,0,0,13
32600.67744586084,failure,10,2,1,0,1,12
32601.744114753797,repair_complete,10,3,0,0,0,13
32612.352664470345,failure,10,2,1,0,1,12
32612.477278672322,repair_complete,10,3,0,0,0,13
32613.77418283223,failure,10,2,1,0,1,12
32614.793162248316,repair_complete,10,3,0,0,0,13
32617.319905282424,failure,10,2,1,0,1,12
32619.54530002435,repair_complete,10,3,0,0,0,13
32627.1827720396,failure,10,2,1,0,1,12
32628.121398363804,repair_complete,10,3,0,0,0,13
32649.215478924976,failure,10,2,1,0,1,12
32651.004201360098,repair_complete,10,3,0,0,0,13
32652.19080388567,failure,10,2,1,0,1,12
32652.204221248652,repair_complete,10,3,0,0,0,13
32661.64821372602,failure,10,2,1,0,1,12
32662.526252067273,repair_complete,10,3,0,0,0,13
32662.785539289056,failure,10,2,1,0,1,12
32664.324626961516,repair_complete,10,3,0,0,0,13
32665.387040672438,failure,10,2,1,0,1,12
32668.635088258918,repair_complete,10,3,0,0,0,13
32687.607190421135,failure,10,2,1,0,1,12
32689.208350262936,repair_complete,10,3,0,0,0,13
32691.00609919936,failure,10,2,1,0,1,12
32691.49032209863,repair_complete,10,3,0,0,0,13
32695.194665840747,failure,10,2,1,0,1,12
32695.392754019405,repair_complete,10,3,0,0,0,13
32701.718966832017,failure,10,2,1,0,1,12
32704.284352106326,repair_complete,10,3,0,0,0,13
32706.821600982563,failure,10,2,1,0,1,12
32706.85849256064,failure,10,1,2,1,1,11
32707.495018023208,repair_complete,10,2,1,0,1,12
32707.509857325032,repair_complete,10,3,0,0,0,13
32718.626515695338,failure,10,2,1,0,1,12
32718.670388254977,repair_complete,10,3,0,0,0,13
32764.501887352464,failure,10,2,1,0,1,12
32765.475611898342,failure,10,1,2,1,1,11
32766.10353685267,repair_complete,10,2,1,0,1,12
32767.00523208765,repair_complete,10,3,0,0,0,13
32771.18608335184,failure,10,2,1,0,1,12
32772.021887327166,repair_complete,10,3,0,0,0,13
32776.841517591965,failure,10,2,1,0,1,12
32777.13974122603,repair_complete,10,3,0,0,0,13
32781.10457126457,failure,10,2,1,0,1,12
32782.459360201676,failure,10,1,2,1,1,11
32782.86514951856,failure,10,0,3,2,1,10
32784.02849996158,repair_complete,10,1,2,1,1,11
32784.83096582114,repair_complete,10,2,1,0,1,12
32785.28876453087,repair_complete,10,3,0,0,0,13
32806.00847639643,failure,10,2,1,0,1,12
32806.345154993105,repair_complete,10,3,0,0,0,13
32811.74584564642,failure,10,2,1,0,1,12
32812.2000174427,repair_complete,10,3,0,0,0,13
32844.46602448869,failure,10,2,1,0,1,12
32844.5396205975,failure,10,1,2,1,1,11
32845.24369679643,repair_complete,10,2,1,0,1,12
32846.909574848316,repair_complete,10,3,0,0,0,13
32847.507243508895,failure,10,2,1,0,1,12
32848.87366150444,repair_complete,10,3,0,0,0,13
32855.2127363885,failure,10,2,1,0,1,12
32856.179247036685,repair_complete,10,3,0,0,0,13
32870.65984044584,failure,10,2,1,0,1,12
32871.08995372966,repair_complete,10,3,0,0,0,13
32872.895736533574,failure,10,2,1,0,1,12
32875.44437884528,repair_complete,10,3,0,0,0,13
32883.00534183361,failure,10,2,1,0,1,12
32883.58503983793,repair_complete,10,3,0,0,0,13
32898.25837909773,failure,10,2,1,0,1,12
32898.56335889909,repair_complete,10,3,0,0,0,13
32901.395211468014,failure,10,2,1,0,1,12
32904.365935725276,repair_complete,10,3,0,0,0,13
32905.33218538754,failure,10,2,1,0,1,12
32907.10365333708,repair_complete,10,3,0,0,0,13
32919.36551602891,failure,10,2,1,0,1,12
32919.96957496219,repair_complete,10,3,0,0,0,13
32921.920556857694,failure,10,2,1,0,1,12
32923.30876058126,repair_complete,10,3,0,0,0,13
32933.95005076548,failure,10,2,1,0,1,12
32934.72056978143,repair_complete,10,3,0,0,0,13
32936.270565032566,failure,10,2,1,0,1,12
32937.182826656244,repair_complete,10,3,0,0,0,13
32940.640551592674,failure,10,2,1,0,1,12
32941.099297342174,repair_complete,10,3,0,0,0,13
32959.65493565238,failure,10,2,1,0,1,12
32959.81359738792,repair_complete,10,3,0,0,0,13
32966.19984815096,failure,10,2,1,0,1,12
32966.26036316897,failure,10,1,2,1,1,11
32968.38921464362,repair_complete,10,2,1,0,1,12
32969.28109379741,repair_complete,10,3,0,0,0,13
32974.05571728447,failure,10,2,1,0,1,12
32977.58683986217,repair_complete,10,3,0,0,0,13
33003.15298596805,failure,10,2,1,0,1,12
33003.2332887816,repair_complete,10,3,0,0,0,13
33012.513147090045,failure,10,2,1,0,1,12
33012.604777421715,repair_complete,10,3,0,0,0,13
33016.717596702605,failure,10,2,1,0,1,12
33016.842511940464,repair_complete,10,3,0,0,0,13
33018.8116725751,failure,10,2,1,0,1,12
33018.96142172094,repair_complete,10,3,0,0,0,13
33029.822548948774,failure,10,2,1,0,1,12
33029.87622972126,repair_complete,10,3,0,0,0,13
33057.601725921035,failure,10,2,1,0,1,12
33058.28613593849,repair_complete,10,3,0,0,0,13
33064.2308665052,failure,10,2,1,0,1,12
33066.34100934086,failure,10,1,2,1,1,11
33066.70007212946,repair_complete,10,2,1,0,1,12
33066.98129969527,repair_complete,10,3,0,0,0,13
33067.13666533188,failure,10,2,1,0,1,12
33068.728503205944,repair_complete,10,3,0,0,0,13
33069.54213198405,failure,10,2,1,0,1,12
33072.081397087975,repair_complete,10,3,0,0,0,13
33111.18453532179,failure,10,2,1,0,1,12
33112.16716946346,repair_complete,10,3,0,0,0,13
33121.0784530919,failure,10,2,1,0,1,12
33121.15023442205,repair_complete,10,3,0,0,0,13
33122.47623396926,failure,10,2,1,0,1,12
33127.653731683866,repair_complete,10,3,0,0,0,13
33145.459188102745,failure,10,2,1,0,1,12
33148.0702030706,repair_complete,10,3,0,0,0,13
33159.931821132486,failure,10,2,1,0,1,12
33160.480465700835,repair_complete,10,3,0,0,0,13
33180.540195731206,failure,10,2,1,0,1,12
33182.329667752834,repair_complete,10,3,0,0,0,13
33186.128359997165,failure,10,2,1,0,1,12
33187.21466173186,repair_complete,10,3,0,0,0,13
33192.576840921094,failure,10,2,1,0,1,12
33193.851742762956,repair_complete,10,3,0,0,0,13
33221.62057662496,failure,10,2,1,0,1,12
33224.89383484239,repair_complete,10,3,0,0,0,13
33237.17724887658,failure,10,2,1,0,1,12
33238.04066069966,failure,10,1,2,1,1,11
33238.05072430338,repair_complete,10,2,1,0,1,12
33238.20188376106,repair_complete,10,3,0,0,0,13
33283.33685699101,failure,10,2,1,0,1,12
33284.77872016199,repair_complete,10,3,0,0,0,13
33286.8666234703,failure,10,2,1,0,1,12
33287.93220391307,repair_complete,10,3,0,0,0,13
33303.694949162804,failure,10,2,1,0,1,12
33303.760341081346,repair_complete,10,3,0,0,0,13
33319.37366042361,failure,10,2,1,0,1,12
33319.86048056818,repair_complete,10,3,0,0,0,13
33333.499313188935,failure,10,2,1,0,1,12
33334.44701991485,repair_complete,10,3,0,0,0,13
33345.06912871731,failure,10,2,1,0,1,12
33346.02689952076,repair_complete,10,3,0,0,0,13
33349.98991057623,failure,10,2,1,0,1,12
33350.91168065803,repair_complete,10,3,0,0,0,13
33375.05118774768,failure,10,2,1,0,1,12
33375.14808134361,failure,10,1,2,1,1,11
33377.13152201139,repair_complete,10,2,1,0,1,12
33377.14515197847,repair_complete,10,3,0,0,0,13
33377.30453888194,failure,10,2,1,0,1,12
33377.64775887189,repair_complete,10,3,0,0,0,13
33405.82345452797,failure,10,2,1,0,1,12
33406.01860072189,repair_complete,10,3,0,0,0,13
33420.643591128595,failure,10,2,1,0,1,12
33420.7764208793,repair_complete,10,3,0,0,0,13
33424.30683793843,failure,10,2,1,0,1,12
33425.72404878514,repair_complete,10,3,0,0,0,13
33425.96414007331,failure,10,2,1,0,1,12
33426.141861939046,repair_complete,10,3,0,0,0,13
33430.66749603196,failure,10,2,1,0,1,12
33431.01062319462,repair_complete,10,3,0,0,0,13
33434.09616657294,failure,10,2,1,0,1,12
33434.689268091686,repair_complete,10,3,0,0,0,13
33436.5698457047,failure,10,2,1,0,1,12
33437.0532144091,repair_complete,10,3,0,0,0,13
33456.2206827508,failure,10,2,1,0,1,12
33457.074913359014,repair_complete,10,3,0,0,0,13
33477.57611609424,failure,10,2,1,0,1,12
33480.783149559575,repair_complete,10,3,0,0,0,13
33494.384187085125,failure,10,2,1,0,1,12
33494.42243474954,repair_complete,10,3,0,0,0,13
33532.356507590695,failure,10,2,1,0,1,12
33533.49875844732,repair_complete,10,3,0,0,0,13
33537.30952755816,failure,10,2,1,0,1,12
33538.96310285756,repair_complete,10,3,0,0,0,13
33580.52846124905,failure,10,2,1,0,1,12
33581.50459737719,repair_complete,10,3,0,0,0,13
33607.90049643515,failure,10,2,1,0,1,12
33609.016540554476,repair_complete,10,3,0,0,0,13
33632.17087329809,failure,10,2,1,0,1,12
33632.17667539696,repair_complete,10,3,0,0,0,13
33653.183727564174,failure,10,2,1,0,1,12
33654.57391318166,repair_complete,10,3,0,0,0,13
33659.441300396575,failure,10,2,1,0,1,12
33659.653770841476,repair_complete,10,3,0,0,0,13
33701.635309267884,failure,10,2,1,0,1,12
33701.694943398405,repair_complete,10,3,0,0,0,13
33702.24193476896,failure,10,2,1,0,1,12
33703.46587677571,repair_complete,10,3,0,0,0,13
33712.52800949921,failure,10,2,1,0,1,12
33714.030763697556,repair_complete,10,3,0,0,0,13
33715.68528441065,failure,10,2,1,0,1,12
33716.08890349908,repair_complete,10,3,0,0,0,13
33718.50761908963,failure,10,2,1,0,1,12
33720.74724237993,repair_complete,10,3,0,0,0,13
33725.99460864713,failure,10,2,1,0,1,12
33726.224343210924,repair_complete,10,3,0,0,0,13
33727.907490710175,failure,10,2,1,0,1,12
33728.703140801554,failure,10,1,2,1,1,11
33730.06637787483,repair_complete,10,2,1,0,1,12
33731.144373957606,repair_complete,10,3,0,0,0,13
33736.003975650354,failure,10,2,1,0,1,12
33738.562798517225,repair_complete,10,3,0,0,0,13
33739.04009500441,failure,10,2,1,0,1,12
33741.07796604953,repair_complete,10,3,0,0,0,13
33745.81987819986,failure,10,2,1,0,1,12
33745.886699915056,failure,10,1,2,1,1,11
33746.342518308826,repair_complete,10,2,1,0,1,12
33746.790856954394,failure,10,1,2,1,1,11
33749.226669308366,repair_complete,10,2,1,0,1,12
33751.14106671183,repair_complete,10,3,0,0,0,13
33753.5495288458,failure,10,2,1,0,1,12
33753.55208183529,repair_complete,10,3,0,0,0,13
33758.6284085849,failure,10,2,1,0,1,12
33759.51920601442,repair_complete,10,3,0,0,0,13
33802.644705236264,failure,10,2,1,0,1,12
33804.292036670195,repair_complete,10,3,0,0,0,13
33806.38511193602,failure,10,2,1,0,1,12
33807.75737016187,repair_complete,10,3,0,0,0,13
33812.483737146824,failure,10,2,1,0,1,12
33813.51581094525,repair_complete,10,3,0,0,0,13
33815.43268692122,failure,10,2,1,0,1,12
33817.01126962319,repair_complete,10,3,0,0,0,13
33818.12162975043,failure,10,2,1,0,1,12
33819.07771158337,failure,10,1,2,1,1,11
33821.102229863965,repair_complete,10,2,1,0,1,12
33821.62105949532,repair_complete,10,3,0,0,0,13
33837.145101829534,failure,10,2,1,0,1,12
33837.9344444511,repair_complete,10,3,0,0,0,13
33849.59912654522,failure,10,2,1,0,1,12
33851.97874029416,repair_complete,10,3,0,0,0,13
33865.634311870635,failure,10,2,1,0,1,12
33866.138711451975,repair_complete,10,3,0,0,0,13
33874.443604127715,failure,10,2,1,0,1,12
33874.74064705971,failure,10,1,2,1,1,11
33876.05463496731,repair_complete,10,2,1,0,1,12
33876.56991724565,repair_complete,10,3,0,0,0,13
33891.7098054627,failure,10,2,1,0,1,12
33892.13127286704,repair_complete,10,3,0,0,0,13
33893.94886933818,failure,10,2,1,0,1,12
33895.19587409599,repair_complete,10,3,0,0,0,13
33895.76045993679,failure,10,2,1,0,1,12
33895.82634756032,repair_complete,10,3,0,0,0,13
33905.0049747521,failure,10,2,1,0,1,12
33905.908991503005,repair_complete,10,3,0,0,0,13
33914.30128523745,failure,10,2,1,0,1,12
33919.42610367744,repair_complete,10,3,0,0,0,13
33931.10666629346,failure,10,2,1,0,1,12
33931.36654438779,repair_complete,10,3,0,0,0,13
33956.80042760974,failure,10,2,1,0,1,12
33957.13982060415,failure,10,1,2,1,1,11
33957.65122800326,repair_complete,10,2,1,0,1,12
33958.251645841265,repair_complete,10,3,0,0,0,13
33963.87735413611,failure,10,2,1,0,1,12
33964.585700829724,repair_complete,10,3,0,0,0,13
33970.615402478084,failure,10,2,1,0,1,12
33970.695846384675,repair_complete,10,3,0,0,0,13
33977.90108793928,failure,10,2,1,0,1,12
33977.97279697874,repair_complete,10,3,0,0,0,13
33984.05027643572,failure,10,2,1,0,1,12
33984.0601431799,repair_complete,10,3,0,0,0,13
33986.501624533834,failure,10,2,1,0,1,12
33986.74530523294,repair_complete,10,3,0,0,0,13
33988.50038292211,failure,10,2,1,0,1,12
33989.2151761428,repair_complete,10,3,0,0,0,13
33999.32831399293,failure,10,2,1,0,1,12
34000.112766895014,repair_complete,10,3,0,0,0,13
34013.230962146736,failure,10,2,1,0,1,12
34017.01036749048,repair_complete,10,3,0,0,0,13
34018.29011393435,failure,10,2,1,0,1,12
34018.493778760356,repair_complete,10,3,0,0,0,13
34032.65741994456,failure,10,2,1,0,1,12
34033.271926745125,repair_complete,10,3,0,0,0,13
34054.11850910176,failure,10,2,1,0,1,12
34055.16738397251,repair_complete,10,3,0,0,0,13
34071.723441614544,failure,10,2,1,0,1,12
34072.56272654496,repair_complete,10,3,0,0,0,13
34101.20328033887,failure,10,2,1,0,1,12
34102.16345778398,repair_complete,10,3,0,0,0,13
34108.42195343556,failure,10,2,1,0,1,12
34114.142586752976,repair_complete,10,3,0,0,0,13
34115.305002395726,failure,10,2,1,0,1,12
34116.45898744501,repair_complete,10,3,0,0,0,13
34117.34345191986,failure,10,2,1,0,1,12
34118.82898500245,repair_complete,10,3,0,0,0,13
34120.28122791212,failure,10,2,1,0,1,12
34120.915207855134,repair_complete,10,3,0,0,0,13
34130.86620545582,failure,10,2,1,0,1,12
34132.22307292551,repair_complete,10,3,0,0,0,13
34141.22096629867,failure,10,2,1,0,1,12
34142.07710992557,repair_complete,10,3,0,0,0,13
34159.115815267076,failure,10,2,1,0,1,12
34160.08460932109,repair_complete,10,3,0,0,0,13
34177.53762738952,failure,10,2,1,0,1,12
34177.65213890113,failure,10,1,2,1,1,11
34178.23920097362,repair_complete,10,2,1,0,1,12
34179.06614724011,repair_complete,10,3,0,0,0,13
34182.36773085704,failure,10,2,1,0,1,12
34183.72654138573,repair_complete,10,3,0,0,0,13
34204.516178977865,failure,10,2,1,0,1,12
34205.01905356808,repair_complete,10,3,0,0,0,13
34222.488107727375,failure,10,2,1,0,1,12
34224.18681308064,repair_complete,10,3,0,0,0,13
34224.90851350679,failure,10,2,1,0,1,12
34227.29102868463,repair_complete,10,3,0,0,0,13
34236.62874222743,failure,10,2,1,0,1,12
34237.003335745205,repair_complete,10,3,0,0,0,13
34244.71380937564,failure,10,2,1,0,1,12
34245.843541124574,repair_complete,10,3,0,0,0,13
34275.6456804429,failure,10,2,1,0,1,12
34275.77574851924,repair_complete,10,3,0,0,0,13
34276.20441032943,failure,10,2,1,0,1,12
34278.269341390864,repair_complete,10,3,0,0,0,13
34294.52513947337,failure,10,2,1,0,1,12
34294.87814428535,repair_complete,10,3,0,0,0,13
34297.46653772141,failure,10,2,1,0,1,12
34299.14446813963,repair_complete,10,3,0,0,0,13
34309.31608154182,failure,10,2,1,0,1,12
34309.42717140106,repair_complete,10,3,0,0,0,13
34320.88154683483,failure,10,2,1,0,1,12
34322.49418498268,repair_complete,10,3,0,0,0,13
34332.89687725143,failure,10,2,1,0,1,12
34333.697296016646,repair_complete,10,3,0,0,0,13
34349.92196512387,failure,10,2,1,0,1,12
34350.31307907643,repair_complete,10,3,0,0,0,13
34379.12210242659,failure,10,2,1,0,1,12
34379.29573722982,repair_complete,10,3,0,0,0,13
34390.382053659385,failure,10,2,1,0,1,12
34391.91692856166,repair_complete,10,3,0,0,0,13
34408.40298365377,failure,10,2,1,0,1,12
34410.931601587174,repair_complete,10,3,0,0,0,13
34424.914360754345,failure,10,2,1,0,1,12
34426.15355736037,repair_complete,10,3,0,0,0,13
34429.25398081813,failure,10,2,1,0,1,12
34429.51714426734,repair_complete,10,3,0,0,0,13
34431.23172750979,failure,10,2,1,0,1,12
34431.87777809035,repair_complete,10,3,0,0,0,13
34436.74026661425,failure,10,2,1,0,1,12
34437.439083790145,repair_complete,10,3,0,0,0,13
34439.08139251844,failure,10,2,1,0,1,12
34440.307114575975,repair_complete,10,3,0,0,0,13
34463.6376312194,failure,10,2,1,0,1,12
34464.221760893146,repair_complete,10,3,0,0,0,13
34483.455257051406,failure,10,2,1,0,1,12
34483.74565270321,repair_complete,10,3,0,0,0,13
34502.82769730786,failure,10,2,1,0,1,12
34503.1789918337,repair_complete,10,3,0,0,0,13
34515.70768426132,failure,10,2,1,0,1,12
34516.322042632,repair_complete,10,3,0,0,0,13
34524.20453884118,failure,10,2,1,0,1,12
34526.61068446951,repair_complete,10,3,0,0,0,13
34546.62850514548,failure,10,2,1,0,1,12
34547.377245972355,repair_complete,10,3,0,0,0,13
34561.85032937098,failure,10,2,1,0,1,12
34563.01183373752,repair_complete,10,3,0,0,0,13
34577.30217454061,failure,10,2,1,0,1,12
34577.46482838899,repair_complete,10,3,0,0,0,13
34578.64271168791,failure,10,2,1,0,1,12
34580.805201098075,repair_complete,10,3,0,0,0,13
34582.55865670006,failure,10,2,1,0,1,12
34583.13607783221,repair_complete,10,3,0,0,0,13
34588.01274562489,failure,10,2,1,0,1,12
34588.288726946004,repair_complete,10,3,0,0,0,13
34592.773447041334,failure,10,2,1,0,1,12
34593.959329357334,repair_complete,10,3,0,0,0,13
34595.87052088461,failure,10,2,1,0,1,12
34598.23299569089,repair_complete,10,3,0,0,0,13
34606.45014847214,failure,10,2,1,0,1,12
34606.63285980289,repair_complete,10,3,0,0,0,13
34613.05243103649,failure,10,2,1,0,1,12
34614.070993085035,repair_complete,10,3,0,0,0,13
34618.21414351543,failure,10,2,1,0,1,12
34618.45559108687,repair_complete,10,3,0,0,0,13
34630.46585949639,failure,10,2,1,0,1,12
34630.89683696009,repair_complete,10,3,0,0,0,13
34636.7183749785,failure,10,2,1,0,1,12
34637.47443713878,repair_complete,10,3,0,0,0,13
34676.030521928275,failure,10,2,1,0,1,12
34676.434108566704,repair_complete,10,3,0,0,0,13
34680.27920641064,failure,10,2,1,0,1,12
34681.195997787116,repair_complete,10,3,0,0,0,13
34694.82821695074,failure,10,2,1,0,1,12
34695.2669626239,failure,10,1,2,1,1,11
34696.134677429916,repair_complete,10,2,1,0,1,12
34697.37655420483,repair_complete,10,3,0,0,0,13
34704.0070522937,failure,10,2,1,0,1,12
34705.33015905651,repair_complete,10,3,0,0,0,13
34731.77157117499,failure,10,2,1,0,1,12
34731.9674890176,repair_complete,10,3,0,0,0,13
34751.040240343464,failure,10,2,1,0,1,12
34752.183459988824,repair_complete,10,3,0,0,0,13
34755.23044341685,failure,10,2,1,0,1,12
34756.85293739725,repair_complete,10,3,0,0,0,13
34770.82456646377,failure,10,2,1,0,1,12
34771.38692548731,repair_complete,10,3,0,0,0,13
34788.02121838853,failure,10,2,1,0,1,12
34788.34802463449,repair_complete,10,3,0,0,0,13
34789.39713818371,failure,10,2,1,0,1,12
34789.433047295955,repair_complete,10,3,0,0,0,13
34789.47427085265,failure,10,2,1,0,1,12
34790.062278680336,repair_complete,10,3,0,0,0,13
34796.85151832028,failure,10,2,1,0,1,12
34798.36814050555,repair_complete,10,3,0,0,0,13
34800.85812193182,failure,10,2,1,0,1,12
34801.2392446962,repair_complete,10,3,0,0,0,13
34802.65108684784,failure,10,2,1,0,1,12
34804.30556964968,repair_complete,10,3,0,0,0,13
34818.420367112405,failure,10,2,1,0,1,12
34821.64279601499,repair_complete,10,3,0,0,0,13
34835.8568127765,failure,10,2,1,0,1,12
34836.69466604789,repair_complete,10,3,0,0,0,13
34844.29708872483,failure,10,2,1,0,1,12
34844.54969543599,repair_complete,10,3,0,0,0,13
34846.920642074285,failure,10,2,1,0,1,12
34847.17749402843,repair_complete,10,3,0,0,0,13
34852.22731430818,failure,10,2,1,0,1,12
34853.273871403195,failure,10,1,2,1,1,11
34854.05679344434,repair_complete,10,2,1,0,1,12
34856.366808704915,repair_complete,10,3,0,0,0,13
34863.03034220041,failure,10,2,1,0,1,12
34863.62657814968,repair_complete,10,3,0,0,0,13
34872.61740709691,failure,10,2,1,0,1,12
34873.69544352407,repair_complete,10,3,0,0,0,13
34879.2523549698,failure,10,2,1,0,1,12
34879.258686431735,repair_complete,10,3,0,0,0,13
34892.6299955715,failure,10,2,1,0,1,12
34893.5105293323,repair_complete,10,3,0,0,0,13
34894.355433403536,failure,10,2,1,0,1,12
34895.10350024529,repair_complete,10,3,0,0,0,13
34901.150200387514,failure,10,2,1,0,1,12
34901.563735544834,repair_complete,10,3,0,0,0,13
34926.43239271628,failure,10,2,1,0,1,12
34926.51900873322,failure,10,1,2,1,1,11
34926.704285148255,repair_complete,10,2,1,0,1,12
34929.651695150984,repair_complete,10,3,0,0,0,13
34932.46837395519,failure,10,2,1,0,1,12
34933.458457147986,repair_complete,10,3,0,0,0,13
34937.1038159152,failure,10,2,1,0,1,12
34937.30986001688,repair_complete,10,3,0,0,0,13
34947.39385734348,failure,10,2,1,0,1,12
34948.92872127674,repair_complete,10,3,0,0,0,13
34955.1888579386,failure,10,2,1,0,1,12
34955.91352649088,repair_complete,10,3,0,0,0,13
34974.64480478869,failure,10,2,1,0,1,12
34974.94219684441,repair_complete,10,3,0,0,0,13
34994.74510550172,failure,10,2,1,0,1,12
34997.21249370123,repair_complete,10,3,0,0,0,13
35004.5055593944,failure,10,2,1,0,1,12
35004.617256869176,repair_complete,10,3,0,0,0,13
35021.43859521419,failure,10,2,1,0,1,12
35022.337433893794,repair_complete,10,3,0,0,0,13
35023.10181844021,failure,10,2,1,0,1,12
35024.252472084976,repair_complete,10,3,0,0,0,13
35030.92995665796,failure,10,2,1,0,1,12
35031.41867603937,repair_complete,10,3,0,0,0,13
35036.64935419839,failure,10,2,1,0,1,12
35036.84030742334,repair_complete,10,3,0,0,0,13
35041.9071202495,failure,10,2,1,0,1,12
35042.339518411034,repair_complete,10,3,0,0,0,13
35055.95998027727,failure,10,2,1,0,1,12
35056.501303792655,repair_complete,10,3,0,0,0,13
35059.16613616383,failure,10,2,1,0,1,12
35059.53061704823,repair_complete,10,3,0,0,0,13
35059.563561507464,failure,10,2,1,0,1,12
35059.83828905576,repair_complete,10,3,0,0,0,13
35105.84867376033,failure,10,2,1,0,1,12
35106.602135895744,repair_complete,10,3,0,0,0,13
35121.75497473495,failure,10,2,1,0,1,12
35123.337526086616,repair_complete,10,3,0,0,0,13
35124.70943988501,failure,10,2,1,0,1,12
35124.78001678567,repair_complete,10,3,0,0,0,13
35128.613573638584,failure,10,2,1,0,1,12
35129.85275564432,repair_complete,10,3,0,0,0,13
35131.3548691123,failure,10,2,1,0,1,12
35131.41258500449,repair_complete,10,3,0,0,0,13
35146.54097018764,failure,10,2,1,0,1,12
35149.884191169906,repair_complete,10,3,0,0,0,13
35150.540748910076,failure,10,2,1,0,1,12
35151.120639814326,repair_complete,10,3,0,0,0,13
35154.05490025073,failure,10,2,1,0,1,12
35154.62733481464,repair_complete,10,3,0,0,0,13
35164.18498006628,failure,10,2,1,0,1,12
35164.80148142039,repair_complete,10,3,0,0,0,13
35166.17760217969,failure,10,2,1,0,1,12
35166.236822662424,repair_complete,10,3,0,0,0,13
35177.62842345185,failure,10,2,1,0,1,12
35178.56802800931,repair_complete,10,3,0,0,0,13
35192.95505279839,failure,10,2,1,0,1,12
35193.64942159874,repair_complete,10,3,0,0,0,13
35196.69167519298,failure,10,2,1,0,1,12
35198.836069878984,repair_complete,10,3,0,0,0,13
35201.52667786201,failure,10,2,1,0,1,12
35204.11371111849,repair_complete,10,3,0,0,0,13
35227.942244191996,failure,10,2,1,0,1,12
35227.9895937926,failure,10,1,2,1,1,11
35228.68753930993,repair_complete,10,2,1,0,1,12
35229.79040813647,repair_complete,10,3,0,0,0,13
35235.45750993658,failure,10,2,1,0,1,12
35236.28693398736,repair_complete,10,3,0,0,0,13
35238.34687413372,failure,10,2,1,0,1,12
35238.51967063953,repair_complete,10,3,0,0,0,13
35246.9360071837,failure,10,2,1,0,1,12
35250.02613779993,repair_complete,10,3,0,0,0,13
35252.29065238854,failure,10,2,1,0,1,12
35252.79365569268,repair_complete,10,3,0,0,0,13
35283.11825362912,failure,10,2,1,0,1,12
35283.137863001284,repair_complete,10,3,0,0,0,13
35295.72517248984,failure,10,2,1,0,1,12
35296.26309897657,repair_complete,10,3,0,0,0,13
35310.10739568466,failure,10,2,1,0,1,12
35310.575834281306,repair_complete,10,3,0,0,0,13
35319.326358893166,failure,10,2,1,0,1,12
35319.942708474795,repair_complete,10,3,0,0,0,13
35329.56219521075,failure,10,2,1,0,1,12
35329.58931370486,repair_complete,10,3,0,0,0,13
35335.0937638694,failure,10,2,1,0,1,12
35335.467770997064,repair_complete,10,3,0,0,0,13
35352.282079230914,failure,10,2,1,0,1,12
35352.93216288149,repair_complete,10,3,0,0,0,13
35367.326284865434,failure,10,2,1,0,1,12
35369.56937024343,repair_complete,10,3,0,0,0,13
35372.00429004182,failure,10,2,1,0,1,12
35372.12334077971,repair_complete,10,3,0,0,0,13
35374.92145879799,failure,10,2,1,0,1,12
35376.93141956863,repair_complete,10,3,0,0,0,13
35385.07367195864,failure,10,2,1,0,1,12
35387.08492756243,repair_complete,10,3,0,0,0,13
35391.86163007843,failure,10,2,1,0,1,12
35392.34379641076,repair_complete,10,3,0,0,0,13
35398.45646677803,failure,10,2,1,0,1,12
35398.535618594884,repair_complete,10,3,0,0,0,13
35426.83966394322,failure,10,2,1,0,1,12
35429.03862005458,repair_complete,10,3,0,0,0,13
35430.95292730411,failure,10,2,1,0,1,12
35431.46208713292,repair_complete,10,3,0,0,0,13
35441.866411315365,failure,10,2,1,0,1,12
35444.3822718864,repair_complete,10,3,0,0,0,13
35485.450478978586,failure,10,2,1,0,1,12
35489.0299653544,failure,10,1,2,1,1,11
35492.62077049234,repair_complete,10,2,1,0,1,12
35493.10807702785,repair_complete,10,3,0,0,0,13
35514.82710187087,failure,10,2,1,0,1,12
35515.38979982446,failure,10,1,2,1,1,11
35515.645524659965,repair_complete,10,2,1,0,1,12
35516.27321631705,repair_complete,10,3,0,0,0,13
35564.118860649636,failure,10,2,1,0,1,12
35565.37803373892,repair_complete,10,3,0,0,0,13
35572.06428567857,failure,10,2,1,0,1,12
35572.6617173955,repair_complete,10,3,0,0,0,13
35584.537930355145,failure,10,2,1,0,1,12
35586.14933405707,repair_complete,10,3,0,0,0,13
35592.5665040689,failure,10,2,1,0,1,12
35592.618047882126,repair_complete,10,3,0,0,0,13
35607.6103383134,failure,10,2,1,0,1,12
35607.83014873768,repair_complete,10,3,0,0,0,13
35630.598020004174,failure,10,2,1,0,1,12
35630.8567118096,repair_complete,10,3,0,0,0,13
35634.830011928316,failure,10,2,1,0,1,12
35635.29784273632,repair_complete,10,3,0,0,0,13
35636.700475232305,failure,10,2,1,0,1,12
35637.18566804153,repair_complete,10,3,0,0,0,13
35642.53078268212,failure,10,2,1,0,1,12
35642.76600427329,repair_complete,10,3,0,0,0,13
35655.01215104588,failure,10,2,1,0,1,12
35655.7043679281,repair_complete,10,3,0,0,0,13
35666.659501660084,failure,10,2,1,0,1,12
35666.73970623671,repair_complete,10,3,0,0,0,13
35670.519088826484,failure,10,2,1,0,1,12
35671.77970080862,repair_complete,10,3,0,0,0,13
35676.234443551,failure,10,2,1,0,1,12
35676.84659753704,repair_complete,10,3,0,0,0,13
35683.05755268532,failure,10,2,1,0,1,12
35684.13051549536,repair_complete,10,3,0,0,0,13
35698.72669053255,failure,10,2,1,0,1,12
35698.83034552827,repair_complete,10,3,0,0,0,13
35710.780734908425,failure,10,2,1,0,1,12
35711.04376545413,repair_complete,10,3,0,0,0,13
35712.87429337056,failure,10,2,1,0,1,12
35715.273091613584,repair_complete,10,3,0,0,0,13
35728.66717218184,failure,10,2,1,0,1,12
35729.034104989456,repair_complete,10,3,0,0,0,13
35731.49839817103,failure,10,2,1,0,1,12
35732.57600499136,repair_complete,10,3,0,0,0,13
35739.70537485162,failure,10,2,1,0,1,12
35739.71166106024,repair_complete,10,3,0,0,0,13
35748.289644012424,failure,10,2,1,0,1,12
35750.56513185567,repair_complete,10,3,0,0,0,13
35754.11734057394,failure,10,2,1,0,1,12
35754.23359083978,repair_complete,10,3,0,0,0,13
35755.89572151973,failure,10,2,1,0,1,12
35756.45433780121,repair_complete,10,3,0,0,0,13
35757.17286436735,failure,10,2,1,0,1,12
35759.86185928963,repair_complete,10,3,0,0,0,13
35786.15317500674,failure,10,2,1,0,1,12
35787.34117944564,failure,10,1,2,1,1,11
35788.28718251336,failure,10,0,3,2,1,10
35788.30008104514,repair_complete,10,1,2,1,1,11
35788.34605679622,repair_complete,10,2,1,0,1,12
35788.53867239795,repair_complete,10,3,0,0,0,13
35793.164172175006,failure,10,2,1,0,1,12
35793.32865234181,failure,10,1,2,1,1,11
35793.49381876993,repair_complete,10,2,1,0,1,12
35793.820611857176,failure,10,1,2,1,1,11
35793.95009631093,repair_complete,10,2,1,0,1,12
35795.536611268086,repair_complete,10,3,0,0,0,13
35808.25825030487,failure,10,2,1,0,1,12
35810.14887219059,repair_complete,10,3,0,0,0,13
35837.394132206944,failure,10,2,1,0,1,12
35837.907682395584,repair_complete,10,3,0,0,0,13
35853.434539518115,failure,10,2,1,0,1,12
35854.93462355487,repair_complete,10,3,0,0,0,13
35862.60309086787,failure,10,2,1,0,1,12
35863.696457025326,repair_complete,10,3,0,0,0,13
35866.11907522487,failure,10,2,1,0,1,12
35867.65118457732,repair_complete,10,3,0,0,0,13
35878.588397648724,failure,10,2,1,0,1,12
35878.68734568135,repair_complete,10,3,0,0,0,13
35883.97609254142,failure,10,2,1,0,1,12
35884.78579106205,repair_complete,10,3,0,0,0,13
35885.16288038516,failure,10,2,1,0,1,12
35886.08419100586,repair_complete,10,3,0,0,0,13
35906.864216155875,failure,10,2,1,0,1,12
35908.570988211606,repair_complete,10,3,0,0,0,13
35911.14157314872,failure,10,2,1,0,1,12
35911.56756401861,repair_complete,10,3,0,0,0,13
35932.71925729934,failure,10,2,1,0,1,12
35932.83308280271,repair_complete,10,3,0,0,0,13
35940.83210304136,failure,10,2,1,0,1,12
35942.501980400666,repair_complete,10,3,0,0,0,13
35960.954378953546,failure,10,2,1,0,1,12
35961.486849084205,repair_complete,10,3,0,0,0,13
35965.91394141893,failure,10,2,1,0,1,12
35968.30836185693,repair_complete,10,3,0,0,0,13
35984.82242327493,failure,10,2,1,0,1,12
35986.534105835606,repair_complete,10,3,0,0,0,13
35994.570342728264,failure,10,2,1,0,1,12
35995.72853090627,repair_complete,10,3,0,0,0,13
36009.027069038035,failure,10,2,1,0,1,12
36009.92579967961,repair_complete,10,3,0,0,0,13
36027.796946110786,failure,10,2,1,0,1,12
36028.74397150172,repair_complete,10,3,0,0,0,13
36057.555698990924,failure,10,2,1,0,1,12
36059.191016737845,repair_complete,10,3,0,0,0,13
36091.78863164594,failure,10,2,1,0,1,12
36094.590386243224,repair_complete,10,3,0,0,0,13
36110.616846252444,failure,10,2,1,0,1,12
36111.85589135304,repair_complete,10,3,0,0,0,13
36121.902084415444,failure,10,2,1,0,1,12
36122.21799166991,repair_complete,10,3,0,0,0,13
36127.05648213114,failure,10,2,1,0,1,12
36128.11333486003,repair_complete,10,3,0,0,0,13
36144.1816363025,failure,10,2,1,0,1,12
36144.22320478665,repair_complete,10,3,0,0,0,13
36164.13867977674,failure,10,2,1,0,1,12
36164.435636119895,repair_complete,10,3,0,0,0,13
36165.383130528695,failure,10,2,1,0,1,12
36165.47525787779,repair_complete,10,3,0,0,0,13
36168.64967741559,failure,10,2,1,0,1,12
36169.565008076854,repair_complete,10,3,0,0,0,13
36169.788924378,failure,10,2,1,0,1,12
36170.39573078016,repair_complete,10,3,0,0,0,13
36170.696700205146,failure,10,2,1,0,1,12
36172.82660642892,repair_complete,10,3,0,0,0,13
36177.079892153655,failure,10,2,1,0,1,12
36177.73056903489,repair_complete,10,3,0,0,0,13
36189.03701093057,failure,10,2,1,0,1,12
36189.317465110886,repair_complete,10,3,0,0,0,13
36190.336261822806,failure,10,2,1,0,1,12
36190.616253903434,repair_complete,10,3,0,0,0,13
36192.458654442446,failure,10,2,1,0,1,12
36193.54636287932,repair_complete,10,3,0,0,0,13
36196.14288765479,failure,10,2,1,0,1,12
36198.60816601277,repair_complete,10,3,0,0,0,13
36235.276517682956,failure,10,2,1,0,1,12
36237.119744817035,repair_complete,10,3,0,0,0,13
36238.03965074578,failure,10,2,1,0,1,12
36238.55538052401,repair_complete,10,3,0,0,0,13
36247.39375606925,failure,10,2,1,0,1,12
36247.39932755893,repair_complete,10,3,0,0,0,13
36272.18616080691,failure,10,2,1,0,1,12
36275.33878709263,repair_complete,10,3,0,0,0,13
36285.899353635185,failure,10,2,1,0,1,12
36285.91835385675,repair_complete,10,3,0,0,0,13
36300.55809123292,failure,10,2,1,0,1,12
36302.147647302874,repair_complete,10,3,0,0,0,13
36302.93961537094,failure,10,2,1,0,1,12
36304.843027060284,failure,10,1,2,1,1,11
36304.85461539113,repair_complete,10,2,1,0,1,12
36305.72080893663,repair_complete,10,3,0,0,0,13
36313.65036772639,failure,10,2,1,0,1,12
36313.818574836434,repair_complete,10,3,0,0,0,13
36315.69582622978,failure,10,2,1,0,1,12
36315.696675001,repair_complete,10,3,0,0,0,13
36323.76959943538,failure,10,2,1,0,1,12
36323.798637953645,repair_complete,10,3,0,0,0,13
36328.30669509262,failure,10,2,1,0,1,12
36328.3788064111,repair_complete,10,3,0,0,0,13
36332.50325058435,failure,10,2,1,0,1,12
36332.629062792425,repair_complete,10,3,0,0,0,13
36356.327163315626,failure,10,2,1,0,1,12
36359.086484823616,repair_complete,10,3,0,0,0,13
36382.57613715824,failure,10,2,1,0,1,12
36383.26578868212,repair_complete,10,3,0,0,0,13
36384.70614570411,failure,10,2,1,0,1,12
36385.08320519141,repair_complete,10,3,0,0,0,13
36424.945689852204,failure,10,2,1,0,1,12
36427.241015322536,failure,10,1,2,1,1,11
36427.66380889878,repair_complete,10,2,1,0,1,12
36428.73612504367,repair_complete,10,3,0,0,0,13
36447.6425004948,failure,10,2,1,0,1,12
36448.50096492062,repair_complete,10,3,0,0,0,13
36469.04657361254,failure,10,2,1,0,1,12
36469.36071937765,repair_complete,10,3,0,0,0,13
36483.30499644973,failure,10,2,1,0,1,12
36483.46272590547,repair_complete,10,3,0,0,0,13
36502.91800789203,failure,10,2,1,0,1,12
36503.354870698655,repair_complete,10,3,0,0,0,13
36506.27631110825,failure,10,2,1,0,1,12
36507.33428351067,repair_complete,10,3,0,0,0,13
36519.643182151354,failure,10,2,1,0,1,12
36520.065181718666,repair_complete,10,3,0,0,0,13
36535.44400211039,failure,10,2,1,0,1,12
36536.889713994206,repair_complete,10,3,0,0,0,13
36537.1808236321,failure,10,2,1,0,1,12
36537.4155913261,repair_complete,10,3,0,0,0,13
36540.672710259205,failure,10,2,1,0,1,12
36541.68377203567,failure,10,1,2,1,1,11
36542.53386445483,repair_complete,10,2,1,0,1,12
36544.510388534734,repair_complete,10,3,0,0,0,13
36549.88300882812,failure,10,2,1,0,1,12
36550.9437125643,repair_complete,10,3,0,0,0,13
36555.20760052202,failure,10,2,1,0,1,12
36555.61701387811,repair_complete,10,3,0,0,0,13
36559.6310578969,failure,10,2,1,0,1,12
36560.26524674713,repair_complete,10,3,0,0,0,13
36561.31160854958,failure,10,2,1,0,1,12
36561.406099346415,repair_complete,10,3,0,0,0,13
36563.301004346686,failure,10,2,1,0,1,12
36563.70942570734,repair_complete,10,3,0,0,0,13
36564.246910475755,failure,10,2,1,0,1,12
36564.373361275924,repair_complete,10,3,0,0,0,13
36566.436716015676,failure,10,2,1,0,1,12
36570.82289324598,repair_complete,10,3,0,0,0,13
36593.94810527674,failure,10,2,1,0,1,12
36594.50802116242,repair_complete,10,3,0,0,0,13
36595.765659329794,failure,10,2,1,0,1,12
36596.7414871253,repair_complete,10,3,0,0,0,13
36605.95319462453,failure,10,2,1,0,1,12
36606.47024005078,repair_complete,10,3,0,0,0,13
36610.5107299625,failure,10,2,1,0,1,12
36610.85633333705,repair_complete,10,3,0,0,0,13
36614.61346936765,failure,10,2,1,0,1,12
36615.095236371126,repair_complete,10,3,0,0,0,13
36616.0077744211,failure,10,2,1,0,1,12
36616.60981165761,repair_complete,10,3,0,0,0,13
36628.284559922606,failure,10,2,1,0,1,12
36629.036447141225,repair_complete,10,3,0,0,0,13
36629.34336530088,failure,10,2,1,0,1,12
36629.66963123366,repair_complete,10,3,0,0,0,13
36632.21509692448,failure,10,2,1,0,1,12
36634.41474078071,repair_complete,10,3,0,0,0,13
36641.638435492394,failure,10,2,1,0,1,12
36641.69194905728,repair_complete,10,3,0,0,0,13
36647.74348063749,failure,10,2,1,0,1,12
36647.79825069532,repair_complete,10,3,0,0,0,13
36679.54664073773,failure,10,2,1,0,1,12
36679.63825149684,repair_complete,10,3,0,0,0,13
36693.59482066201,failure,10,2,1,0,1,12
36694.819241773104,repair_complete,10,3,0,0,0,13
36736.83321146692,failure,10,2,1,0,1,12
36737.521427526706,repair_complete,10,3,0,0,0,13
36749.36494374949,failure,10,2,1,0,1,12
36750.04599585773,failure,10,1,2,1,1,11
36750.73483261399,repair_complete,10,2,1,0,1,12
36750.82709968035,repair_complete,10,3,0,0,0,13
36753.825639209455,failure,10,2,1,0,1,12
36755.270069535814,failure,10,1,2,1,1,11
36755.511544517,repair_complete,10,2,1,0,1,12
36756.39738595753,repair_complete,10,3,0,0,0,13
36760.068399434225,failure,10,2,1,0,1,12
36760.20705788776,repair_complete,10,3,0,0,0,13
36762.68712674082,failure,10,2,1,0,1,12
36763.252215774526,repair_complete,10,3,0,0,0,13
36766.108233652405,failure,10,2,1,0,1,12
36766.291591191555,repair_complete,10,3,0,0,0,13
36773.48748369427,failure,10,2,1,0,1,12
36773.56185125722,repair_complete,10,3,0,0,0,13
36774.93326831088,failure,10,2,1,0,1,12
36775.186854273474,repair_complete,10,3,0,0,0,13
36792.197836619955,failure,10,2,1,0,1,12
36792.792855250445,repair_complete,10,3,0,0,0,13
36794.53666083438,failure,10,2,1,0,1,12
36797.16095859048,repair_complete,10,3,0,0,0,13
36798.89935744576,failure,10,2,1,0,1,12
36799.978223932514,repair_complete,10,3,0,0,0,13
36807.67345205208,failure,10,2,1,0,1,12
36808.1344265847,repair_complete,10,3,0,0,0,13
36835.729519476896,failure,10,2,1,0,1,12
36836.43251068245,failure,10,1,2,1,1,11
36838.16534351365,repair_complete,10,2,1,0,1,12
36838.661360447564,repair_complete,10,3,0,0,0,13
36846.414931259205,failure,10,2,1,0,1,12
36846.98014062219,repair_complete,10,3,0,0,0,13
36881.82606946079,failure,10,2,1,0,1,12
36881.84426295861,failure,10,1,2,1,1,11
36882.610952927054,repair_complete,10,2,1,0,1,12
36883.39370186892,repair_complete,10,3,0,0,0,13
36888.033727155555,failure,10,2,1,0,1,12
36888.272472011835,repair_complete,10,3,0,0,0,13
36890.733251178564,failure,10,2,1,0,1,12
36891.326958455116,repair_complete,10,3,0,0,0,13
36894.354248490396,failure,10,2,1,0,1,12
36895.4792101431,repair_complete,10,3,0,0,0,13
36897.839160984666,failure,10,2,1,0,1,12
36898.10492767206,repair_complete,10,3,0,0,0,13
36906.002352345226,failure,10,2,1,0,1,12
36907.264715851874,repair_complete,10,3,0,0,0,13
36915.255842495055,failure,10,2,1,0,1,12
36916.00871671882,repair_complete,10,3,0,0,0,13
36916.6728141841,failure,10,2,1,0,1,12
36917.241524009005,repair_complete,10,3,0,0,0,13
36918.838756390986,failure,10,2,1,0,1,12
36919.825195668185,repair_complete,10,3,0,0,0,13
36923.57818190821,failure,10,2,1,0,1,12
36924.43781235261,repair_complete,10,3,0,0,0,13
36929.813851142426,failure,10,2,1,0,1,12
36929.879480815245,failure,10,1,2,1,1,11
36929.96035192564,repair_complete,10,2,1,0,1,12
36930.099634299135,repair_complete,10,3,0,0,0,13
36939.0865357536,failure,10,2,1,0,1,12
36939.762921772905,repair_complete,10,3,0,0,0,13
36945.86181754697,failure,10,2,1,0,1,12
36947.9259543863,repair_complete,10,3,0,0,0,13
36950.745287810416,failure,10,2,1,0,1,12
36952.11438797791,repair_complete,10,3,0,0,0,13
36964.817312199564,failure,10,2,1,0,1,12
36964.889243153026,repair_complete,10,3,0,0,0,13
36965.40401941329,failure,10,2,1,0,1,12
36967.71017130902,repair_complete,10,3,0,0,0,13
36995.67134511304,failure,10,2,1,0,1,12
36997.02846801027,repair_complete,10,3,0,0,0,13
36999.40756528368,failure,10,2,1,0,1,12
37001.36351046337,repair_complete,10,3,0,0,0,13
37005.437516022066,failure,10,2,1,0,1,12
37006.31252604387,repair_complete,10,3,0,0,0,13
37014.31298701984,failure,10,2,1,0,1,12
37015.05839066529,repair_complete,10,3,0,0,0,13
37019.88609473724,failure,10,2,1,0,1,12
37020.573415867446,repair_complete,10,3,0,0,0,13
37021.15753671254,failure,10,2,1,0,1,12
37021.49358303596,repair_complete,10,3,0,0,0,13
37024.28716149346,failure,10,2,1,0,1,12
37024.441329513094,repair_complete,10,3,0,0,0,13
37051.650515561276,failure,10,2,1,0,1,12
37053.870633677354,repair_complete,10,3,0,0,0,13
37061.29906288396,failure,10,2,1,0,1,12
37061.432415085525,repair_complete,10,3,0,0,0,13
37068.65606518615,failure,10,2,1,0,1,12
37068.71062603187,repair_complete,10,3,0,0,0,13
37069.875438658506,failure,10,2,1,0,1,12
37070.53954819241,failure,10,1,2,1,1,11
37070.986391905484,repair_complete,10,2,1,0,1,12
37071.15742276408,repair_complete,10,3,0,0,0,13
37079.66398363241,failure,10,2,1,0,1,12
37080.46233482277,failure,10,1,2,1,1,11
37080.59738768953,repair_complete,10,2,1,0,1,12
37081.27301991637,repair_complete,10,3,0,0,0,13
37101.84761675009,failure,10,2,1,0,1,12
37103.65151520244,repair_complete,10,3,0,0,0,13
37124.461007852515,failure,10,2,1,0,1,12
37124.59732845671,repair_complete,10,3,0,0,0,13
37127.763578046965,failure,10,2,1,0,1,12
37128.61615243164,repair_complete,10,3,0,0,0,13
37137.85074423556,failure,10,2,1,0,1,12
37139.11380564529,repair_complete,10,3,0,0,0,13
37141.1035778723,failure,10,2,1,0,1,12
37143.601603195384,repair_complete,10,3,0,0,0,13
37144.26669084106,failure,10,2,1,0,1,12
37144.63581307579,repair_complete,10,3,0,0,0,13
37145.71614060629,failure,10,2,1,0,1,12
37145.994681694414,repair_complete,10,3,0,0,0,13
37155.307642199354,failure,10,2,1,0,1,12
37156.86234838657,repair_complete,10,3,0,0,0,13
37170.48697609875,failure,10,2,1,0,1,12
37171.092315042886,repair_complete,10,3,0,0,0,13
37190.64471880055,failure,10,2,1,0,1,12
37192.33561526372,repair_complete,10,3,0,0,0,13
37192.910734944366,failure,10,2,1,0,1,12
37193.596224268644,repair_complete,10,3,0,0,0,13
37200.79678560438,failure,10,2,1,0,1,12
37200.85407119637,repair_complete,10,3,0,0,0,13
37207.665128010165,failure,10,2,1,0,1,12
37210.69036174802,repair_complete,10,3,0,0,0,13
37218.41370247686,failure,10,2,1,0,1,12
37219.31533041742,repair_complete,10,3,0,0,0,13
37231.68339007275,failure,10,2,1,0,1,12
37233.68389523203,repair_complete,10,3,0,0,0,13
37245.98434986249,failure,10,2,1,0,1,12
37246.25402231034,repair_complete,10,3,0,0,0,13
37255.13869512887,failure,10,2,1,0,1,12
37255.82005766576,repair_complete,10,3,0,0,0,13
37258.30242662222,failure,10,2,1,0,1,12
37258.333717953894,repair_complete,10,3,0,0,0,13
37263.84614739904,failure,10,2,1,0,1,12
37264.746066755266,repair_complete,10,3,0,0,0,13
37273.917331442426,failure,10,2,1,0,1,12
37274.986438702246,repair_complete,10,3,0,0,0,13
37286.10648229774,failure,10,2,1,0,1,12
37286.19651793491,failure,10,1,2,1,1,11
37286.54774756131,repair_complete,10,2,1,0,1,12
37287.777872968414,repair_complete,10,3,0,0,0,13
37294.49704082055,failure,10,2,1,0,1,12
37295.01451969131,repair_complete,10,3,0,0,0,13
37301.06993995078,failure,10,2,1,0,1,12
37302.97057323973,repair_complete,10,3,0,0,0,13
37313.745538990785,failure,10,2,1,0,1,12
37314.67939812871,repair_complete,10,3,0,0,0,13
37319.475755949774,failure,10,2,1,0,1,12
37320.41550263863,repair_complete,10,3,0,0,0,13
37320.906674824575,failure,10,2,1,0,1,12
37320.95227402137,repair_complete,10,3,0,0,0,13
37326.10150688778,failure,10,2,1,0,1,12
37327.52402720537,repair_complete,10,3,0,0,0,13
37362.60853335931,failure,10,2,1,0,1,12
37363.60398137309,repair_complete,10,3,0,0,0,13
37364.55838130083,failure,10,2,1,0,1,12
37364.905357752075,repair_complete,10,3,0,0,0,13
37383.740940666554,failure,10,2,1,0,1,12
37384.96129967024,repair_complete,10,3,0,0,0,13
37389.225800620385,failure,10,2,1,0,1,12
37389.64442072955,failure,10,1,2,1,1,11
37390.914125479445,repair_complete,10,2,1,0,1,12
37392.46752826877,repair_complete,10,3,0,0,0,13
37396.83742185189,failure,10,2,1,0,1,12
37397.33758315948,repair_complete,10,3,0,0,0,13
37398.75966688265,failure,10,2,1,0,1,12
37399.49160196582,repair_complete,10,3,0,0,0,13
37404.22209393246,failure,10,2,1,0,1,12
37404.876009065854,repair_complete,10,3,0,0,0,13
37418.349957246384,failure,10,2,1,0,1,12
37419.074002498506,repair_complete,10,3,0,0,0,13
37420.7470921844,failure,10,2,1,0,1,12
37420.999634967535,repair_complete,10,3,0,0,0,13
37422.55798125823,failure,10,2,1,0,1,12
37422.757557752746,repair_complete,10,3,0,0,0,13
37426.911171807966,failure,10,2,1,0,1,12
37427.26788685056,repair_complete,10,3,0,0,0,13
37429.40113958927,failure,10,2,1,0,1,12
37429.8478401791,failure,10,1,2,1,1,11
37430.60579371447,repair_complete,10,2,1,0,1,12
37431.89227235838,repair_complete,10,3,0,0,0,13
37460.946113734964,failure,10,2,1,0,1,12
37461.22890318288,failure,10,1,2,1,1,11
37463.063055774386,repair_complete,10,2,1,0,1,12
37463.608996106035,repair_complete,10,3,0,0,0,13
37465.133455098476,failure,10,2,1,0,1,12
37466.000898762046,repair_complete,10,3,0,0,0,13
37472.01620329213,failure,10,2,1,0,1,12
37472.52932684911,repair_complete,10,3,0,0,0,13
37478.616711179915,failure,10,2,1,0,1,12
37478.79304898773,repair_complete,10,3,0,0,0,13
37478.818542302906,failure,10,2,1,0,1,12
37478.93507604525,repair_complete,10,3,0,0,0,13
37479.92808696942,failure,10,2,1,0,1,12
37481.14884519983,repair_complete,10,3,0,0,0,13
37482.117066832274,failure,10,2,1,0,1,12
37483.11431856888,repair_complete,10,3,0,0,0,13
37496.853028671314,failure,10,2,1,0,1,12
37497.047549239396,repair_complete,10,3,0,0,0,13
37510.912514279094,failure,10,2,1,0,1,12
37511.39725120778,repair_complete,10,3,0,0,0,13
37520.629495676105,failure,10,2,1,0,1,12
37522.526910503206,repair_complete,10,3,0,0,0,13
37524.37597968113,failure,10,2,1,0,1,12
37524.500427062885,repair_complete,10,3,0,0,0,13
37529.03217097203,failure,10,2,1,0,1,12
37529.25391511139,repair_complete,10,3,0,0,0,13
37545.72838146724,failure,10,2,1,0,1,12
37547.82319117069,repair_complete,10,3,0,0,0,13
37559.67554946836,failure,10,2,1,0,1,12
37560.28073698164,repair_complete,10,3,0,0,0,13
37562.418536165336,failure,10,2,1,0,1,12
37563.640814106184,repair_complete,10,3,0,0,0,13
37592.7729197779,failure,10,2,1,0,1,12
37593.86280734905,repair_complete,10,3,0,0,0,13
37606.002491091895,failure,10,2,1,0,1,12
37607.01805476427,repair_complete,10,3,0,0,0,13
37622.20989891341,failure,10,2,1,0,1,12
37623.58182771673,repair_complete,10,3,0,0,0,13
37624.98914431969,failure,10,2,1,0,1,12
37625.96079362249,repair_complete,10,3,0,0,0,13
37637.78058654526,failure,10,2,1,0,1,12
37638.35081444095,repair_complete,10,3,0,0,0,13
37647.19138078651,failure,10,2,1,0,1,12
37647.903354930975,repair_complete,10,3,0,0,0,13
37650.41648069259,failure,10,2,1,0,1,12
37652.878648110156,repair_complete,10,3,0,0,0,13
37670.90586310877,failure,10,2,1,0,1,12
37670.95369826075,repair_complete,10,3,0,0,0,13
37703.41645723635,failure,10,2,1,0,1,12
37703.45422381024,repair_complete,10,3,0,0,0,13
37722.49881318018,failure,10,2,1,0,1,12
37723.689220989065,repair_complete,10,3,0,0,0,13
37724.18498905591,failure,10,2,1,0,1,12
37725.67802657091,repair_complete,10,3,0,0,0,13
37737.418113825246,failure,10,2,1,0,1,12
37737.75352494784,repair_complete,10,3,0,0,0,13
37752.76701110102,failure,10,2,1,0,1,12
37752.97236997574,repair_complete,10,3,0,0,0,13
37780.21094830956,failure,10,2,1,0,1,12
37781.328531692954,repair_complete,10,3,0,0,0,13
37797.08271141347,failure,10,2,1,0,1,12
37797.413121023164,repair_complete,10,3,0,0,0,13
37798.7652578673,failure,10,2,1,0,1,12
37798.902658261024,repair_complete,10,3,0,0,0,13
37804.851496348674,failure,10,2,1,0,1,12
37806.20007763797,repair_complete,10,3,0,0,0,13
37833.47920169717,failure,10,2,1,0,1,12
37833.98798449317,repair_complete,10,3,0,0,0,13
37869.48755243528,failure,10,2,1,0,1,12
37870.46847168146,repair_complete,10,3,0,0,0,13
37872.277763440594,failure,10,2,1,0,1,12
37874.009769660894,repair_complete,10,3,0,0,0,13
37905.646769889056,failure,10,2,1,0,1,12
37907.54921089474,repair_complete,10,3,0,0,0,13
37908.046228172774,failure,10,2,1,0,1,12
37910.61216712456,repair_complete,10,3,0,0,0,13
37919.62152561452,failure,10,2,1,0,1,12
37922.42173536315,repair_complete,10,3,0,0,0,13
37945.74042801839,failure,10,2,1,0,1,12
37948.52797575726,repair_complete,10,3,0,0,0,13
37957.772283819024,failure,10,2,1,0,1,12
37958.574779732546,repair_complete,10,3,0,0,0,13
37959.49217877527,failure,10,2,1,0,1,12
37960.28721022681,repair_complete,10,3,0,0,0,13
37967.08166968625,failure,10,2,1,0,1,12
37967.761559734055,repair_complete,10,3,0,0,0,13
37981.115768244315,failure,10,2,1,0,1,12
37983.45974114737,repair_complete,10,3,0,0,0,13
37996.31657787625,failure,10,2,1,0,1,12
37997.37229361411,repair_complete,10,3,0,0,0,13
38003.261616146985,failure,10,2,1,0,1,12
38004.39906097895,repair_complete,10,3,0,0,0,13
38013.297830856245,failure,10,2,1,0,1,12
38014.773518038906,repair_complete,10,3,0,0,0,13
38024.566324833235,failure,10,2,1,0,1,12
38024.58867914184,repair_complete,10,3,0,0,0,13
38041.11912079704,failure,10,2,1,0,1,12
38041.65394446539,repair_complete,10,3,0,0,0,13
38046.54888572914,failure,10,2,1,0,1,12
38046.82038862313,repair_complete,10,3,0,0,0,13
38050.035951118516,failure,10,2,1,0,1,12
38050.109386680866,repair_complete,10,3,0,0,0,13
38063.34655562006,failure,10,2,1,0,1,12
38064.40307003635,repair_complete,10,3,0,0,0,13
38074.91033231031,failure,10,2,1,0,1,12
38075.54066004365,repair_complete,10,3,0,0,0,13
38076.067330137725,failure,10,2,1,0,1,12
38078.0771573145,repair_complete,10,3,0,0,0,13
38088.24879345606,failure,10,2,1,0,1,12
38089.06373007719,repair_complete,10,3,0,0,0,13
38092.14889600682,failure,10,2,1,0,1,12
38092.16440377189,repair_complete,10,3,0,0,0,13
38112.28442284436,failure,10,2,1,0,1,12
38112.493342580274,failure,10,1,2,1,1,11
38114.278952503744,repair_complete,10,2,1,0,1,12
38116.00795254639,repair_complete,10,3,0,0,0,13
38118.05818237491,failure,10,2,1,0,1,12
38118.368691353106,repair_complete,10,3,0,0,0,13
38140.76560202083,failure,10,2,1,0,1,12
38141.584159005026,repair_complete,10,3,0,0,0,13
38154.79673207571,failure,10,2,1,0,1,12
38155.99828962509,failure,10,1,2,1,1,11
38156.23595702246,repair_complete,10,2,1,0,1,12
38158.706052579706,repair_complete,10,3,0,0,0,13
38162.005965391436,failure,10,2,1,0,1,12
38162.44514259898,repair_complete,10,3,0,0,0,13
38180.90533078026,failure,10,2,1,0,1,12
38181.03683676932,failure,10,1,2,1,1,11
38181.828410837516,failure,10,0,3,2,1,10
38182.91647633264,repair_complete,10,1,2,1,1,11
38184.05506010985,repair_complete,10,2,1,0,1,12
38184.13679029457,repair_complete,10,3,0,0,0,13
38194.431363576856,failure,10,2,1,0,1,12
38196.52654492828,repair_complete,10,3,0,0,0,13
38211.388754646665,failure,10,2,1,0,1,12
38211.77443223687,repair_complete,10,3,0,0,0,13
38236.325281329795,failure,10,2,1,0,1,12
38237.28147468549,repair_complete,10,3,0,0,0,13
38246.34401118227,failure,10,2,1,0,1,12
38247.68825285765,repair_complete,10,3,0,0,0,13
38248.98333781364,failure,10,2,1,0,1,12
38249.38193465677,repair_complete,10,3,0,0,0,13
38249.590344010154,failure,10,2,1,0,1,12
38251.29429045608,repair_complete,10,3,0,0,0,13
38259.56509166309,failure,10,2,1,0,1,12
38259.63416606483,repair_complete,10,3,0,0,0,13
38262.34103891014,failure,10,2,1,0,1,12
38264.241304192794,repair_complete,10,3,0,0,0,13
38283.535983491616,failure,10,2,1,0,1,12
38283.807564689974,repair_complete,10,3,0,0,0,13
38284.269289106254,failure,10,2,1,0,1,12
38284.55316583526,repair_complete,10,3,0,0,0,13
38287.93876547581,failure,10,2,1,0,1,12
38290.65115759247,repair_complete,10,3,0,0,0,13
38297.53156933009,failure,10,2,1,0,1,12
38298.03464421814,repair_complete,10,3,0,0,0,13
38299.72851077164,failure,10,2,1,0,1,12
38300.070229678524,repair_complete,10,3,0,0,0,13
38307.36758434192,failure,10,2,1,0,1,12
38307.927481808416,repair_complete,10,3,0,0,0,13
38314.83111200293,failure,10,2,1,0,1,12
38315.635029793055,repair_complete,10,3,0,0,0,13
38319.110493740765,failure,10,2,1,0,1,12
38319.22594718618,failure,10,1,2,1,1,11
38321.91382518631,repair_complete,10,2,1,0,1,12
38322.22978324222,repair_complete,10,3,0,0,0,13
38352.12143776815,failure,10,2,1,0,1,12
38352.34554598501,repair_complete,10,3,0,0,0,13
38359.25055804604,failure,10,2,1,0,1,12
38359.47541708872,failure,10,1,2,1,1,11
38361.014048662844,repair_complete,10,2,1,0,1,12
38361.92620828614,repair_complete,10,3,0,0,0,13
38374.393253821385,failure,10,2,1,0,1,12
38374.743899425775,failure,10,1,2,1,1,11
38378.624020203424,repair_complete,10,2,1,0,1,12
38379.726407476075,repair_complete,10,3,0,0,0,13
38393.38623433123,failure,10,2,1,0,1,12
38395.25073050977,repair_complete,10,3,0,0,0,13
38396.02383288231,failure,10,2,1,0,1,12
38397.65672811034,repair_complete,10,3,0,0,0,13
38408.299859043545,failure,10,2,1,0,1,12
38408.611922932454,repair_complete,10,3,0,0,0,13
38409.374967416166,failure,10,2,1,0,1,12
38409.55272231126,repair_complete,10,3,0,0,0,13
38419.52807556866,failure,10,2,1,0,1,12
38419.77610616533,repair_complete,10,3,0,0,0,13
38429.04897552289,failure,10,2,1,0,1,12
38430.27191907302,repair_complete,10,3,0,0,0,13
38431.77479511368,failure,10,2,1,0,1,12
38432.04139374424,repair_complete,10,3,0,0,0,13
38451.80360913436,failure,10,2,1,0,1,12
38452.6308017138,repair_complete,10,3,0,0,0,13
38464.848441709764,failure,10,2,1,0,1,12
38465.01967527534,repair_complete,10,3,0,0,0,13
38474.34021952541,failure,10,2,1,0,1,12
38476.3798049199,repair_complete,10,3,0,0,0,13
38487.46303073853,failure,10,2,1,0,1,12
38489.66098672654,repair_complete,10,3,0,0,0,13
38502.79310703448,failure,10,2,1,0,1,12
38502.969003803715,repair_complete,10,3,0,0,0,13
38511.70545537064,failure,10,2,1,0,1,12
38512.59123140817,repair_complete,10,3,0,0,0,13
38524.90098851157,failure,10,2,1,0,1,12
38525.29306089115,repair_complete,10,3,0,0,0,13
38533.884566092274,failure,10,2,1,0,1,12
38535.753958911824,repair_complete,10,3,0,0,0,13
38537.168050236614,failure,10,2,1,0,1,12
38537.357608294325,repair_complete,10,3,0,0,0,13
38542.82437703592,failure,10,2,1,0,1,12
38543.31792361491,repair_complete,10,3,0,0,0,13
38557.64895783955,failure,10,2,1,0,1,12
38558.101999117665,repair_complete,10,3,0,0,0,13
38571.394783761156,failure,10,2,1,0,1,12
38571.48572906841,failure,10,1,2,1,1,11
38572.52346695267,repair_complete,10,2,1,0,1,12
38573.11715107335,repair_complete,10,3,0,0,0,13
38574.567104679845,failure,10,2,1,0,1,12
38575.51376474744,repair_complete,10,3,0,0,0,13
38579.52215751909,failure,10,2,1,0,1,12
38579.6314992222,repair_complete,10,3,0,0,0,13
38605.055894367666,failure,10,2,1,0,1,12
38606.09520784213,repair_complete,10,3,0,0,0,13
38609.692110007294,failure,10,2,1,0,1,12
38609.80019485413,repair_complete,10,3,0,0,0,13
38625.30712894498,failure,10,2,1,0,1,12
38625.59240059893,repair_complete,10,3,0,0,0,13
38633.99726190307,failure,10,2,1,0,1,12
38635.64663422812,repair_complete,10,3,0,0,0,13
38640.06497133179,failure,10,2,1,0,1,12
38641.421706989175,repair_complete,10,3,0,0,0,13
38646.86681973697,failure,10,2,1,0,1,12
38649.83603180715,repair_complete,10,3,0,0,0,13
38679.155231855926,failure,10,2,1,0,1,12
38680.67510203065,repair_complete,10,3,0,0,0,13
38691.55928245099,failure,10,2,1,0,1,12
38692.5515355756,repair_complete,10,3,0,0,0,13
38722.09909544895,failure,10,2,1,0,1,12
38724.734322889606,repair_complete,10,3,0,0,0,13
38774.63816838077,failure,10,2,1,0,1,12
38775.1152377761,repair_complete,10,3,0,0,0,13
38800.37230898698,failure,10,2,1,0,1,12
38800.537897878385,repair_complete,10,3,0,0,0,13
38802.10398457741,failure,10,2,1,0,1,12
38805.50336680267,failure,10,1,2,1,1,11
38805.6679649663,repair_complete,10,2,1,0,1,12
38807.27967533662,repair_complete,10,3,0,0,0,13
38811.634457393135,failure,10,2,1,0,1,12
38811.64636923124,repair_complete,10,3,0,0,0,13
38814.545435501524,failure,10,2,1,0,1,12
38814.6613053822,repair_complete,10,3,0,0,0,13
38816.52684014344,failure,10,2,1,0,1,12
38819.42490355114,repair_complete,10,3,0,0,0,13
38834.55531984238,failure,10,2,1,0,1,12
38835.232899524926,repair_complete,10,3,0,0,0,13
38850.60197187159,failure,10,2,1,0,1,12
38850.80379176828,repair_complete,10,3,0,0,0,13
38851.90203784642,failure,10,2,1,0,1,12
38852.20241412845,repair_complete,10,3,0,0,0,13
38856.90017986072,failure,10,2,1,0,1,12
38857.063485840365,repair_complete,10,3,0,0,0,13
38874.64030025731,failure,10,2,1,0,1,12
38875.20000762485,repair_complete,10,3,0,0,0,13
38879.653144382,failure,10,2,1,0,1,12
38882.12022627092,failure,10,1,2,1,1,11
38883.39398471775,repair_complete,10,2,1,0,1,12
38883.76082977415,repair_complete,10,3,0,0,0,13
38890.40767673159,failure,10,2,1,0,1,12
38890.88202492708,repair_complete,10,3,0,0,0,13
38924.660304923316,failure,10,2,1,0,1,12
38925.15475266023,repair_complete,10,3,0,0,0,13
38926.84720770907,failure,10,2,1,0,1,12
38928.23671454205,repair_complete,10,3,0,0,0,13
38986.42977110092,failure,10,2,1,0,1,12
38986.76858983642,repair_complete,10,3,0,0,0,13
38992.98674851768,failure,10,2,1,0,1,12
38994.99587028717,repair_complete,10,3,0,0,0,13
38998.838047386234,failure,10,2,1,0,1,12
38998.86799430519,repair_complete,10,3,0,0,0,13
39008.33928527749,failure,10,2,1,0,1,12
39008.44548440132,repair_complete,10,3,0,0,0,13
39012.17612407125,failure,10,2,1,0,1,12
39012.202988815494,failure,10,1,2,1,1,11
39012.928278032225,repair_complete,10,2,1,0,1,12
39014.83726091528,repair_complete,10,3,0,0,0,13
39032.14485372038,failure,10,2,1,0,1,12
39033.82945681992,failure,10,1,2,1,1,11
39034.16168001968,repair_complete,10,2,1,0,1,12
39035.060471942226,repair_complete,10,3,0,0,0,13
39036.32321367453,failure,10,2,1,0,1,12
39036.42215891198,repair_complete,10,3,0,0,0,13
39046.13452532192,failure,10,2,1,0,1,12
39046.73928843467,repair_complete,10,3,0,0,0,13
39050.204582702165,failure,10,2,1,0,1,12
39050.7035860269,failure,10,1,2,1,1,11
39051.57654148916,repair_complete,10,2,1,0,1,12
39052.02220738892,repair_complete,10,3,0,0,0,13
39053.37790321408,failure,10,2,1,0,1,12
39053.84447353624,failure,10,1,2,1,1,11
39053.92341464569,repair_complete,10,2,1,0,1,12
39054.17674464113,repair_complete,10,3,0,0,0,13
39054.38061252964,failure,10,2,1,0,1,12
39055.85639963089,repair_complete,10,3,0,0,0,13
39056.61144375582,failure,10,2,1,0,1,12
39058.41321683109,repair_complete,10,3,0,0,0,13
39074.15798475684,failure,10,2,1,0,1,12
39075.13418649912,repair_complete,10,3,0,0,0,13
39076.20298585464,failure,10,2,1,0,1,12
39078.55166070405,failure,10,1,2,1,1,11
39078.63302996704,repair_complete,10,2,1,0,1,12
39079.08102376625,repair_complete,10,3,0,0,0,13
39086.95758224443,failure,10,2,1,0,1,12
39087.29691509476,repair_complete,10,3,0,0,0,13
39093.38115459506,failure,10,2,1,0,1,12
39093.39859527354,repair_complete,10,3,0,0,0,13
39097.962907524656,failure,10,2,1,0,1,12
39099.30348379454,repair_complete,10,3,0,0,0,13
39133.5578990454,failure,10,2,1,0,1,12
39134.59793329624,repair_complete,10,3,0,0,0,13
39148.30153813815,failure,10,2,1,0,1,12
39149.38485436848,repair_complete,10,3,0,0,0,13
39154.7306857855,failure,10,2,1,0,1,12
39155.06321254554,repair_complete,10,3,0,0,0,13
39156.43410877147,failure,10,2,1,0,1,12
39157.36576794821,repair_complete,10,3,0,0,0,13
39164.80545665753,failure,10,2,1,0,1,12
39165.1489180007,repair_complete,10,3,0,0,0,13
39167.96478353985,failure,10,2,1,0,1,12
39168.14409794212,repair_complete,10,3,0,0,0,13
39185.79745076264,failure,10,2,1,0,1,12
39186.008725897525,failure,10,1,2,1,1,11
39186.76291050713,repair_complete,10,2,1,0,1,12
39189.31105097722,repair_complete,10,3,0,0,0,13
39211.74225396764,failure,10,2,1,0,1,12
39212.33833749305,repair_complete,10,3,0,0,0,13
39214.8638376271,failure,10,2,1,0,1,12
39216.090350888655,repair_complete,10,3,0,0,0,13
39216.778990972234,failure,10,2,1,0,1,12
39217.21361968167,repair_complete,10,3,0,0,0,13
39237.829983783195,failure,10,2,1,0,1,12
39238.2644135085,repair_complete,10,3,0,0,0,13
39245.11334072109,failure,10,2,1,0,1,12
39245.232123044465,repair_complete,10,3,0,0,0,13
39250.82910035424,failure,10,2,1,0,1,12
39250.887546640064,repair_complete,10,3,0,0,0,13
39260.5456213657,failure,10,2,1,0,1,12
39260.99554048001,repair_complete,10,3,0,0,0,13
39262.73630798234,failure,10,2,1,0,1,12
39264.41232134556,repair_complete,10,3,0,0,0,13
39265.96830873684,failure,10,2,1,0,1,12
39266.293434063555,failure,10,1,2,1,1,11
39266.86210980146,repair_complete,10,2,1,0,1,12
39267.50838015947,failure,10,1,2,1,1,11
39267.68255116681,repair_complete,10,2,1,0,1,12
39268.05451147823,repair_complete,10,3,0,0,0,13
39284.99145562398,failure,10,2,1,0,1,12
39285.044307668955,repair_complete,10,3,0,0,0,13
39305.76697408928,failure,10,2,1,0,1,12
39306.47423382527,repair_complete,10,3,0,0,0,13
39316.532795254025,failure,10,2,1,0,1,12
39318.01104956205,repair_complete,10,3,0,0,0,13
39347.934520736155,failure,10,2,1,0,1,12
39348.27872467753,repair_complete,10,3,0,0,0,13
39348.37733099446,failure,10,2,1,0,1,12
39349.59026413802,repair_complete,10,3,0,0,0,13
39365.33567702154,failure,10,2,1,0,1,12
39366.359065326935,repair_complete,10,3,0,0,0,13
39368.493424641354,failure,10,2,1,0,1,12
39368.849518047624,repair_complete,10,3,0,0,0,13
39382.95403797298,failure,10,2,1,0,1,12
39384.31821158507,failure,10,1,2,1,1,11
39384.98320399674,repair_complete,10,2,1,0,1,12
39385.85472707887,failure,10,1,2,1,1,11
39386.8911523668,repair_complete,10,2,1,0,1,12
39387.07544584123,repair_complete,10,3,0,0,0,13
39401.9808629623,failure,10,2,1,0,1,12
39403.81762262147,repair_complete,10,3,0,0,0,13
39404.536473964625,failure,10,2,1,0,1,12
39405.21683593229,repair_complete,10,3,0,0,0,13
39414.39256600629,failure,10,2,1,0,1,12
39416.93795539969,repair_complete,10,3,0,0,0,13
39437.629894471895,failure,10,2,1,0,1,12
39438.79827185776,repair_complete,10,3,0,0,0,13
39449.13708107202,failure,10,2,1,0,1,12
39451.43469662378,failure,10,1,2,1,1,11
39452.705480806544,repair_complete,10,2,1,0,1,12
39453.40956534035,failure,10,1,2,1,1,11
39454.61668035294,repair_complete,10,2,1,0,1,12
39455.811382252235,failure,10,1,2,1,1,11
39456.23078951476,repair_complete,10,2,1,0,1,12
39457.11697914355,failure,10,1,2,1,1,11
39457.25997958676,repair_complete,10,2,1,0,1,12
39458.15824523684,failure,10,1,2,1,1,11
39458.32699807429,repair_complete,10,2,1,0,1,12
39459.13442859495,repair_complete,10,3,0,0,0,13
39475.233622429514,failure,10,2,1,0,1,12
39477.441986245474,repair_complete,10,3,0,0,0,13
39494.31736596153,failure,10,2,1,0,1,12
39495.023272082144,repair_complete,10,3,0,0,0,13
39495.23518126582,failure,10,2,1,0,1,12
39495.417371690884,repair_complete,10,3,0,0,0,13
39507.10435974333,failure,10,2,1,0,1,12
39507.72500303256,repair_complete,10,3,0,0,0,13
39516.199218108355,failure,10,2,1,0,1,12
39516.330343733,failure,10,1,2,1,1,11
39517.360199077986,repair_complete,10,2,1,0,1,12
39517.61826053414,repair_complete,10,3,0,0,0,13
39530.07012756167,failure,10,2,1,0,1,12
39531.989226450314,repair_complete,10,3,0,0,0,13
39536.24606205586,failure,10,2,1,0,1,12
39537.548540175216,repair_complete,10,3,0,0,0,13
39551.06007901989,failure,10,2,1,0,1,12
39552.308040958356,repair_complete,10,3,0,0,0,13
39563.82448568379,failure,10,2,1,0,1,12
39564.64037683493,repair_complete,10,3,0,0,0,13
39566.06082145055,failure,10,2,1,0,1,12
39566.55781340157,failure,10,1,2,1,1,11
39568.708968135215,repair_complete,10,2,1,0,1,12
39569.47766569471,repair_complete,10,3,0,0,0,13
39570.71710534676,failure,10,2,1,0,1,12
39572.9089598621,repair_complete,10,3,0,0,0,13
39579.069100062996,failure,10,2,1,0,1,12
39579.10370072662,failure,10,1,2,1,1,11
39579.237445561535,repair_complete,10,2,1,0,1,12
39579.30449569482,repair_complete,10,3,0,0,0,13
39579.66705263736,failure,10,2,1,0,1,12
39579.898272958315,repair_complete,10,3,0,0,0,13
39582.65853283195,failure,10,2,1,0,1,12
39583.91889250914,repair_complete,10,3,0,0,0,13
39587.74628728553,failure,10,2,1,0,1,12
39589.008908501004,repair_complete,10,3,0,0,0,13
39594.91578858274,failure,10,2,1,0,1,12
39595.61455860857,repair_complete,10,3,0,0,0,13
39604.07072550092,failure,10,2,1,0,1,12
39604.964644366315,repair_complete,10,3,0,0,0,13
39612.6284707779,failure,10,2,1,0,1,12
39614.21209842892,repair_complete,10,3,0,0,0,13
39665.87294970443,failure,10,2,1,0,1,12
39667.350224129805,repair_complete,10,3,0,0,0,13
39681.658441513224,failure,10,2,1,0,1,12
39681.94711218074,repair_complete,10,3,0,0,0,13
39706.071168025344,failure,10,2,1,0,1,12
39708.240283309824,repair_complete,10,3,0,0,0,13
39774.5327533876,failure,10,2,1,0,1,12
39775.00474069329,repair_complete,10,3,0,0,0,13
39775.74931860606,failure,10,2,1,0,1,12
39776.11999503276,repair_complete,10,3,0,0,0,13
39786.14346793541,failure,10,2,1,0,1,12
39786.64113435919,repair_complete,10,3,0,0,0,13
39804.831397685164,failure,10,2,1,0,1,12
39807.206087245315,repair_complete,10,3,0,0,0,13
39821.96562831897,failure,10,2,1,0,1,12
39822.82757108043,repair_complete,10,3,0,0,0,13
39832.74577143493,failure,10,2,1,0,1,12
39833.3971745985,repair_complete,10,3,0,0,0,13
39836.407192407496,failure,10,2,1,0,1,12
39836.44323550915,repair_complete,10,3,0,0,0,13
39838.88837407859,failure,10,2,1,0,1,12
39839.539311224435,repair_complete,10,3,0,0,0,13
39862.35013313291,failure,10,2,1,0,1,12
39863.40142292009,repair_complete,10,3,0,0,0,13
39867.82470907706,failure,10,2,1,0,1,12
39867.91063809867,repair_complete,10,3,0,0,0,13
39875.963861203214,failure,10,2,1,0,1,12
39877.60566176794,repair_complete,10,3,0,0,0,13
39913.10303978019,failure,10,2,1,0,1,12
39913.443479488276,repair_complete,10,3,0,0,0,13
39920.314526277485,failure,10,2,1,0,1,12
39925.00687313806,repair_complete,10,3,0,0,0,13
39925.960107591345,failure,10,2,1,0,1,12
39926.93042003098,repair_complete,10,3,0,0,0,13
39929.971812007505,failure,10,2,1,0,1,12
39930.292878005894,repair_complete,10,3,0,0,0,13
39938.14285934411,failure,10,2,1,0,1,12
39938.544749399196,repair_complete,10,3,0,0,0,13
39939.808784192435,failure,10,2,1,0,1,12
39942.544121138984,repair_complete,10,3,0,0,0,13
39944.308038063056,failure,10,2,1,0,1,12
39944.35611677146,repair_complete,10,3,0,0,0,13
39957.99698342414,failure,10,2,1,0,1,12
39959.11782657249,repair_complete,10,3,0,0,0,13
39967.44864771322,failure,10,2,1,0,1,12
39967.76874933812,repair_complete,10,3,0,0,0,13
39984.22577936429,failure,10,2,1,0,1,12
39985.60288825699,repair_complete,10,3,0,0,0,13
39992.21843681748,failure,10,2,1,0,1,12
39994.14492698497,repair_complete,10,3,0,0,0,13
40026.7322090355,failure,10,2,1,0,1,12
40028.32457485069,repair_complete,10,3,0,0,0,13
40043.90335371553,failure,10,2,1,0,1,12
40044.6689255985,failure,10,1,2,1,1,11
40045.078573940504,repair_complete,10,2,1,0,1,12
40047.09286183237,repair_complete,10,3,0,0,0,13
40056.015009202194,failure,10,2,1,0,1,12
40056.18148316916,repair_complete,10,3,0,0,0,13
40092.10339308514,failure,10,2,1,0,1,12
40093.04604703976,repair_complete,10,3,0,0,0,13
40108.29771178855,failure,10,2,1,0,1,12
40110.99579530542,repair_complete,10,3,0,0,0,13
40120.858295140446,failure,10,2,1,0,1,12
40121.69332932313,repair_complete,10,3,0,0,0,13
40128.017905096975,failure,10,2,1,0,1,12
40129.906642135524,failure,10,1,2,1,1,11
40131.14501568588,repair_complete,10,2,1,0,1,12
40131.22588614253,repair_complete,10,3,0,0,0,13
40132.584046746895,failure,10,2,1,0,1,12
40132.967948668076,repair_complete,10,3,0,0,0,13
40146.905699245166,failure,10,2,1,0,1,12
40147.880152629696,repair_complete,10,3,0,0,0,13
40149.64220134102,failure,10,2,1,0,1,12
40149.79992682285,repair_complete,10,3,0,0,0,13
40152.5996285623,failure,10,2,1,0,1,12
40152.63655952109,repair_complete,10,3,0,0,0,13
40157.368024621705,failure,10,2,1,0,1,12
40160.706731417005,repair_complete,10,3,0,0,0,13
40164.92013905347,failure,10,2,1,0,1,12
40166.002535317646,repair_complete,10,3,0,0,0,13
40168.229923355,failure,10,2,1,0,1,12
40169.401629687134,repair_complete,10,3,0,0,0,13
40176.48253100968,failure,10,2,1,0,1,12
40177.70267914144,repair_complete,10,3,0,0,0,13
40187.12272051055,failure,10,2,1,0,1,12
40189.55071984745,repair_complete,10,3,0,0,0,13
40202.497284464655,failure,10,2,1,0,1,12
40202.52553213711,repair_complete,10,3,0,0,0,13
40205.34566438313,failure,10,2,1,0,1,12
40205.4230541853,failure,10,1,2,1,1,11
40205.923139444436,repair_complete,10,2,1,0,1,12
40206.326781471056,repair_complete,10,3,0,0,0,13
40213.934011594756,failure,10,2,1,0,1,12
40215.752733679044,repair_complete,10,3,0,0,0,13
40217.28594908823,failure,10,2,1,0,1,12
40217.96818358867,repair_complete,10,3,0,0,0,13
40229.441937683885,failure,10,2,1,0,1,12
40229.47086595301,repair_complete,10,3,0,0,0,13
40236.38434635847,failure,10,2,1,0,1,12
40237.724306906166,repair_complete,10,3,0,0,0,13
40249.231346190354,failure,10,2,1,0,1,12
40249.369567293084,failure,10,1,2,1,1,11
40249.99311310862,failure,10,0,3,2,1,10
40252.75505570725,repair_complete,10,1,2,1,1,11
40256.248866786606,repair_complete,10,2,1,0,1,12
40256.2548452983,repair_complete,10,3,0,0,0,13
40260.18684124192,failure,10,2,1,0,1,12
40260.91716897893,repair_complete,10,3,0,0,0,13
40266.05250380919,failure,10,2,1,0,1,12
40266.352742446536,repair_complete,10,3,0,0,0,13
40278.557436909294,failure,10,2,1,0,1,12
40279.84334584946,failure,10,1,2,1,1,11
40281.58299902585,repair_complete,10,2,1,0,1,12
40283.105790306196,repair_complete,10,3,0,0,0,13
40289.330908362754,failure,10,2,1,0,1,12
40290.210572114185,repair_complete,10,3,0,0,0,13
40297.122504920924,failure,10,2,1,0,1,12
40298.58565699003,repair_complete,10,3,0,0,0,13
40314.22309652814,failure,10,2,1,0,1,12
40314.292678171965,repair_complete,10,3,0,0,0,13
40325.60470992449,failure,10,2,1,0,1,12
40326.76839216113,repair_complete,10,3,0,0,0,13
40328.39551789742,failure,10,2,1,0,1,12
40331.10698606247,repair_complete,10,3,0,0,0,13
40351.421982193344,failure,10,2,1,0,1,12
40352.424610935916,repair_complete,10,3,0,0,0,13
40355.58505264441,failure,10,2,1,0,1,12
40355.60931867579,failure,10,1,2,1,1,11
40355.9888682529,repair_complete,10,2,1,0,1,12
40357.828048954034,repair_complete,10,3,0,0,0,13
40365.69987109028,failure,10,2,1,0,1,12
40366.213134792306,failure,10,1,2,1,1,11
40368.6650473309,repair_complete,10,2,1,0,1,12
40368.741673835764,repair_complete,10,3,0,0,0,13
40380.38773523918,failure,10,2,1,0,1,12
40382.62371091843,repair_complete,10,3,0,0,0,13
40386.605346346056,failure,10,2,1,0,1,12
40387.40796392031,repair_complete,10,3,0,0,0,13
40395.59036218578,failure,10,2,1,0,1,12
40395.631583834125,failure,10,1,2,1,1,11
40395.79573714866,repair_complete,10,2,1,0,1,12
40397.68383834841,repair_complete,10,3,0,0,0,13
40404.85600069263,failure,10,2,1,0,1,12
40406.30038552774,repair_complete,10,3,0,0,0,13
40423.589724680525,failure,10,2,1,0,1,12
40424.015012578406,repair_complete,10,3,0,0,0,13
40431.72224903612,failure,10,2,1,0,1,12
40432.3500906286,repair_complete,10,3,0,0,0,13
40455.163640909435,failure,10,2,1,0,1,12
40455.8374502,repair_complete,10,3,0,0,0,13
40469.62983054111,failure,10,2,1,0,1,12
40470.31783346161,repair_complete,10,3,0,0,0,13
40480.15560902023,failure,10,2,1,0,1,12
40481.48982318122,repair_complete,10,3,0,0,0,13
40511.97797453022,failure,10,2,1,0,1,12
40514.78080982576,repair_complete,10,3,0,0,0,13
40519.822859925574,failure,10,2,1,0,1,12
40519.846116666115,repair_complete,10,3,0,0,0,13
40523.08146948803,failure,10,2,1,0,1,12
40523.73264178023,repair_complete,10,3,0,0,0,13
40539.2277398572,failure,10,2,1,0,1,12
40542.130775897516,repair_complete,10,3,0,0,0,13
40543.25109029604,failure,10,2,1,0,1,12
40544.60389341184,repair_complete,10,3,0,0,0,13
40547.38358050473,failure,10,2,1,0,1,12
40549.50860963717,repair_complete,10,3,0,0,0,13
40554.90777599411,failure,10,2,1,0,1,12
40556.300275220194,repair_complete,10,3,0,0,0,13
40556.65777766639,failure,10,2,1,0,1,12
40557.20816222768,failure,10,1,2,1,1,11
40557.578234699446,repair_complete,10,2,1,0,1,12
40558.0229743544,repair_complete,10,3,0,0,0,13
40574.38294316509,failure,10,2,1,0,1,12
40574.421912827886,repair_complete,10,3,0,0,0,13
40574.712562543915,failure,10,2,1,0,1,12
40574.78199710424,repair_complete,10,3,0,0,0,13
40575.28723775308,failure,10,2,1,0,1,12
40575.51719316225,repair_complete,10,3,0,0,0,13
40617.346464129056,failure,10,2,1,0,1,12
40618.12483168688,repair_complete,10,3,0,0,0,13
40640.054595474154,failure,10,2,1,0,1,12
40640.34118635569,repair_complete,10,3,0,0,0,13
40644.932315415084,failure,10,2,1,0,1,12
40645.838418152685,repair_complete,10,3,0,0,0,13
40656.27977150838,failure,10,2,1,0,1,12
40656.310449713135,repair_complete,10,3,0,0,0,13
40661.532741204624,failure,10,2,1,0,1,12
40664.05297803671,repair_complete,10,3,0,0,0,13
40672.81401690634,failure,10,2,1,0,1,12
40676.3240030689,repair_complete,10,3,0,0,0,13
40687.787935734355,failure,10,2,1,0,1,12
40688.848109266495,repair_complete,10,3,0,0,0,13
40722.50589635768,failure,10,2,1,0,1,12
40723.99240370675,repair_complete,10,3,0,0,0,13
40728.782788528195,failure,10,2,1,0,1,12
40728.90680143517,repair_complete,10,3,0,0,0,13
40738.4588879525,failure,10,2,1,0,1,12
40739.05398356889,repair_complete,10,3,0,0,0,13
40743.858089892645,failure,10,2,1,0,1,12
40745.487742954276,repair_complete,10,3,0,0,0,13
40749.7968248449,failure,10,2,1,0,1,12
40750.09501956258,repair_complete,10,3,0,0,0,13
40765.81515121234,failure,10,2,1,0,1,12
40766.23020710176,repair_complete,10,3,0,0,0,13
40770.23320858389,failure,10,2,1,0,1,12
40770.60168135527,failure,10,1,2,1,1,11
40770.6213803853,repair_complete,10,2,1,0,1,12
40770.92910895739,repair_complete,10,3,0,0,0,13
40787.429964468894,failure,10,2,1,0,1,12
40788.92245021983,repair_complete,10,3,0,0,0,13
40815.92670470273,failure,10,2,1,0,1,12
40818.00670430648,repair_complete,10,3,0,0,0,13
40827.701598373445,failure,10,2,1,0,1,12
40828.4440999861,repair_complete,10,3,0,0,0,13
40832.88886415676,failure,10,2,1,0,1,12
40834.710923897066,failure,10,1,2,1,1,11
40835.005421639704,repair_complete,10,2,1,0,1,12
40839.56587414998,repair_complete,10,3,0,0,0,13
40843.55063274829,failure,10,2,1,0,1,12
40844.46445509987,repair_complete,10,3,0,0,0,13
40844.67834351756,failure,10,2,1,0,1,12
40846.32868163561,repair_complete,10,3,0,0,0,13
40859.35962420077,failure,10,2,1,0,1,12
40859.92576150237,repair_complete,10,3,0,0,0,13
40874.949003935064,failure,10,2,1,0,1,12
40875.72681870923,repair_complete,10,3,0,0,0,13
40880.27950630962,failure,10,2,1,0,1,12
40880.65649137639,repair_complete,10,3,0,0,0,13
40883.31644040692,failure,10,2,1,0,1,12
40883.46778670616,repair_complete,10,3,0,0,0,13
40889.34854007149,failure,10,2,1,0,1,12
40889.35216725021,repair_complete,10,3,0,0,0,13
40908.288695710595,failure,10,2,1,0,1,12
40908.45046137337,repair_complete,10,3,0,0,0,13
40909.249720181135,failure,10,2,1,0,1,12
40909.30778180919,repair_complete,10,3,0,0,0,13
40912.936916770275,failure,10,2,1,0,1,12
40917.20668053624,repair_complete,10,3,0,0,0,13
40923.76152032882,failure,10,2,1,0,1,12
40923.86499662589,repair_complete,10,3,0,0,0,13
40931.65585371103,failure,10,2,1,0,1,12
40931.74371081347,failure,10,1,2,1,1,11
40931.797331412614,repair_complete,10,2,1,0,1,12
40932.69932818197,repair_complete,10,3,0,0,0,13
40937.35667586342,failure,10,2,1,0,1,12
40937.445483771684,repair_complete,10,3,0,0,0,13
40937.873293102864,failure,10,2,1,0,1,12
40938.56941506389,repair_complete,10,3,0,0,0,13
40957.69196946612,failure,10,2,1,0,1,12
40957.811533873704,repair_complete,10,3,0,0,0,13
40963.884650285894,failure,10,2,1,0,1,12
40964.476621513066,repair_complete,10,3,0,0,0,13
40966.650371460004,failure,10,2,1,0,1,12
40967.26244045389,repair_complete,10,3,0,0,0,13
40970.846963464704,failure,10,2,1,0,1,12
40970.936338901025,repair_complete,10,3,0,0,0,13
40979.006724473176,failure,10,2,1,0,1,12
40981.17433575998,repair_complete,10,3,0,0,0,13
40993.85914627484,failure,10,2,1,0,1,12
40994.57694623508,repair_complete,10,3,0,0,0,13
41012.17999185578,failure,10,2,1,0,1,12
41014.06554758622,repair_complete,10,3,0,0,0,13
41021.963760401246,failure,10,2,1,0,1,12
41022.03476881409,repair_complete,10,3,0,0,0,13
41033.92737274884,failure,10,2,1,0,1,12
41036.22055503761,repair_complete,10,3,0,0,0,13
41037.576504936296,failure,10,2,1,0,1,12
41037.82941088202,repair_complete,10,3,0,0,0,13
41058.2996244735,failure,10,2,1,0,1,12
41058.902078269326,repair_complete,10,3,0,0,0,13
41069.051156033915,failure,10,2,1,0,1,12
41069.43521248621,repair_complete,10,3,0,0,0,13
41070.41278252686,failure,10,2,1,0,1,12
41070.85732287934,repair_complete,10,3,0,0,0,13
41125.569239904085,failure,10,2,1,0,1,12
41126.02834409732,repair_complete,10,3,0,0,0,13
41135.17576588846,failure,10,2,1,0,1,12
41135.703731084024,repair_complete,10,3,0,0,0,13
41138.37726012587,failure,10,2,1,0,1,12
41140.81529840523,repair_complete,10,3,0,0,0,13
41153.359901458054,failure,10,2,1,0,1,12
41153.69949588838,repair_complete,10,3,0,0,0,13
41170.56435173995,failure,10,2,1,0,1,12
41170.61732682816,repair_complete,10,3,0,0,0,13
41182.0255172883,failure,10,2,1,0,1,12
41182.3074290243,repair_complete,10,3,0,0,0,13
41190.92872839891,failure,10,2,1,0,1,12
41191.29377728292,repair_complete,10,3,0,0,0,13
41191.99395341166,failure,10,2,1,0,1,12
41192.73254481578,repair_complete,10,3,0,0,0,13
41194.965356998975,failure,10,2,1,0,1,12
41195.15993733245,repair_complete,10,3,0,0,0,13
41195.42234253172,failure,10,2,1,0,1,12
41195.98813638629,repair_complete,10,3,0,0,0,13
41208.167477240626,failure,10,2,1,0,1,12
41208.45301011312,repair_complete,10,3,0,0,0,13
41211.34735196759,failure,10,2,1,0,1,12
41211.83153511109,repair_complete,10,3,0,0,0,13
41212.30856086308,failure,10,2,1,0,1,12
41213.06092533472,repair_complete,10,3,0,0,0,13
41241.06225521364,failure,10,2,1,0,1,12
41241.7324394851,repair_complete,10,3,0,0,0,13
41243.84806629928,failure,10,2,1,0,1,12
41243.86626898671,failure,10,1,2,1,1,11
41244.515406804814,repair_complete,10,2,1,0,1,12
41245.938142461615,repair_complete,10,3,0,0,0,13
41268.54050871421,failure,10,2,1,0,1,12
41269.49633906795,repair_complete,10,3,0,0,0,13
41289.457807001025,failure,10,2,1,0,1,12
41290.70481028754,repair_complete,10,3,0,0,0,13
41318.87218572357,failure,10,2,1,0,1,12
41320.5546124855,repair_complete,10,3,0,0,0,13
41335.56873645118,failure,10,2,1,0,1,12
41338.64665785196,repair_complete,10,3,0,0,0,13
41348.80468337218,failure,10,2,1,0,1,12
41348.840784916865,repair_complete,10,3,0,0,0,13
41377.13128583555,failure,10,2,1,0,1,12
41377.20931500505,repair_complete,10,3,0,0,0,13
41389.972742692305,failure,10,2,1,0,1,12
41391.13792407895,repair_complete,10,3,0,0,0,13
41394.66549020023,failure,10,2,1,0,1,12
41395.41020761474,repair_complete,10,3,0,0,0,13
41398.35255130806,failure,10,2,1,0,1,12
41398.80187129629,repair_complete,10,3,0,0,0,13
41436.75381404097,failure,10,2,1,0,1,12
41437.22810720093,repair_complete,10,3,0,0,0,13
41444.79810756239,failure,10,2,1,0,1,12
41445.98085199658,repair_complete,10,3,0,0,0,13
41451.07345420596,failure,10,2,1,0,1,12
41452.088757764184,repair_complete,10,3,0,0,0,13
41463.13434528687,failure,10,2,1,0,1,12
41463.977972124594,repair_complete,10,3,0,0,0,13
41471.194675761566,failure,10,2,1,0,1,12
41471.63107187288,failure,10,1,2,1,1,11
41473.52969708081,repair_complete,10,2,1,0,1,12
41473.74515242869,repair_complete,10,3,0,0,0,13
41483.51224622427,failure,10,2,1,0,1,12
41483.77625319478,repair_complete,10,3,0,0,0,13
41526.23814858001,failure,10,2,1,0,1,12
41527.07317493034,repair_complete,10,3,0,0,0,13
41538.67032155397,failure,10,2,1,0,1,12
41539.14952184046,repair_complete,10,3,0,0,0,13
41541.22757701956,failure,10,2,1,0,1,12
41541.451576535546,repair_complete,10,3,0,0,0,13
41546.56355858936,failure,10,2,1,0,1,12
41547.29160742622,repair_complete,10,3,0,0,0,13
41557.68293537562,failure,10,2,1,0,1,12
41559.26357060751,repair_complete,10,3,0,0,0,13
41580.66601049053,failure,10,2,1,0,1,12
41582.458488888864,repair_complete,10,3,0,0,0,13
41587.91168563244,failure,10,2,1,0,1,12
41590.91177395741,repair_complete,10,3,0,0,0,13
41596.44869205413,failure,10,2,1,0,1,12
41597.68720056075,repair_complete,10,3,0,0,0,13
41597.89797399443,failure,10,2,1,0,1,12
41598.13488172424,repair_complete,10,3,0,0,0,13
41616.108098017845,failure,10,2,1,0,1,12
41616.29607174397,repair_complete,10,3,0,0,0,13
41619.061129548,failure,10,2,1,0,1,12
41619.60501572253,failure,10,1,2,1,1,11
41621.17001173998,repair_complete,10,2,1,0,1,12
41621.7490028374,repair_complete,10,3,0,0,0,13
41622.47632813048,failure,10,2,1,0,1,12
41624.06668857133,repair_complete,10,3,0,0,0,13
41634.814055504794,failure,10,2,1,0,1,12
41635.08414504013,repair_complete,10,3,0,0,0,13
41635.21812634877,failure,10,2,1,0,1,12
41636.4978904412,repair_complete,10,3,0,0,0,13
41640.52436950009,failure,10,2,1,0,1,12
41640.8025114049,repair_complete,10,3,0,0,0,13
41660.82294162063,failure,10,2,1,0,1,12
41661.28574835962,repair_complete,10,3,0,0,0,13
41663.8186426275,failure,10,2,1,0,1,12
41665.32318219897,repair_complete,10,3,0,0,0,13
41678.66581729787,failure,10,2,1,0,1,12
41680.19652081674,repair_complete,10,3,0,0,0,13
41680.645765793575,failure,10,2,1,0,1,12
41680.86211358961,repair_complete,10,3,0,0,0,13
41680.94602614984,failure,10,2,1,0,1,12
41681.67795779282,repair_complete,10,3,0,0,0,13
41689.21233071552,failure,10,2,1,0,1,12
41689.46031020164,repair_complete,10,3,0,0,0,13
41693.67456595004,failure,10,2,1,0,1,12
41694.27334583612,repair_complete,10,3,0,0,0,13
41695.90262000342,failure,10,2,1,0,1,12
41696.160266176455,repair_complete,10,3,0,0,0,13
41707.35224574557,failure,10,2,1,0,1,12
41708.54349187574,repair_complete,10,3,0,0,0,13
41710.15053443913,failure,10,2,1,0,1,12
41710.356642010476,repair_complete,10,3,0,0,0,13
41735.55031774571,failure,10,2,1,0,1,12
41736.81253999262,repair_complete,10,3,0,0,0,13
41739.29762766988,failure,10,2,1,0,1,12
41739.76439979163,repair_complete,10,3,0,0,0,13
41743.48751192903,failure,10,2,1,0,1,12
41744.10902147041,repair_complete,10,3,0,0,0,13
41744.33693841801,failure,10,2,1,0,1,12
41744.67787099751,repair_complete,10,3,0,0,0,13
41746.398418765464,failure,10,2,1,0,1,12
41746.51758076361,repair_complete,10,3,0,0,0,13
41772.55045381941,failure,10,2,1,0,1,12
41773.28493723158,repair_complete,10,3,0,0,0,13
41773.285257448035,failure,10,2,1,0,1,12
41776.55149838281,repair_complete,10,3,0,0,0,13
41783.49741060116,failure,10,2,1,0,1,12
41783.700417874614,repair_complete,10,3,0,0,0,13
41788.92523295631,failure,10,2,1,0,1,12
41791.086407002986,repair_complete,10,3,0,0,0,13
41797.25049474478,failure,10,2,1,0,1,12
41797.42032168932,repair_complete,10,3,0,0,0,13
41811.630796360594,failure,10,2,1,0,1,12
41812.75879290318,repair_complete,10,3,0,0,0,13
41815.04312618505,failure,10,2,1,0,1,12
41815.28381733119,repair_complete,10,3,0,0,0,13
41825.33017653298,failure,10,2,1,0,1,12
41827.17160564519,repair_complete,10,3,0,0,0,13
41834.05210169553,failure,10,2,1,0,1,12
41837.345759712545,failure,10,1,2,1,1,11
41837.62191469196,repair_complete,10,2,1,0,1,12
41837.83551705284,repair_complete,10,3,0,0,0,13
41851.55098806452,failure,10,2,1,0,1,12
41854.13001102082,repair_complete,10,3,0,0,0,13
41879.84643398282,failure,10,2,1,0,1,12
41880.307014389036,repair_complete,10,3,0,0,0,13
41885.706452115795,failure,10,2,1,0,1,12
41889.53234577913,failure,10,1,2,1,1,11
41890.9252475298,repair_complete,10,2,1,0,1,12
41891.41626942644,repair_complete,10,3,0,0,0,13
41896.425603979784,failure,10,2,1,0,1,12
41896.77676529709,repair_complete,10,3,0,0,0,13
41912.038600469365,failure,10,2,1,0,1,12
41912.70063502283,repair_complete,10,3,0,0,0,13
41923.11384130986,failure,10,2,1,0,1,12
41923.42250124823,repair_complete,10,3,0,0,0,13
41928.70866496617,failure,10,2,1,0,1,12
41933.85158125827,repair_complete,10,3,0,0,0,13
41937.804196181096,failure,10,2,1,0,1,12
41939.49857338866,repair_complete,10,3,0,0,0,13
41941.905879857186,failure,10,2,1,0,1,12
41942.69047235536,repair_complete,10,3,0,0,0,13
41990.48359293733,failure,10,2,1,0,1,12
41990.70836917802,repair_complete,10,3,0,0,0,13
41993.38127344312,failure,10,2,1,0,1,12
41994.300386973875,failure,10,1,2,1,1,11
41994.38610717901,repair_complete,10,2,1,0,1,12
41996.38309850352,repair_complete,10,3,0,0,0,13
41998.72549435679,failure,10,2,1,0,1,12
41998.76770964783,repair_complete,10,3,0,0,0,13
42021.005355214125,failure,10,2,1,0,1,12
42021.46201618389,repair_complete,10,3,0,0,0,13
42026.33231311637,failure,10,2,1,0,1,12
42027.49834489106,repair_complete,10,3,0,0,0,13
42052.05915909979,failure,10,2,1,0,1,12
42052.33445583272,failure,10,1,2,1,1,11
42053.058772401215,repair_complete,10,2,1,0,1,12
42053.643861848,repair_complete,10,3,0,0,0,13
42062.139401380635,failure,10,2,1,0,1,12
42063.281714169585,repair_complete,10,3,0,0,0,13
42077.188701381965,failure,10,2,1,0,1,12
42077.46972897334,repair_complete,10,3,0,0,0,13
42087.88673440862,failure,10,2,1,0,1,12
42087.96351865464,repair_complete,10,3,0,0,0,13
42088.365510813404,failure,10,2,1,0,1,12
42088.809845442614,repair_complete,10,3,0,0,0,13
42101.162049399536,failure,10,2,1,0,1,12
42101.98168546873,failure,10,1,2,1,1,11
42102.60311637818,repair_complete,10,2,1,0,1,12
42104.279154198695,repair_complete,10,3,0,0,0,13
42114.83878306148,failure,10,2,1,0,1,12
42115.59527538659,repair_complete,10,3,0,0,0,13
42117.900713114796,failure,10,2,1,0,1,12
42117.95383710535,repair_complete,10,3,0,0,0,13
42138.66317710361,failure,10,2,1,0,1,12
42139.94237996791,repair_complete,10,3,0,0,0,13
42143.43213784886,failure,10,2,1,0,1,12
42143.84013464667,repair_complete,10,3,0,0,0,13
42161.7841358375,failure,10,2,1,0,1,12
42165.52517839396,repair_complete,10,3,0,0,0,13
42171.54502299416,failure,10,2,1,0,1,12
42172.779513910784,repair_complete,10,3,0,0,0,13
42190.43310824354,failure,10,2,1,0,1,12
42191.04239773454,repair_complete,10,3,0,0,0,13
42193.1915705925,failure,10,2,1,0,1,12
42193.34690587171,repair_complete,10,3,0,0,0,13
42200.676263570786,failure,10,2,1,0,1,12
42200.96896089238,repair_complete,10,3,0,0,0,13
42206.13497208184,failure,10,2,1,0,1,12
42206.75089642121,repair_complete,10,3,0,0,0,13
42217.28713049869,failure,10,2,1,0,1,12
42217.5665781935,repair_complete,10,3,0,0,0,13
42231.77027274499,failure,10,2,1,0,1,12
42233.10053238662,repair_complete,10,3,0,0,0,13
42242.852267749506,failure,10,2,1,0,1,12
42246.11763696729,repair_complete,10,3,0,0,0,13
42252.77569876256,failure,10,2,1,0,1,12
42252.97198213628,repair_complete,10,3,0,0,0,13
42253.78474537347,failure,10,2,1,0,1,12
42255.024618525415,repair_complete,10,3,0,0,0,13
42309.57484707658,failure,10,2,1,0,1,12
42310.10517952586,repair_complete,10,3,0,0,0,13
42321.38391100946,failure,10,2,1,0,1,12
42322.795272146264,repair_complete,10,3,0,0,0,13
42327.868654868274,failure,10,2,1,0,1,12
42327.88449096659,repair_complete,10,3,0,0,0,13
42366.04050489922,failure,10,2,1,0,1,12
42366.42225688029,repair_complete,10,3,0,0,0,13
42368.49093270092,failure,10,2,1,0,1,12
42369.36225157426,repair_complete,10,3,0,0,0,13
42372.603235150294,failure,10,2,1,0,1,12
42373.621662594414,repair_complete,10,3,0,0,0,13
42382.33436877257,failure,10,2,1,0,1,12
42383.14223574601,repair_complete,10,3,0,0,0,13
42383.70411778284,failure,10,2,1,0,1,12
42384.92464826647,repair_complete,10,3,0,0,0,13
42397.74886962366,failure,10,2,1,0,1,12
42398.10901604245,repair_complete,10,3,0,0,0,13
42399.707334550236,failure,10,2,1,0,1,12
42400.250353049356,repair_complete,10,3,0,0,0,13
42405.78552885998,failure,10,2,1,0,1,12
42407.90993135408,repair_complete,10,3,0,0,0,13
42411.87006693009,failure,10,2,1,0,1,12
42412.92189905173,repair_complete,10,3,0,0,0,13
42436.85618744538,failure,10,2,1,0,1,12
42437.79353465367,repair_complete,10,3,0,0,0,13
42466.12930500389,failure,10,2,1,0,1,12
42467.07663140586,repair_complete,10,3,0,0,0,13
42472.282357932105,failure,10,2,1,0,1,12
42472.88337532449,repair_complete,10,3,0,0,0,13
42476.046192378424,failure,10,2,1,0,1,12
42476.3519473655,repair_complete,10,3,0,0,0,13
42501.0085123951,failure,10,2,1,0,1,12
42501.539194730154,repair_complete,10,3,0,0,0,13
42505.82528110958,failure,10,2,1,0,1,12
42507.04139000406,repair_complete,10,3,0,0,0,13
42564.35599798674,failure,10,2,1,0,1,12
42566.70127335838,repair_complete,10,3,0,0,0,13
42567.93537089703,failure,10,2,1,0,1,12
42568.15341806042,repair_complete,10,3,0,0,0,13
42574.0136725401,failure,10,2,1,0,1,12
42576.0879877249,repair_complete,10,3,0,0,0,13
42588.90921197859,failure,10,2,1,0,1,12
42589.79825353131,repair_complete,10,3,0,0,0,13
42608.92621291301,failure,10,2,1,0,1,12
42609.142249980985,repair_complete,10,3,0,0,0,13
42624.6823020405,failure,10,2,1,0,1,12
42625.21769265179,repair_complete,10,3,0,0,0,13
42630.27151934949,failure,10,2,1,0,1,12
42630.27537908579,repair_complete,10,3,0,0,0,13
42647.58813452736,failure,10,2,1,0,1,12
42647.78262021769,repair_complete,10,3,0,0,0,13
42655.710058463446,failure,10,2,1,0,1,12
42657.25859045088,repair_complete,10,3,0,0,0,13
42673.77206306389,failure,10,2,1,0,1,12
42673.82203131055,failure,10,1,2,1,1,11
42674.11329178034,repair_complete,10,2,1,0,1,12
42674.614599157365,failure,10,1,2,1,1,11
42674.66749865185,failure,10,0,3,2,1,10
42675.747163545944,repair_complete,10,1,2,1,1,11
42676.29907657204,repair_complete,10,2,1,0,1,12
42676.88741496663,repair_complete,10,3,0,0,0,13
42687.44505220564,failure,10,2,1,0,1,12
42689.233946861284,repair_complete,10,3,0,0,0,13
42692.29078460388,failure,10,2,1,0,1,12
42693.60072679183,repair_complete,10,3,0,0,0,13
42694.25789454156,failure,10,2,1,0,1,12
42695.15423177613,repair_complete,10,3,0,0,0,13
42701.464059562204,failure,10,2,1,0,1,12
42701.520334184206,repair_complete,10,3,0,0,0,13
42737.50796625561,failure,10,2,1,0,1,12
42740.00157178476,repair_complete,10,3,0,0,0,13
42745.46749846791,failure,10,2,1,0,1,12
42746.48068796014,repair_complete,10,3,0,0,0,13
42754.39363522537,failure,10,2,1,0,1,12
42754.50818586606,repair_complete,10,3,0,0,0,13
42764.342783188826,failure,10,2,1,0,1,12
42765.53474342403,failure,10,1,2,1,1,11
42765.83588315348,repair_complete,10,2,1,0,1,12
42767.77123251392,repair_complete,10,3,0,0,0,13
42771.456275841636,failure,10,2,1,0,1,12
42772.393163898545,repair_complete,10,3,0,0,0,13
42782.92016858409,failure,10,2,1,0,1,12
42783.20127337131,repair_complete,10,3,0,0,0,13
42805.80640458065,failure,10,2,1,0,1,12
42805.98487238137,repair_complete,10,3,0,0,0,13
42806.07300754564,failure,10,2,1,0,1,12
42806.10828854458,repair_complete,10,3,0,0,0,13
42850.601300157774,failure,10,2,1,0,1,12
42850.61673768833,repair_complete,10,3,0,0,0,13
42853.763517742445,failure,10,2,1,0,1,12
42854.123891584575,repair_complete,10,3,0,0,0,13
42869.88808312242,failure,10,2,1,0,1,12
42870.00938765369,repair_complete,10,3,0,0,0,13
42894.950646251746,failure,10,2,1,0,1,12
42896.11143069464,repair_complete,10,3,0,0,0,13
42917.42505740573,failure,10,2,1,0,1,12
42917.538627235015,repair_complete,10,3,0,0,0,13
42957.516209514404,failure,10,2,1,0,1,12
42959.26339141546,repair_complete,10,3,0,0,0,13
42969.33613500841,failure,10,2,1,0,1,12
42970.468930596835,failure,10,1,2,1,1,11
42970.582486567175,repair_complete,10,2,1,0,1,12
42971.265938071,repair_complete,10,3,0,0,0,13
42973.59779390624,failure,10,2,1,0,1,12
42973.643811357586,repair_complete,10,3,0,0,0,13
42977.80625188917,failure,10,2,1,0,1,12
42979.056457325474,repair_complete,10,3,0,0,0,13
42996.039730075245,failure,10,2,1,0,1,12
42997.93595430824,repair_complete,10,3,0,0,0,13
43007.542143593004,failure,10,2,1,0,1,12
43007.97623847278,failure,10,1,2,1,1,11
43007.99704704055,repair_complete,10,2,1,0,1,12
43008.59631650234,failure,10,1,2,1,1,11
43009.16421424069,repair_complete,10,2,1,0,1,12
43009.70696148299,repair_complete,10,3,0,0,0,13
43059.02147794904,failure,10,2,1,0,1,12
43059.264840738964,repair_complete,10,3,0,0,0,13
43073.92032013558,failure,10,2,1,0,1,12
43074.03499300224,repair_complete,10,3,0,0,0,13
43075.229860763764,failure,10,2,1,0,1,12
43075.96166520936,repair_complete,10,3,0,0,0,13
43084.82520548297,failure,10,2,1,0,1,12
43087.889419964675,repair_complete,10,3,0,0,0,13
43095.25619779035,failure,10,2,1,0,1,12
43096.627200900046,repair_complete,10,3,0,0,0,13
43098.17013724042,failure,10,2,1,0,1,12
43099.56974465794,repair_complete,10,3,0,0,0,13
43102.32542782472,failure,10,2,1,0,1,12
43102.70865517164,failure,10,1,2,1,1,11
43105.014696023565,repair_complete,10,2,1,0,1,12
43105.09192004116,repair_complete,10,3,0,0,0,13
43117.6592081575,failure,10,2,1,0,1,12
43120.648351273056,repair_complete,10,3,0,0,0,13
43136.7439368486,failure,10,2,1,0,1,12
43137.60986404146,repair_complete,10,3,0,0,0,13
43142.04291973137,failure,10,2,1,0,1,12
43142.91933935534,repair_complete,10,3,0,0,0,13
43159.98676638102,failure,10,2,1,0,1,12
43160.72316429453,failure,10,1,2,1,1,11
43161.14049858379,repair_complete,10,2,1,0,1,12
43161.3366193647,repair_complete,10,3,0,0,0,13
43166.4132050624,failure,10,2,1,0,1,12
43169.839819506145,repair_complete,10,3,0,0,0,13
43176.4147384691,failure,10,2,1,0,1,12
43178.386143529344,repair_complete,10,3,0,0,0,13
43206.06111809923,failure,10,2,1,0,1,12
43206.91659947799,repair_complete,10,3,0,0,0,13
43212.26429555496,failure,10,2,1,0,1,12
43212.942241326506,repair_complete,10,3,0,0,0,13
43219.305614132194,failure,10,2,1,0,1,12
43219.383493873436,repair_complete,10,3,0,0,0,13
43237.66048276025,failure,10,2,1,0,1,12
43238.037621378324,repair_complete,10,3,0,0,0,13
43257.41675578956,failure,10,2,1,0,1,12
43257.50623513423,repair_complete,10,3,0,0,0,13
43261.0198167948,failure,10,2,1,0,1,12
43262.40690848275,failure,10,1,2,1,1,11
43262.646184675476,repair_complete,10,2,1,0,1,12
43263.17243502439,repair_complete,10,3,0,0,0,13
43284.67683254284,failure,10,2,1,0,1,12
43284.88819230403,repair_complete,10,3,0,0,0,13
43289.84879745716,failure,10,2,1,0,1,12
43292.92774658339,repair_complete,10,3,0,0,0,13
43306.790410501315,failure,10,2,1,0,1,12
43308.2790166194,repair_complete,10,3,0,0,0,13
43309.37741567138,failure,10,2,1,0,1,12
43310.001767003654,repair_complete,10,3,0,0,0,13
43321.38949638115,failure,10,2,1,0,1,12
43325.26413421606,repair_complete,10,3,0,0,0,13
43333.00869983233,failure,10,2,1,0,1,12
43334.02282923497,repair_complete,10,3,0,0,0,13
43375.757964429526,failure,10,2,1,0,1,12
43376.9045080984,repair_complete,10,3,0,0,0,13
43378.31195211789,failure,10,2,1,0,1,12
43378.494741098075,repair_complete,10,3,0,0,0,13
43388.679534193434,failure,10,2,1,0,1,12
43389.01954884148,failure,10,1,2,1,1,11
43389.96801146728,repair_complete,10,2,1,0,1,12
43390.10829824331,repair_complete,10,3,0,0,0,13
43438.83547018576,failure,10,2,1,0,1,12
43440.06249910044,repair_complete,10,3,0,0,0,13
43457.08113311788,failure,10,2,1,0,1,12
43457.40752612294,repair_complete,10,3,0,0,0,13
43471.616789912536,failure,10,2,1,0,1,12
43471.847017403554,repair_complete,10,3,0,0,0,13
43486.241593281724,failure,10,2,1,0,1,12
43486.610307713076,repair_complete,10,3,0,0,0,13
43505.320349406946,failure,10,2,1,0,1,12
43505.47717258319,repair_complete,10,3,0,0,0,13
43517.98239056177,failure,10,2,1,0,1,12
43519.44177742876,repair_complete,10,3,0,0,0,13
43520.594596860574,failure,10,2,1,0,1,12
43521.394236512744,repair_complete,10,3,0,0,0,13
43523.2362382895,failure,10,2,1,0,1,12
43523.533421010914,repair_complete,10,3,0,0,0,13
43528.34637166647,failure,10,2,1,0,1,12
43530.10634439266,repair_complete,10,3,0,0,0,13
43551.32176399175,failure,10,2,1,0,1,12
43553.735238584384,repair_complete,10,3,0,0,0,13
43589.395100497386,failure,10,2,1,0,1,12
43589.683736867744,repair_complete,10,3,0,0,0,13
43613.00734584664,failure,10,2,1,0,1,12
43613.03025977307,failure,10,1,2,1,1,11
43613.33048820156,repair_complete,10,2,1,0,1,12
43614.211943888484,repair_complete,10,3,0,0,0,13
43622.38373215564,failure,10,2,1,0,1,12
43624.50800875632,repair_complete,10,3,0,0,0,13
43642.276456266794,failure,10,2,1,0,1,12
43642.41646475429,repair_complete,10,3,0,0,0,13
43643.1934965028,failure,10,2,1,0,1,12
43644.83564708384,repair_complete,10,3,0,0,0,13
43647.45735562978,failure,10,2,1,0,1,12
43647.45838301831,repair_complete,10,3,0,0,0,13
43657.45558098922,failure,10,2,1,0,1,12
43658.16645862046,repair_complete,10,3,0,0,0,13
43670.843728422304,failure,10,2,1,0,1,12
43672.372536115436,repair_complete,10,3,0,0,0,13
43681.768868538755,failure,10,2,1,0,1,12
43682.65886274992,repair_complete,10,3,0,0,0,13
43697.652183898994,failure,10,2,1,0,1,12
43697.93845141522,repair_complete,10,3,0,0,0,13
43702.65149421178,failure,10,2,1,0,1,12
43702.782979721844,repair_complete,10,3,0,0,0,13
43725.76162402266,failure,10,2,1,0,1,12
43726.55906282223,repair_complete,10,3,0,0,0,13
43729.56752256225,failure,10,2,1,0,1,12
43729.84573371702,repair_complete,10,3,0,0,0,13
43734.34328455933,failure,10,2,1,0,1,12
43734.78012971965,repair_complete,10,3,0,0,0,13
43747.3244900185,failure,10,2,1,0,1,12
43748.37404293083,repair_complete,10,3,0,0,0,13
43761.00187278411,failure,10,2,1,0,1,12
43761.34872635024,repair_complete,10,3,0,0,0,13
43770.91371857643,failure,10,2,1,0,1,12
43771.04654574697,repair_complete,10,3,0,0,0,13
43776.702183589885,failure,10,2,1,0,1,12
43777.11619342872,repair_complete,10,3,0,0,0,13
43782.02085056338,failure,10,2,1,0,1,12
43782.12990586717,repair_complete,10,3,0,0,0,13
43795.6009599735,failure,10,2,1,0,1,12
43796.567652518446,repair_complete,10,3,0,0,0,13
43802.534067018954,failure,10,2,1,0,1,12
43802.855849689535,repair_complete,10,3,0,0,0,13
43803.71499846048,failure,10,2,1,0,1,12
43804.36202778021,repair_complete,10,3,0,0,0,13
43807.43318490397,failure,10,2,1,0,1,12
43808.69138264221,repair_complete,10,3,0,0,0,13
43815.73041957007,failure,10,2,1,0,1,12
43816.28081153093,repair_complete,10,3,0,0,0,13
43817.82114391349,failure,10,2,1,0,1,12
43818.01338849856,repair_complete,10,3,0,0,0,13
43822.77951380065,failure,10,2,1,0,1,12
43822.87861707916,repair_complete,10,3,0,0,0,13
43826.79931239123,failure,10,2,1,0,1,12
43827.57979534161,repair_complete,10,3,0,0,0,13
43829.827527206355,failure,10,2,1,0,1,12
43830.06308170433,repair_complete,10,3,0,0,0,13
43833.5317109681,failure,10,2,1,0,1,12
43834.09501890977,repair_complete,10,3,0,0,0,13
43837.02605268071,failure,10,2,1,0,1,12
43837.49890209381,failure,10,1,2,1,1,11
43838.432982655315,repair_complete,10,2,1,0,1,12
43839.7549391595,repair_complete,10,3,0,0,0,13
43856.47681466059,failure,10,2,1,0,1,12
43856.86822624503,repair_complete,10,3,0,0,0,13
43883.285523194594,failure,10,2,1,0,1,12
43883.3945760921,repair_complete,10,3,0,0,0,13
43885.28523200187,failure,10,2,1,0,1,12
43885.45397513014,repair_complete,10,3,0,0,0,13
43891.8343384016,failure,10,2,1,0,1,12
43892.07053780254,repair_complete,10,3,0,0,0,13
43904.95036799635,failure,10,2,1,0,1,12
43905.73318396473,repair_complete,10,3,0,0,0,13
43924.2556833196,failure,10,2,1,0,1,12
43927.529052952115,repair_complete,10,3,0,0,0,13
43929.18566462082,failure,10,2,1,0,1,12
43931.66657727351,failure,10,1,2,1,1,11
43932.15396981981,repair_complete,10,2,1,0,1,12
43932.39954190536,repair_complete,10,3,0,0,0,13
43939.73963758584,failure,10,2,1,0,1,12
43940.08452709361,repair_complete,10,3,0,0,0,13
43959.58798813972,failure,10,2,1,0,1,12
43959.89141513365,repair_complete,10,3,0,0,0,13
43960.50017300238,failure,10,2,1,0,1,12
43960.967384680436,repair_complete,10,3,0,0,0,13
43969.083997506736,failure,10,2,1,0,1,12
43969.0992624619,repair_complete,10,3,0,0,0,13
43978.91969182527,failure,10,2,1,0,1,12
43979.61113882895,repair_complete,10,3,0,0,0,13
43987.01338376588,failure,10,2,1,0,1,12
43989.77589397994,repair_complete,10,3,0,0,0,13
44012.92261495771,failure,10,2,1,0,1,12
44013.232243217404,repair_complete,10,3,0,0,0,13
44013.96829812754,failure,10,2,1,0,1,12
44014.97997854357,repair_complete,10,3,0,0,0,13
44018.85469984331,failure,10,2,1,0,1,12
44019.28726657934,repair_complete,10,3,0,0,0,13
44026.861183694346,failure,10,2,1,0,1,12
44026.945020242165,repair_complete,10,3,0,0,0,13
44029.87605975768,failure,10,2,1,0,1,12
44034.91383872162,repair_complete,10,3,0,0,0,13
44038.73470115419,failure,10,2,1,0,1,12
44040.51177843955,repair_complete,10,3,0,0,0,13
44042.456495815204,failure,10,2,1,0,1,12
44044.97904816017,repair_complete,10,3,0,0,0,13
44055.609195941914,failure,10,2,1,0,1,12
44056.449728847074,failure,10,1,2,1,1,11
44056.579274900156,repair_complete,10,2,1,0,1,12
44057.13210849961,failure,10,1,2,1,1,11
44058.398866237425,repair_complete,10,2,1,0,1,12
44058.90725716482,repair_complete,10,3,0,0,0,13
44062.63326060975,failure,10,2,1,0,1,12
44063.218371752664,failure,10,1,2,1,1,11
44063.93671114678,repair_complete,10,2,1,0,1,12
44064.512403270535,repair_complete,10,3,0,0,0,13
44068.20093788582,failure,10,2,1,0,1,12
44069.73973367784,repair_complete,10,3,0,0,0,13
44074.76888633516,failure,10,2,1,0,1,12
44075.007475374114,repair_complete,10,3,0,0,0,13
44095.944972094745,failure,10,2,1,0,1,12
44096.39092345598,repair_complete,10,3,0,0,0,13
44100.50584114689,failure,10,2,1,0,1,12
44100.7244858186,repair_complete,10,3,0,0,0,13
44103.25540210879,failure,10,2,1,0,1,12
44103.79924424231,repair_complete,10,3,0,0,0,13
44104.71520257652,failure,10,2,1,0,1,12
44105.137594386055,repair_complete,10,3,0,0,0,13
44120.63000904891,failure,10,2,1,0,1,12
44121.748814204264,repair_complete,10,3,0,0,0,13
44128.95892032589,failure,10,2,1,0,1,12
44131.80711602997,repair_complete,10,3,0,0,0,13
44138.21021026198,failure,10,2,1,0,1,12
44139.53641388195,repair_complete,10,3,0,0,0,13
44142.510987468544,failure,10,2,1,0,1,12
44142.625229861114,repair_complete,10,3,0,0,0,13
44161.55745985728,failure,10,2,1,0,1,12
44161.55892750511,failure,10,1,2,1,1,11
44162.13121065719,repair_complete,10,2,1,0,1,12
44162.481517553424,repair_complete,10,3,0,0,0,13
44208.80348643179,failure,10,2,1,0,1,12
44209.421868855105,repair_complete,10,3,0,0,0,13
44238.11546188723,failure,10,2,1,0,1,12
44238.60405757038,repair_complete,10,3,0,0,0,13
44245.8537691009,failure,10,2,1,0,1,12
44246.20150613628,repair_complete,10,3,0,0,0,13
44247.08057976598,failure,10,2,1,0,1,12
44247.77731517585,repair_complete,10,3,0,0,0,13
44265.82311398623,failure,10,2,1,0,1,12
44265.87274690092,repair_complete,10,3,0,0,0,13
44267.67628762512,failure,10,2,1,0,1,12
44268.10021443164,repair_complete,10,3,0,0,0,13
44271.75948122179,failure,10,2,1,0,1,12
44272.45262177543,repair_complete,10,3,0,0,0,13
44276.432243121766,failure,10,2,1,0,1,12
44277.06618276434,failure,10,1,2,1,1,11
44278.87867043625,repair_complete,10,2,1,0,1,12
44278.9022070025,repair_complete,10,3,0,0,0,13
44299.06994704268,failure,10,2,1,0,1,12
44299.37342382904,repair_complete,10,3,0,0,0,13
44315.43715447463,failure,10,2,1,0,1,12
44315.64932834968,repair_complete,10,3,0,0,0,13
44320.40163294306,failure,10,2,1,0,1,12
44320.473881024875,repair_complete,10,3,0,0,0,13
44326.99551177792,failure,10,2,1,0,1,12
44327.17456186215,repair_complete,10,3,0,0,0,13
44346.59669319736,failure,10,2,1,0,1,12
44346.859342379226,repair_complete,10,3,0,0,0,13
44349.10183558362,failure,10,2,1,0,1,12
44351.04150460897,repair_complete,10,3,0,0,0,13
44355.00334214286,failure,10,2,1,0,1,12
44359.27209321833,repair_complete,10,3,0,0,0,13
44381.671889308716,failure,10,2,1,0,1,12
44384.98458868452,repair_complete,10,3,0,0,0,13
44394.25620393202,failure,10,2,1,0,1,12
44396.16418485657,repair_complete,10,3,0,0,0,13
44404.137871880965,failure,10,2,1,0,1,12
44406.85264385564,repair_complete,10,3,0,0,0,13
44418.526562547966,failure,10,2,1,0,1,12
44418.582119624225,repair_complete,10,3,0,0,0,13
44420.7834675639,failure,10,2,1,0,1,12
44421.00762328511,repair_complete,10,3,0,0,0,13
44437.09186093305,failure,10,2,1,0,1,12
44438.876121693465,repair_complete,10,3,0,0,0,13
44469.365965691584,failure,10,2,1,0,1,12
44470.70797941377,repair_complete,10,3,0,0,0,13
44471.043284882726,failure,10,2,1,0,1,12
44474.97676813849,repair_complete,10,3,0,0,0,13
44489.150734947936,failure,10,2,1,0,1,12
44489.375265489834,repair_complete,10,3,0,0,0,13
44491.427721407104,failure,10,2,1,0,1,12
44491.61471377278,repair_complete,10,3,0,0,0,13
44497.13831850127,failure,10,2,1,0,1,12
44498.536112564376,repair_complete,10,3,0,0,0,13
44509.562788536925,failure,10,2,1,0,1,12
44509.687623729704,repair_complete,10,3,0,0,0,13
44517.372613020256,failure,10,2,1,0,1,12
44517.4083355802,repair_complete,10,3,0,0,0,13
44520.99174342996,failure,10,2,1,0,1,12
44522.314867955254,repair_complete,10,3,0,0,0,13
44526.45121569962,failure,10,2,1,0,1,12
44528.23760897125,repair_complete,10,3,0,0,0,13
44529.9706003942,failure,10,2,1,0,1,12
44530.42574282395,repair_complete,10,3,0,0,0,13
44544.54110525615,failure,10,2,1,0,1,12
44544.872344593714,repair_complete,10,3,0,0,0,13
44552.531996773156,failure,10,2,1,0,1,12
44552.95458875755,repair_complete,10,3,0,0,0,13
44566.53874481344,failure,10,2,1,0,1,12
44566.68927447347,repair_complete,10,3,0,0,0,13
44567.477558750914,failure,10,2,1,0,1,12
44567.66644271918,repair_complete,10,3,0,0,0,13
44588.645219640915,failure,10,2,1,0,1,12
44588.90068238101,repair_complete,10,3,0,0,0,13
44588.90860776013,failure,10,2,1,0,1,12
44591.79481897106,failure,10,1,2,1,1,11
44593.76492750524,failure,10,0,3,2,1,10
44593.9331992512,repair_complete,10,1,2,1,1,11
44593.974305375996,repair_complete,10,2,1,0,1,12
44594.63095588573,repair_complete,10,3,0,0,0,13
44598.298207953,failure,10,2,1,0,1,12
44598.3396306956,repair_complete,10,3,0,0,0,13
44601.84767507261,failure,10,2,1,0,1,12
44602.24913284142,repair_complete,10,3,0,0,0,13
44616.669477645686,failure,10,2,1,0,1,12
44616.98958910723,repair_complete,10,3,0,0,0,13
44655.51526680691,failure,10,2,1,0,1,12
44655.52643442564,repair_complete,10,3,0,0,0,13
44661.350493973696,failure,10,2,1,0,1,12
44662.33267222006,repair_complete,10,3,0,0,0,13
44679.29561875418,failure,10,2,1,0,1,12
44680.30585249929,repair_complete,10,3,0,0,0,13
44696.38011052509,failure,10,2,1,0,1,12
44697.591097568766,repair_complete,10,3,0,0,0,13
44706.33534081017,failure,10,2,1,0,1,12
44707.62921281691,repair_complete,10,3,0,0,0,13
44711.80392049015,failure,10,2,1,0,1,12
44712.3696573189,repair_complete,10,3,0,0,0,13
44715.05146953769,failure,10,2,1,0,1,12
44717.02173896872,repair_complete,10,3,0,0,0,13
44717.978639117224,failure,10,2,1,0,1,12
44719.77773368774,repair_complete,10,3,0,0,0,13
44722.744296944176,failure,10,2,1,0,1,12
44723.209113971316,repair_complete,10,3,0,0,0,13
44723.51022850199,failure,10,2,1,0,1,12
44725.367550800955,repair_complete,10,3,0,0,0,13
44728.76521337682,failure,10,2,1,0,1,12
44728.92697971197,repair_complete,10,3,0,0,0,13
44733.14346238215,failure,10,2,1,0,1,12
44734.96471647438,repair_complete,10,3,0,0,0,13
44770.257930100895,failure,10,2,1,0,1,12
44770.27623745541,repair_complete,10,3,0,0,0,13
44785.48090576762,failure,10,2,1,0,1,12
44786.59066672746,repair_complete,10,3,0,0,0,13
44825.586583286604,failure,10,2,1,0,1,12
44826.442505880004,repair_complete,10,3,0,0,0,13
44829.222115332755,failure,10,2,1,0,1,12
44829.58836652802,repair_complete,10,3,0,0,0,13
44835.22753939552,failure,10,2,1,0,1,12
44835.32008044976,repair_complete,10,3,0,0,0,13
44841.44695031286,failure,10,2,1,0,1,12
44842.01549401979,failure,10,1,2,1,1,11
44842.53196085363,repair_complete,10,2,1,0,1,12
44844.422869858325,repair_complete,10,3,0,0,0,13
44866.63949512372,failure,10,2,1,0,1,12
44867.29065688401,repair_complete,10,3,0,0,0,13
44876.98609432408,failure,10,2,1,0,1,12
44876.99417050208,repair_complete,10,3,0,0,0,13
44877.24210565773,failure,10,2,1,0,1,12
44881.29524240399,repair_complete,10,3,0,0,0,13
44887.05845453654,failure,10,2,1,0,1,12
44887.53003259392,repair_complete,10,3,0,0,0,13
44894.58553041016,failure,10,2,1,0,1,12
44895.76218667083,repair_complete,10,3,0,0,0,13
44912.70212700273,failure,10,2,1,0,1,12
44913.66023532525,repair_complete,10,3,0,0,0,13
44926.35801413065,failure,10,2,1,0,1,12
44926.91813074671,repair_complete,10,3,0,0,0,13
44929.711756783254,failure,10,2,1,0,1,12
44930.34495078034,repair_complete,10,3,0,0,0,13
44933.34521194776,failure,10,2,1,0,1,12
44934.17039812245,repair_complete,10,3,0,0,0,13
44945.30374467331,failure,10,2,1,0,1,12
44945.548797793905,repair_complete,10,3,0,0,0,13
44947.14188865853,failure,10,2,1,0,1,12
44947.360281713656,repair_complete,10,3,0,0,0,13
44951.639549783235,failure,10,2,1,0,1,12
44953.052333996355,repair_complete,10,3,0,0,0,13
44977.488560142774,failure,10,2,1,0,1,12
44978.178659785095,repair_complete,10,3,0,0,0,13
44991.050388674,failure,10,2,1,0,1,12
44991.11638372874,repair_complete,10,3,0,0,0,13
44993.64276989348,failure,10,2,1,0,1,12
44994.49609970145,repair_complete,10,3,0,0,0,13
45008.94644777502,failure,10,2,1,0,1,12
45009.64494484332,repair_complete,10,3,0,0,0,13
45023.27959208344,failure,10,2,1,0,1,12
45023.29127384685,repair_complete,10,3,0,0,0,13
45024.378337119735,failure,10,2,1,0,1,12
45025.1963905411,repair_complete,10,3,0,0,0,13
45037.983291967095,failure,10,2,1,0,1,12
45038.14447560183,repair_complete,10,3,0,0,0,13
45068.80825934624,failure,10,2,1,0,1,12
45070.07700744945,repair_complete,10,3,0,0,0,13
45080.76671282783,failure,10,2,1,0,1,12
45081.86339634394,repair_complete,10,3,0,0,0,13
45087.40709116188,failure,10,2,1,0,1,12
45089.11469487412,repair_complete,10,3,0,0,0,13
45093.432179640666,failure,10,2,1,0,1,12
45094.73910842218,repair_complete,10,3,0,0,0,13
45107.52929169683,failure,10,2,1,0,1,12
45107.7339984455,repair_complete,10,3,0,0,0,13
45107.9121666721,failure,10,2,1,0,1,12
45109.03020353837,repair_complete,10,3,0,0,0,13
45111.85093622111,failure,10,2,1,0,1,12
45112.58149015976,repair_complete,10,3,0,0,0,13
45123.4904896426,failure,10,2,1,0,1,12
45124.80019365101,repair_complete,10,3,0,0,0,13
45124.86992193319,failure,10,2,1,0,1,12
45126.51941838656,repair_complete,10,3,0,0,0,13
45128.98038361684,failure,10,2,1,0,1,12
45129.14050571759,failure,10,1,2,1,1,11
45129.48602187785,repair_complete,10,2,1,0,1,12
45130.4270709567,failure,10,1,2,1,1,11
45130.70774690418,repair_complete,10,2,1,0,1,12
45131.703178216754,repair_complete,10,3,0,0,0,13
45131.968860312874,failure,10,2,1,0,1,12
45132.75247940448,repair_complete,10,3,0,0,0,13
45145.20212577671,failure,10,2,1,0,1,12
45147.201997031705,repair_complete,10,3,0,0,0,13
45160.7549797244,failure,10,2,1,0,1,12
45161.13367477095,repair_complete,10,3,0,0,0,13
45179.7954038492,failure,10,2,1,0,1,12
45179.996140093994,repair_complete,10,3,0,0,0,13
45187.79959040624,failure,10,2,1,0,1,12
45188.420815677266,repair_complete,10,3,0,0,0,13
45198.1629075727,failure,10,2,1,0,1,12
45198.59469254319,repair_complete,10,3,0,0,0,13
45208.60833982123,failure,10,2,1,0,1,12
45209.715571937995,repair_complete,10,3,0,0,0,13
45214.88994880232,failure,10,2,1,0,1,12
45215.61791229071,repair_complete,10,3,0,0,0,13
45220.53395608222,failure,10,2,1,0,1,12
45221.12077911813,repair_complete,10,3,0,0,0,13
45228.00831452572,failure,10,2,1,0,1,12
45228.894290484655,repair_complete,10,3,0,0,0,13
45231.67711429799,failure,10,2,1,0,1,12
45233.319095885105,repair_complete,10,3,0,0,0,13
45250.80492804564,failure,10,2,1,0,1,12
45250.91248524526,repair_complete,10,3,0,0,0,13
45259.99774537312,failure,10,2,1,0,1,12
45260.375010394644,failure,10,1,2,1,1,11
45260.93642688943,repair_complete,10,2,1,0,1,12
45261.06357100585,repair_complete,10,3,0,0,0,13
45281.076204340476,failure,10,2,1,0,1,12
45281.18298920507,repair_complete,10,3,0,0,0,13
45320.42890848527,failure,10,2,1,0,1,12
45321.88037583638,repair_complete,10,3,0,0,0,13
45338.7457193481,failure,10,2,1,0,1,12
45338.87253514935,repair_complete,10,3,0,0,0,13
45341.66716699784,failure,10,2,1,0,1,12
45341.846885101535,repair_complete,10,3,0,0,0,13
45342.38145785764,failure,10,2,1,0,1,12
45343.07561364773,repair_complete,10,3,0,0,0,13
45344.57361554267,failure,10,2,1,0,1,12
45344.86034439321,repair_complete,10,3,0,0,0,13
45363.129093380965,failure,10,2,1,0,1,12
45364.82315521515,repair_complete,10,3,0,0,0,13
45365.92310833739,failure,10,2,1,0,1,12
45365.95609901434,repair_complete,10,3,0,0,0,13
45378.67031423333,failure,10,2,1,0,1,12
45379.824216451794,repair_complete,10,3,0,0,0,13
45388.84958820558,failure,10,2,1,0,1,12
45389.33121080465,failure,10,1,2,1,1,11
45390.818779447014,repair_complete,10,2,1,0,1,12
45390.89815304933,repair_complete,10,3,0,0,0,13
45391.17460065517,failure,10,2,1,0,1,12
45392.63554276804,repair_complete,10,3,0,0,0,13
45400.3767178304,failure,10,2,1,0,1,12
45400.40965345487,repair_complete,10,3,0,0,0,13
45400.70124035894,failure,10,2,1,0,1,12
45401.221453223225,repair_complete,10,3,0,0,0,13
45432.99046831827,failure,10,2,1,0,1,12
45434.24808733293,repair_complete,10,3,0,0,0,13
45458.00171191882,failure,10,2,1,0,1,12
45458.4433389693,repair_complete,10,3,0,0,0,13
45485.3616513687,failure,10,2,1,0,1,12
45486.47333426571,repair_complete,10,3,0,0,0,13
45498.551431270025,failure,10,2,1,0,1,12
45498.74349053996,repair_complete,10,3,0,0,0,13
45504.332093981575,failure,10,2,1,0,1,12
45504.56043934601,repair_complete,10,3,0,0,0,13
45509.840508835,failure,10,2,1,0,1,12
45510.26765926417,repair_complete,10,3,0,0,0,13
45512.960862077816,failure,10,2,1,0,1,12
45514.436909144235,repair_complete,10,3,0,0,0,13
45519.498371618436,failure,10,2,1,0,1,12
45519.77375604143,repair_complete,10,3,0,0,0,13
45542.596033418245,failure,10,2,1,0,1,12
45542.76301259185,repair_complete,10,3,0,0,0,13
45542.83485798704,failure,10,2,1,0,1,12
45543.4104849203,failure,10,1,2,1,1,11
45544.18339055317,repair_complete,10,2,1,0,1,12
45544.630027822284,repair_complete,10,3,0,0,0,13
45546.508502474804,failure,10,2,1,0,1,12
45547.186128410125,repair_complete,10,3,0,0,0,13
45559.11977774258,failure,10,2,1,0,1,12
45560.61939424557,repair_complete,10,3,0,0,0,13
45566.47127628506,failure,10,2,1,0,1,12
45567.25621649888,repair_complete,10,3,0,0,0,13
45584.55116250058,failure,10,2,1,0,1,12
45584.587555213504,repair_complete,10,3,0,0,0,13
45585.923278027716,failure,10,2,1,0,1,12
45586.4171421467,repair_complete,10,3,0,0,0,13
45589.63990357791,failure,10,2,1,0,1,12
45592.425587925696,repair_complete,10,3,0,0,0,13
45600.95665275412,failure,10,2,1,0,1,12
45601.63940432805,failure,10,1,2,1,1,11
45603.754971515256,repair_complete,10,2,1,0,1,12
45605.20231687398,repair_complete,10,3,0,0,0,13
45609.817364197064,failure,10,2,1,0,1,12
45611.04946026298,repair_complete,10,3,0,0,0,13
45622.252358288955,failure,10,2,1,0,1,12
45622.29406810442,repair_complete,10,3,0,0,0,13
45630.76733483306,failure,10,2,1,0,1,12
45631.53683060361,failure,10,1,2,1,1,11
45632.7062102077,repair_complete,10,2,1,0,1,12
45633.47288155304,repair_complete,10,3,0,0,0,13
45635.70487864214,failure,10,2,1,0,1,12
45636.316007386595,repair_complete,10,3,0,0,0,13
45638.862693331415,failure,10,2,1,0,1,12
45640.89796678734,repair_complete,10,3,0,0,0,13
45647.165688359004,failure,10,2,1,0,1,12
45649.081223272784,repair_complete,10,3,0,0,0,13
45661.21924630632,failure,10,2,1,0,1,12
45661.45020993102,repair_complete,10,3,0,0,0,13
45663.450318364725,failure,10,2,1,0,1,12
45664.70578386188,failure,10,1,2,1,1,11
45664.84214808336,repair_complete,10,2,1,0,1,12
45665.08338780482,repair_complete,10,3,0,0,0,13
45670.37699068725,failure,10,2,1,0,1,12
45671.406849570994,repair_complete,10,3,0,0,0,13
45683.838603425575,failure,10,2,1,0,1,12
45684.95631124498,repair_complete,10,3,0,0,0,13
45697.04575279864,failure,10,2,1,0,1,12
45697.17289077109,repair_complete,10,3,0,0,0,13
45702.47841036596,failure,10,2,1,0,1,12
45703.44060069284,repair_complete,10,3,0,0,0,13
45714.91952990192,failure,10,2,1,0,1,12
45716.252907235576,repair_complete,10,3,0,0,0,13
45722.74067579586,failure,10,2,1,0,1,12
45722.85773392064,repair_complete,10,3,0,0,0,13
45728.98233386499,failure,10,2,1,0,1,12
45729.285244811916,repair_complete,10,3,0,0,0,13
45756.94525609177,failure,10,2,1,0,1,12
45757.14405966773,failure,10,1,2,1,1,11
45757.196411576355,repair_complete,10,2,1,0,1,12
45759.744782104106,repair_complete,10,3,0,0,0,13
45764.16818925898,failure,10,2,1,0,1,12
45764.459153000185,repair_complete,10,3,0,0,0,13
45765.651619389784,failure,10,2,1,0,1,12
45765.80830516521,repair_complete,10,3,0,0,0,13
45802.88811009061,failure,10,2,1,0,1,12
45803.553443447076,repair_complete,10,3,0,0,0,13
45804.683813711854,failure,10,2,1,0,1,12
45804.76195618823,failure,10,1,2,1,1,11
45805.59247050293,repair_complete,10,2,1,0,1,12
45805.925100680346,repair_complete,10,3,0,0,0,13
45810.608300841224,failure,10,2,1,0,1,12
45811.4591495388,repair_complete,10,3,0,0,0,13
45854.61724685262,failure,10,2,1,0,1,12
45855.267446522674,repair_complete,10,3,0,0,0,13
45857.682344871624,failure,10,2,1,0,1,12
45860.70695219959,repair_complete,10,3,0,0,0,13
45870.969699298,failure,10,2,1,0,1,12
45871.15926823889,repair_complete,10,3,0,0,0,13
45872.67657442523,failure,10,2,1,0,1,12
45872.72619069628,failure,10,1,2,1,1,11
45874.326831149985,repair_complete,10,2,1,0,1,12
45875.23203056832,failure,10,1,2,1,1,11
45877.36086528527,repair_complete,10,2,1,0,1,12
45879.42932507753,repair_complete,10,3,0,0,0,13
45884.25511159466,failure,10,2,1,0,1,12
45884.93694397396,repair_complete,10,3,0,0,0,13
45895.529469528556,failure,10,2,1,0,1,12
45896.41854822679,repair_complete,10,3,0,0,0,13
45900.67947168354,failure,10,2,1,0,1,12
45900.77934450745,repair_complete,10,3,0,0,0,13
45907.28626817881,failure,10,2,1,0,1,12
45907.88496160701,repair_complete,10,3,0,0,0,13
45919.798438361446,failure,10,2,1,0,1,12
45919.91444689085,repair_complete,10,3,0,0,0,13
45920.64742758003,failure,10,2,1,0,1,12
45920.67047335935,repair_complete,10,3,0,0,0,13
45922.87602915561,failure,10,2,1,0,1,12
45923.265780817404,repair_complete,10,3,0,0,0,13
45924.64003749702,failure,10,2,1,0,1,12
45924.88708783297,repair_complete,10,3,0,0,0,13
45926.611027509134,failure,10,2,1,0,1,12
45926.8579068931,repair_complete,10,3,0,0,0,13
45927.26260938114,failure,10,2,1,0,1,12
45927.51790410003,repair_complete,10,3,0,0,0,13
45939.80570385456,failure,10,2,1,0,1,12
45940.17740784796,repair_complete,10,3,0,0,0,13
45946.96981517018,failure,10,2,1,0,1,12
45949.05150897469,repair_complete,10,3,0,0,0,13
45953.3728682055,failure,10,2,1,0,1,12
45955.46633100119,repair_complete,10,3,0,0,0,13
45982.005269096415,failure,10,2,1,0,1,12
45982.6452118401,repair_complete,10,3,0,0,0,13
46004.77283009653,failure,10,2,1,0,1,12
46004.93012827116,repair_complete,10,3,0,0,0,13
46014.437705693905,failure,10,2,1,0,1,12
46014.57878053641,repair_complete,10,3,0,0,0,13
46022.98877150462,failure,10,2,1,0,1,12
46024.89864927826,repair_complete,10,3,0,0,0,13
46027.9810312304,failure,10,2,1,0,1,12
46030.06335002424,repair_complete,10,3,0,0,0,13
46033.26473407501,failure,10,2,1,0,1,12
46035.22862707469,repair_complete,10,3,0,0,0,13
46046.30584391232,failure,10,2,1,0,1,12
46046.97224054345,repair_complete,10,3,0,0,0,13
46065.89584786999,failure,10,2,1,0,1,12
46066.622011644125,repair_complete,10,3,0,0,0,13
46068.13858092973,failure,10,2,1,0,1,12
46068.30869851118,repair_complete,10,3,0,0,0,13
46074.44557757474,failure,10,2,1,0,1,12
46076.37020928335,repair_complete,10,3,0,0,0,13
46085.95127629487,failure,10,2,1,0,1,12
46087.00370270619,repair_complete,10,3,0,0,0,13
46098.245378428015,failure,10,2,1,0,1,12
46101.784844252805,repair_complete,10,3,0,0,0,13
46107.54649355653,failure,10,2,1,0,1,12
46109.56565271845,repair_complete,10,3,0,0,0,13
46110.17053163778,failure,10,2,1,0,1,12
46110.27067348072,repair_complete,10,3,0,0,0,13
46128.07434761729,failure,10,2,1,0,1,12
46129.06843939817,failure,10,1,2,1,1,11
46130.08608912132,repair_complete,10,2,1,0,1,12
46130.117902609054,repair_complete,10,3,0,0,0,13
46135.67485747018,failure,10,2,1,0,1,12
46136.014447266934,repair_complete,10,3,0,0,0,13
46156.15486531227,failure,10,2,1,0,1,12
46158.30619251315,repair_complete,10,3,0,0,0,13
46161.482159075545,failure,10,2,1,0,1,12
46162.77569118455,failure,10,1,2,1,1,11
46162.9665998174,repair_complete,10,2,1,0,1,12
46163.023066319445,repair_complete,10,3,0,0,0,13
46168.58847589105,failure,10,2,1,0,1,12
46171.11543837013,repair_complete,10,3,0,0,0,13
46189.43570112787,failure,10,2,1,0,1,12
46190.226050986574,failure,10,1,2,1,1,11
46190.339830823075,repair_complete,10,2,1,0,1,12
46190.64803616091,repair_complete,10,3,0,0,0,13
46199.95654136809,failure,10,2,1,0,1,12
46202.516528197455,repair_complete,10,3,0,0,0,13
46224.68383074432,failure,10,2,1,0,1,12
46224.710797689484,repair_complete,10,3,0,0,0,13
46239.710802311645,failure,10,2,1,0,1,12
46240.31453645129,repair_complete,10,3,0,0,0,13
46242.65572566062,failure,10,2,1,0,1,12
46242.690543434976,repair_complete,10,3,0,0,0,13
46245.05349660773,failure,10,2,1,0,1,12
46245.13695498548,repair_complete,10,3,0,0,0,13
46265.44886232862,failure,10,2,1,0,1,12
46267.65626326776,repair_complete,10,3,0,0,0,13
46268.127491740684,failure,10,2,1,0,1,12
46268.16180818178,repair_complete,10,3,0,0,0,13
46284.27573111282,failure,10,2,1,0,1,12
46284.57371810795,repair_complete,10,3,0,0,0,13
46289.22970507769,failure,10,2,1,0,1,12
46290.42033466263,repair_complete,10,3,0,0,0,13
46316.83476156534,failure,10,2,1,0,1,12
46318.8484613133,repair_complete,10,3,0,0,0,13
46327.6708272896,failure,10,2,1,0,1,12
46328.27406020107,repair_complete,10,3,0,0,0,13
46333.077123578274,failure,10,2,1,0,1,12
46335.20000444633,repair_complete,10,3,0,0,0,13
46335.53911198494,failure,10,2,1,0,1,12
46336.132911975656,repair_complete,10,3,0,0,0,13
46350.861515108816,failure,10,2,1,0,1,12
46351.44426364356,repair_complete,10,3,0,0,0,13
46370.62095650332,failure,10,2,1,0,1,12
46373.379733618676,repair_complete,10,3,0,0,0,13
46381.30564582968,failure,10,2,1,0,1,12
46381.60485625131,repair_complete,10,3,0,0,0,13
46387.444468991554,failure,10,2,1,0,1,12
46388.06075991967,repair_complete,10,3,0,0,0,13
46400.52298335092,failure,10,2,1,0,1,12
46401.02984315889,repair_complete,10,3,0,0,0,13
46401.045137881694,failure,10,2,1,0,1,12
46401.61768414411,repair_complete,10,3,0,0,0,13
46403.86386683654,failure,10,2,1,0,1,12
46404.07489367559,repair_complete,10,3,0,0,0,13
46412.11782334265,failure,10,2,1,0,1,12
46413.26133468434,repair_complete,10,3,0,0,0,13
46413.94059506223,failure,10,2,1,0,1,12
46415.33912629791,repair_complete,10,3,0,0,0,13
46415.770508020316,failure,10,2,1,0,1,12
46416.77296011453,repair_complete,10,3,0,0,0,13
46424.44401459404,failure,10,2,1,0,1,12
46424.78808021444,repair_complete,10,3,0,0,0,13
46425.04019296007,failure,10,2,1,0,1,12
46426.47551951757,repair_complete,10,3,0,0,0,13
46431.0736610628,failure,10,2,1,0,1,12
46431.96336393466,repair_complete,10,3,0,0,0,13
46448.742491826604,failure,10,2,1,0,1,12
46449.44081854262,repair_complete,10,3,0,0,0,13
46496.04502892635,failure,10,2,1,0,1,12
46496.07386449135,repair_complete,10,3,0,0,0,13
46497.71763577924,failure,10,2,1,0,1,12
46497.97466446687,repair_complete,10,3,0,0,0,13
46503.22594468346,failure,10,2,1,0,1,12
46503.47169182943,repair_complete,10,3,0,0,0,13
46513.575368623264,failure,10,2,1,0,1,12
46513.97102611493,repair_complete,10,3,0,0,0,13
46526.916403077434,failure,10,2,1,0,1,12
46527.495483371575,repair_complete,10,3,0,0,0,13
46556.16710524183,failure,10,2,1,0,1,12
46558.06381586982,repair_complete,10,3,0,0,0,13
46567.31212367424,failure,10,2,1,0,1,12
46567.46642212807,repair_complete,10,3,0,0,0,13
46587.293770437005,failure,10,2,1,0,1,12
46587.44565072613,repair_complete,10,3,0,0,0,13
46594.67945189603,failure,10,2,1,0,1,12
46594.94600835423,failure,10,1,2,1,1,11
46596.6909861512,repair_complete,10,2,1,0,1,12
46597.72972916534,repair_complete,10,3,0,0,0,13
46613.673002218464,failure,10,2,1,0,1,12
46613.99091193244,repair_complete,10,3,0,0,0,13
46616.38309649692,failure,10,2,1,0,1,12
46618.55694094565,repair_complete,10,3,0,0,0,13
46620.35022875124,failure,10,2,1,0,1,12
46621.295905159815,repair_complete,10,3,0,0,0,13
46625.71145273144,failure,10,2,1,0,1,12
46626.82929760882,repair_complete,10,3,0,0,0,13
46639.48276905719,failure,10,2,1,0,1,12
46639.55398895832,repair_complete,10,3,0,0,0,13
46639.6106053784,failure,10,2,1,0,1,12
46639.62025028944,repair_complete,10,3,0,0,0,13
46676.85272996735,failure,10,2,1,0,1,12
46677.12320321759,repair_complete,10,3,0,0,0,13
46691.012303652424,failure,10,2,1,0,1,12
46693.087203347284,repair_complete,10,3,0,0,0,13
46700.33777797277,failure,10,2,1,0,1,12
46700.85650989328,repair_complete,10,3,0,0,0,13
46724.03536624177,failure,10,2,1,0,1,12
46724.43942330236,repair_complete,10,3,0,0,0,13
46766.669013812294,failure,10,2,1,0,1,12
46766.764655726845,failure,10,1,2,1,1,11
46766.81956112557,repair_complete,10,2,1,0,1,12
46768.20288117329,failure,10,1,2,1,1,11
46770.9924499206,repair_complete,10,2,1,0,1,12
46772.0923420241,repair_complete,10,3,0,0,0,13
46774.298745894535,failure,10,2,1,0,1,12
46774.3348228173,repair_complete,10,3,0,0,0,13
46785.90172667586,failure,10,2,1,0,1,12
46786.010566469726,repair_complete,10,3,0,0,0,13
46794.30179495181,failure,10,2,1,0,1,12
46794.49237494126,repair_complete,10,3,0,0,0,13
46805.06933067618,failure,10,2,1,0,1,12
46805.276557429,repair_complete,10,3,0,0,0,13
46815.26314218535,failure,10,2,1,0,1,12
46816.50435352273,repair_complete,10,3,0,0,0,13
46816.92716767679,failure,10,2,1,0,1,12
46816.98853336431,repair_complete,10,3,0,0,0,13
46841.952767136216,failure,10,2,1,0,1,12
46844.318029274655,repair_complete,10,3,0,0,0,13
46852.4937806545,failure,10,2,1,0,1,12
46853.1349647386,repair_complete,10,3,0,0,0,13
46871.563963354354,failure,10,2,1,0,1,12
46871.8760191536,repair_complete,10,3,0,0,0,13
46880.27731893829,failure,10,2,1,0,1,12
46880.326161846795,repair_complete,10,3,0,0,0,13
46928.120249379695,failure,10,2,1,0,1,12
46929.51372596355,failure,10,1,2,1,1,11
46929.85208327999,repair_complete,10,2,1,0,1,12
46930.28150885431,repair_complete,10,3,0,0,0,13
46943.53637050793,failure,10,2,1,0,1,12
46944.36102253581,repair_complete,10,3,0,0,0,13
46966.02051348942,failure,10,2,1,0,1,12
46967.7817414035,repair_complete,10,3,0,0,0,13
46974.394539734494,failure,10,2,1,0,1,12
46974.77352903392,repair_complete,10,3,0,0,0,13
46987.40093423122,failure,10,2,1,0,1,12
46988.20300437105,repair_complete,10,3,0,0,0,13
46997.18049035397,failure,10,2,1,0,1,12
46998.011154536594,repair_complete,10,3,0,0,0,13
46998.44030376732,failure,10,2,1,0,1,12
46999.248114442875,repair_complete,10,3,0,0,0,13
47000.98449537292,failure,10,2,1,0,1,12
47001.994058531236,repair_complete,10,3,0,0,0,13
47006.96434172944,failure,10,2,1,0,1,12
47007.095457988726,repair_complete,10,3,0,0,0,13
47024.485095354066,failure,10,2,1,0,1,12
47025.55267775991,repair_complete,10,3,0,0,0,13
47028.43361545817,failure,10,2,1,0,1,12
47029.06206244867,repair_complete,10,3,0,0,0,13
47030.57862329568,failure,10,2,1,0,1,12
47032.89917268875,repair_complete,10,3,0,0,0,13
47037.47788310068,failure,10,2,1,0,1,12
47037.97748064863,repair_complete,10,3,0,0,0,13
47046.50980309223,failure,10,2,1,0,1,12
47047.36280439102,repair_complete,10,3,0,0,0,13
47049.065545160025,failure,10,2,1,0,1,12
47050.03824880758,repair_complete,10,3,0,0,0,13
47051.052480780614,failure,10,2,1,0,1,12
47051.163805196324,repair_complete,10,3,0,0,0,13
47057.18629926328,failure,10,2,1,0,1,12
47058.49274056164,repair_complete,10,3,0,0,0,13
47085.7007869612,failure,10,2,1,0,1,12
47087.077299137,repair_complete,10,3,0,0,0,13
47088.8172371125,failure,10,2,1,0,1,12
47089.894438887604,repair_complete,10,3,0,0,0,13
47093.51098025468,failure,10,2,1,0,1,12
47093.89668397073,repair_complete,10,3,0,0,0,13
47103.62053344041,failure,10,2,1,0,1,12
47103.73606029386,failure,10,1,2,1,1,11
47105.47145664753,repair_complete,10,2,1,0,1,12
47107.74910853121,repair_complete,10,3,0,0,0,13
47110.9128609994,failure,10,2,1,0,1,12
47111.15898021437,repair_complete,10,3,0,0,0,13
47127.80418925973,failure,10,2,1,0,1,12
47128.12003476597,repair_complete,10,3,0,0,0,13
47128.59864451999,failure,10,2,1,0,1,12
47130.175753739764,repair_complete,10,3,0,0,0,13
47132.993739127676,failure,10,2,1,0,1,12
47133.24060752459,repair_complete,10,3,0,0,0,13
47137.95742129368,failure,10,2,1,0,1,12
47138.833565299414,repair_complete,10,3,0,0,0,13
47143.468062389875,failure,10,2,1,0,1,12
47143.5337005874,repair_complete,10,3,0,0,0,13
47155.781382545916,failure,10,2,1,0,1,12
47157.01715157336,repair_complete,10,3,0,0,0,13
47164.25763915674,failure,10,2,1,0,1,12
47166.39305466982,repair_complete,10,3,0,0,0,13
47181.2572237484,failure,10,2,1,0,1,12
47183.168032383925,repair_complete,10,3,0,0,0,13
47188.43422506056,failure,10,2,1,0,1,12
47188.5195547233,repair_complete,10,3,0,0,0,13
47193.1126577106,failure,10,2,1,0,1,12
47195.74789714379,repair_complete,10,3,0,0,0,13
47218.55347762751,failure,10,2,1,0,1,12
47220.91987287235,repair_complete,10,3,0,0,0,13
47223.776391793464,failure,10,2,1,0,1,12
47224.12669469079,repair_complete,10,3,0,0,0,13
47227.04853831113,failure,10,2,1,0,1,12
47227.5323723617,failure,10,1,2,1,1,11
47229.55060693866,repair_complete,10,2,1,0,1,12
47231.78385821928,repair_complete,10,3,0,0,0,13
47245.2985320354,failure,10,2,1,0,1,12
47246.47993135131,repair_complete,10,3,0,0,0,13
47247.97984097893,failure,10,2,1,0,1,12
47250.714523078925,repair_complete,10,3,0,0,0,13
47256.95638289086,failure,10,2,1,0,1,12
47257.32118039146,failure,10,1,2,1,1,11
47257.63187526721,repair_complete,10,2,1,0,1,12
47257.95821711483,repair_complete,10,3,0,0,0,13
47273.2535927741,failure,10,2,1,0,1,12
47273.32308022398,repair_complete,10,3,0,0,0,13
47284.73560057845,failure,10,2,1,0,1,12
47285.20627125669,repair_complete,10,3,0,0,0,13
47285.78404961875,failure,10,2,1,0,1,12
47286.03707294309,repair_complete,10,3,0,0,0,13
47286.18289857185,failure,10,2,1,0,1,12
47286.36231595323,repair_complete,10,3,0,0,0,13
47288.213290799984,failure,10,2,1,0,1,12
47288.3291970145,repair_complete,10,3,0,0,0,13
47311.223931194276,failure,10,2,1,0,1,12
47311.7910544747,repair_complete,10,3,0,0,0,13
47316.75853876071,failure,10,2,1,0,1,12
47317.19279205482,repair_complete,10,3,0,0,0,13
47318.03571649676,failure,10,2,1,0,1,12
47318.235336718,repair_complete,10,3,0,0,0,13
47350.72410310562,failure,10,2,1,0,1,12
47351.9704991169,failure,10,1,2,1,1,11
47353.54368562899,repair_complete,10,2,1,0,1,12
47356.98755889013,failure,10,1,2,1,1,11
47358.28384392963,repair_complete,10,2,1,0,1,12
47358.75472399479,repair_complete,10,3,0,0,0,13
47367.94601184295,failure,10,2,1,0,1,12
47368.685716194384,repair_complete,10,3,0,0,0,13
47377.70262878979,failure,10,2,1,0,1,12
47377.84732248137,repair_complete,10,3,0,0,0,13
47377.9553586147,failure,10,2,1,0,1,12
47378.747409659896,repair_complete,10,3,0,0,0,13
47389.95109023999,failure,10,2,1,0,1,12
47390.39498771608,repair_complete,10,3,0,0,0,13
47391.89665139616,failure,10,2,1,0,1,12
47392.21105824197,repair_complete,10,3,0,0,0,13
47397.551646156164,failure,10,2,1,0,1,12
47399.25184080527,repair_complete,10,3,0,0,0,13
47412.76817932677,failure,10,2,1,0,1,12
47413.2976074832,repair_complete,10,3,0,0,0,13
47420.26692386386,failure,10,2,1,0,1,12
47420.27977698205,repair_complete,10,3,0,0,0,13
47436.4562169108,failure,10,2,1,0,1,12
47436.836983294656,repair_complete,10,3,0,0,0,13
47472.97455055804,failure,10,2,1,0,1,12
47473.48412184921,repair_complete,10,3,0,0,0,13
47488.45635146859,failure,10,2,1,0,1,12
47490.213278103074,repair_complete,10,3,0,0,0,13
47509.452406289296,failure,10,2,1,0,1,12
47510.45229893794,repair_complete,10,3,0,0,0,13
47517.86313922251,failure,10,2,1,0,1,12
47518.26863135261,repair_complete,10,3,0,0,0,13
47527.84859094676,failure,10,2,1,0,1,12
47528.85468271765,repair_complete,10,3,0,0,0,13
47529.20884261017,failure,10,2,1,0,1,12
47529.96978919393,repair_complete,10,3,0,0,0,13
47530.359275334595,failure,10,2,1,0,1,12
47530.82999503741,failure,10,1,2,1,1,11
47532.361758479725,repair_complete,10,2,1,0,1,12
47532.895446977556,repair_complete,10,3,0,0,0,13
47549.710043536186,failure,10,2,1,0,1,12
47550.44979915558,repair_complete,10,3,0,0,0,13
47557.89668020496,failure,10,2,1,0,1,12
47559.78045422926,repair_complete,10,3,0,0,0,13
47575.21544258109,failure,10,2,1,0,1,12
47575.43858209553,repair_complete,10,3,0,0,0,13
47576.174312182964,failure,10,2,1,0,1,12
47576.98486696976,failure,10,1,2,1,1,11
47579.20387758912,repair_complete,10,2,1,0,1,12
47580.446060652044,repair_complete,10,3,0,0,0,13
47581.49502993691,failure,10,2,1,0,1,12
47581.7141808602,repair_complete,10,3,0,0,0,13
47584.6285958866,failure,10,2,1,0,1,12
47585.077334446796,repair_complete,10,3,0,0,0,13
47601.65941411153,failure,10,2,1,0,1,12
47602.7332173711,repair_complete,10,3,0,0,0,13
47606.93528518949,failure,10,2,1,0,1,12
47607.79655707497,repair_complete,10,3,0,0,0,13
47614.73340347932,failure,10,2,1,0,1,12
47614.80813974506,repair_complete,10,3,0,0,0,13
47623.03145896427,failure,10,2,1,0,1,12
47625.16960162363,repair_complete,10,3,0,0,0,13
47645.871974849644,failure,10,2,1,0,1,12
47646.87917850756,repair_complete,10,3,0,0,0,13
47647.99871177337,failure,10,2,1,0,1,12
47648.16162985112,repair_complete,10,3,0,0,0,13
47655.48629893776,failure,10,2,1,0,1,12
47658.0372585711,repair_complete,10,3,0,0,0,13
47674.19708456947,failure,10,2,1,0,1,12
47674.801128653155,failure,10,1,2,1,1,11
47674.98460491624,repair_complete,10,2,1,0,1,12
47676.30290817669,repair_complete,10,3,0,0,0,13
47678.462356829674,failure,10,2,1,0,1,12
47678.75215279619,failure,10,1,2,1,1,11
47678.80983087511,repair_complete,10,2,1,0,1,12
47678.932926179434,repair_complete,10,3,0,0,0,13
47694.722712498326,failure,10,2,1,0,1,12
47694.7948497082,repair_complete,10,3,0,0,0,13
47698.87541153311,failure,10,2,1,0,1,12
47700.443154075016,repair_complete,10,3,0,0,0,13
47701.41567239323,failure,10,2,1,0,1,12
47703.28816086568,repair_complete,10,3,0,0,0,13
47763.761987144,failure,10,2,1,0,1,12
47765.82665892161,repair_complete,10,3,0,0,0,13
47783.78985892282,failure,10,2,1,0,1,12
47783.93246228753,failure,10,1,2,1,1,11
47784.06065174141,repair_complete,10,2,1,0,1,12
47785.55341862312,repair_complete,10,3,0,0,0,13
47796.219246602406,failure,10,2,1,0,1,12
47797.491768372136,repair_complete,10,3,0,0,0,13
47805.289478790146,failure,10,2,1,0,1,12
47808.52468686342,repair_complete,10,3,0,0,0,13
47825.04443176644,failure,10,2,1,0,1,12
47825.248890194256,repair_complete,10,3,0,0,0,13
47839.83879774851,failure,10,2,1,0,1,12
47840.76932792274,repair_complete,10,3,0,0,0,13
47854.95345005144,failure,10,2,1,0,1,12
47855.94102690514,repair_complete,10,3,0,0,0,13
47856.02707374919,failure,10,2,1,0,1,12
47856.48247743237,repair_complete,10,3,0,0,0,13
47865.74582256243,failure,10,2,1,0,1,12
47865.88016788633,failure,10,1,2,1,1,11
47867.50221787786,repair_complete,10,2,1,0,1,12
47868.68106522487,repair_complete,10,3,0,0,0,13
47887.11440704251,failure,10,2,1,0,1,12
47887.29538035778,repair_complete,10,3,0,0,0,13
47890.83844389737,failure,10,2,1,0,1,12
47891.311859294205,repair_complete,10,3,0,0,0,13
47892.296248206476,failure,10,2,1,0,1,12
47894.46353680503,repair_complete,10,3,0,0,0,13
47895.65186806962,failure,10,2,1,0,1,12
47896.506683451495,repair_complete,10,3,0,0,0,13
47912.10098911121,failure,10,2,1,0,1,12
47913.11059453185,repair_complete,10,3,0,0,0,13
47920.52774979202,failure,10,2,1,0,1,12
47923.04503581178,repair_complete,10,3,0,0,0,13
47926.00867033112,failure,10,2,1,0,1,12
47926.81866717064,repair_complete,10,3,0,0,0,13
47930.842383758696,failure,10,2,1,0,1,12
47931.039606183534,repair_complete,10,3,0,0,0,13
47934.46454114424,failure,10,2,1,0,1,12
47937.53825056772,repair_complete,10,3,0,0,0,13
47944.79600168859,failure,10,2,1,0,1,12
47945.96385967366,repair_complete,10,3,0,0,0,13
47946.376879243304,failure,10,2,1,0,1,12
47947.53021346518,repair_complete,10,3,0,0,0,13
47952.152854150554,failure,10,2,1,0,1,12
47954.250291850396,repair_complete,10,3,0,0,0,13
47965.72497705434,failure,10,2,1,0,1,12
47966.16922992379,repair_complete,10,3,0,0,0,13
47969.2069169132,failure,10,2,1,0,1,12
47969.75343405696,repair_complete,10,3,0,0,0,13
47998.05183857404,failure,10,2,1,0,1,12
47998.11533259183,repair_complete,10,3,0,0,0,13
48013.54364047855,failure,10,2,1,0,1,12
48013.7576101343,repair_complete,10,3,0,0,0,13
48018.80211822003,failure,10,2,1,0,1,12
48019.33576283946,repair_complete,10,3,0,0,0,13
48029.338211391725,failure,10,2,1,0,1,12
48030.28073357323,repair_complete,10,3,0,0,0,13
48042.07538730323,failure,10,2,1,0,1,12
48042.094540437414,repair_complete,10,3,0,0,0,13
48045.42754730346,failure,10,2,1,0,1,12
48045.68139019068,failure,10,1,2,1,1,11
48046.08255323648,repair_complete,10,2,1,0,1,12
48047.95908395095,repair_complete,10,3,0,0,0,13
48058.07553048961,failure,10,2,1,0,1,12
48059.74009314304,repair_complete,10,3,0,0,0,13
48090.516665567,failure,10,2,1,0,1,12
48090.82947114138,failure,10,1,2,1,1,11
48091.74982643457,repair_complete,10,2,1,0,1,12
48093.0378327537,repair_complete,10,3,0,0,0,13
48104.47080641503,failure,10,2,1,0,1,12
48105.20086084577,repair_complete,10,3,0,0,0,13
48118.26516579761,failure,10,2,1,0,1,12
48118.31739016564,repair_complete,10,3,0,0,0,13
48119.8467593222,failure,10,2,1,0,1,12
48121.35795801033,repair_complete,10,3,0,0,0,13
48130.51298405705,failure,10,2,1,0,1,12
48131.19250092176,repair_complete,10,3,0,0,0,13
48137.26500733885,failure,10,2,1,0,1,12
48138.44710520812,repair_complete,10,3,0,0,0,13
48139.73596329092,failure,10,2,1,0,1,12
48140.293761662,failure,10,1,2,1,1,11
48142.09981247621,repair_complete,10,2,1,0,1,12
48142.25168449765,repair_complete,10,3,0,0,0,13
48143.012032110535,failure,10,2,1,0,1,12
48146.012398328494,repair_complete,10,3,0,0,0,13
48164.76877640943,failure,10,2,1,0,1,12
48165.4840164007,failure,10,1,2,1,1,11
48166.47317122277,repair_complete,10,2,1,0,1,12
48168.097338844156,repair_complete,10,3,0,0,0,13
48172.65103220231,failure,10,2,1,0,1,12
48172.75742772202,repair_complete,10,3,0,0,0,13
48174.228210063164,failure,10,2,1,0,1,12
48175.86996802707,repair_complete,10,3,0,0,0,13
48179.507318472235,failure,10,2,1,0,1,12
48180.72738678809,repair_complete,10,3,0,0,0,13
48184.60351486583,failure,10,2,1,0,1,12
48184.68296454309,repair_complete,10,3,0,0,0,13
48194.05125916732,failure,10,2,1,0,1,12
48194.59074034912,repair_complete,10,3,0,0,0,13
48202.97898425736,failure,10,2,1,0,1,12
48203.19004997413,repair_complete,10,3,0,0,0,13
48212.35087946282,failure,10,2,1,0,1,12
48212.81047853365,repair_complete,10,3,0,0,0,13
48231.71772042928,failure,10,2,1,0,1,12
48231.981903322674,repair_complete,10,3,0,0,0,13
48237.79634195478,failure,10,2,1,0,1,12
48239.84612820395,repair_complete,10,3,0,0,0,13
48247.31062846198,failure,10,2,1,0,1,12
48249.30257545642,repair_complete,10,3,0,0,0,13
48264.25537195977,failure,10,2,1,0,1,12
48264.68636884023,repair_complete,10,3,0,0,0,13
48274.92335160165,failure,10,2,1,0,1,12
48277.337354777585,repair_complete,10,3,0,0,0,13
48280.38656483985,failure,10,2,1,0,1,12
48281.220618755564,repair_complete,10,3,0,0,0,13
48304.87755883913,failure,10,2,1,0,1,12
48306.48115165586,repair_complete,10,3,0,0,0,13
48317.23547738597,failure,10,2,1,0,1,12
48317.86345434166,failure,10,1,2,1,1,11
48318.07638160028,repair_complete,10,2,1,0,1,12
48318.455396260535,repair_complete,10,3,0,0,0,13
48333.08063937461,failure,10,2,1,0,1,12
48334.818432969274,repair_complete,10,3,0,0,0,13
48346.54309579577,failure,10,2,1,0,1,12
48346.61506507091,repair_complete,10,3,0,0,0,13
48349.9199485363,failure,10,2,1,0,1,12
48351.626857151954,repair_complete,10,3,0,0,0,13
48355.03350135012,failure,10,2,1,0,1,12
48356.95981389778,repair_complete,10,3,0,0,0,13
48372.08845484735,failure,10,2,1,0,1,12
48372.33365037304,repair_complete,10,3,0,0,0,13
48379.96628819239,failure,10,2,1,0,1,12
48380.96156242143,repair_complete,10,3,0,0,0,13
48384.04203314477,failure,10,2,1,0,1,12
48384.150280696515,repair_complete,10,3,0,0,0,13
48386.33664668494,failure,10,2,1,0,1,12
48387.85515443208,repair_complete,10,3,0,0,0,13
48423.13658731471,failure,10,2,1,0,1,12
48424.328374479286,failure,10,1,2,1,1,11
48426.149348535706,repair_complete,10,2,1,0,1,12
48426.90413396015,repair_complete,10,3,0,0,0,13
48433.25249316652,failure,10,2,1,0,1,12
48433.32571379365,failure,10,1,2,1,1,11
48434.93601673151,repair_complete,10,2,1,0,1,12
48435.899266634,repair_complete,10,3,0,0,0,13
48444.131502931945,failure,10,2,1,0,1,12
48445.27045443772,repair_complete,10,3,0,0,0,13
48448.61740015471,failure,10,2,1,0,1,12
48449.36795423622,repair_complete,10,3,0,0,0,13
48449.639791096626,failure,10,2,1,0,1,12
48449.91695068565,repair_complete,10,3,0,0,0,13
48456.12407467232,failure,10,2,1,0,1,12
48456.75166260069,failure,10,1,2,1,1,11
48457.688853351036,repair_complete,10,2,1,0,1,12
48458.32553973187,repair_complete,10,3,0,0,0,13
48468.67920080082,failure,10,2,1,0,1,12
48469.156705666544,repair_complete,10,3,0,0,0,13
48512.974793023575,failure,10,2,1,0,1,12
48513.13680685016,repair_complete,10,3,0,0,0,13
48522.063042394635,failure,10,2,1,0,1,12
48522.67051743455,repair_complete,10,3,0,0,0,13
48537.710075929506,failure,10,2,1,0,1,12
48538.59088504879,repair_complete,10,3,0,0,0,13
48542.259307827524,failure,10,2,1,0,1,12
48542.50779688818,repair_complete,10,3,0,0,0,13
48547.495727717534,failure,10,2,1,0,1,12
48548.18407559702,repair_complete,10,3,0,0,0,13
48564.11723103461,failure,10,2,1,0,1,12
48564.19669960727,repair_complete,10,3,0,0,0,13
48565.87368069376,failure,10,2,1,0,1,12
48567.35370654187,repair_complete,10,3,0,0,0,13
48568.49771752967,failure,10,2,1,0,1,12
48569.09430863038,repair_complete,10,3,0,0,0,13
48569.96329912922,failure,10,2,1,0,1,12
48570.13438337389,repair_complete,10,3,0,0,0,13
48579.5437884476,failure,10,2,1,0,1,12
48580.55804228862,failure,10,1,2,1,1,11
48581.963268972344,repair_complete,10,2,1,0,1,12
48581.995006085854,repair_complete,10,3,0,0,0,13
48582.66703909113,failure,10,2,1,0,1,12
48583.26569450801,repair_complete,10,3,0,0,0,13
48589.022677542314,failure,10,2,1,0,1,12
48589.64635216584,repair_complete,10,3,0,0,0,13
48594.692588054226,failure,10,2,1,0,1,12
48596.14113376075,repair_complete,10,3,0,0,0,13
48622.69480262238,failure,10,2,1,0,1,12
48625.462272703764,repair_complete,10,3,0,0,0,13
48632.93468449272,failure,10,2,1,0,1,12
48633.12515696828,repair_complete,10,3,0,0,0,13
48633.49347697655,failure,10,2,1,0,1,12
48633.67215788883,failure,10,1,2,1,1,11
48638.788799906986,repair_complete,10,2,1,0,1,12
48640.057547588585,repair_complete,10,3,0,0,0,13
48644.9481713958,failure,10,2,1,0,1,12
48645.028586451896,repair_complete,10,3,0,0,0,13
48655.689112935914,failure,10,2,1,0,1,12
48655.94449666539,repair_complete,10,3,0,0,0,13
48658.35114348622,failure,10,2,1,0,1,12
48659.35968813543,repair_complete,10,3,0,0,0,13
48659.85613059806,failure,10,2,1,0,1,12
48661.51795517677,repair_complete,10,3,0,0,0,13
48674.00073683292,failure,10,2,1,0,1,12
48675.114547081175,repair_complete,10,3,0,0,0,13
48678.621341974234,failure,10,2,1,0,1,12
48679.8842378828,repair_complete,10,3,0,0,0,13
48714.95728258799,failure,10,2,1,0,1,12
48715.61705479015,repair_complete,10,3,0,0,0,13
48717.71873490946,failure,10,2,1,0,1,12
48717.975579862956,repair_complete,10,3,0,0,0,13
48724.061343111076,failure,10,2,1,0,1,12
48727.67989847396,repair_complete,10,3,0,0,0,13
48728.41463985007,failure,10,2,1,0,1,12
48728.6499568161,repair_complete,10,3,0,0,0,13
48737.05607617299,failure,10,2,1,0,1,12
48737.445933741976,repair_complete,10,3,0,0,0,13
48754.77510664674,failure,10,2,1,0,1,12
48754.80195632045,repair_complete,10,3,0,0,0,13
48755.211839592324,failure,10,2,1,0,1,12
48755.57738060266,repair_complete,10,3,0,0,0,13
48768.504185887476,failure,10,2,1,0,1,12
48768.74175190946,repair_complete,10,3,0,0,0,13
48773.34453876756,failure,10,2,1,0,1,12
48773.96375261434,repair_complete,10,3,0,0,0,13
48786.86675983995,failure,10,2,1,0,1,12
48786.925044111646,repair_complete,10,3,0,0,0,13
48793.84533698647,failure,10,2,1,0,1,12
48793.885332182486,repair_complete,10,3,0,0,0,13
48819.482197306956,failure,10,2,1,0,1,12
48819.70206969952,repair_complete,10,3,0,0,0,13
48824.838157838676,failure,10,2,1,0,1,12
48824.87341916944,repair_complete,10,3,0,0,0,13
48827.88151240223,failure,10,2,1,0,1,12
48828.639457337675,repair_complete,10,3,0,0,0,13
48835.33661379832,failure,10,2,1,0,1,12
48836.65307036861,repair_complete,10,3,0,0,0,13
48838.31602695317,failure,10,2,1,0,1,12
48838.48714241968,failure,10,1,2,1,1,11
48838.54935120433,repair_complete,10,2,1,0,1,12
48838.59879941829,repair_complete,10,3,0,0,0,13
48853.15725843129,failure,10,2,1,0,1,12
48860.29463170621,repair_complete,10,3,0,0,0,13
48863.931926353005,failure,10,2,1,0,1,12
48864.68441336648,repair_complete,10,3,0,0,0,13
48873.52279852236,failure,10,2,1,0,1,12
48873.65785801997,repair_complete,10,3,0,0,0,13
48874.93972262301,failure,10,2,1,0,1,12
48875.347309396355,repair_complete,10,3,0,0,0,13
48895.32304960237,failure,10,2,1,0,1,12
48896.8454275557,repair_complete,10,3,0,0,0,13
48941.356476934285,failure,10,2,1,0,1,12
48942.10190491133,repair_complete,10,3,0,0,0,13
48947.890443957345,failure,10,2,1,0,1,12
48949.36679302053,repair_complete,10,3,0,0,0,13
48952.21997823874,failure,10,2,1,0,1,12
48952.75432470277,repair_complete,10,3,0,0,0,13
48960.65603927965,failure,10,2,1,0,1,12
48961.25617345884,repair_complete,10,3,0,0,0,13
48991.82400565449,failure,10,2,1,0,1,12
48992.907484501775,repair_complete,10,3,0,0,0,13
48998.16020047416,failure,10,2,1,0,1,12
48998.582742634346,failure,10,1,2,1,1,11
48999.95409121076,repair_complete,10,2,1,0,1,12
49000.887311860264,repair_complete,10,3,0,0,0,13
49002.22768195992,failure,10,2,1,0,1,12
49004.59783405967,repair_complete,10,3,0,0,0,13
49005.685806425645,failure,10,2,1,0,1,12
49006.71661100427,repair_complete,10,3,0,0,0,13
49053.42451530893,failure,10,2,1,0,1,12
49054.83156564969,repair_complete,10,3,0,0,0,13
49062.17378371197,failure,10,2,1,0,1,12
49062.62333209801,repair_complete,10,3,0,0,0,13
49064.09422427165,failure,10,2,1,0,1,12
49066.89885269312,repair_complete,10,3,0,0,0,13
49088.05464403619,failure,10,2,1,0,1,12
49088.27696693769,repair_complete,10,3,0,0,0,13
49092.9375353152,failure,10,2,1,0,1,12
49093.15987606449,repair_complete,10,3,0,0,0,13
49098.25145332324,failure,10,2,1,0,1,12
49098.51305851712,repair_complete,10,3,0,0,0,13
49103.91456342565,failure,10,2,1,0,1,12
49104.26744617395,repair_complete,10,3,0,0,0,13
49126.845018696404,failure,10,2,1,0,1,12
49127.46925902761,repair_complete,10,3,0,0,0,13
49132.05679271314,failure,10,2,1,0,1,12
49132.42933415642,repair_complete,10,3,0,0,0,13
49165.7253382426,failure,10,2,1,0,1,12
49166.9247954048,repair_complete,10,3,0,0,0,13
49168.808329111904,failure,10,2,1,0,1,12
49169.529450895076,repair_complete,10,3,0,0,0,13
49180.186951599564,failure,10,2,1,0,1,12
49180.29112547707,repair_complete,10,3,0,0,0,13
49188.68010237233,failure,10,2,1,0,1,12
49188.9987726483,repair_complete,10,3,0,0,0,13
49198.5376675092,failure,10,2,1,0,1,12
49198.61896037427,repair_complete,10,3,0,0,0,13
49199.719076513444,failure,10,2,1,0,1,12
49200.19974964388,repair_complete,10,3,0,0,0,13
49203.23100326163,failure,10,2,1,0,1,12
49204.9385015205,repair_complete,10,3,0,0,0,13
49214.21671593836,failure,10,2,1,0,1,12
49214.27588031823,repair_complete,10,3,0,0,0,13
49221.3854159616,failure,10,2,1,0,1,12
49221.66367350636,repair_complete,10,3,0,0,0,13
49227.0019912813,failure,10,2,1,0,1,12
49231.892109391876,repair_complete,10,3,0,0,0,13
49249.78361866736,failure,10,2,1,0,1,12
49249.84864712535,repair_complete,10,3,0,0,0,13
49299.5462058627,failure,10,2,1,0,1,12
49299.77569341351,repair_complete,10,3,0,0,0,13
49305.72488517663,failure,10,2,1,0,1,12
49308.28398049585,repair_complete,10,3,0,0,0,13
49309.829618355056,failure,10,2,1,0,1,12
49311.48775907549,repair_complete,10,3,0,0,0,13
49318.852084455204,failure,10,2,1,0,1,12
49320.654268055674,repair_complete,10,3,0,0,0,13
49340.696308520724,failure,10,2,1,0,1,12
49340.78444074043,repair_complete,10,3,0,0,0,13
49352.28737456574,failure,10,2,1,0,1,12
49353.166324381906,repair_complete,10,3,0,0,0,13
49369.44858388769,failure,10,2,1,0,1,12
49370.46291467899,repair_complete,10,3,0,0,0,13
49375.61247389987,failure,10,2,1,0,1,12
49378.68598945939,failure,10,1,2,1,1,11
49378.90371540322,repair_complete,10,2,1,0,1,12
49380.54939857372,repair_complete,10,3,0,0,0,13
49391.24644099357,failure,10,2,1,0,1,12
49392.026151862505,repair_complete,10,3,0,0,0,13
49392.507078146366,failure,10,2,1,0,1,12
49392.63467066428,repair_complete,10,3,0,0,0,13
49406.39409129429,failure,10,2,1,0,1,12
49406.758749158726,repair_complete,10,3,0,0,0,13
49412.759245546746,failure,10,2,1,0,1,12
49413.150433673574,repair_complete,10,3,0,0,0,13
49418.22397295194,failure,10,2,1,0,1,12
49419.82021504468,repair_complete,10,3,0,0,0,13
49433.7151870038,failure,10,2,1,0,1,12
49433.775420458864,repair_complete,10,3,0,0,0,13
49444.71598804671,failure,10,2,1,0,1,12
49447.11029484858,repair_complete,10,3,0,0,0,13
49453.72703518163,failure,10,2,1,0,1,12
49454.613604040176,repair_complete,10,3,0,0,0,13
49456.577763972484,failure,10,2,1,0,1,12
49456.748919912716,repair_complete,10,3,0,0,0,13
49495.04879149501,failure,10,2,1,0,1,12
49495.1493622115,failure,10,1,2,1,1,11
49495.308901824035,repair_complete,10,2,1,0,1,12
49495.64604289513,repair_complete,10,3,0,0,0,13
49520.26771672642,failure,10,2,1,0,1,12
49521.26625783369,repair_complete,10,3,0,0,0,13
49524.38775873724,failure,10,2,1,0,1,12
49526.57745880238,repair_complete,10,3,0,0,0,13
49530.514770197915,failure,10,2,1,0,1,12
49531.13301815571,repair_complete,10,3,0,0,0,13
49540.45066487878,failure,10,2,1,0,1,12
49541.014958419575,repair_complete,10,3,0,0,0,13
49541.0828093938,failure,10,2,1,0,1,12
49541.43077207706,repair_complete,10,3,0,0,0,13
49547.93993032908,failure,10,2,1,0,1,12
49550.09357937343,repair_complete,10,3,0,0,0,13
49577.52549263247,failure,10,2,1,0,1,12
49578.37851942405,repair_complete,10,3,0,0,0,13
49580.49014395924,failure,10,2,1,0,1,12
49581.62224798444,repair_complete,10,3,0,0,0,13
49590.159522776674,failure,10,2,1,0,1,12
49592.79524949194,repair_complete,10,3,0,0,0,13
49622.61947303912,failure,10,2,1,0,1,12
49622.9929583187,failure,10,1,2,1,1,11
49624.47869580459,repair_complete,10,2,1,0,1,12
49624.62891607262,repair_complete,10,3,0,0,0,13
49636.18469377918,failure,10,2,1,0,1,12
49636.21316648408,repair_complete,10,3,0,0,0,13
49638.35329605616,failure,10,2,1,0,1,12
49638.677984847294,repair_complete,10,3,0,0,0,13
49641.50610039782,failure,10,2,1,0,1,12
49641.75351684372,repair_complete,10,3,0,0,0,13
49658.119095241746,failure,10,2,1,0,1,12
49658.77093287963,repair_complete,10,3,0,0,0,13
49668.261142381205,failure,10,2,1,0,1,12
49670.11460467173,repair_complete,10,3,0,0,0,13
49683.5101248647,failure,10,2,1,0,1,12
49683.71168096164,repair_complete,10,3,0,0,0,13
49686.21250699626,failure,10,2,1,0,1,12
49686.39919437567,repair_complete,10,3,0,0,0,13
49694.764623256626,failure,10,2,1,0,1,12
49695.21170360795,repair_complete,10,3,0,0,0,13
49717.69453838588,failure,10,2,1,0,1,12
49719.43081005449,repair_complete,10,3,0,0,0,13
49744.72094654739,failure,10,2,1,0,1,12
49746.00196997606,repair_complete,10,3,0,0,0,13
49778.61827431148,failure,10,2,1,0,1,12
49778.850979714385,repair_complete,10,3,0,0,0,13
49790.61730257857,failure,10,2,1,0,1,12
49791.62148871017,repair_complete,10,3,0,0,0,13
49817.31866711409,failure,10,2,1,0,1,12
49817.8847903219,repair_complete,10,3,0,0,0,13
49820.49095900172,failure,10,2,1,0,1,12
49821.8896877152,failure,10,1,2,1,1,11
49822.90770954928,repair_complete,10,2,1,0,1,12
49824.55743686588,repair_complete,10,3,0,0,0,13
49829.82663333122,failure,10,2,1,0,1,12
49829.99785877749,repair_complete,10,3,0,0,0,13
49835.322890822754,failure,10,2,1,0,1,12
49835.68831584593,repair_complete,10,3,0,0,0,13
49836.705501471195,failure,10,2,1,0,1,12
49838.38918248233,repair_complete,10,3,0,0,0,13
49844.15370560597,failure,10,2,1,0,1,12
49844.716975906194,repair_complete,10,3,0,0,0,13
49865.57519036567,failure,10,2,1,0,1,12
49866.13697133274,repair_complete,10,3,0,0,0,13
49866.26012682666,failure,10,2,1,0,1,12
49867.0573949333,repair_complete,10,3,0,0,0,13
49877.04851227099,failure,10,2,1,0,1,12
49879.37431016815,repair_complete,10,3,0,0,0,13
49884.50244405659,failure,10,2,1,0,1,12
49884.57093968204,repair_complete,10,3,0,0,0,13
49884.58234943873,failure,10,2,1,0,1,12
49884.794206708895,failure,10,1,2,1,1,11
49887.407222301714,repair_complete,10,2,1,0,1,12
49887.503804563414,failure,10,1,2,1,1,11
49887.981293176446,repair_complete,10,2,1,0,1,12
49889.07354457456,repair_complete,10,3,0,0,0,13
49891.66613767214,failure,10,2,1,0,1,12
49892.182669922724,repair_complete,10,3,0,0,0,13
49900.63957883409,failure,10,2,1,0,1,12
49901.137641522015,repair_complete,10,3,0,0,0,13
49915.98399132617,failure,10,2,1,0,1,12
49917.85120924479,repair_complete,10,3,0,0,0,13
49921.52059805257,failure,10,2,1,0,1,12
49922.19241207103,repair_complete,10,3,0,0,0,13
49937.33593401535,failure,10,2,1,0,1,12
49938.08559045505,repair_complete,10,3,0,0,0,13
49942.20633123506,failure,10,2,1,0,1,12
49942.62479023148,repair_complete,10,3,0,0,0,13
49950.20220529496,failure,10,2,1,0,1,12
49950.46323449279,repair_complete,10,3,0,0,0,13
49956.79621137785,failure,10,2,1,0,1,12
49956.8806503194,repair_complete,10,3,0,0,0,13
49961.38800695176,failure,10,2,1,0,1,12
49961.82488936525,repair_complete,10,3,0,0,0,13
49968.860044431625,failure,10,2,1,0,1,12
49970.39848475393,repair_complete,10,3,0,0,0,13
49980.906998800936,failure,10,2,1,0,1,12
49981.00405379353,repair_complete,10,3,0,0,0,13
49986.10066010744,failure,10,2,1,0,1,12
49986.345513868066,repair_complete,10,3,0,0,0,13
50012.337265132155,failure,10,2,1,0,1,12
50012.793445112424,repair_complete,10,3,0,0,0,13
50030.45526247531,failure,10,2,1,0,1,12
50031.20010467349,repair_complete,10,3,0,0,0,13
50059.72855052344,failure,10,2,1,0,1,12
50059.92646786206,repair_complete,10,3,0,0,0,13
50074.2696397195,failure,10,2,1,0,1,12
50075.76244728013,failure,10,1,2,1,1,11
50075.85151576733,repair_complete,10,2,1,0,1,12
50076.32044382212,repair_complete,10,3,0,0,0,13
50084.925582159936,failure,10,2,1,0,1,12
50086.07552768158,repair_complete,10,3,0,0,0,13
50109.162787088804,failure,10,2,1,0,1,12
50109.17455104053,repair_complete,10,3,0,0,0,13
50119.0838756784,failure,10,2,1,0,1,12
50120.21645479544,repair_complete,10,3,0,0,0,13
50129.24549363803,failure,10,2,1,0,1,12
50130.0307346838,repair_complete,10,3,0,0,0,13
50135.71564713811,failure,10,2,1,0,1,12
50135.87696334528,repair_complete,10,3,0,0,0,13
50138.255673815744,failure,10,2,1,0,1,12
50138.779056457046,repair_complete,10,3,0,0,0,13
50155.91874699879,failure,10,2,1,0,1,12
50157.49896954086,repair_complete,10,3,0,0,0,13
50159.48945553348,failure,10,2,1,0,1,12
50160.31437832797,repair_complete,10,3,0,0,0,13
50180.236766541966,failure,10,2,1,0,1,12
50180.55705774577,repair_complete,10,3,0,0,0,13
50180.645365659664,failure,10,2,1,0,1,12
50181.54275831833,repair_complete,10,3,0,0,0,13
50182.156508439446,failure,10,2,1,0,1,12
50183.38274066229,repair_complete,10,3,0,0,0,13
50187.49436471396,failure,10,2,1,0,1,12
50188.74432439461,failure,10,1,2,1,1,11
50190.143695912775,repair_complete,10,2,1,0,1,12
50190.580654263176,repair_complete,10,3,0,0,0,13
50202.587361270795,failure,10,2,1,0,1,12
50205.209900025206,repair_complete,10,3,0,0,0,13
50213.865537982194,failure,10,2,1,0,1,12
50217.30596619665,repair_complete,10,3,0,0,0,13
50220.57330713667,failure,10,2,1,0,1,12
50220.86373063528,repair_complete,10,3,0,0,0,13
50237.82489420757,failure,10,2,1,0,1,12
50240.02507825365,repair_complete,10,3,0,0,0,13
50245.38954500206,failure,10,2,1,0,1,12
50245.461132385164,repair_complete,10,3,0,0,0,13
50268.45676610554,failure,10,2,1,0,1,12
50268.92846196679,repair_complete,10,3,0,0,0,13
50284.26642558364,failure,10,2,1,0,1,12
50285.101015316024,repair_complete,10,3,0,0,0,13
50290.58138315226,failure,10,2,1,0,1,12
50290.77318113836,repair_complete,10,3,0,0,0,13
50291.3004505828,failure,10,2,1,0,1,12
50291.31211413907,repair_complete,10,3,0,0,0,13
50297.27680076397,failure,10,2,1,0,1,12
50299.28346511064,repair_complete,10,3,0,0,0,13
50312.91799355471,failure,10,2,1,0,1,12
50312.995556370326,repair_complete,10,3,0,0,0,13
50319.05710024299,failure,10,2,1,0,1,12
50321.21307109823,repair_complete,10,3,0,0,0,13
50322.61768144587,failure,10,2,1,0,1,12
50324.42175437476,repair_complete,10,3,0,0,0,13
50329.530858291866,failure,10,2,1,0,1,12
50330.00672713389,repair_complete,10,3,0,0,0,13
50381.0276083091,failure,10,2,1,0,1,12
50382.471184523274,repair_complete,10,3,0,0,0,13
50382.942498229604,failure,10,2,1,0,1,12
50383.973727396384,repair_complete,10,3,0,0,0,13
50404.67628312339,failure,10,2,1,0,1,12
50404.9124547292,repair_complete,10,3,0,0,0,13
50405.85591575742,failure,10,2,1,0,1,12
50405.906876215,repair_complete,10,3,0,0,0,13
50407.412270415516,failure,10,2,1,0,1,12
50409.96592065009,repair_complete,10,3,0,0,0,13
50413.54379585008,failure,10,2,1,0,1,12
50413.55764935215,repair_complete,10,3,0,0,0,13
50417.01870389697,failure,10,2,1,0,1,12
50418.741051015575,repair_complete,10,3,0,0,0,13
50427.7542329129,failure,10,2,1,0,1,12
50428.679809509034,repair_complete,10,3,0,0,0,13
50443.20709103369,failure,10,2,1,0,1,12
50443.994974043846,repair_complete,10,3,0,0,0,13
50453.05633638527,failure,10,2,1,0,1,12
50454.33770235431,repair_complete,10,3,0,0,0,13
50454.5944923836,failure,10,2,1,0,1,12
50456.38149989497,repair_complete,10,3,0,0,0,13
50465.38003402304,failure,10,2,1,0,1,12
50465.82625128406,repair_complete,10,3,0,0,0,13
50491.45109599817,failure,10,2,1,0,1,12
50491.60514972301,repair_complete,10,3,0,0,0,13
50512.785522448976,failure,10,2,1,0,1,12
50513.47386940014,repair_complete,10,3,0,0,0,13
50520.339725243044,failure,10,2,1,0,1,12
50520.6445185514,repair_complete,10,3,0,0,0,13
50524.48996757091,failure,10,2,1,0,1,12
50524.66037139751,repair_complete,10,3,0,0,0,13
50525.34406002473,failure,10,2,1,0,1,12
50525.44563670979,repair_complete,10,3,0,0,0,13
50551.91409991448,failure,10,2,1,0,1,12
50552.51975619297,repair_complete,10,3,0,0,0,13
50556.850579264705,failure,10,2,1,0,1,12
50558.58003093333,repair_complete,10,3,0,0,0,13
50598.42030239352,failure,10,2,1,0,1,12
50599.89626330318,repair_complete,10,3,0,0,0,13
50608.08238032521,failure,10,2,1,0,1,12
50608.351402880304,repair_complete,10,3,0,0,0,13
50630.90606037237,failure,10,2,1,0,1,12
50632.41162524617,repair_complete,10,3,0,0,0,13
50638.730192386305,failure,10,2,1,0,1,12
50640.84815486877,repair_complete,10,3,0,0,0,13
50648.91010950023,failure,10,2,1,0,1,12
50648.97760657441,repair_complete,10,3,0,0,0,13
50655.94293018366,failure,10,2,1,0,1,12
50657.64739175482,repair_complete,10,3,0,0,0,13
50659.73757553541,failure,10,2,1,0,1,12
50660.72479810878,repair_complete,10,3,0,0,0,13
50684.887970839125,failure,10,2,1,0,1,12
50686.297986463615,repair_complete,10,3,0,0,0,13
50691.75506997444,failure,10,2,1,0,1,12
50691.811154548275,repair_complete,10,3,0,0,0,13
50699.19170134902,failure,10,2,1,0,1,12
50699.89915010095,repair_complete,10,3,0,0,0,13
50704.02927300352,failure,10,2,1,0,1,12
50704.87570945574,repair_complete,10,3,0,0,0,13
50709.01403538605,failure,10,2,1,0,1,12
50709.59343714536,repair_complete,10,3,0,0,0,13
50712.72111934469,failure,10,2,1,0,1,12
50713.61257955272,repair_complete,10,3,0,0,0,13
50713.614766729756,failure,10,2,1,0,1,12
50717.08030612667,repair_complete,10,3,0,0,0,13
50719.96976431277,failure,10,2,1,0,1,12
50725.088228366374,repair_complete,10,3,0,0,0,13
50745.76771072387,failure,10,2,1,0,1,12
50747.62159363684,repair_complete,10,3,0,0,0,13
50777.881126690336,failure,10,2,1,0,1,12
50778.2101186048,failure,10,1,2,1,1,11
50779.39656034724,repair_complete,10,2,1,0,1,12
50779.80067474955,repair_complete,10,3,0,0,0,13
50807.21175011649,failure,10,2,1,0,1,12
50808.99347048783,repair_complete,10,3,0,0,0,13
50817.446847456165,failure,10,2,1,0,1,12
50817.46960533525,repair_complete,10,3,0,0,0,13
50851.37738810884,failure,10,2,1,0,1,12
50851.481798968445,failure,10,1,2,1,1,11
50851.56668662191,repair_complete,10,2,1,0,1,12
50852.83738835292,repair_complete,10,3,0,0,0,13
50853.58035105497,failure,10,2,1,0,1,12
50854.13887303692,repair_complete,10,3,0,0,0,13
50874.24374919576,failure,10,2,1,0,1,12
50874.49017060889,repair_complete,10,3,0,0,0,13
50888.56714950901,failure,10,2,1,0,1,12
50889.21300728285,repair_complete,10,3,0,0,0,13
50896.90555797507,failure,10,2,1,0,1,12
50898.14623495426,repair_complete,10,3,0,0,0,13
50909.49008761495,failure,10,2,1,0,1,12
50910.31247225252,repair_complete,10,3,0,0,0,13
50918.39525896216,failure,10,2,1,0,1,12
50919.82531905327,repair_complete,10,3,0,0,0,13
50921.228806528234,failure,10,2,1,0,1,12
50921.294183258484,repair_complete,10,3,0,0,0,13
50927.15305722595,failure,10,2,1,0,1,12
50927.41479925372,repair_complete,10,3,0,0,0,13
50929.656631547965,failure,10,2,1,0,1,12
50930.162986274634,repair_complete,10,3,0,0,0,13
50933.661011296885,failure,10,2,1,0,1,12
50934.678857351,repair_complete,10,3,0,0,0,13
50963.27471451251,failure,10,2,1,0,1,12
50963.94129062951,repair_complete,10,3,0,0,0,13
50976.991793987276,failure,10,2,1,0,1,12
50978.26847625902,repair_complete,10,3,0,0,0,13
50982.44860732173,failure,10,2,1,0,1,12
50982.93782873262,failure,10,1,2,1,1,11
50983.23802960953,repair_complete,10,2,1,0,1,12
50984.46006379674,repair_complete,10,3,0,0,0,13
50986.74412733066,failure,10,2,1,0,1,12
50986.941888572845,repair_complete,10,3,0,0,0,13
50991.39330909609,failure,10,2,1,0,1,12
50994.30697686575,repair_complete,10,3,0,0,0,13
50995.94999752131,failure,10,2,1,0,1,12
50997.08104194716,repair_complete,10,3,0,0,0,13
51033.68803948316,failure,10,2,1,0,1,12
51033.69797594919,repair_complete,10,3,0,0,0,13
51051.8746420454,failure,10,2,1,0,1,12
51055.654147965324,repair_complete,10,3,0,0,0,13
51056.24895981098,failure,10,2,1,0,1,12
51056.51420422957,repair_complete,10,3,0,0,0,13
51071.13215744035,failure,10,2,1,0,1,12
51071.6178279515,repair_complete,10,3,0,0,0,13
51074.770031668064,failure,10,2,1,0,1,12
51075.68896797319,repair_complete,10,3,0,0,0,13
51098.408218032484,failure,10,2,1,0,1,12
51098.7601887158,repair_complete,10,3,0,0,0,13
51099.75057867788,failure,10,2,1,0,1,12
51100.540066227455,repair_complete,10,3,0,0,0,13
51104.67960668626,failure,10,2,1,0,1,12
51104.79435426467,repair_complete,10,3,0,0,0,13
51105.97530836992,failure,10,2,1,0,1,12
51106.03908862396,repair_complete,10,3,0,0,0,13
51111.453858601046,failure,10,2,1,0,1,12
51112.34250698972,repair_complete,10,3,0,0,0,13
51116.07489452048,failure,10,2,1,0,1,12
51116.13970293855,failure,10,1,2,1,1,11
51117.48536769682,repair_complete,10,2,1,0,1,12
51117.74653444084,repair_complete,10,3,0,0,0,13
51118.48458794057,failure,10,2,1,0,1,12
51119.13515836352,repair_complete,10,3,0,0,0,13
51124.40664349854,failure,10,2,1,0,1,12
51127.15200825721,repair_complete,10,3,0,0,0,13
51138.43066663366,failure,10,2,1,0,1,12
51138.71714203876,repair_complete,10,3,0,0,0,13
51145.192409060044,failure,10,2,1,0,1,12
51145.87565317712,repair_complete,10,3,0,0,0,13
51153.82871393279,failure,10,2,1,0,1,12
51153.886865603774,repair_complete,10,3,0,0,0,13
51160.50859614642,failure,10,2,1,0,1,12
51160.668479149725,repair_complete,10,3,0,0,0,13
51188.812710620645,failure,10,2,1,0,1,12
51189.29998920541,repair_complete,10,3,0,0,0,13
51193.44475186748,failure,10,2,1,0,1,12
51193.5220686037,repair_complete,10,3,0,0,0,13
51196.475541683314,failure,10,2,1,0,1,12
51197.13077810703,repair_complete,10,3,0,0,0,13
51199.262553812536,failure,10,2,1,0,1,12
51199.378214523524,repair_complete,10,3,0,0,0,13
51214.90023937984,failure,10,2,1,0,1,12
51214.98531718008,repair_complete,10,3,0,0,0,13
51218.12117263181,failure,10,2,1,0,1,12
51219.322798911155,repair_complete,10,3,0,0,0,13
51240.9716822898,failure,10,2,1,0,1,12
51241.54715527127,repair_complete,10,3,0,0,0,13
51247.806285165425,failure,10,2,1,0,1,12
51250.23657422493,repair_complete,10,3,0,0,0,13
51271.887605075266,failure,10,2,1,0,1,12
51272.457794954615,repair_complete,10,3,0,0,0,13
51296.8322404598,failure,10,2,1,0,1,12
51297.97114031536,repair_complete,10,3,0,0,0,13
51305.53153027373,failure,10,2,1,0,1,12
51307.903070611086,failure,10,1,2,1,1,11
51308.03420470314,repair_complete,10,2,1,0,1,12
51311.13959282928,repair_complete,10,3,0,0,0,13
51317.14029805958,failure,10,2,1,0,1,12
51317.55469964395,repair_complete,10,3,0,0,0,13
51319.380996872285,failure,10,2,1,0,1,12
51321.83178311375,repair_complete,10,3,0,0,0,13
51338.550315611996,failure,10,2,1,0,1,12
51338.99327394122,failure,10,1,2,1,1,11
51343.38936224186,repair_complete,10,2,1,0,1,12
51343.628120867965,repair_complete,10,3,0,0,0,13
51359.41041496023,failure,10,2,1,0,1,12
51360.89365326703,repair_complete,10,3,0,0,0,13
51375.940833801295,failure,10,2,1,0,1,12
51376.00170611422,repair_complete,10,3,0,0,0,13
51378.96646727707,failure,10,2,1,0,1,12
51379.064227548144,repair_complete,10,3,0,0,0,13
51381.135654526326,failure,10,2,1,0,1,12
51381.76523230144,repair_complete,10,3,0,0,0,13
51382.33717791951,failure,10,2,1,0,1,12
51382.362482783894,repair_complete,10,3,0,0,0,13
51385.97508403913,failure,10,2,1,0,1,12
51386.13111709305,repair_complete,10,3,0,0,0,13
51391.401233422825,failure,10,2,1,0,1,12
51391.50421265317,repair_complete,10,3,0,0,0,13
51392.46716474349,failure,10,2,1,0,1,12
51392.69166049075,repair_complete,10,3,0,0,0,13
51412.283911275124,failure,10,2,1,0,1,12
51412.3093577774,repair_complete,10,3,0,0,0,13
51414.017468942024,failure,10,2,1,0,1,12
51414.027491250185,repair_complete,10,3,0,0,0,13
51415.00442915486,failure,10,2,1,0,1,12
51416.36741902609,repair_complete,10,3,0,0,0,13
51441.066627128464,failure,10,2,1,0,1,12
51441.85846479429,repair_complete,10,3,0,0,0,13
51441.947105602,failure,10,2,1,0,1,12
51442.32876801398,repair_complete,10,3,0,0,0,13
51445.25646714078,failure,10,2,1,0,1,12
51445.60260811745,repair_complete,10,3,0,0,0,13
51461.60300874526,failure,10,2,1,0,1,12
51461.61340054358,repair_complete,10,3,0,0,0,13
51472.95834795067,failure,10,2,1,0,1,12
51475.92991477516,repair_complete,10,3,0,0,0,13
51477.26472722422,failure,10,2,1,0,1,12
51478.323797782665,failure,10,1,2,1,1,11
51478.332318470515,repair_complete,10,2,1,0,1,12
51479.13644917899,failure,10,1,2,1,1,11
51479.49496093012,repair_complete,10,2,1,0,1,12
51480.18319987606,repair_complete,10,3,0,0,0,13
51480.63630037468,failure,10,2,1,0,1,12
51481.42154434848,repair_complete,10,3,0,0,0,13
51490.76003490778,failure,10,2,1,0,1,12
51493.958812082776,repair_complete,10,3,0,0,0,13
51518.5311846642,failure,10,2,1,0,1,12
51520.346657008544,repair_complete,10,3,0,0,0,13
51532.47868957606,failure,10,2,1,0,1,12
51532.5616277313,repair_complete,10,3,0,0,0,13
51554.99447725527,failure,10,2,1,0,1,12
51557.477764754345,repair_complete,10,3,0,0,0,13
51567.79504671689,failure,10,2,1,0,1,12
51568.685642882396,repair_complete,10,3,0,0,0,13
51569.4495242896,failure,10,2,1,0,1,12
51570.77179206891,repair_complete,10,3,0,0,0,13
51584.002811710845,failure,10,2,1,0,1,12
51584.10384868068,repair_complete,10,3,0,0,0,13
51591.65282727749,failure,10,2,1,0,1,12
51592.80592221756,repair_complete,10,3,0,0,0,13
51594.07980213697,failure,10,2,1,0,1,12
51594.22010186953,repair_complete,10,3,0,0,0,13
51604.01077171037,failure,10,2,1,0,1,12
51606.6280403623,repair_complete,10,3,0,0,0,13
51622.18314915831,failure,10,2,1,0,1,12
51622.399544099375,repair_complete,10,3,0,0,0,13
51639.34273650204,failure,10,2,1,0,1,12
51639.642091083784,repair_complete,10,3,0,0,0,13
51645.137930698154,failure,10,2,1,0,1,12
51649.185355930305,repair_complete,10,3,0,0,0,13
51659.481045563596,failure,10,2,1,0,1,12
51659.650762507496,failure,10,1,2,1,1,11
51659.66252758325,repair_complete,10,2,1,0,1,12
51661.20583295445,repair_complete,10,3,0,0,0,13
51681.75112624522,failure,10,2,1,0,1,12
51684.07495675773,repair_complete,10,3,0,0,0,13
51699.7528368757,failure,10,2,1,0,1,12
51701.547775914885,repair_complete,10,3,0,0,0,13
51710.907121731565,failure,10,2,1,0,1,12
51711.00891486495,repair_complete,10,3,0,0,0,13
51711.470932576434,failure,10,2,1,0,1,12
51711.65512015961,repair_complete,10,3,0,0,0,13
51743.21601895726,failure,10,2,1,0,1,12
51743.29634817255,failure,10,1,2,1,1,11
51743.70222391295,repair_complete,10,2,1,0,1,12
51744.03162649377,repair_complete,10,3,0,0,0,13
51764.846741245,failure,10,2,1,0,1,12
51764.996034555516,repair_complete,10,3,0,0,0,13
51765.72416179572,failure,10,2,1,0,1,12
51767.70049812861,failure,10,1,2,1,1,11
51767.89046523312,repair_complete,10,2,1,0,1,12
51768.1640060535,repair_complete,10,3,0,0,0,13
51768.20533938586,failure,10,2,1,0,1,12
51769.251934013,repair_complete,10,3,0,0,0,13
51772.62329291253,failure,10,2,1,0,1,12
51778.144011720586,repair_complete,10,3,0,0,0,13
51793.66766034214,failure,10,2,1,0,1,12
51793.690840782074,repair_complete,10,3,0,0,0,13
51843.00610501605,failure,10,2,1,0,1,12
51845.60585278424,failure,10,1,2,1,1,11
51847.146698719196,repair_complete,10,2,1,0,1,12
51848.366237926755,repair_complete,10,3,0,0,0,13
51855.83210282877,failure,10,2,1,0,1,12
51857.03553678263,repair_complete,10,3,0,0,0,13
51861.422358625256,failure,10,2,1,0,1,12
51862.355264582446,repair_complete,10,3,0,0,0,13
51865.91688400985,failure,10,2,1,0,1,12
51865.944344193886,repair_complete,10,3,0,0,0,13
51874.873533853184,failure,10,2,1,0,1,12
51876.95108207635,repair_complete,10,3,0,0,0,13
51884.509471033976,failure,10,2,1,0,1,12
51885.25771050609,failure,10,1,2,1,1,11
51885.79151630816,repair_complete,10,2,1,0,1,12
51886.09279263921,repair_complete,10,3,0,0,0,13
51891.10827473069,failure,10,2,1,0,1,12
51892.936932780955,repair_complete,10,3,0,0,0,13
51894.55085607571,failure,10,2,1,0,1,12
51894.68304958004,repair_complete,10,3,0,0,0,13
51902.65901167162,failure,10,2,1,0,1,12
51903.12152497721,repair_complete,10,3,0,0,0,13
51920.31584429754,failure,10,2,1,0,1,12
51920.99470366546,repair_complete,10,3,0,0,0,13
51927.45976261527,failure,10,2,1,0,1,12
51927.537023724544,repair_complete,10,3,0,0,0,13
51932.86571140217,failure,10,2,1,0,1,12
51938.035903163516,repair_complete,10,3,0,0,0,13
51942.24173718685,failure,10,2,1,0,1,12
51943.938929775184,repair_complete,10,3,0,0,0,13
51956.10140983397,failure,10,2,1,0,1,12
51957.99784307244,repair_complete,10,3,0,0,0,13
51962.39004825097,failure,10,2,1,0,1,12
51962.73570219626,repair_complete,10,3,0,0,0,13
51971.4183728391,failure,10,2,1,0,1,12
51972.08748554786,repair_complete,10,3,0,0,0,13
52006.413219161506,failure,10,2,1,0,1,12
52006.70687025902,repair_complete,10,3,0,0,0,13
52020.44286116092,failure,10,2,1,0,1,12
52020.62653994892,repair_complete,10,3,0,0,0,13
52026.08917251884,failure,10,2,1,0,1,12
52026.65362325033,repair_complete,10,3,0,0,0,13
52028.77751416609,failure,10,2,1,0,1,12
52029.41368222986,repair_complete,10,3,0,0,0,13
52034.43310398513,failure,10,2,1,0,1,12
52036.01597316106,repair_complete,10,3,0,0,0,13
52047.69900780734,failure,10,2,1,0,1,12
52049.59691223737,repair_complete,10,3,0,0,0,13
52053.00704988393,failure,10,2,1,0,1,12
52053.247273763736,repair_complete,10,3,0,0,0,13
52053.93238496846,failure,10,2,1,0,1,12
52054.17766284559,repair_complete,10,3,0,0,0,13
52062.58054681408,failure,10,2,1,0,1,12
52063.76037730068,repair_complete,10,3,0,0,0,13
52068.03885237321,failure,10,2,1,0,1,12
52068.858422087804,repair_complete,10,3,0,0,0,13
52101.95216076187,failure,10,2,1,0,1,12
52103.34284995273,repair_complete,10,3,0,0,0,13
52108.25600590788,failure,10,2,1,0,1,12
52108.3348431462,repair_complete,10,3,0,0,0,13
52111.500767858175,failure,10,2,1,0,1,12
52112.12678999992,repair_complete,10,3,0,0,0,13
52115.85919116071,failure,10,2,1,0,1,12
52116.468902227374,repair_complete,10,3,0,0,0,13
52130.221532329735,failure,10,2,1,0,1,12
52130.42933847871,repair_complete,10,3,0,0,0,13
52143.667134653464,failure,10,2,1,0,1,12
52143.86076802635,repair_complete,10,3,0,0,0,13
52164.31985460063,failure,10,2,1,0,1,12
52164.79759095479,repair_complete,10,3,0,0,0,13
52178.60527062289,failure,10,2,1,0,1,12
52178.822794780994,repair_complete,10,3,0,0,0,13
52208.28779674471,failure,10,2,1,0,1,12
52211.09808526288,repair_complete,10,3,0,0,0,13
52216.35626346096,failure,10,2,1,0,1,12
52216.613887013744,repair_complete,10,3,0,0,0,13
52219.99799530775,failure,10,2,1,0,1,12
52220.515042810475,repair_complete,10,3,0,0,0,13
52226.02844252296,failure,10,2,1,0,1,12
52226.39092297221,repair_complete,10,3,0,0,0,13
52234.29359659592,failure,10,2,1,0,1,12
52234.77867996734,repair_complete,10,3,0,0,0,13
52236.45869984449,failure,10,2,1,0,1,12
52239.61206615316,repair_complete,10,3,0,0,0,13
52240.522407007666,failure,10,2,1,0,1,12
52241.29305730076,repair_complete,10,3,0,0,0,13
52245.664394047635,failure,10,2,1,0,1,12
52245.79791398349,repair_complete,10,3,0,0,0,13
52260.962309103976,failure,10,2,1,0,1,12
52261.10068314968,repair_complete,10,3,0,0,0,13
52270.18646961274,failure,10,2,1,0,1,12
52270.39879228204,repair_complete,10,3,0,0,0,13
52295.75118209752,failure,10,2,1,0,1,12
52296.2323432157,repair_complete,10,3,0,0,0,13
52318.72900402503,failure,10,2,1,0,1,12
52319.393018580675,failure,10,1,2,1,1,11
52319.620990258205,repair_complete,10,2,1,0,1,12
52320.26233110117,repair_complete,10,3,0,0,0,13
52367.67272301568,failure,10,2,1,0,1,12
52369.69544715249,repair_complete,10,3,0,0,0,13
52387.05137717859,failure,10,2,1,0,1,12
52388.39050353196,repair_complete,10,3,0,0,0,13
52406.94281674033,failure,10,2,1,0,1,12
52407.013532857694,repair_complete,10,3,0,0,0,13
52417.14930301868,failure,10,2,1,0,1,12
52417.82275683256,repair_complete,10,3,0,0,0,13
52419.225227411334,failure,10,2,1,0,1,12
52419.883810885796,repair_complete,10,3,0,0,0,13
52426.6032245699,failure,10,2,1,0,1,12
52428.3357592904,repair_complete,10,3,0,0,0,13
52430.08219534374,failure,10,2,1,0,1,12
52433.28752993228,repair_complete,10,3,0,0,0,13
52433.87135222855,failure,10,2,1,0,1,12
52434.74117304327,repair_complete,10,3,0,0,0,13
52448.555854007274,failure,10,2,1,0,1,12
52449.24083489771,repair_complete,10,3,0,0,0,13
52452.997495447344,failure,10,2,1,0,1,12
52454.37266429109,repair_complete,10,3,0,0,0,13
52466.99562936657,failure,10,2,1,0,1,12
52467.51773735568,repair_complete,10,3,0,0,0,13
52480.044720259684,failure,10,2,1,0,1,12
52480.30519504332,repair_complete,10,3,0,0,0,13
52482.394020929925,failure,10,2,1,0,1,12
52483.40721724819,repair_complete,10,3,0,0,0,13
52488.167926272676,failure,10,2,1,0,1,12
52488.95403322482,repair_complete,10,3,0,0,0,13
52504.80742241751,failure,10,2,1,0,1,12
52504.96280682274,repair_complete,10,3,0,0,0,13
52513.851689196475,failure,10,2,1,0,1,12
52514.7859940573,repair_complete,10,3,0,0,0,13
52519.54988063553,failure,10,2,1,0,1,12
52519.8684063836,repair_complete,10,3,0,0,0,13
52521.85517011567,failure,10,2,1,0,1,12
52522.511434235596,repair_complete,10,3,0,0,0,13
52522.51835002068,failure,10,2,1,0,1,12
52523.989775605296,repair_complete,10,3,0,0,0,13
52534.67967210241,failure,10,2,1,0,1,12
52534.8198163209,repair_complete,10,3,0,0,0,13
52537.10184389316,failure,10,2,1,0,1,12
52537.19131919979,repair_complete,10,3,0,0,0,13
52553.55275256967,failure,10,2,1,0,1,12
52553.68078243061,repair_complete,10,3,0,0,0,13
52558.88155664497,failure,10,2,1,0,1,12
52559.75261404174,repair_complete,10,3,0,0,0,13
52563.74694485029,failure,10,2,1,0,1,12
52566.26919365734,repair_complete,10,3,0,0,0,13
52574.73244887389,failure,10,2,1,0,1,12
52576.782179839254,repair_complete,10,3,0,0,0,13
52579.85315762168,failure,10,2,1,0,1,12
52580.31884714023,repair_complete,10,3,0,0,0,13
52593.83204481618,failure,10,2,1,0,1,12
52593.9090002552,repair_complete,10,3,0,0,0,13
52600.066249784926,failure,10,2,1,0,1,12
52601.35958753555,repair_complete,10,3,0,0,0,13
52604.492561627405,failure,10,2,1,0,1,12
52605.14178961298,repair_complete,10,3,0,0,0,13
52606.17650762839,failure,10,2,1,0,1,12
52609.10903361828,repair_complete,10,3,0,0,0,13
52611.634784451926,failure,10,2,1,0,1,12
52611.757890174515,repair_complete,10,3,0,0,0,13
52616.73724399901,failure,10,2,1,0,1,12
52617.79656206153,repair_complete,10,3,0,0,0,13
52635.045361778786,failure,10,2,1,0,1,12
52635.46616221101,repair_complete,10,3,0,0,0,13
52655.72853541049,failure,10,2,1,0,1,12
52656.690220836215,repair_complete,10,3,0,0,0,13
52672.48435900199,failure,10,2,1,0,1,12
52674.21569925851,repair_complete,10,3,0,0,0,13
52679.47120749713,failure,10,2,1,0,1,12
52679.53111738468,repair_complete,10,3,0,0,0,13
52682.791860971585,failure,10,2,1,0,1,12
52683.47894156854,repair_complete,10,3,0,0,0,13
52684.79939403621,failure,10,2,1,0,1,12
52685.32310709589,repair_complete,10,3,0,0,0,13
52689.68243635867,failure,10,2,1,0,1,12
52690.02029323985,repair_complete,10,3,0,0,0,13
52701.5555857875,failure,10,2,1,0,1,12
52702.35575398562,repair_complete,10,3,0,0,0,13
52722.379665137305,failure,10,2,1,0,1,12
52724.328228382896,repair_complete,10,3,0,0,0,13
52727.77394905451,failure,10,2,1,0,1,12
52729.25367486432,repair_complete,10,3,0,0,0,13
52739.54597750513,failure,10,2,1,0,1,12
52739.81370595084,repair_complete,10,3,0,0,0,13
52749.28829129665,failure,10,2,1,0,1,12
52750.19684510776,repair_complete,10,3,0,0,0,13
52751.432550831756,failure,10,2,1,0,1,12
52754.63338016373,repair_complete,10,3,0,0,0,13
52755.186871768485,failure,10,2,1,0,1,12
52756.19555491168,repair_complete,10,3,0,0,0,13
52790.97746131146,failure,10,2,1,0,1,12
52796.45775139699,failure,10,1,2,1,1,11
52796.53231044593,failure,10,0,3,2,1,10
52798.338092231235,repair_complete,10,1,2,1,1,11
52799.70015034022,repair_complete,10,2,1,0,1,12
52799.75854009397,repair_complete,10,3,0,0,0,13
52802.590942006595,failure,10,2,1,0,1,12
52802.69788462256,repair_complete,10,3,0,0,0,13
52831.49685966044,failure,10,2,1,0,1,12
52832.636051289424,repair_complete,10,3,0,0,0,13
52832.991058985484,failure,10,2,1,0,1,12
52835.31109803492,failure,10,1,2,1,1,11
52835.83180546574,repair_complete,10,2,1,0,1,12
52836.58300647114,repair_complete,10,3,0,0,0,13
52842.474105757705,failure,10,2,1,0,1,12
52843.36171992849,repair_complete,10,3,0,0,0,13
52852.50006463884,failure,10,2,1,0,1,12
52855.42528773753,repair_complete,10,3,0,0,0,13
52871.37377644121,failure,10,2,1,0,1,12
52871.74127198857,repair_complete,10,3,0,0,0,13
52897.678611742165,failure,10,2,1,0,1,12
52898.51980043257,repair_complete,10,3,0,0,0,13
52898.79489246838,failure,10,2,1,0,1,12
52898.9926999182,failure,10,1,2,1,1,11
52899.319820836805,failure,10,0,3,2,1,10
52899.56282036773,repair_complete,10,1,2,1,1,11
52901.18721876002,repair_complete,10,2,1,0,1,12
52903.225411042506,repair_complete,10,3,0,0,0,13
52912.32541482148,failure,10,2,1,0,1,12
52912.44487513343,repair_complete,10,3,0,0,0,13
52922.558966076016,failure,10,2,1,0,1,12
52924.67625323027,repair_complete,10,3,0,0,0,13
52932.29592329066,failure,10,2,1,0,1,12
52933.6696994672,repair_complete,10,3,0,0,0,13
52944.73242989809,failure,10,2,1,0,1,12
52944.949291372395,repair_complete,10,3,0,0,0,13
52946.687425973134,failure,10,2,1,0,1,12
52946.75524097705,repair_complete,10,3,0,0,0,13
52959.848871613656,failure,10,2,1,0,1,12
52961.203245582416,repair_complete,10,3,0,0,0,13
52969.00151251847,failure,10,2,1,0,1,12
52969.09272676033,repair_complete,10,3,0,0,0,13
52969.80988399916,failure,10,2,1,0,1,12
52969.87814239575,repair_complete,10,3,0,0,0,13
52972.57736159024,failure,10,2,1,0,1,12
52972.787286377294,repair_complete,10,3,0,0,0,13
52982.81601533552,failure,10,2,1,0,1,12
52984.639953617625,repair_complete,10,3,0,0,0,13
52995.80311795983,failure,10,2,1,0,1,12
52996.10438494986,repair_complete,10,3,0,0,0,13
52996.27470752611,failure,10,2,1,0,1,12
52996.69759216325,repair_complete,10,3,0,0,0,13
53025.445559566135,failure,10,2,1,0,1,12
53025.45704399282,failure,10,1,2,1,1,11
53028.19207937803,repair_complete,10,2,1,0,1,12
53028.55163260613,repair_complete,10,3,0,0,0,13
53038.190823156685,failure,10,2,1,0,1,12
53039.02798735466,failure,10,1,2,1,1,11
53039.26906229658,repair_complete,10,2,1,0,1,12
53039.36438648945,repair_complete,10,3,0,0,0,13
53046.443602082145,failure,10,2,1,0,1,12
53047.753259674166,repair_complete,10,3,0,0,0,13
53055.60799219647,failure,10,2,1,0,1,12
53056.860851484715,repair_complete,10,3,0,0,0,13
53067.630274019924,failure,10,2,1,0,1,12
53068.0200609511,repair_complete,10,3,0,0,0,13
53072.0953029049,failure,10,2,1,0,1,12
53073.01729234691,repair_complete,10,3,0,0,0,13
53074.6908945504,failure,10,2,1,0,1,12
53074.85482452344,repair_complete,10,3,0,0,0,13
53091.03696232019,failure,10,2,1,0,1,12
53091.15449970379,repair_complete,10,3,0,0,0,13
53106.446571701454,failure,10,2,1,0,1,12
53106.911208438425,repair_complete,10,3,0,0,0,13
53112.936998621066,failure,10,2,1,0,1,12
53114.832521637334,repair_complete,10,3,0,0,0,13
53130.94159698209,failure,10,2,1,0,1,12
53131.668107565456,repair_complete,10,3,0,0,0,13
53191.441201404894,failure,10,2,1,0,1,12
53191.63889827208,repair_complete,10,3,0,0,0,13
53192.66239872851,failure,10,2,1,0,1,12
53193.08863654812,repair_complete,10,3,0,0,0,13
53205.83625934889,failure,10,2,1,0,1,12
53205.84115705581,repair_complete,10,3,0,0,0,13
53207.62190743552,failure,10,2,1,0,1,12
53207.954143767354,repair_complete,10,3,0,0,0,13
53226.16354445389,failure,10,2,1,0,1,12
53227.08085223714,repair_complete,10,3,0,0,0,13
53268.27678168483,failure,10,2,1,0,1,12
53268.355311835665,repair_complete,10,3,0,0,0,13
53275.15241977724,failure,10,2,1,0,1,12
53278.329595607116,repair_complete,10,3,0,0,0,13
53278.55022237274,failure,10,2,1,0,1,12
53279.798637584834,repair_complete,10,3,0,0,0,13
53280.168158249064,failure,10,2,1,0,1,12
53280.94604567461,repair_complete,10,3,0,0,0,13
53304.518618989,failure,10,2,1,0,1,12
53304.77883226657,repair_complete,10,3,0,0,0,13
53327.73306325508,failure,10,2,1,0,1,12
53327.94867134146,failure,10,1,2,1,1,11
53328.4230506289,repair_complete,10,2,1,0,1,12
53329.2049873798,repair_complete,10,3,0,0,0,13
53335.266629810576,failure,10,2,1,0,1,12
53335.79663457571,repair_complete,10,3,0,0,0,13
53339.6167129397,failure,10,2,1,0,1,12
53340.54482512915,repair_complete,10,3,0,0,0,13
53351.50700989482,failure,10,2,1,0,1,12
53352.1208211316,repair_complete,10,3,0,0,0,13
53398.12359139294,failure,10,2,1,0,1,12
53398.15497258458,repair_complete,10,3,0,0,0,13
53402.59055674191,failure,10,2,1,0,1,12
53403.840888045685,repair_complete,10,3,0,0,0,13
53411.52332284389,failure,10,2,1,0,1,12
53411.69572652599,repair_complete,10,3,0,0,0,13
53417.66816481424,failure,10,2,1,0,1,12
53418.96143222518,repair_complete,10,3,0,0,0,13
53441.19247348778,failure,10,2,1,0,1,12
53441.2637683368,repair_complete,10,3,0,0,0,13
53444.12977846229,failure,10,2,1,0,1,12
53444.21620933338,repair_complete,10,3,0,0,0,13
53450.267392781505,failure,10,2,1,0,1,12
53451.00478142231,repair_complete,10,3,0,0,0,13
53453.08043429502,failure,10,2,1,0,1,12
53454.65618705537,repair_complete,10,3,0,0,0,13
53460.844765661204,failure,10,2,1,0,1,12
53460.9117644363,repair_complete,10,3,0,0,0,13
53489.927305099845,failure,10,2,1,0,1,12
53489.94356465118,repair_complete,10,3,0,0,0,13
53497.624170690426,failure,10,2,1,0,1,12
53497.95186506404,repair_complete,10,3,0,0,0,13
53508.756365884205,failure,10,2,1,0,1,12
53509.466197778704,repair_complete,10,3,0,0,0,13
53517.65775435439,failure,10,2,1,0,1,12
53518.114430128175,repair_complete,10,3,0,0,0,13
53560.551356070195,failure,10,2,1,0,1,12
53560.703319329026,repair_complete,10,3,0,0,0,13
53561.07517399736,failure,10,2,1,0,1,12
53562.515020381325,repair_complete,10,3,0,0,0,13
53579.76009411152,failure,10,2,1,0,1,12
53579.78851951295,repair_complete,10,3,0,0,0,13
53595.49312462763,failure,10,2,1,0,1,12
53596.34808338665,repair_complete,10,3,0,0,0,13
53601.66480349976,failure,10,2,1,0,1,12
53602.622514509465,repair_complete,10,3,0,0,0,13
53609.50137998756,failure,10,2,1,0,1,12
53612.29932154102,repair_complete,10,3,0,0,0,13
53615.52941727965,failure,10,2,1,0,1,12
53617.95229799614,repair_complete,10,3,0,0,0,13
53695.102409009945,failure,10,2,1,0,1,12
53695.37486597497,repair_complete,10,3,0,0,0,13
53696.446585710066,failure,10,2,1,0,1,12
53696.93840053109,repair_complete,10,3,0,0,0,13
53704.472397386206,failure,10,2,1,0,1,12
53705.992811846416,repair_complete,10,3,0,0,0,13
53721.18122733844,failure,10,2,1,0,1,12
53722.21439530595,repair_complete,10,3,0,0,0,13
53757.4578498329,failure,10,2,1,0,1,12
53757.79226230764,repair_complete,10,3,0,0,0,13
53770.78303486672,failure,10,2,1,0,1,12
53771.59863985608,repair_complete,10,3,0,0,0,13
53790.34551187546,failure,10,2,1,0,1,12
53790.39253107781,repair_complete,10,3,0,0,0,13
53798.80581735312,failure,10,2,1,0,1,12
53798.83015188429,repair_complete,10,3,0,0,0,13
53802.83398426861,failure,10,2,1,0,1,12
53803.14676995782,repair_complete,10,3,0,0,0,13
53803.4740763047,failure,10,2,1,0,1,12
53804.73767044076,repair_complete,10,3,0,0,0,13
53810.12560924369,failure,10,2,1,0,1,12
53810.299237919484,repair_complete,10,3,0,0,0,13
53831.568802165326,failure,10,2,1,0,1,12
53832.43775274115,repair_complete,10,3,0,0,0,13
53853.06609914434,failure,10,2,1,0,1,12
53854.08944003252,repair_complete,10,3,0,0,0,13
53859.75953708573,failure,10,2,1,0,1,12
53859.901437738445,repair_complete,10,3,0,0,0,13
53879.865966106176,failure,10,2,1,0,1,12
53881.44660285213,repair_complete,10,3,0,0,0,13
53882.826078184815,failure,10,2,1,0,1,12
53883.97639104533,repair_complete,10,3,0,0,0,13
53888.714949960646,failure,10,2,1,0,1,12
53892.37670450485,repair_complete,10,3,0,0,0,13
53894.22531645844,failure,10,2,1,0,1,12
53894.61692022526,repair_complete,10,3,0,0,0,13
53898.78838564107,failure,10,2,1,0,1,12
53899.07642918328,repair_complete,10,3,0,0,0,13
53911.99313509215,failure,10,2,1,0,1,12
53912.77666471796,repair_complete,10,3,0,0,0,13
53915.015486977645,failure,10,2,1,0,1,12
53915.59209125351,repair_complete,10,3,0,0,0,13
53920.288142960126,failure,10,2,1,0,1,12
53920.625923297834,repair_complete,10,3,0,0,0,13
53943.97473210263,failure,10,2,1,0,1,12
53944.22001064984,repair_complete,10,3,0,0,0,13
53959.163444839025,failure,10,2,1,0,1,12
53959.34979214818,repair_complete,10,3,0,0,0,13
53966.7218934891,failure,10,2,1,0,1,12
53966.90632720005,repair_complete,10,3,0,0,0,13
53972.13453829531,failure,10,2,1,0,1,12
53972.43157944624,repair_complete,10,3,0,0,0,13
53973.34195280643,failure,10,2,1,0,1,12
53973.552336083296,repair_complete,10,3,0,0,0,13
54002.49575334105,failure,10,2,1,0,1,12
54002.67258289463,failure,10,1,2,1,1,11
54003.01122090744,repair_complete,10,2,1,0,1,12
54004.48098650694,repair_complete,10,3,0,0,0,13
54015.13142662484,failure,10,2,1,0,1,12
54015.8300378787,repair_complete,10,3,0,0,0,13
54017.69809607609,failure,10,2,1,0,1,12
54017.84293901284,repair_complete,10,3,0,0,0,13
54021.06031541621,failure,10,2,1,0,1,12
54021.54196734119,repair_complete,10,3,0,0,0,13
54030.74850719117,failure,10,2,1,0,1,12
54031.5555258112,repair_complete,10,3,0,0,0,13
54037.21430870786,failure,10,2,1,0,1,12
54037.44945579091,repair_complete,10,3,0,0,0,13
54063.142589295014,failure,10,2,1,0,1,12
54063.91057802633,repair_complete,10,3,0,0,0,13
54091.93377078952,failure,10,2,1,0,1,12
54092.277033220926,repair_complete,10,3,0,0,0,13
54119.82820333414,failure,10,2,1,0,1,12
54120.1521520966,repair_complete,10,3,0,0,0,13
54135.308994027386,failure,10,2,1,0,1,12
54135.412255198964,repair_complete,10,3,0,0,0,13
54149.526981889976,failure,10,2,1,0,1,12
54150.34228545067,repair_complete,10,3,0,0,0,13
54160.95042441429,failure,10,2,1,0,1,12
54162.99706138989,repair_complete,10,3,0,0,0,13
54163.713877542476,failure,10,2,1,0,1,12
54163.79538507206,repair_complete,10,3,0,0,0,13
54182.41423156432,failure,10,2,1,0,1,12
54182.975678247974,repair_complete,10,3,0,0,0,13
54186.61634690868,failure,10,2,1,0,1,12
54187.29821564806,repair_complete,10,3,0,0,0,13
54198.05428172008,failure,10,2,1,0,1,12
54198.99738121888,repair_complete,10,3,0,0,0,13
54211.25661356362,failure,10,2,1,0,1,12
54212.2205471654,repair_complete,10,3,0,0,0,13
54215.8278479451,failure,10,2,1,0,1,12
54217.634888415036,repair_complete,10,3,0,0,0,13
54224.69402298115,failure,10,2,1,0,1,12
54225.88569866372,repair_complete,10,3,0,0,0,13
54228.58245526043,failure,10,2,1,0,1,12
54229.407065308245,repair_complete,10,3,0,0,0,13
54246.78147533829,failure,10,2,1,0,1,12
54247.31125073949,repair_complete,10,3,0,0,0,13
54249.39011027061,failure,10,2,1,0,1,12
54250.90097152203,repair_complete,10,3,0,0,0,13
54256.1026650954,failure,10,2,1,0,1,12
54256.284167471866,repair_complete,10,3,0,0,0,13
54264.579494590886,failure,10,2,1,0,1,12
54265.57108549933,repair_complete,10,3,0,0,0,13
54267.105563519195,failure,10,2,1,0,1,12
54267.71938895246,failure,10,1,2,1,1,11
54269.26592811969,repair_complete,10,2,1,0,1,12
54273.294270319246,repair_complete,10,3,0,0,0,13
54281.00984506652,failure,10,2,1,0,1,12
54281.87346883064,failure,10,1,2,1,1,11
54282.17969862978,repair_complete,10,2,1,0,1,12
54283.18422649341,repair_complete,10,3,0,0,0,13
54304.110585668146,failure,10,2,1,0,1,12
54304.45489467693,repair_complete,10,3,0,0,0,13
54319.46828396557,failure,10,2,1,0,1,12
54321.335940676705,repair_complete,10,3,0,0,0,13
54336.00806820436,failure,10,2,1,0,1,12
54336.93366665795,repair_complete,10,3,0,0,0,13
54362.77283341536,failure,10,2,1,0,1,12
54362.98552372316,repair_complete,10,3,0,0,0,13
54363.292116569864,failure,10,2,1,0,1,12
54363.50278649797,repair_complete,10,3,0,0,0,13
54371.714163541554,failure,10,2,1,0,1,12
54372.24689455417,repair_complete,10,3,0,0,0,13
54377.2244515113,failure,10,2,1,0,1,12
54377.999130617696,repair_complete,10,3,0,0,0,13
54378.64927815661,failure,10,2,1,0,1,12
54379.01331898589,repair_complete,10,3,0,0,0,13
54383.48935430531,failure,10,2,1,0,1,12
54383.819954069506,repair_complete,10,3,0,0,0,13
54384.64353920159,failure,10,2,1,0,1,12
54387.80162174458,repair_complete,10,3,0,0,0,13
54399.4844600507,failure,10,2,1,0,1,12
54399.87992415598,repair_complete,10,3,0,0,0,13
54404.01526943257,failure,10,2,1,0,1,12
54404.980141372114,repair_complete,10,3,0,0,0,13
54420.94222440623,failure,10,2,1,0,1,12
54421.059324473375,repair_complete,10,3,0,0,0,13
54442.745667534524,failure,10,2,1,0,1,12
54444.051811536316,repair_complete,10,3,0,0,0,13
54455.4254743451,failure,10,2,1,0,1,12
54457.46778979273,repair_complete,10,3,0,0,0,13
54462.94026580844,failure,10,2,1,0,1,12
54463.37806546768,repair_complete,10,3,0,0,0,13
54467.51189145496,failure,10,2,1,0,1,12
54470.78509251021,repair_complete,10,3,0,0,0,13
54484.12461765186,failure,10,2,1,0,1,12
54484.249003916826,repair_complete,10,3,0,0,0,13
54487.562082427765,failure,10,2,1,0,1,12
54487.99588751285,repair_complete,10,3,0,0,0,13
54499.553722578814,failure,10,2,1,0,1,12
54499.86035321541,repair_complete,10,3,0,0,0,13
54502.43796447454,failure,10,2,1,0,1,12
54503.32967559443,repair_complete,10,3,0,0,0,13
54529.96046299222,failure,10,2,1,0,1,12
54530.440561231895,failure,10,1,2,1,1,11
54532.583549457435,repair_complete,10,2,1,0,1,12
54533.52186852353,failure,10,1,2,1,1,11
54534.48536668756,repair_complete,10,2,1,0,1,12
54535.47830781683,repair_complete,10,3,0,0,0,13
54544.34925413628,failure,10,2,1,0,1,12
54544.908786099695,repair_complete,10,3,0,0,0,13
54558.82378365751,failure,10,2,1,0,1,12
54558.90001070328,repair_complete,10,3,0,0,0,13
54563.23563748387,failure,10,2,1,0,1,12
54563.31034136023,repair_complete,10,3,0,0,0,13
54568.72731798028,failure,10,2,1,0,1,12
54569.092329090534,repair_complete,10,3,0,0,0,13
54575.59081758606,failure,10,2,1,0,1,12
54576.16932871657,repair_complete,10,3,0,0,0,13
54584.871616075136,failure,10,2,1,0,1,12
54586.11581520314,repair_complete,10,3,0,0,0,13
54601.0343797164,failure,10,2,1,0,1,12
54601.8373846248,repair_complete,10,3,0,0,0,13
54608.331918445874,failure,10,2,1,0,1,12
54609.490563242274,repair_complete,10,3,0,0,0,13
54632.424167589495,failure,10,2,1,0,1,12
54633.18991787632,repair_complete,10,3,0,0,0,13
54647.67366691647,failure,10,2,1,0,1,12
54649.733296341445,repair_complete,10,3,0,0,0,13
54651.343205761994,failure,10,2,1,0,1,12
54652.4129316741,repair_complete,10,3,0,0,0,13
54652.721590984904,failure,10,2,1,0,1,12
54653.536403492275,repair_complete,10,3,0,0,0,13
54662.07231191107,failure,10,2,1,0,1,12
54662.448967617056,repair_complete,10,3,0,0,0,13
54667.11230968465,failure,10,2,1,0,1,12
54669.17920480544,repair_complete,10,3,0,0,0,13
54680.24635418749,failure,10,2,1,0,1,12
54680.66629793729,repair_complete,10,3,0,0,0,13
54687.25659004475,failure,10,2,1,0,1,12
54689.76242750483,repair_complete,10,3,0,0,0,13
54690.98902620105,failure,10,2,1,0,1,12
54691.2037618402,failure,10,1,2,1,1,11
54691.412748098555,repair_complete,10,2,1,0,1,12
54691.99293391793,repair_complete,10,3,0,0,0,13
54699.68378279723,failure,10,2,1,0,1,12
54699.76317350363,repair_complete,10,3,0,0,0,13
54700.18563880883,failure,10,2,1,0,1,12
54700.28126661175,repair_complete,10,3,0,0,0,13
54709.192780560465,failure,10,2,1,0,1,12
54709.471151456324,repair_complete,10,3,0,0,0,13
54733.84817854178,failure,10,2,1,0,1,12
54734.30540683815,repair_complete,10,3,0,0,0,13
54753.5995988948,failure,10,2,1,0,1,12
54753.7621558703,repair_complete,10,3,0,0,0,13
54758.30978514868,failure,10,2,1,0,1,12
54759.49744851159,repair_complete,10,3,0,0,0,13
54765.79823108465,failure,10,2,1,0,1,12
54766.10115040546,repair_complete,10,3,0,0,0,13
54770.71367641251,failure,10,2,1,0,1,12
54777.93631212739,repair_complete,10,3,0,0,0,13
54816.025133973526,failure,10,2,1,0,1,12
54817.884550504576,repair_complete,10,3,0,0,0,13
54819.51120598174,failure,10,2,1,0,1,12
54820.502089435606,repair_complete,10,3,0,0,0,13
54821.05329620678,failure,10,2,1,0,1,12
54821.0734509213,repair_complete,10,3,0,0,0,13
54833.903960026764,failure,10,2,1,0,1,12
54834.337434080415,repair_complete,10,3,0,0,0,13
54852.56903557839,failure,10,2,1,0,1,12
54853.61006382298,repair_complete,10,3,0,0,0,13
54855.262074827915,failure,10,2,1,0,1,12
54856.56247092954,repair_complete,10,3,0,0,0,13
54860.8343028914,failure,10,2,1,0,1,12
54863.10771655255,repair_complete,10,3,0,0,0,13
54870.87213709796,failure,10,2,1,0,1,12
54872.74846822187,repair_complete,10,3,0,0,0,13
54886.05267746257,failure,10,2,1,0,1,12
54886.463552019435,repair_complete,10,3,0,0,0,13
54903.84006673611,failure,10,2,1,0,1,12
54905.05650815117,repair_complete,10,3,0,0,0,13
54920.975640572615,failure,10,2,1,0,1,12
54921.22274148503,repair_complete,10,3,0,0,0,13
54923.968056068574,failure,10,2,1,0,1,12
54924.00965469859,failure,10,1,2,1,1,11
54924.49762711831,repair_complete,10,2,1,0,1,12
54926.32599957933,repair_complete,10,3,0,0,0,13
54930.37508624393,failure,10,2,1,0,1,12
54930.438751919966,repair_complete,10,3,0,0,0,13
54932.418877647535,failure,10,2,1,0,1,12
54933.025224635094,repair_complete,10,3,0,0,0,13
54949.38298175099,failure,10,2,1,0,1,12
54949.42843709866,repair_complete,10,3,0,0,0,13
54952.98502588354,failure,10,2,1,0,1,12
54954.08893367339,repair_complete,10,3,0,0,0,13
54966.55339197479,failure,10,2,1,0,1,12
54967.608222712195,repair_complete,10,3,0,0,0,13
55012.37184159425,failure,10,2,1,0,1,12
55012.771718477976,repair_complete,10,3,0,0,0,13
55021.71481365315,failure,10,2,1,0,1,12
55024.8336027873,repair_complete,10,3,0,0,0,13
55029.56245429514,failure,10,2,1,0,1,12
55029.922328087916,repair_complete,10,3,0,0,0,13
55034.85668247111,failure,10,2,1,0,1,12
55035.17068791366,repair_complete,10,3,0,0,0,13
55049.08224257019,failure,10,2,1,0,1,12
55049.16855844891,repair_complete,10,3,0,0,0,13
55051.799583037624,failure,10,2,1,0,1,12
55052.57425416502,repair_complete,10,3,0,0,0,13
55053.710545913884,failure,10,2,1,0,1,12
55057.88315663883,failure,10,1,2,1,1,11
55058.36637529776,failure,10,0,3,2,1,10
55058.59371305017,repair_complete,10,1,2,1,1,11
55059.02445516037,failure,10,0,3,2,1,10
55059.42579969977,repair_complete,10,1,2,1,1,11
55060.39430139367,repair_complete,10,2,1,0,1,12
55062.181298402495,repair_complete,10,3,0,0,0,13
55062.188029666344,failure,10,2,1,0,1,12
55063.40678983221,repair_complete,10,3,0,0,0,13
55073.03617095114,failure,10,2,1,0,1,12
55073.8354219468,repair_complete,10,3,0,0,0,13
55077.970480977085,failure,10,2,1,0,1,12
55078.16463581071,repair_complete,10,3,0,0,0,13
55093.05467426847,failure,10,2,1,0,1,12
55097.40023144,repair_complete,10,3,0,0,0,13
55104.868907311335,failure,10,2,1,0,1,12
55105.68217540634,repair_complete,10,3,0,0,0,13
55122.78821862063,failure,10,2,1,0,1,12
55124.80440437522,repair_complete,10,3,0,0,0,13
55150.18933320063,failure,10,2,1,0,1,12
55150.779825876365,repair_complete,10,3,0,0,0,13
55151.48167817597,failure,10,2,1,0,1,12
55152.61184447438,repair_complete,10,3,0,0,0,13
55165.17800581791,failure,10,2,1,0,1,12
55166.114999881625,repair_complete,10,3,0,0,0,13
55182.652979683284,failure,10,2,1,0,1,12
55182.71875022239,repair_complete,10,3,0,0,0,13
55183.478014808155,failure,10,2,1,0,1,12
55184.629569781035,repair_complete,10,3,0,0,0,13
55196.15472291298,failure,10,2,1,0,1,12
55196.57206472748,repair_complete,10,3,0,0,0,13
55201.055319548446,failure,10,2,1,0,1,12
55201.96132416959,repair_complete,10,3,0,0,0,13
55213.45976376709,failure,10,2,1,0,1,12
55214.925753103606,repair_complete,10,3,0,0,0,13
55230.767822650305,failure,10,2,1,0,1,12
55231.24883178777,repair_complete,10,3,0,0,0,13
55262.99754181046,failure,10,2,1,0,1,12
55264.08702400906,repair_complete,10,3,0,0,0,13
55289.418764824644,failure,10,2,1,0,1,12
55289.500179820054,repair_complete,10,3,0,0,0,13
55303.78502822163,failure,10,2,1,0,1,12
55304.18211673131,repair_complete,10,3,0,0,0,13
55310.53160549413,failure,10,2,1,0,1,12
55312.64738928799,repair_complete,10,3,0,0,0,13
55335.033286026395,failure,10,2,1,0,1,12
55336.948980042034,repair_complete,10,3,0,0,0,13
55345.303423415535,failure,10,2,1,0,1,12
55346.81308635004,repair_complete,10,3,0,0,0,13
55351.67377992374,failure,10,2,1,0,1,12
55351.985666595894,repair_complete,10,3,0,0,0,13
55352.394422126956,failure,10,2,1,0,1,12
55353.927481580606,repair_complete,10,3,0,0,0,13
55365.75002182082,failure,10,2,1,0,1,12
55368.956340003155,repair_complete,10,3,0,0,0,13
55380.63878739632,failure,10,2,1,0,1,12
55381.17914734382,repair_complete,10,3,0,0,0,13
55391.311674180884,failure,10,2,1,0,1,12
55391.876196408775,repair_complete,10,3,0,0,0,13
55397.55241668579,failure,10,2,1,0,1,12
55397.87679353697,repair_complete,10,3,0,0,0,13
55415.608370804046,failure,10,2,1,0,1,12
55416.37848544523,repair_complete,10,3,0,0,0,13
55425.03694641339,failure,10,2,1,0,1,12
55425.51030264734,repair_complete,10,3,0,0,0,13
55430.23732286618,failure,10,2,1,0,1,12
55430.704768995034,repair_complete,10,3,0,0,0,13
55435.10954331408,failure,10,2,1,0,1,12
55435.13991583319,repair_complete,10,3,0,0,0,13
55440.21215998678,failure,10,2,1,0,1,12
55441.36252974681,failure,10,1,2,1,1,11
55441.75168219567,repair_complete,10,2,1,0,1,12
55442.32508858067,repair_complete,10,3,0,0,0,13
55445.00039978595,failure,10,2,1,0,1,12
55447.33416642163,repair_complete,10,3,0,0,0,13
55447.7797419888,failure,10,2,1,0,1,12
55448.09111389388,repair_complete,10,3,0,0,0,13
55449.08037290355,failure,10,2,1,0,1,12
55449.97658087329,repair_complete,10,3,0,0,0,13
55451.603272701526,failure,10,2,1,0,1,12
55452.07974836119,repair_complete,10,3,0,0,0,13
55461.32202685861,failure,10,2,1,0,1,12
55461.458244413494,repair_complete,10,3,0,0,0,13
55466.33521903125,failure,10,2,1,0,1,12
55466.53683873892,repair_complete,10,3,0,0,0,13
55481.822992590394,failure,10,2,1,0,1,12
55484.10452965678,repair_complete,10,3,0,0,0,13
55497.260108271716,failure,10,2,1,0,1,12
55498.06799791376,failure,10,1,2,1,1,11
55498.1517306059,repair_complete,10,2,1,0,1,12
55499.09246530297,repair_complete,10,3,0,0,0,13
55503.93900409291,failure,10,2,1,0,1,12
55507.17585615857,repair_complete,10,3,0,0,0,13
55515.85906267517,failure,10,2,1,0,1,12
55516.704689644896,repair_complete,10,3,0,0,0,13
55516.985521879426,failure,10,2,1,0,1,12
55517.92415454022,repair_complete,10,3,0,0,0,13
55518.60192323756,failure,10,2,1,0,1,12
55520.417232938016,repair_complete,10,3,0,0,0,13
55520.86230991078,failure,10,2,1,0,1,12
55520.88236156623,repair_complete,10,3,0,0,0,13
55528.6449568599,failure,10,2,1,0,1,12
55528.769626866415,repair_complete,10,3,0,0,0,13
55536.67964557583,failure,10,2,1,0,1,12
55538.41518586561,repair_complete,10,3,0,0,0,13
55548.90405911221,failure,10,2,1,0,1,12
55551.50413865535,repair_complete,10,3,0,0,0,13
55587.67346778907,failure,10,2,1,0,1,12
55588.912569564214,repair_complete,10,3,0,0,0,13
55589.119855625664,failure,10,2,1,0,1,12
55590.33179065998,failure,10,1,2,1,1,11
55591.50201249049,repair_complete,10,2,1,0,1,12
55591.74423785207,repair_complete,10,3,0,0,0,13
55607.468592073325,failure,10,2,1,0,1,12
55612.06966624873,failure,10,1,2,1,1,11
55613.6396235835,failure,10,0,3,2,1,10
55613.84603259454,repair_complete,10,1,2,1,1,11
55614.08879070546,failure,10,0,3,2,1,10
55616.98195908356,crash,9,0,4,2,1,9
