beta_und,beta_det,detection_time,death_rate,objective
0.27299120768940444,0.027299120768940442,2,0.0235554541257798,0.0005444444444444445
