beta_und,detection_time,death_rate,objective,peak_infected,death_fraction,satisfies_constraint
0.4102949564567284,3,0.024605276064298943,0.0004444444444444444,0.009222222222222222,0.0004444444444444444,true
